transaction_id,amount,merchant_category,payment_method,hour,day_of_week,is_weekend,bank,transaction_date,is_agent_transaction,mandate_freshness_hours,scope_match_score,agent_drift_score,prior_txn_count_24h,avg_txn_amount_30d,new_recipient,device_fingerprint_match,geo_anomaly,label,attack_category,fraud_type
TXN00004273,6764.27,online_retail,net_banking,18,0,0,HDFC,2025-07-18 18:04:00,0,29.5,0.905,0.031,7,1118.46,0,1,0,0,benign,none
TXN00002407,129.25,travel,UPI,11,1,0,Airtel Payments Bank,2025-03-24 11:39:00,0,45.0,0.952,0.062,0,246.37,0,1,0,0,benign,none
TXN00004700,1019.56,restaurant,debit_card,20,3,0,SBI,2025-03-26 20:42:00,0,42.9,0.903,0.023,3,31.38,0,1,0,0,benign,none
TXN00004720,10.0,healthcare,credit_card,9,6,1,HDFC,2025-04-06 09:22:00,0,26.8,0.977,0.014,7,21.63,0,1,0,0,benign,none
TXN00004527,343.67,clothing,wallet,9,3,0,Axis,2025-04-19 09:14:00,1,52.6,0.933,0.103,4,58.27,0,1,0,0,benign,none
TXN00000624,571.37,entertainment,net_banking,6,1,0,Paytm Payments Bank,2025-08-24 06:55:00,0,24.1,0.902,0.062,5,1215.42,0,1,0,0,benign,none
TXN00001328,195.81,entertainment,debit_card,18,3,0,Paytm Payments Bank,2025-11-07 18:26:00,0,60.1,0.905,0.117,2,167.99,0,1,0,0,benign,none
TXN00002919,1263.79,grocery,UPI,8,3,0,BOI,2025-07-27 08:22:00,0,63.2,0.932,0.104,0,548.55,0,1,0,0,benign,none
TXN00003660,251.34,pharmacy,UPI,8,6,1,Union Bank,2025-06-24 08:48:00,0,53.4,0.883,0.116,5,112.25,0,1,0,0,benign,none
TXN00002287,14755.55,online_retail,UPI,15,0,0,ICICI,2025-01-04 15:25:00,0,12.7,0.98,0.045,4,433.06,0,1,0,0,benign,none
TXN00000318,1452.8,entertainment,UPI,8,4,0,SBI,2025-10-30 08:20:00,1,51.4,0.86,0.006,0,365.93,0,0,0,0,benign,none
TXN00001002,116.04,clothing,debit_card,11,4,0,Airtel Payments Bank,2025-04-05 11:59:00,0,23.9,0.996,0.116,6,1450.22,0,1,0,0,benign,none
TXN00001046,92.96,healthcare,credit_card,12,3,0,Paytm Payments Bank,2025-07-11 12:55:00,0,25.8,0.942,0.041,3,97.75,0,1,0,0,benign,none
TXN00000879,232.67,fuel,UPI,12,2,0,Kotak,2025-12-02 12:49:00,1,57.8,0.97,0.079,3,242.23,0,1,0,0,benign,none
TXN00000623,80.21,grocery,UPI,17,1,0,HDFC,2025-09-25 17:17:00,0,5.0,0.867,0.066,2,343.34,0,1,0,0,benign,none
TXN00003529,199.96,pharmacy,UPI,10,2,0,Paytm Payments Bank,2025-09-12 10:13:00,0,11.2,0.98,0.05,0,91.26,0,1,0,0,benign,none
TXN00001684,77.39,restaurant,UPI,18,2,0,ICICI,2025-07-16 18:28:00,0,9.1,0.952,0.117,2,145.83,0,1,0,0,benign,none
TXN00000789,186.44,entertainment,credit_card,21,1,0,Paytm Payments Bank,2025-12-05 21:48:00,0,30.2,0.868,0.017,1,1092.36,0,0,0,0,benign,none
TXN00004382,575.17,grocery,UPI,9,2,0,ICICI,2025-01-30 09:57:00,0,13.8,0.88,0.029,6,147.23,0,1,0,0,benign,none
TXN00000763,770.03,clothing,net_banking,13,1,0,BOI,2025-05-01 13:39:00,0,47.5,0.942,0.108,6,20.38,1,1,0,0,benign,none
TXN00003050,1469.31,grocery,wallet,17,2,0,Union Bank,2025-10-24 17:03:00,0,16.0,0.861,0.093,0,369.39,0,1,0,0,benign,none
TXN00003589,91.41,travel,debit_card,17,5,1,PNB,2025-09-15 17:44:00,0,35.0,0.908,0.017,5,54.8,0,1,0,0,benign,none
TXN00004668,6871.63,healthcare,UPI,20,6,1,PNB,2025-02-16 20:31:00,0,32.8,0.917,0.106,4,60.44,0,1,0,0,benign,none
TXN00002706,502.98,clothing,debit_card,8,1,0,BOI,2025-10-28 08:06:00,0,16.9,0.927,0.081,6,113.45,0,1,0,0,benign,none
TXN00000330,3715.29,entertainment,credit_card,15,2,0,Union Bank,2025-05-25 15:07:00,0,55.8,0.888,0.015,3,150.85,0,1,0,0,benign,none
TXN00000647,10.86,grocery,UPI,11,3,0,SBI,2025-02-21 11:25:00,0,6.3,0.988,0.086,1,220.95,0,1,0,0,benign,none
TXN00004483,369.78,grocery,UPI,8,1,0,BOI,2025-12-16 08:04:00,0,21.9,0.941,0.07,5,25.79,0,1,0,0,benign,none
TXN00000315,143.48,grocery,UPI,19,0,0,ICICI,2025-05-07 19:19:00,1,43.1,0.941,0.08,0,93.86,0,1,0,0,benign,none
TXN00001372,507.12,utilities,debit_card,8,2,0,BOI,2025-11-03 08:21:00,0,46.1,0.862,0.032,6,241.26,0,1,0,0,benign,none
TXN00004216,2158.43,utilities,credit_card,14,4,0,Union Bank,2025-02-19 14:24:00,0,52.8,0.889,0.038,1,166.02,0,1,0,0,benign,none
TXN00000321,173.61,grocery,UPI,19,5,1,Union Bank,2025-03-22 19:36:00,0,67.1,0.93,0.064,0,7.95,0,1,0,0,benign,none
TXN00000970,147.08,restaurant,debit_card,7,3,0,HDFC,2025-08-04 07:39:00,0,1.0,0.939,0.066,0,120.95,0,0,0,0,benign,none
TXN00000567,75.55,clothing,debit_card,18,1,0,Axis,2025-08-12 18:04:00,0,4.6,0.933,0.046,6,425.26,0,1,0,0,benign,none
TXN00000668,95.5,utilities,UPI,13,3,0,Axis,2025-11-13 13:59:00,0,14.0,0.978,0.09,3,113.39,0,1,0,0,benign,none
TXN00000932,1993.31,travel,UPI,9,0,0,SBI,2025-04-21 09:58:00,0,43.0,0.933,0.076,1,547.77,1,1,0,0,benign,none
TXN00000076,113.4,entertainment,UPI,11,6,1,SBI,2025-05-03 11:45:00,0,52.3,0.918,0.072,7,173.54,0,1,0,0,benign,none
TXN00003454,3399.01,grocery,UPI,14,1,0,Kotak,2025-12-23 14:29:00,1,56.9,0.885,0.101,1,71.28,0,1,0,0,benign,none
TXN00004383,70.41,electronics,UPI,15,1,0,Airtel Payments Bank,2025-10-20 15:30:00,1,60.2,0.984,0.003,0,32.41,1,1,0,0,benign,none
TXN00001156,245.28,restaurant,debit_card,16,0,0,Union Bank,2025-07-29 16:50:00,0,22.2,0.997,0.056,1,234.58,0,1,0,0,benign,none
TXN00003095,31.79,fuel,UPI,20,3,0,BOI,2025-02-25 20:05:00,0,33.5,0.934,0.116,6,205.5,0,1,0,0,benign,none
TXN00002880,424.13,grocery,credit_card,20,5,1,Airtel Payments Bank,2025-04-22 20:57:00,0,71.3,0.997,0.069,6,41.27,0,1,0,0,benign,none
TXN00004022,21.29,fuel,UPI,16,3,0,Airtel Payments Bank,2025-02-10 16:40:00,0,70.6,0.924,0.111,4,419.24,0,0,0,0,benign,none
TXN00004198,10.0,online_retail,debit_card,7,2,0,BOI,2025-07-01 07:39:00,0,24.6,0.888,0.109,2,81.98,1,1,0,0,benign,none
TXN00000940,358.13,travel,credit_card,12,1,0,Paytm Payments Bank,2025-08-22 12:04:00,0,70.5,0.937,0.056,0,155.95,0,1,0,0,benign,none
TXN00000093,211.98,electronics,debit_card,12,5,1,Airtel Payments Bank,2025-08-28 12:09:00,0,22.0,0.953,0.115,0,392.25,0,1,1,0,benign,none
TXN00000286,393.35,electronics,UPI,8,5,1,BOI,2025-08-18 08:42:00,0,66.9,0.977,0.058,5,516.0,0,1,0,0,benign,none
TXN00001295,1120.88,fuel,UPI,12,5,1,ICICI,2025-10-03 12:03:00,1,52.1,0.922,0.027,2,136.04,0,1,0,0,benign,none
TXN00002088,78.82,utilities,UPI,15,5,1,Kotak,2025-08-24 15:41:00,0,18.8,0.948,0.068,6,26.2,0,1,0,0,benign,none
TXN00000248,45666.53,entertainment,credit_card,10,3,0,Airtel Payments Bank,2025-06-26 10:10:00,0,71.8,0.973,0.038,1,321.23,0,1,0,0,benign,none
TXN00001922,10.0,clothing,debit_card,9,4,0,HDFC,2025-09-17 09:52:00,1,26.0,0.982,0.08,0,301.56,0,1,0,0,benign,none
TXN00003535,22.1,restaurant,debit_card,8,5,1,PNB,2025-08-23 08:15:00,0,70.8,0.853,0.109,4,441.85,0,1,0,0,benign,none
TXN00001791,241.24,fuel,credit_card,16,3,0,Airtel Payments Bank,2025-01-03 16:05:00,0,37.4,0.9,0.022,2,821.0,0,1,0,0,benign,none
TXN00000765,10.0,education,debit_card,10,4,0,Axis,2025-08-10 10:14:00,1,53.1,1.0,0.032,7,113.38,0,1,0,0,benign,none
TXN00001603,18.93,restaurant,debit_card,12,5,1,HDFC,2025-01-14 12:25:00,0,64.5,0.9,0.021,7,53.82,0,1,0,0,benign,none
TXN00000047,365.94,pharmacy,UPI,7,3,0,Paytm Payments Bank,2025-03-16 07:24:00,0,0.2,0.995,0.041,6,785.28,0,1,0,0,benign,none
TXN00000761,767.91,restaurant,UPI,19,0,0,Paytm Payments Bank,2025-08-19 19:13:00,0,24.2,0.852,0.022,5,37.55,0,1,0,0,benign,none
TXN00004125,208.75,pharmacy,UPI,13,4,0,ICICI,2025-12-11 13:06:00,0,10.0,0.951,0.08,6,284.4,0,1,0,0,benign,none
TXN00002933,1638.43,grocery,UPI,21,1,0,SBI,2025-12-27 21:40:00,0,58.5,0.903,0.097,6,12389.82,0,1,0,0,benign,none
TXN00004352,287.17,grocery,debit_card,6,6,1,SBI,2025-05-28 06:05:00,0,26.4,0.978,0.105,1,699.51,0,1,0,0,benign,none
TXN00001662,203.41,restaurant,UPI,5,4,0,ICICI,2025-03-17 05:41:00,0,19.6,0.984,0.081,6,144.72,0,0,0,0,benign,none
TXN00002132,123.91,healthcare,credit_card,15,2,0,SBI,2025-08-28 15:52:00,0,52.2,0.978,0.102,6,404.3,0,1,0,0,benign,none
TXN00002377,69.53,electronics,UPI,16,1,0,ICICI,2025-12-05 16:18:00,0,19.7,0.886,0.005,0,60.06,1,1,0,0,benign,none
TXN00001731,231.48,travel,debit_card,17,0,0,Axis,2025-08-05 17:34:00,0,55.6,0.903,0.089,6,87.97,0,1,0,0,benign,none
TXN00000637,32.98,restaurant,credit_card,9,2,0,Axis,2025-03-05 09:02:00,0,37.0,0.895,0.049,4,634.31,0,1,0,0,benign,none
TXN00002465,60.74,online_retail,UPI,8,1,0,Paytm Payments Bank,2025-11-02 08:08:00,0,23.0,0.896,0.008,2,169.88,0,1,0,0,benign,none
TXN00003790,103.71,entertainment,UPI,13,2,0,Paytm Payments Bank,2025-02-14 13:45:00,0,8.3,0.906,0.06,7,215.75,0,1,0,0,benign,none
TXN00000457,53.4,restaurant,debit_card,20,5,1,Paytm Payments Bank,2025-12-06 20:43:00,0,7.4,0.956,0.048,0,3631.52,0,1,0,0,benign,none
TXN00003942,54.16,restaurant,UPI,19,4,0,Axis,2025-12-24 19:30:00,0,6.2,0.925,0.06,0,119.81,0,1,0,0,benign,none
TXN00001142,10.0,restaurant,UPI,17,0,0,Axis,2025-05-27 17:18:00,0,11.3,0.853,0.04,1,404.4,0,1,0,0,benign,none
TXN00004528,68.89,travel,debit_card,12,3,0,PNB,2025-09-20 12:07:00,0,69.4,0.896,0.016,4,93.34,0,1,0,0,benign,none
TXN00001516,67.57,utilities,credit_card,17,0,0,SBI,2025-06-22 17:58:00,1,66.0,0.856,0.002,4,51.03,1,1,0,0,benign,none
TXN00002221,61.37,online_retail,debit_card,20,6,1,Kotak,2025-11-18 20:20:00,0,71.4,0.883,0.099,3,247.0,0,1,0,0,benign,none
TXN00000360,185.95,clothing,debit_card,0,1,0,Union Bank,2025-02-15 00:04:00,0,71.6,0.935,0.063,1,119.36,0,1,0,0,benign,none
TXN00000586,29.43,healthcare,credit_card,19,2,0,Airtel Payments Bank,2025-07-24 19:53:00,0,10.1,0.953,0.109,7,70.3,0,1,0,0,benign,none
TXN00003002,8425.6,travel,UPI,9,4,0,PNB,2025-08-06 09:44:00,0,53.1,0.886,0.101,1,153.34,0,1,0,0,benign,none
TXN00000563,61.68,electronics,debit_card,12,3,0,PNB,2025-02-09 12:35:00,0,43.5,0.941,0.072,4,338.57,0,1,0,0,benign,none
TXN00001501,79.5,online_retail,UPI,0,1,0,Union Bank,2025-04-07 00:24:00,0,11.6,0.89,0.044,6,300.73,0,1,0,0,benign,none
TXN00003355,10.0,grocery,net_banking,19,1,0,Airtel Payments Bank,2025-05-14 19:28:00,0,8.5,0.869,0.08,5,238.72,0,1,0,0,benign,none
TXN00002816,17.59,entertainment,UPI,9,3,0,Union Bank,2025-02-07 09:30:00,0,6.7,0.871,0.107,5,11.87,1,1,0,0,benign,none
TXN00002840,180.88,clothing,credit_card,10,4,0,Union Bank,2025-03-11 10:33:00,0,20.8,0.943,0.052,7,15.61,0,1,1,0,benign,none
TXN00001817,1311.27,restaurant,credit_card,6,6,1,ICICI,2025-11-26 06:22:00,1,42.1,0.999,0.015,0,36.77,0,1,0,0,benign,none
TXN00003018,483.74,pharmacy,debit_card,10,4,0,Kotak,2025-02-21 10:23:00,0,9.7,0.927,0.027,4,47.86,0,1,0,0,benign,none
TXN00001430,150.25,grocery,wallet,9,6,1,PNB,2025-05-19 09:50:00,0,68.6,0.979,0.043,4,1042.39,0,1,0,0,benign,none
TXN00001111,150.05,healthcare,credit_card,19,3,0,BOI,2025-05-24 19:26:00,0,63.4,0.99,0.017,2,58.23,0,1,0,0,benign,none
TXN00004477,96.55,education,net_banking,18,6,1,Axis,2025-07-04 18:51:00,0,36.9,0.858,0.09,2,259.64,0,1,0,0,benign,none
TXN00001918,138.23,clothing,credit_card,21,1,0,Airtel Payments Bank,2025-10-27 21:46:00,1,62.6,0.954,0.02,5,108.4,0,1,0,0,benign,none
TXN00004394,30.22,pharmacy,UPI,21,0,0,Airtel Payments Bank,2025-07-05 21:01:00,0,49.5,0.857,0.003,1,27.67,0,1,0,0,benign,none
TXN00004055,481.22,entertainment,UPI,13,1,0,SBI,2025-02-13 13:48:00,0,8.3,0.924,0.08,6,2150.64,0,0,0,0,benign,none
TXN00004775,886.26,travel,credit_card,16,5,1,Axis,2025-09-04 16:00:00,0,51.1,0.987,0.022,3,468.91,0,1,0,0,benign,none
TXN00002254,1573.12,travel,net_banking,8,3,0,Union Bank,2025-01-17 08:41:00,0,23.5,0.935,0.018,7,28.58,0,1,0,0,benign,none
TXN00003555,155.26,grocery,credit_card,18,2,0,Paytm Payments Bank,2025-02-07 18:41:00,1,16.0,0.994,0.117,7,1023.24,0,0,0,0,benign,none
TXN00001568,910.04,clothing,UPI,13,1,0,Union Bank,2025-12-01 13:50:00,0,7.3,0.856,0.087,2,21.65,0,1,0,0,benign,none
TXN00000708,164.22,restaurant,credit_card,19,6,1,Union Bank,2025-10-19 19:30:00,1,25.9,0.964,0.094,3,65.94,0,1,0,0,benign,none
TXN00002246,14.18,restaurant,UPI,19,6,1,Axis,2025-09-10 19:00:00,0,24.1,0.881,0.11,6,130.28,0,1,0,0,benign,none
TXN00002455,287.51,restaurant,UPI,20,2,0,Paytm Payments Bank,2025-01-31 20:33:00,0,58.8,0.916,0.075,0,148.72,1,1,0,0,benign,none
TXN00003130,814.97,online_retail,UPI,7,6,1,HDFC,2025-03-13 07:47:00,0,27.0,0.977,0.092,2,78.87,1,1,0,0,benign,none
TXN00001488,441.89,restaurant,UPI,1,4,0,Axis,2025-02-26 01:41:00,0,70.1,0.976,0.068,5,166.44,0,1,0,0,benign,none
TXN00001483,443.15,grocery,credit_card,18,2,0,ICICI,2025-07-04 18:51:00,0,51.5,0.997,0.002,3,2800.66,0,1,0,0,benign,none
TXN00003692,10.0,grocery,UPI,21,6,1,HDFC,2025-09-17 21:57:00,0,52.9,0.934,0.063,1,7.29,0,1,1,0,benign,none
TXN00003527,22.59,clothing,credit_card,12,2,0,Kotak,2025-08-11 12:14:00,0,16.9,0.855,0.028,7,43.65,1,1,0,0,benign,none
TXN00002952,143.99,entertainment,credit_card,12,2,0,HDFC,2025-08-26 12:45:00,1,67.7,0.875,0.083,6,212.94,0,1,0,0,benign,none
TXN00002576,56.35,grocery,credit_card,19,0,0,Kotak,2025-02-12 19:05:00,0,69.1,0.97,0.111,0,9.02,0,1,0,0,benign,none
TXN00000095,18.09,pharmacy,debit_card,11,6,1,BOI,2025-01-11 11:31:00,0,65.5,1.0,0.096,4,2.57,0,1,0,0,benign,none
TXN00004574,1603.73,healthcare,net_banking,11,6,1,Axis,2025-04-08 11:52:00,0,1.2,0.904,0.081,4,114.69,0,1,1,0,benign,none
TXN00004880,92.35,restaurant,UPI,17,3,0,Axis,2025-09-11 17:57:00,0,8.7,0.963,0.05,5,909.7,0,1,0,0,benign,none
TXN00002183,40.27,grocery,UPI,14,2,0,BOI,2025-09-07 14:36:00,0,37.8,0.905,0.09,7,180.41,0,1,0,0,benign,none
TXN00004502,23.25,grocery,UPI,18,5,1,Paytm Payments Bank,2025-08-24 18:59:00,0,71.6,0.908,0.07,6,98.92,0,1,0,0,benign,none
TXN00004113,655.12,utilities,credit_card,7,6,1,BOI,2025-06-01 07:23:00,0,21.6,0.973,0.119,0,8.96,0,1,0,0,benign,none
TXN00003412,308.88,entertainment,debit_card,21,4,0,Kotak,2025-10-05 21:18:00,0,7.7,0.971,0.103,2,203.11,1,1,0,0,benign,none
TXN00003686,27.58,restaurant,credit_card,19,3,0,PNB,2025-07-30 19:28:00,0,69.8,0.939,0.063,3,219.11,0,1,0,0,benign,none
TXN00001153,89.06,clothing,UPI,3,4,0,Airtel Payments Bank,2025-09-27 03:52:00,0,41.3,0.895,0.12,7,145.04,0,1,0,0,benign,none
TXN00004568,777.34,electronics,debit_card,8,6,1,Paytm Payments Bank,2025-04-19 08:08:00,0,56.1,0.896,0.09,4,357.1,0,1,0,0,benign,none
TXN00001671,13.78,clothing,UPI,17,6,1,Paytm Payments Bank,2025-05-23 17:35:00,0,59.7,0.937,0.092,6,191.92,0,1,0,0,benign,none
TXN00000119,159.04,grocery,debit_card,7,6,1,SBI,2025-10-23 07:52:00,0,66.7,0.974,0.074,0,172.2,0,1,0,0,benign,none
TXN00001718,728.75,travel,debit_card,20,0,0,Axis,2025-12-03 20:25:00,0,2.9,0.856,0.082,2,48.84,0,1,0,0,benign,none
TXN00001840,85.01,utilities,UPI,8,2,0,ICICI,2025-10-10 08:36:00,0,41.0,0.933,0.078,2,772.54,0,1,0,0,benign,none
TXN00000653,33.56,restaurant,debit_card,9,0,0,Kotak,2025-03-22 09:37:00,0,8.8,0.886,0.051,1,60.68,1,1,0,0,benign,none
TXN00002526,215.72,pharmacy,debit_card,11,2,0,SBI,2025-05-25 11:57:00,1,61.3,0.959,0.007,0,209.15,1,1,0,0,benign,none
TXN00004414,181.87,pharmacy,UPI,11,3,0,HDFC,2025-06-15 11:45:00,0,39.4,0.866,0.05,6,1044.05,0,1,0,0,benign,none
TXN00001263,109.41,restaurant,credit_card,8,4,0,HDFC,2025-07-10 08:30:00,0,60.0,0.979,0.114,0,87.15,0,1,0,0,benign,none
TXN00002795,825.58,utilities,debit_card,20,1,0,HDFC,2025-10-30 20:25:00,1,68.4,0.903,0.072,3,75.21,0,1,0,0,benign,none
TXN00001199,36.42,restaurant,debit_card,9,1,0,PNB,2025-03-28 09:59:00,0,21.9,0.892,0.059,6,143.33,0,1,0,0,benign,none
TXN00004087,11.14,grocery,wallet,9,0,0,Union Bank,2025-06-24 09:38:00,0,58.3,0.901,0.032,1,432.98,0,1,0,0,benign,none
TXN00001413,2367.73,online_retail,debit_card,12,3,0,Paytm Payments Bank,2025-09-28 12:34:00,0,46.9,0.97,0.075,4,180.44,0,1,0,0,benign,none
TXN00003772,521.47,grocery,debit_card,9,2,0,HDFC,2025-11-26 09:58:00,1,55.3,0.86,0.021,3,161.2,0,1,0,0,benign,none
TXN00000080,556.79,online_retail,UPI,8,0,0,Paytm Payments Bank,2025-06-18 08:43:00,0,52.7,0.912,0.029,3,22.21,0,1,0,0,benign,none
TXN00003755,100.07,online_retail,UPI,20,5,1,HDFC,2025-07-15 20:09:00,0,50.6,0.983,0.052,2,170.7,0,1,0,0,benign,none
TXN00001472,238.85,travel,debit_card,19,0,0,ICICI,2025-12-29 19:39:00,1,34.3,0.879,0.008,6,89.32,1,1,0,0,benign,none
TXN00001224,48.35,fuel,debit_card,16,6,1,HDFC,2025-05-18 16:07:00,0,16.4,0.859,0.043,4,1171.63,0,1,0,0,benign,none
TXN00002935,10.0,grocery,credit_card,15,0,0,PNB,2025-08-16 15:52:00,1,34.7,0.91,0.045,0,533.25,0,1,0,0,benign,none
TXN00003834,3216.27,utilities,UPI,11,4,0,HDFC,2025-11-07 11:42:00,0,36.1,0.894,0.009,6,55.24,0,1,0,0,benign,none
TXN00002992,220.02,restaurant,debit_card,18,2,0,BOI,2025-09-12 18:01:00,0,65.2,0.851,0.071,0,16.61,0,1,0,0,benign,none
TXN00002874,302.04,utilities,UPI,11,1,0,Airtel Payments Bank,2025-12-13 11:40:00,0,39.9,0.998,0.035,3,1972.91,0,1,0,0,benign,none
TXN00004231,869.89,grocery,UPI,11,4,0,Airtel Payments Bank,2025-03-06 11:03:00,0,3.7,0.987,0.043,4,52.79,0,1,0,0,benign,none
TXN00001954,360.52,grocery,UPI,12,3,0,HDFC,2025-02-21 12:13:00,0,70.6,0.894,0.008,1,1580.92,0,1,0,0,benign,none
TXN00001145,847.41,restaurant,UPI,6,1,0,Axis,2025-01-08 06:39:00,0,55.7,0.968,0.02,1,111.01,0,1,0,0,benign,none
TXN00000856,448.47,clothing,UPI,11,3,0,SBI,2025-05-08 11:38:00,0,16.1,0.981,0.01,6,78.57,0,1,0,0,benign,none
TXN00000088,581.34,travel,UPI,6,5,1,Union Bank,2025-03-30 06:15:00,0,19.3,0.896,0.102,1,910.67,0,1,0,0,benign,none
TXN00004122,40.45,entertainment,debit_card,9,4,0,SBI,2025-08-20 09:36:00,0,24.5,0.933,0.005,5,314.05,0,1,0,0,benign,none
TXN00003887,116.22,entertainment,debit_card,17,2,0,SBI,2025-10-22 17:32:00,0,42.7,0.98,0.1,7,110.91,0,1,0,0,benign,none
TXN00004385,123.37,electronics,UPI,14,3,0,BOI,2025-12-13 14:47:00,0,50.9,0.872,0.027,0,1181.43,0,0,0,0,benign,none
TXN00003346,388.36,fuel,debit_card,13,0,0,HDFC,2025-10-25 13:14:00,0,62.4,0.906,0.115,3,155.19,0,1,0,0,benign,none
TXN00003091,73.91,pharmacy,UPI,16,4,0,ICICI,2025-08-30 16:25:00,0,4.9,0.956,0.062,6,260.37,0,1,0,0,benign,none
TXN00000620,110.7,grocery,UPI,16,5,1,BOI,2025-05-02 16:18:00,0,36.3,0.95,0.109,2,1446.12,0,1,0,0,benign,none
TXN00000965,20.98,grocery,UPI,13,5,1,HDFC,2025-06-07 13:28:00,0,20.0,0.859,0.099,5,594.06,0,1,0,0,benign,none
TXN00001127,204.96,grocery,UPI,15,4,0,Kotak,2025-10-10 15:10:00,0,63.7,0.971,0.116,1,139.09,0,1,0,0,benign,none
TXN00000169,227.38,healthcare,debit_card,10,3,0,PNB,2025-03-30 10:39:00,0,49.5,0.911,0.046,3,949.93,0,1,0,0,benign,none
TXN00000747,619.76,grocery,net_banking,7,6,1,Paytm Payments Bank,2025-01-04 07:40:00,0,31.7,0.917,0.082,2,145.98,0,1,0,0,benign,none
TXN00001022,511.68,restaurant,UPI,16,5,1,PNB,2025-06-13 16:08:00,0,54.8,0.973,0.07,7,133.87,0,1,0,0,benign,none
TXN00003794,17.14,clothing,net_banking,10,3,0,PNB,2025-08-20 10:39:00,0,41.1,0.972,0.096,6,173.49,1,1,0,0,benign,none
TXN00000483,696.03,restaurant,UPI,14,1,0,BOI,2025-02-23 14:21:00,1,33.1,0.941,0.046,1,652.04,0,1,0,0,benign,none
TXN00004246,360.55,entertainment,debit_card,19,1,0,Kotak,2025-03-30 19:34:00,0,8.8,0.867,0.058,5,934.56,0,1,0,0,benign,none
TXN00001020,451.14,grocery,wallet,8,6,1,PNB,2025-04-25 08:44:00,0,61.9,0.953,0.039,0,185.46,0,1,0,0,benign,none
TXN00000711,865.23,restaurant,debit_card,10,3,0,PNB,2025-06-02 10:27:00,0,54.5,0.937,0.011,5,167.34,0,1,0,0,benign,none
TXN00000554,209.19,grocery,net_banking,20,4,0,Axis,2025-01-16 20:07:00,0,24.1,0.98,0.057,4,44.31,0,0,0,0,benign,none
TXN00004123,465.02,pharmacy,debit_card,11,6,1,Kotak,2025-09-28 11:04:00,0,45.6,0.873,0.06,1,845.04,0,1,0,0,benign,none
TXN00001726,45.02,grocery,net_banking,12,2,0,PNB,2025-04-25 12:53:00,0,2.1,0.982,0.076,1,89.18,0,1,0,0,benign,none
TXN00004058,706.08,pharmacy,credit_card,3,3,0,Kotak,2025-12-20 03:22:00,1,42.9,0.956,0.116,7,1054.12,0,1,0,0,benign,none
TXN00000092,114.21,pharmacy,UPI,20,3,0,HDFC,2025-05-28 20:30:00,0,4.3,0.997,0.049,4,225.99,0,1,0,0,benign,none
TXN00001670,208.35,utilities,UPI,10,0,0,HDFC,2025-06-29 10:24:00,0,47.0,0.942,0.073,3,45.22,0,1,0,0,benign,none
TXN00002142,31798.46,utilities,credit_card,2,5,1,BOI,2025-05-13 02:13:00,0,14.3,0.964,0.056,0,76.97,0,1,0,0,benign,none
TXN00001732,166.36,grocery,debit_card,12,3,0,SBI,2025-11-18 12:05:00,0,24.1,0.985,0.056,4,125.59,0,1,0,0,benign,none
TXN00003169,28.82,electronics,credit_card,18,2,0,HDFC,2025-01-12 18:42:00,0,38.3,0.924,0.078,2,211.67,0,1,0,0,benign,none
TXN00002651,10.0,grocery,credit_card,6,5,1,HDFC,2025-01-19 06:04:00,0,51.1,0.891,0.048,1,179.04,0,1,0,0,benign,none
TXN00000743,10.0,grocery,credit_card,16,6,1,SBI,2025-07-11 16:22:00,0,12.3,0.986,0.095,6,40.08,0,1,0,0,benign,none
TXN00000267,460.89,utilities,credit_card,12,4,0,Union Bank,2025-12-28 12:53:00,0,9.3,0.862,0.059,5,11.59,0,1,0,0,benign,none
TXN00001068,3298.51,grocery,debit_card,15,6,1,SBI,2025-02-16 15:18:00,0,44.4,0.886,0.005,5,1212.35,0,1,0,0,benign,none
TXN00004004,3208.69,fuel,UPI,21,4,0,ICICI,2025-08-01 21:41:00,0,46.2,0.874,0.007,5,169.37,0,1,0,0,benign,none
TXN00004319,56545.82,clothing,UPI,14,0,0,Union Bank,2025-06-08 14:51:00,0,56.2,0.884,0.014,7,625.94,0,1,0,0,benign,none
TXN00000509,565.18,clothing,credit_card,12,5,1,BOI,2025-07-04 12:39:00,0,65.8,0.999,0.058,2,778.35,0,1,0,0,benign,none
TXN00004271,34.85,pharmacy,UPI,14,4,0,ICICI,2025-04-18 14:21:00,1,5.7,0.993,0.048,3,39.77,1,1,0,0,benign,none
TXN00004513,63.58,grocery,debit_card,16,6,1,BOI,2025-11-03 16:16:00,0,40.8,0.944,0.102,6,130.04,0,1,0,0,benign,none
TXN00003290,165.53,travel,debit_card,13,3,0,Paytm Payments Bank,2025-09-05 13:38:00,0,29.3,0.933,0.07,7,34.43,1,1,0,0,benign,none
TXN00004613,73.79,clothing,UPI,6,6,1,Union Bank,2025-10-02 06:31:00,1,11.8,0.976,0.072,3,540.47,0,1,0,0,benign,none
TXN00003601,18997.26,grocery,UPI,18,4,0,Axis,2025-08-24 18:30:00,1,1.4,0.965,0.02,0,3325.86,0,1,0,0,benign,none
TXN00002006,206.53,education,UPI,12,1,0,Kotak,2025-11-01 12:33:00,0,65.5,0.973,0.009,1,16.42,0,1,0,0,benign,none
TXN00002404,51.49,restaurant,debit_card,9,3,0,ICICI,2025-06-07 09:42:00,0,25.4,0.988,0.094,1,159.13,0,1,0,0,benign,none
TXN00002615,72.08,pharmacy,credit_card,18,0,0,Kotak,2025-08-13 18:40:00,0,71.7,0.86,0.076,3,24.7,0,1,0,0,benign,none
TXN00001737,173.96,entertainment,net_banking,9,6,1,Paytm Payments Bank,2025-02-12 09:07:00,0,3.5,0.939,0.015,0,36.3,0,1,0,0,benign,none
TXN00001688,189.71,travel,debit_card,19,4,0,Airtel Payments Bank,2025-12-12 19:22:00,1,71.4,0.888,0.059,2,75.82,0,1,0,0,benign,none
TXN00004067,213.88,education,UPI,18,4,0,Airtel Payments Bank,2025-06-17 18:30:00,0,32.4,0.968,0.048,7,223.31,0,1,0,0,benign,none
TXN00000265,1514.57,entertainment,UPI,6,2,0,HDFC,2025-01-16 06:19:00,1,32.7,0.906,0.113,4,519.65,0,1,0,0,benign,none
TXN00004751,383.98,pharmacy,debit_card,16,3,0,PNB,2025-12-15 16:44:00,0,41.8,0.945,0.116,3,423.5,0,1,0,0,benign,none
TXN00003574,81.85,pharmacy,UPI,13,0,0,Airtel Payments Bank,2025-09-26 13:34:00,0,13.0,0.902,0.11,4,84.69,0,1,0,0,benign,none
TXN00004084,1551.75,restaurant,wallet,20,5,1,SBI,2025-11-23 20:25:00,0,17.1,0.958,0.104,1,498.39,0,1,0,0,benign,none
TXN00002149,307.74,grocery,net_banking,20,4,0,BOI,2025-09-16 20:16:00,1,12.1,0.984,0.006,3,397.45,0,1,0,0,benign,none
TXN00000730,547.88,entertainment,UPI,20,0,0,BOI,2025-11-19 20:53:00,0,49.8,0.988,0.035,0,45.33,0,1,0,0,benign,none
TXN00002189,657.32,fuel,net_banking,11,0,0,ICICI,2025-10-25 11:55:00,0,24.7,0.882,0.103,3,11.4,0,0,0,0,benign,none
TXN00001287,234.67,grocery,UPI,16,4,0,SBI,2025-12-30 16:27:00,0,67.1,0.953,0.07,5,595.21,0,1,0,0,benign,none
TXN00002913,10.0,fuel,UPI,0,1,0,Union Bank,2025-11-23 00:46:00,0,58.6,1.0,0.001,0,56.47,0,1,0,0,benign,none
TXN00003245,448.78,restaurant,debit_card,7,2,0,SBI,2025-05-31 07:28:00,0,61.8,0.91,0.035,0,12.87,0,1,0,0,benign,none
TXN00001322,235.09,clothing,UPI,19,4,0,Axis,2025-07-09 19:12:00,0,53.1,0.961,0.057,0,102.25,0,1,0,0,benign,none
TXN00000582,144.2,grocery,debit_card,18,1,0,HDFC,2025-09-26 18:15:00,0,0.1,0.86,0.09,4,73.38,0,1,0,0,benign,none
TXN00001728,279.19,utilities,UPI,21,6,1,HDFC,2025-01-21 21:51:00,0,15.5,0.97,0.014,2,393.32,1,1,0,0,benign,none
TXN00004629,38.09,clothing,debit_card,21,3,0,BOI,2025-09-18 21:38:00,1,71.6,0.94,0.063,2,48.72,1,1,1,0,benign,none
TXN00002648,413.3,restaurant,debit_card,17,3,0,Union Bank,2025-02-23 17:06:00,0,53.0,0.983,0.119,6,1702.55,0,1,0,0,benign,none
TXN00001071,32.91,electronics,debit_card,9,4,0,ICICI,2025-02-21 09:06:00,0,22.6,0.908,0.08,4,52.99,1,1,0,0,benign,none
TXN00000592,6492.08,restaurant,UPI,17,4,0,Union Bank,2025-08-29 17:23:00,0,20.1,0.909,0.024,1,250.18,1,1,0,0,benign,none
TXN00004269,175.67,grocery,UPI,15,6,1,PNB,2025-10-23 15:09:00,0,38.4,0.875,0.031,4,56.83,0,1,0,0,benign,none
TXN00001402,169.47,pharmacy,UPI,9,1,0,Union Bank,2025-11-22 09:22:00,0,39.5,0.869,0.068,1,107.72,0,1,0,0,benign,none
TXN00003404,15.99,fuel,debit_card,19,2,0,ICICI,2025-07-28 19:59:00,0,71.0,0.89,0.093,0,42.64,0,1,0,0,benign,none
TXN00004723,128.78,restaurant,wallet,9,0,0,HDFC,2025-02-06 09:00:00,0,18.6,0.947,0.071,1,21.56,0,1,0,0,benign,none
TXN00002777,106.18,grocery,UPI,21,2,0,PNB,2025-10-23 21:57:00,0,16.9,0.949,0.085,2,60.45,1,1,0,0,benign,none
TXN00002807,10.0,electronics,UPI,0,6,1,SBI,2025-01-16 00:02:00,0,12.3,0.861,0.099,2,137.65,0,1,0,0,benign,none
TXN00003053,213.49,clothing,UPI,6,2,0,SBI,2025-03-29 06:10:00,0,48.3,0.888,0.007,7,34.79,0,1,0,0,benign,none
TXN00001741,3495.77,electronics,credit_card,6,5,1,Axis,2025-03-15 06:58:00,0,40.0,0.927,0.045,1,537.51,0,1,0,0,benign,none
TXN00002029,103.49,fuel,wallet,14,6,1,Paytm Payments Bank,2025-05-06 14:35:00,0,68.2,0.94,0.008,7,37.39,0,1,0,0,benign,none
TXN00003254,125.63,fuel,UPI,15,4,0,PNB,2025-09-30 15:39:00,0,56.7,0.973,0.08,7,35.39,0,1,0,0,benign,none
TXN00002644,3310.01,education,credit_card,0,5,1,PNB,2025-06-26 00:01:00,0,52.6,0.965,0.063,6,1488.76,0,1,0,0,benign,none
TXN00000921,51.39,travel,credit_card,19,2,0,BOI,2025-06-28 19:09:00,0,67.3,0.98,0.096,6,65.7,0,1,0,0,benign,none
TXN00004294,279.95,grocery,UPI,14,2,0,BOI,2025-12-07 14:25:00,0,2.2,0.946,0.057,4,2374.91,0,1,1,0,benign,none
TXN00004586,608.25,travel,UPI,21,0,0,HDFC,2025-05-29 21:04:00,0,10.3,0.992,0.074,5,66.81,1,1,0,0,benign,none
TXN00002846,88.07,restaurant,debit_card,20,4,0,HDFC,2025-03-23 20:02:00,0,0.2,0.929,0.035,4,104.1,0,1,1,0,benign,none
TXN00004478,957.85,grocery,UPI,14,1,0,Union Bank,2025-08-05 14:58:00,0,38.4,0.851,0.002,3,519.41,0,1,0,0,benign,none
TXN00001691,14.43,entertainment,UPI,11,3,0,Kotak,2025-03-30 11:48:00,0,61.7,0.911,0.036,7,196.44,0,1,0,0,benign,none
TXN00003194,198.65,online_retail,UPI,14,1,0,Paytm Payments Bank,2025-06-13 14:46:00,0,39.5,0.919,0.099,0,69.54,0,1,0,0,benign,none
TXN00000700,1814.09,clothing,UPI,20,2,0,PNB,2025-11-15 20:01:00,1,60.8,0.925,0.115,1,91.19,0,1,0,0,benign,none
TXN00001745,60.68,restaurant,UPI,13,1,0,Union Bank,2025-01-05 13:52:00,0,16.1,0.97,0.056,6,561.15,0,1,0,0,benign,none
TXN00002900,89.23,grocery,credit_card,10,1,0,Paytm Payments Bank,2025-07-25 10:37:00,0,19.6,0.951,0.006,5,1257.42,0,1,0,0,benign,none
TXN00000106,44.25,online_retail,net_banking,0,1,0,Union Bank,2025-02-20 00:39:00,0,23.8,0.995,0.102,1,3467.6,0,1,0,0,benign,none
TXN00003497,1707.47,restaurant,credit_card,8,1,0,SBI,2025-11-06 08:55:00,0,0.5,0.878,0.056,5,20.42,0,1,0,0,benign,none
TXN00003383,73.4,travel,debit_card,17,6,1,Axis,2025-10-01 17:06:00,0,9.5,0.912,0.06,6,134.14,0,1,0,0,benign,none
TXN00004505,4371.36,grocery,credit_card,9,0,0,ICICI,2025-10-13 09:19:00,0,27.5,0.874,0.028,0,46.47,0,1,0,0,benign,none
TXN00003320,13.58,clothing,debit_card,10,0,0,ICICI,2025-12-20 10:38:00,1,39.8,0.919,0.001,7,89.64,0,1,0,0,benign,none
TXN00003448,92.86,electronics,credit_card,19,3,0,Kotak,2025-06-27 19:01:00,0,38.7,0.874,0.002,7,112.91,0,1,0,0,benign,none
TXN00000416,1738.18,electronics,debit_card,15,1,0,HDFC,2025-11-01 15:37:00,0,29.7,0.933,0.007,7,68.79,0,1,0,0,benign,none
TXN00000212,258.56,grocery,debit_card,8,4,0,Axis,2025-04-15 08:09:00,0,71.1,0.994,0.102,0,2088.63,0,1,0,0,benign,none
TXN00002605,48.64,entertainment,UPI,7,0,0,HDFC,2025-09-09 07:18:00,0,7.5,1.0,0.017,2,1377.9,0,1,0,0,benign,none
TXN00003105,265.17,fuel,UPI,17,5,1,HDFC,2025-10-07 17:19:00,1,41.1,0.938,0.084,0,17.45,0,1,0,0,benign,none
TXN00002903,93.06,pharmacy,UPI,9,2,0,Paytm Payments Bank,2025-05-02 09:38:00,0,51.6,0.861,0.083,0,66.86,0,1,0,0,benign,none
TXN00003037,205.9,grocery,UPI,9,6,1,Kotak,2025-11-16 09:40:00,0,45.2,0.906,0.063,2,325.99,0,1,0,0,benign,none
TXN00003668,10.78,clothing,UPI,19,5,1,Axis,2025-05-13 19:30:00,0,23.1,0.872,0.041,5,69.73,0,1,0,0,benign,none
TXN00001147,122.53,travel,UPI,4,5,1,Paytm Payments Bank,2025-11-15 04:20:00,0,23.0,0.89,0.071,3,161.41,0,0,0,0,benign,none
TXN00002955,39.15,restaurant,credit_card,0,4,0,Airtel Payments Bank,2025-07-29 00:59:00,0,39.6,0.857,0.048,0,6.15,0,1,0,0,benign,none
TXN00000107,132.92,online_retail,UPI,8,1,0,HDFC,2025-05-20 08:26:00,0,65.4,0.929,0.013,0,131.72,0,1,0,0,benign,none
TXN00001672,312.07,grocery,UPI,15,4,0,PNB,2025-04-11 15:52:00,0,54.0,0.958,0.04,4,27.41,0,1,0,0,benign,none
TXN00000914,1447.12,grocery,credit_card,20,0,0,PNB,2025-01-03 20:27:00,0,45.8,0.955,0.102,2,332.27,0,1,0,0,benign,none
TXN00001078,85.13,fuel,UPI,22,4,0,SBI,2025-02-05 22:03:00,0,55.1,0.878,0.087,6,108.96,0,1,0,0,benign,none
TXN00004003,13765.17,education,UPI,20,1,0,Union Bank,2025-05-07 20:00:00,0,62.5,0.889,0.017,5,51.42,0,1,0,0,benign,none
TXN00000447,134.74,education,UPI,8,2,0,Axis,2025-02-20 08:03:00,0,60.3,0.868,0.015,4,165.77,0,1,0,0,benign,none
TXN00002321,2354.31,grocery,UPI,17,4,0,ICICI,2025-02-03 17:38:00,0,11.7,0.956,0.048,4,69.09,0,1,0,0,benign,none
TXN00003799,223.67,online_retail,UPI,12,1,0,PNB,2025-06-01 12:59:00,0,17.4,0.935,0.103,4,177.71,0,1,0,0,benign,none
TXN00003979,987.73,fuel,debit_card,10,3,0,ICICI,2025-08-25 10:19:00,0,64.5,0.872,0.021,6,725.44,0,1,0,0,benign,none
TXN00004418,473.76,education,debit_card,6,4,0,Paytm Payments Bank,2025-10-11 06:44:00,0,56.2,0.945,0.022,0,221.91,0,1,0,0,benign,none
TXN00001393,562.27,grocery,debit_card,8,5,1,PNB,2025-09-18 08:47:00,0,39.5,0.915,0.061,3,137.02,0,1,0,0,benign,none
TXN00000764,451.88,restaurant,UPI,4,5,1,Axis,2025-04-07 04:25:00,0,19.9,0.959,0.089,4,89.21,0,1,0,0,benign,none
TXN00004625,492.45,grocery,UPI,16,6,1,Union Bank,2025-09-14 16:04:00,0,53.6,0.881,0.114,1,304.01,0,1,0,0,benign,none
TXN00002036,106.42,grocery,credit_card,21,0,0,ICICI,2025-12-31 21:19:00,0,36.1,0.94,0.115,6,5.39,0,1,0,0,benign,none
TXN00003001,843.74,electronics,UPI,17,2,0,Airtel Payments Bank,2025-04-19 17:18:00,0,47.1,0.9,0.096,4,324.38,0,1,0,0,benign,none
TXN00002724,85.31,healthcare,UPI,10,6,1,ICICI,2025-07-08 10:57:00,1,18.5,0.918,0.02,7,354.85,1,1,0,0,benign,none
TXN00004080,1796.9,entertainment,UPI,21,0,0,Airtel Payments Bank,2025-06-14 21:04:00,0,43.1,0.891,0.026,0,20.87,0,1,0,0,benign,none
TXN00000518,1231.6,restaurant,UPI,14,3,0,Kotak,2025-08-23 14:49:00,1,0.3,0.975,0.088,3,1597.08,1,1,0,0,benign,none
TXN00001084,298.48,fuel,credit_card,17,1,0,PNB,2025-01-07 17:46:00,0,7.3,0.856,0.018,0,608.15,1,1,0,0,benign,none
TXN00000239,94.35,healthcare,net_banking,16,2,0,Kotak,2025-03-16 16:33:00,0,39.7,0.913,0.118,3,273.52,0,0,0,0,benign,none
TXN00002233,4226.35,grocery,net_banking,13,5,1,PNB,2025-06-07 13:51:00,0,51.1,0.873,0.02,5,14.75,1,1,0,0,benign,none
TXN00003977,154.95,clothing,wallet,14,0,0,HDFC,2025-05-22 14:50:00,0,71.6,0.874,0.045,6,460.4,0,1,0,0,benign,none
TXN00000222,336.24,clothing,debit_card,15,2,0,HDFC,2025-09-25 15:13:00,0,61.9,0.938,0.089,6,11.91,1,1,0,0,benign,none
TXN00001426,1079.19,restaurant,UPI,14,4,0,HDFC,2025-09-25 14:56:00,0,32.5,0.941,0.088,3,6.93,0,1,0,0,benign,none
TXN00003973,5226.13,pharmacy,debit_card,9,0,0,SBI,2025-06-01 09:30:00,0,25.1,0.852,0.057,1,27.85,0,1,0,0,benign,none
TXN00003428,7178.5,grocery,debit_card,16,4,0,Paytm Payments Bank,2025-08-09 16:46:00,1,16.0,0.948,0.104,1,64.49,0,1,0,0,benign,none
TXN00001162,154.73,grocery,wallet,6,1,0,PNB,2025-07-09 06:00:00,0,3.6,0.974,0.064,4,175.7,0,1,0,0,benign,none
TXN00000131,20.53,education,UPI,9,4,0,Union Bank,2025-07-31 09:34:00,0,48.6,0.976,0.051,1,297.32,0,0,0,0,benign,none
TXN00001112,30.75,education,debit_card,9,0,0,Kotak,2025-08-18 09:45:00,1,40.4,0.938,0.108,2,100.47,1,1,0,0,benign,none
TXN00003284,64.53,grocery,debit_card,19,6,1,PNB,2025-06-24 19:00:00,0,60.0,0.889,0.045,2,49.42,0,1,0,0,benign,none
TXN00003305,619.38,fuel,debit_card,19,4,0,Airtel Payments Bank,2025-01-29 19:49:00,0,64.6,0.923,0.039,6,1914.69,0,1,0,0,benign,none
TXN00002420,10.0,grocery,UPI,11,6,1,ICICI,2025-04-28 11:49:00,0,64.9,0.973,0.105,6,197.18,0,1,0,0,benign,none
TXN00004043,18.21,grocery,UPI,13,6,1,Axis,2025-02-20 13:40:00,1,37.4,0.933,0.071,3,1275.93,0,1,0,0,benign,none
TXN00003944,2268.08,electronics,UPI,15,1,0,Airtel Payments Bank,2025-07-23 15:40:00,0,6.7,0.904,0.047,4,74.29,0,1,0,0,benign,none
TXN00001183,764.44,fuel,UPI,18,3,0,Kotak,2025-09-11 18:35:00,1,6.5,0.905,0.053,4,119.0,0,1,0,0,benign,none
TXN00002887,315.76,utilities,credit_card,19,1,0,Kotak,2025-03-08 19:06:00,0,3.2,0.911,0.062,1,52.27,0,1,0,0,benign,none
TXN00004695,468.62,utilities,debit_card,2,1,0,ICICI,2025-04-27 02:43:00,0,9.7,0.952,0.005,1,69.46,0,1,0,0,benign,none
TXN00001149,1562.98,pharmacy,UPI,12,0,0,HDFC,2025-11-26 12:57:00,0,59.7,0.952,0.112,7,4.01,0,1,0,0,benign,none
TXN00000353,1058.68,education,net_banking,17,2,0,HDFC,2025-10-20 17:02:00,0,25.9,0.859,0.06,6,345.04,0,1,0,0,benign,none
TXN00002748,181.24,fuel,wallet,17,5,1,Kotak,2025-07-12 17:17:00,0,7.0,0.876,0.025,1,39.85,0,1,0,0,benign,none
TXN00003455,53.36,fuel,UPI,2,1,0,Axis,2025-02-05 02:04:00,0,3.2,0.924,0.119,4,719.38,0,0,0,0,benign,none
TXN00000474,745.84,grocery,credit_card,16,0,0,ICICI,2025-06-17 16:32:00,0,0.6,0.937,0.089,3,138.16,0,1,0,0,benign,none
TXN00002110,494.14,restaurant,credit_card,9,5,1,Union Bank,2025-10-06 09:13:00,0,37.4,0.988,0.025,0,283.01,1,1,0,0,benign,none
TXN00002087,105.39,restaurant,debit_card,8,5,1,Union Bank,2025-06-02 08:31:00,0,43.3,0.984,0.027,6,150.15,0,1,0,0,benign,none
TXN00003445,135.36,grocery,UPI,20,3,0,ICICI,2025-06-13 20:09:00,0,12.5,0.937,0.098,4,24.67,0,1,0,0,benign,none
TXN00001807,244.44,fuel,net_banking,10,1,0,ICICI,2025-10-25 10:23:00,0,35.5,0.887,0.038,3,314.54,0,1,0,0,benign,none
TXN00002304,475.73,electronics,credit_card,8,0,0,Paytm Payments Bank,2025-01-02 08:40:00,0,2.7,0.894,0.074,7,679.47,0,1,0,0,benign,none
TXN00003550,64.28,utilities,debit_card,11,2,0,ICICI,2025-10-11 11:04:00,1,71.9,0.85,0.098,5,57.64,0,1,0,0,benign,none
TXN00004159,556.03,pharmacy,UPI,21,5,1,Paytm Payments Bank,2025-05-12 21:36:00,1,50.4,0.867,0.023,2,8.02,0,1,0,0,benign,none
TXN00002456,1469.52,electronics,UPI,3,2,0,Airtel Payments Bank,2025-09-05 03:42:00,0,52.1,0.931,0.073,4,147.69,0,1,0,0,benign,none
TXN00003815,65.52,pharmacy,UPI,9,2,0,Airtel Payments Bank,2025-01-10 09:27:00,0,40.0,0.933,0.062,0,54.43,0,1,0,0,benign,none
TXN00002907,253.68,fuel,UPI,21,5,1,Paytm Payments Bank,2025-05-10 21:30:00,1,44.9,0.857,0.067,3,116.59,1,1,0,0,benign,none
TXN00003127,514.5,travel,UPI,11,5,1,BOI,2025-04-13 11:30:00,0,10.8,0.914,0.098,1,1.26,0,1,0,0,benign,none
TXN00002498,91.24,grocery,UPI,20,1,0,Union Bank,2025-04-23 20:25:00,0,27.6,0.866,0.09,3,200.97,1,1,0,0,benign,none
TXN00001768,46.9,restaurant,UPI,15,2,0,PNB,2025-11-08 15:03:00,1,50.2,0.945,0.068,7,30.03,0,1,0,0,benign,none
TXN00003206,580.24,utilities,credit_card,14,2,0,HDFC,2025-12-16 14:52:00,1,4.5,0.973,0.025,4,43.18,0,1,0,0,benign,none
TXN00003314,1732.67,electronics,UPI,19,5,1,BOI,2025-08-19 19:00:00,0,48.3,0.901,0.077,5,19.39,0,1,0,0,benign,none
TXN00001057,512.91,utilities,UPI,11,1,0,PNB,2025-03-31 11:32:00,1,2.8,0.862,0.031,6,26.48,0,1,0,0,benign,none
TXN00003396,48.09,utilities,UPI,8,6,1,Axis,2025-11-13 08:41:00,0,1.2,0.862,0.101,3,277.91,0,1,0,0,benign,none
TXN00002549,601.62,travel,UPI,23,4,0,Kotak,2025-04-15 23:24:00,0,1.1,0.943,0.044,2,616.05,0,1,0,0,benign,none
TXN00004870,28.86,grocery,UPI,11,6,1,Kotak,2025-12-18 11:43:00,0,23.5,0.867,0.044,6,158.14,0,1,0,0,benign,none
TXN00001076,2628.64,electronics,credit_card,8,1,0,BOI,2025-08-31 08:20:00,0,65.4,0.958,0.088,2,3517.32,0,1,0,0,benign,none
TXN00003837,190.86,travel,UPI,0,4,0,Axis,2025-03-18 00:53:00,0,49.1,0.923,0.027,1,314.62,0,1,0,0,benign,none
TXN00002753,300.36,electronics,UPI,14,6,1,Paytm Payments Bank,2025-11-10 14:44:00,0,71.7,0.923,0.028,1,754.35,1,1,0,0,benign,none
TXN00001513,10.0,restaurant,credit_card,19,3,0,ICICI,2025-03-16 19:43:00,0,6.8,0.865,0.021,7,47.02,0,1,0,0,benign,none
TXN00004331,28.63,education,credit_card,19,3,0,Union Bank,2025-10-25 19:58:00,0,65.8,0.9,0.116,0,145.51,0,1,0,0,benign,none
TXN00004745,385.45,fuel,credit_card,0,5,1,Axis,2025-07-22 00:54:00,0,64.2,0.954,0.055,0,70.6,0,1,0,0,benign,none
TXN00001740,121.57,online_retail,credit_card,20,5,1,Kotak,2025-12-07 20:09:00,0,37.8,0.886,0.101,5,256.89,0,1,0,0,benign,none
TXN00000511,143.28,grocery,debit_card,12,3,0,Axis,2025-02-16 12:20:00,0,7.8,0.914,0.081,4,1454.21,0,1,0,0,benign,none
TXN00001631,54.85,clothing,debit_card,18,5,1,Airtel Payments Bank,2025-12-26 18:42:00,0,43.7,0.985,0.009,4,111.63,0,1,0,0,benign,none
TXN00002574,214.48,travel,debit_card,15,2,0,Axis,2025-10-30 15:45:00,0,24.0,0.914,0.049,3,81.07,0,1,0,0,benign,none
TXN00000733,174.55,restaurant,credit_card,4,0,0,BOI,2025-02-18 04:48:00,0,32.5,0.985,0.036,6,96.94,0,1,0,0,benign,none
TXN00003060,2041.03,travel,UPI,18,5,1,Kotak,2025-01-25 18:24:00,0,67.3,0.857,0.052,1,70.25,0,1,0,0,benign,none
TXN00000014,567.66,electronics,UPI,13,4,0,Airtel Payments Bank,2025-07-29 13:39:00,0,23.5,0.883,0.017,0,91.29,0,1,0,0,benign,none
TXN00004898,426.12,fuel,credit_card,18,0,0,BOI,2025-11-01 18:49:00,1,25.5,0.878,0.04,6,40.15,0,1,0,0,benign,none
TXN00004567,337.65,restaurant,UPI,7,6,1,PNB,2025-06-15 07:06:00,0,43.7,0.864,0.019,6,589.93,0,1,0,0,benign,none
TXN00001793,142.4,restaurant,credit_card,18,2,0,Paytm Payments Bank,2025-12-28 18:05:00,1,61.0,0.979,0.108,2,357.54,0,1,0,0,benign,none
TXN00000960,4493.44,entertainment,UPI,3,2,0,Kotak,2025-05-03 03:16:00,0,14.1,0.984,0.052,5,23.63,0,1,0,0,benign,none
TXN00001429,936.26,fuel,UPI,20,0,0,PNB,2025-10-17 20:18:00,0,29.7,0.902,0.088,3,477.01,0,1,0,0,benign,none
TXN00004284,116.91,pharmacy,credit_card,15,2,0,HDFC,2025-05-01 15:11:00,0,7.1,0.864,0.083,4,170.58,0,1,0,0,benign,none
TXN00004828,2467.4,travel,debit_card,14,3,0,Airtel Payments Bank,2025-04-09 14:20:00,0,32.4,0.944,0.077,1,136.8,0,1,0,0,benign,none
TXN00001614,72.2,grocery,UPI,22,2,0,Airtel Payments Bank,2025-06-21 22:26:00,0,40.0,0.9,0.114,0,221.28,0,1,0,0,benign,none
TXN00004685,68.3,grocery,debit_card,17,0,0,SBI,2025-12-18 17:19:00,0,28.1,0.881,0.089,6,403.26,0,1,0,0,benign,none
TXN00001575,25.22,grocery,net_banking,11,5,1,Airtel Payments Bank,2025-07-11 11:11:00,0,32.7,0.972,0.068,4,12.76,0,1,0,0,benign,none
TXN00001877,6348.96,restaurant,UPI,20,0,0,Paytm Payments Bank,2025-07-02 20:28:00,0,5.2,0.955,0.054,2,23.94,0,1,0,0,benign,none
TXN00001087,15.2,healthcare,credit_card,3,1,0,PNB,2025-12-14 03:56:00,0,32.8,0.857,0.041,7,617.13,0,1,0,0,benign,none
TXN00003519,798.13,fuel,UPI,10,4,0,PNB,2025-11-26 10:33:00,0,35.7,0.888,0.059,0,296.66,0,1,0,0,benign,none
TXN00004960,74.14,healthcare,debit_card,9,6,1,ICICI,2025-01-03 09:58:00,0,41.0,0.961,0.08,6,88.98,0,1,0,0,benign,none
TXN00003616,2089.89,pharmacy,debit_card,11,0,0,Airtel Payments Bank,2025-06-11 11:29:00,0,47.2,0.932,0.111,2,2413.2,1,1,0,0,benign,none
TXN00003981,154.45,utilities,wallet,13,3,0,ICICI,2025-10-01 13:07:00,1,41.8,0.927,0.052,1,33.65,1,1,0,0,benign,none
TXN00003317,73.26,clothing,credit_card,21,6,1,PNB,2025-11-19 21:43:00,0,40.0,0.9,0.098,2,34.13,0,1,0,0,benign,none
TXN00004210,260.22,education,debit_card,5,3,0,SBI,2025-04-23 05:41:00,1,15.3,0.908,0.054,7,55.66,0,1,0,0,benign,none
TXN00004689,84.16,travel,debit_card,10,5,1,Union Bank,2025-01-04 10:42:00,0,8.9,0.987,0.118,5,1151.13,0,1,0,0,benign,none
TXN00002910,102.21,restaurant,UPI,11,4,0,Axis,2025-02-13 11:56:00,0,55.8,0.909,0.042,4,119.87,0,1,0,0,benign,none
TXN00004607,2526.78,grocery,UPI,15,1,0,Paytm Payments Bank,2025-06-17 15:56:00,0,68.1,0.982,0.119,6,28.7,0,1,0,0,benign,none
TXN00001414,2870.48,electronics,UPI,8,6,1,HDFC,2025-08-15 08:41:00,0,11.9,0.853,0.093,6,101.9,0,1,0,0,benign,none
TXN00003207,435.64,fuel,net_banking,19,0,0,PNB,2025-05-19 19:43:00,0,1.4,0.896,0.06,7,59.21,0,1,0,0,benign,none
TXN00002943,144.3,utilities,UPI,21,6,1,HDFC,2025-07-07 21:33:00,0,48.7,0.855,0.072,2,260.98,0,1,0,0,benign,none
TXN00004279,43.59,grocery,UPI,16,2,0,SBI,2025-02-19 16:08:00,0,63.4,0.94,0.039,0,68.27,0,1,0,0,benign,none
TXN00003464,592.66,restaurant,UPI,11,5,1,Union Bank,2025-12-08 11:32:00,0,33.4,0.904,0.022,0,12.14,0,1,0,0,benign,none
TXN00003025,250.59,entertainment,debit_card,9,0,0,Union Bank,2025-10-12 09:30:00,0,60.8,0.853,0.085,6,2.57,0,1,0,0,benign,none
TXN00003055,31.53,healthcare,net_banking,15,2,0,Axis,2025-08-01 15:48:00,0,52.9,0.875,0.063,4,17.57,0,1,0,0,benign,none
TXN00001623,2030.25,clothing,UPI,7,5,1,BOI,2025-09-13 07:19:00,0,29.7,0.962,0.04,3,140.8,0,1,0,0,benign,none
TXN00003307,868.9,pharmacy,UPI,22,1,0,ICICI,2025-06-06 22:22:00,0,57.4,0.981,0.051,5,292.86,1,1,0,0,benign,none
TXN00001758,38.27,entertainment,UPI,7,1,0,Union Bank,2025-01-30 07:29:00,0,5.0,0.974,0.048,4,120.03,0,1,0,0,benign,none
TXN00003533,461.04,pharmacy,debit_card,11,0,0,ICICI,2025-08-06 11:27:00,0,56.6,0.959,0.101,2,84.74,1,1,0,0,benign,none
TXN00002273,1255.27,travel,UPI,20,2,0,SBI,2025-11-24 20:24:00,1,21.0,0.988,0.092,7,215.37,1,1,0,0,benign,none
TXN00001561,314.78,restaurant,UPI,15,2,0,ICICI,2025-05-30 15:34:00,0,47.9,0.953,0.018,5,89.27,0,1,0,0,benign,none
TXN00003411,10.0,grocery,credit_card,9,3,0,Paytm Payments Bank,2025-11-27 09:06:00,0,50.1,0.92,0.074,1,549.85,0,1,0,0,benign,none
TXN00001095,2224.59,pharmacy,UPI,14,1,0,ICICI,2025-02-13 14:38:00,0,43.8,0.976,0.029,3,842.37,0,1,0,0,benign,none
TXN00002344,1054.82,electronics,credit_card,0,4,0,Paytm Payments Bank,2025-01-27 00:43:00,0,0.2,0.986,0.096,7,186.07,1,1,0,0,benign,none
TXN00002018,697.38,travel,UPI,8,6,1,Paytm Payments Bank,2025-06-08 08:52:00,0,1.7,0.893,0.018,0,1222.74,0,1,0,0,benign,none
TXN00000766,284.44,restaurant,UPI,8,5,1,Kotak,2025-12-18 08:50:00,0,6.6,0.919,0.086,0,588.57,0,1,0,0,benign,none
TXN00001616,46427.18,restaurant,net_banking,15,5,1,Union Bank,2025-08-26 15:35:00,0,16.2,0.995,0.085,6,138.1,0,1,0,0,benign,none
TXN00001180,22.72,grocery,UPI,13,6,1,BOI,2025-09-20 13:46:00,0,43.9,0.927,0.073,0,295.03,0,1,0,0,benign,none
TXN00002485,199.18,pharmacy,credit_card,19,2,0,Airtel Payments Bank,2025-04-09 19:27:00,0,21.7,0.984,0.064,5,960.09,0,1,0,0,benign,none
TXN00003949,227.65,clothing,UPI,9,2,0,BOI,2025-08-17 09:38:00,0,5.3,0.978,0.016,6,1946.12,0,1,0,0,benign,none
TXN00001832,32.75,grocery,UPI,16,3,0,Axis,2025-07-15 16:34:00,0,25.3,0.919,0.104,4,362.74,0,1,0,0,benign,none
TXN00003518,250.3,online_retail,credit_card,1,3,0,BOI,2025-04-24 01:56:00,0,4.6,0.941,0.043,3,113.49,0,1,0,0,benign,none
TXN00002716,300.93,grocery,net_banking,17,5,1,BOI,2025-07-25 17:12:00,0,37.9,0.914,0.091,5,6.49,0,1,0,0,benign,none
TXN00003514,465.06,pharmacy,UPI,13,1,0,BOI,2025-12-05 13:42:00,0,13.3,0.851,0.047,6,35.37,0,1,0,0,benign,none
TXN00000221,378.61,entertainment,debit_card,20,5,1,Paytm Payments Bank,2025-07-07 20:55:00,0,51.4,0.861,0.064,1,149.48,0,1,0,0,benign,none
TXN00004704,902.87,online_retail,debit_card,5,5,1,Kotak,2025-10-23 05:32:00,0,32.2,0.925,0.103,6,174.32,1,1,0,0,benign,none
TXN00004848,64.87,clothing,debit_card,14,2,0,HDFC,2025-05-07 14:12:00,0,32.2,0.862,0.102,5,128.07,0,1,0,0,benign,none
TXN00000774,250.06,utilities,debit_card,18,2,0,Paytm Payments Bank,2025-08-23 18:54:00,0,14.1,0.852,0.044,1,206.53,0,1,0,0,benign,none
TXN00001642,10.0,restaurant,debit_card,17,6,1,BOI,2025-09-22 17:04:00,0,47.7,0.886,0.093,1,7.2,0,1,0,0,benign,none
TXN00004838,2123.36,online_retail,debit_card,11,1,0,PNB,2025-07-31 11:05:00,0,31.6,0.965,0.065,6,315.14,0,1,1,0,benign,none
TXN00003847,33897.87,utilities,UPI,20,0,0,Airtel Payments Bank,2025-09-21 20:21:00,0,24.7,0.867,0.092,1,51.4,0,1,0,0,benign,none
TXN00003593,548.21,electronics,debit_card,0,4,0,Paytm Payments Bank,2025-07-02 00:42:00,0,71.1,0.905,0.063,6,4350.75,0,1,0,0,benign,none
TXN00003892,10.0,restaurant,UPI,10,4,0,Axis,2025-10-06 10:45:00,0,2.4,0.942,0.071,6,355.18,0,1,0,0,benign,none
TXN00001315,6668.88,grocery,debit_card,13,5,1,Airtel Payments Bank,2025-06-25 13:51:00,0,23.0,0.977,0.024,4,191.33,0,1,0,0,benign,none
TXN00000465,107.17,restaurant,net_banking,14,5,1,SBI,2025-06-13 14:21:00,0,2.5,0.925,0.004,0,42.79,0,1,0,0,benign,none
TXN00003238,1257.01,grocery,debit_card,8,0,0,Paytm Payments Bank,2025-05-26 08:59:00,0,10.8,0.907,0.029,0,203.84,0,0,0,0,benign,none
TXN00003460,293.91,travel,debit_card,11,2,0,PNB,2025-01-26 11:42:00,0,0.2,0.865,0.098,2,509.25,0,0,0,0,benign,none
TXN00002762,93.66,utilities,UPI,17,6,1,SBI,2025-01-06 17:49:00,0,10.7,0.933,0.066,0,33.47,0,1,0,0,benign,none
TXN00000828,2176.65,restaurant,debit_card,16,6,1,Axis,2025-06-01 16:03:00,0,39.9,0.987,0.04,5,58.86,0,1,0,0,benign,none
TXN00004041,186.4,clothing,UPI,17,4,0,Kotak,2025-04-12 17:14:00,0,70.4,0.913,0.104,5,711.65,1,1,0,0,benign,none
TXN00002251,210.16,entertainment,credit_card,14,1,0,Airtel Payments Bank,2025-05-28 14:52:00,0,17.6,0.952,0.094,7,384.9,0,1,0,0,benign,none
TXN00003984,57.36,entertainment,credit_card,18,2,0,Union Bank,2025-01-15 18:06:00,0,10.8,0.961,0.043,3,132.15,0,1,0,0,benign,none
TXN00000304,219.12,fuel,UPI,16,2,0,SBI,2025-06-11 16:05:00,0,56.5,0.951,0.075,6,927.12,1,1,0,0,benign,none
TXN00003352,1081.61,fuel,debit_card,2,0,0,BOI,2025-11-27 02:27:00,0,26.2,0.932,0.086,1,2550.88,0,1,0,0,benign,none
TXN00001090,83.68,pharmacy,UPI,18,3,0,PNB,2025-11-02 18:36:00,0,66.8,0.909,0.063,6,159.06,0,0,0,0,benign,none
TXN00004908,97.18,restaurant,net_banking,16,3,0,BOI,2025-04-02 16:21:00,0,53.7,0.925,0.056,1,27.13,0,1,0,0,benign,none
TXN00002508,1248.21,grocery,credit_card,19,5,1,SBI,2025-01-29 19:25:00,1,8.1,0.933,0.069,6,320.23,0,1,0,0,benign,none
TXN00003122,843.68,grocery,debit_card,11,0,0,BOI,2025-11-23 11:36:00,0,11.6,0.881,0.073,5,21.21,0,1,0,0,benign,none
TXN00002152,53.3,electronics,UPI,9,1,0,Union Bank,2025-01-01 09:17:00,1,57.9,0.854,0.117,1,255.87,0,1,0,0,benign,none
TXN00002586,283.98,clothing,credit_card,13,0,0,Airtel Payments Bank,2025-05-24 13:51:00,0,20.1,0.974,0.042,1,132.67,0,1,0,0,benign,none
TXN00002766,10.0,grocery,credit_card,9,5,1,PNB,2025-05-08 09:12:00,0,5.7,0.898,0.052,0,1272.66,0,1,0,0,benign,none
TXN00000908,277.51,grocery,debit_card,8,3,0,HDFC,2025-11-11 08:35:00,0,24.6,0.89,0.061,4,55.53,0,1,0,0,benign,none
TXN00001056,320.45,grocery,UPI,11,0,0,ICICI,2025-08-12 11:19:00,1,52.7,0.869,0.089,2,71.59,0,0,0,0,benign,none
TXN00003656,160.91,restaurant,UPI,19,3,0,Kotak,2025-12-15 19:56:00,0,69.0,0.96,0.007,4,1.33,0,1,0,0,benign,none
TXN00004995,1701.83,pharmacy,credit_card,21,1,0,SBI,2025-01-20 21:55:00,0,8.4,0.964,0.025,5,18.68,0,1,0,0,benign,none
TXN00004441,10.0,fuel,UPI,5,6,1,BOI,2025-01-27 05:48:00,0,6.5,0.922,0.118,4,29.42,0,1,0,0,benign,none
TXN00003964,159.01,fuel,credit_card,7,2,0,HDFC,2025-10-15 07:01:00,0,59.9,0.992,0.105,5,200.7,0,1,0,0,benign,none
TXN00002760,70.1,travel,debit_card,3,4,0,Axis,2025-02-09 03:16:00,0,38.1,0.911,0.011,4,101.36,0,1,0,0,benign,none
TXN00000211,22.48,pharmacy,UPI,9,5,1,Airtel Payments Bank,2025-02-21 09:02:00,0,5.3,0.981,0.033,2,40.6,0,1,0,0,benign,none
TXN00001277,4519.36,online_retail,UPI,14,6,1,ICICI,2025-10-22 14:23:00,0,24.8,0.896,0.079,4,1124.76,0,1,0,0,benign,none
TXN00001195,8340.45,travel,credit_card,14,0,0,Axis,2025-10-03 14:30:00,0,61.8,0.91,0.107,2,224.41,0,1,0,0,benign,none
TXN00004763,4409.21,education,credit_card,9,1,0,Airtel Payments Bank,2025-11-01 09:09:00,0,41.9,0.95,0.015,6,258.17,0,1,0,0,benign,none
TXN00002908,28.26,online_retail,UPI,15,5,1,PNB,2025-06-14 15:17:00,1,64.2,0.852,0.009,6,412.02,0,1,1,0,benign,none
TXN00001313,506.29,entertainment,UPI,15,3,0,Paytm Payments Bank,2025-07-26 15:45:00,0,71.6,0.986,0.083,3,28.35,1,1,0,0,benign,none
TXN00002726,48.01,online_retail,net_banking,10,4,0,Kotak,2025-02-02 10:25:00,0,38.5,0.943,0.063,0,23.98,0,1,0,0,benign,none
TXN00004594,956.05,electronics,UPI,13,6,1,Union Bank,2025-05-30 13:30:00,0,68.4,0.941,0.012,6,235.96,0,1,0,0,benign,none
TXN00003817,340.36,restaurant,net_banking,12,3,0,BOI,2025-12-31 12:29:00,0,7.1,0.998,0.095,6,556.02,0,1,0,0,benign,none
TXN00002859,49.32,fuel,UPI,12,0,0,ICICI,2025-05-01 12:05:00,0,37.2,0.95,0.075,0,117.07,0,1,0,0,benign,none
TXN00000012,275.57,healthcare,UPI,13,0,0,PNB,2025-11-08 13:26:00,0,43.2,0.975,0.018,4,76.28,0,1,0,0,benign,none
TXN00004019,246.99,entertainment,debit_card,12,3,0,ICICI,2025-10-09 12:25:00,0,59.6,0.903,0.043,6,62.54,0,1,0,0,benign,none
TXN00000736,992.26,restaurant,debit_card,13,1,0,Paytm Payments Bank,2025-04-13 13:05:00,0,46.9,0.878,0.11,5,52.14,0,1,0,0,benign,none
TXN00003912,103.92,restaurant,UPI,20,1,0,HDFC,2025-06-28 20:53:00,0,35.8,0.917,0.037,3,719.76,0,1,0,0,benign,none
TXN00003661,504.92,online_retail,credit_card,21,3,0,Union Bank,2025-05-15 21:18:00,0,68.6,0.988,0.033,0,255.2,1,1,0,0,benign,none
TXN00000453,10286.27,pharmacy,UPI,10,3,0,Union Bank,2025-03-24 10:00:00,0,52.2,0.916,0.035,3,359.53,0,0,0,0,benign,none
TXN00000994,200.83,restaurant,credit_card,18,3,0,ICICI,2025-03-08 18:07:00,0,59.7,0.886,0.094,4,63.94,0,1,0,0,benign,none
TXN00004375,10.0,restaurant,debit_card,6,4,0,ICICI,2025-03-07 06:56:00,0,18.3,0.915,0.095,6,3449.14,0,1,0,0,benign,none
TXN00000037,53.93,restaurant,debit_card,12,0,0,Airtel Payments Bank,2025-06-28 12:56:00,0,46.8,0.927,0.044,3,30.75,0,1,0,0,benign,none
TXN00001018,133.45,online_retail,credit_card,12,4,0,Axis,2025-07-05 12:08:00,0,7.4,0.976,0.011,5,301.51,0,1,0,0,benign,none
TXN00000019,223.66,travel,credit_card,15,6,1,Axis,2025-08-24 15:34:00,0,20.7,0.978,0.051,0,124.78,0,1,0,0,benign,none
TXN00004030,27.01,pharmacy,UPI,11,5,1,BOI,2025-09-11 11:47:00,0,53.2,0.963,0.053,4,264.13,0,1,0,0,benign,none
TXN00004707,130.65,travel,debit_card,12,4,0,SBI,2025-10-24 12:03:00,0,8.0,0.905,0.067,5,2840.32,0,1,0,0,benign,none
TXN00002392,12.33,pharmacy,UPI,17,0,0,Paytm Payments Bank,2025-03-18 17:47:00,1,0.9,0.94,0.047,4,5.41,0,1,0,0,benign,none
TXN00003956,62.32,travel,credit_card,17,3,0,HDFC,2025-12-11 17:04:00,0,52.2,0.97,0.013,0,179.65,0,1,0,0,benign,none
TXN00000538,10.0,fuel,UPI,18,3,0,Axis,2025-09-14 18:02:00,0,36.5,0.86,0.02,5,444.57,0,1,0,0,benign,none
TXN00002688,2480.75,restaurant,wallet,3,0,0,PNB,2025-02-07 03:17:00,0,6.2,0.994,0.108,7,49.94,0,1,0,0,benign,none
TXN00003244,585.94,restaurant,net_banking,22,2,0,Union Bank,2025-03-01 22:05:00,0,46.3,0.887,0.005,1,403.71,0,0,0,0,benign,none
TXN00001945,10.0,online_retail,debit_card,17,2,0,Union Bank,2025-01-11 17:39:00,0,45.6,0.977,0.005,1,72.27,0,1,0,0,benign,none
TXN00002122,57.03,restaurant,debit_card,19,3,0,ICICI,2025-04-20 19:32:00,0,31.4,0.877,0.023,5,146.95,0,1,0,0,benign,none
TXN00004554,6038.25,grocery,UPI,7,6,1,BOI,2025-09-19 07:21:00,0,25.4,0.926,0.025,7,17.35,0,1,0,0,benign,none
TXN00004638,104.65,grocery,net_banking,9,5,1,HDFC,2025-03-30 09:40:00,0,11.8,0.864,0.068,6,143.53,0,1,0,0,benign,none
TXN00000676,17830.83,restaurant,UPI,20,5,1,Kotak,2025-05-04 20:13:00,1,65.3,0.949,0.074,7,187.06,0,1,0,0,benign,none
TXN00002522,166.53,utilities,debit_card,17,3,0,Airtel Payments Bank,2025-03-23 17:26:00,0,6.2,0.863,0.023,4,1036.21,0,1,0,0,benign,none
TXN00002628,56.25,fuel,wallet,19,4,0,SBI,2025-09-21 19:07:00,0,59.8,0.937,0.057,3,22.47,1,1,0,0,benign,none
TXN00000346,84.44,clothing,debit_card,8,5,1,Axis,2025-04-18 08:12:00,0,23.2,0.921,0.069,2,146.62,0,1,0,0,benign,none
TXN00001626,10.0,pharmacy,credit_card,14,6,1,BOI,2025-02-06 14:24:00,0,6.0,0.89,0.019,3,750.66,0,1,0,0,benign,none
TXN00001617,10.0,fuel,debit_card,19,2,0,ICICI,2025-05-14 19:38:00,1,63.8,0.998,0.078,4,579.45,0,1,0,0,benign,none
TXN00003316,182.89,online_retail,credit_card,19,0,0,SBI,2025-03-04 19:34:00,0,69.0,0.915,0.034,3,29.4,0,1,0,0,benign,none
TXN00001318,16.89,online_retail,UPI,15,5,1,Paytm Payments Bank,2025-11-30 15:53:00,1,15.6,0.981,0.052,2,121.93,1,1,1,0,benign,none
TXN00002932,2040.06,clothing,UPI,17,4,0,Axis,2025-11-04 17:39:00,0,70.0,0.87,0.085,7,2774.14,0,1,0,0,benign,none
TXN00001034,94.61,clothing,UPI,7,5,1,Union Bank,2025-08-07 07:11:00,0,9.1,0.869,0.104,1,128.27,0,1,0,0,benign,none
TXN00004427,20.03,travel,wallet,14,0,0,Paytm Payments Bank,2025-02-08 14:23:00,0,16.7,0.915,0.103,6,119.85,0,1,0,0,benign,none
TXN00003649,268.53,restaurant,debit_card,7,4,0,ICICI,2025-08-23 07:58:00,0,13.8,0.98,0.078,3,992.08,0,1,0,0,benign,none
TXN00002812,114.79,healthcare,credit_card,8,1,0,SBI,2025-09-21 08:48:00,1,5.4,0.918,0.109,6,67.85,0,1,0,0,benign,none
TXN00001038,1043.38,pharmacy,debit_card,21,5,1,Axis,2025-05-26 21:07:00,0,17.9,0.851,0.105,3,41.52,0,1,0,0,benign,none
TXN00004942,152.03,grocery,debit_card,6,2,0,ICICI,2025-07-14 06:36:00,1,35.0,0.881,0.003,2,132.15,0,1,0,0,benign,none
TXN00001175,13.73,grocery,debit_card,19,4,0,Airtel Payments Bank,2025-04-03 19:02:00,0,29.6,0.988,0.087,5,4080.69,0,1,0,0,benign,none
TXN00002918,39.03,grocery,credit_card,19,1,0,SBI,2025-11-09 19:55:00,0,56.8,0.983,0.106,3,82.63,0,1,0,0,benign,none
TXN00002191,45.79,electronics,net_banking,12,6,1,ICICI,2025-08-15 12:52:00,0,64.8,0.943,0.024,2,158.15,0,1,0,0,benign,none
TXN00001981,89.23,online_retail,debit_card,14,3,0,BOI,2025-05-12 14:33:00,0,49.2,0.961,0.068,0,2047.63,0,1,0,0,benign,none
TXN00002484,204.27,clothing,debit_card,22,0,0,Axis,2025-02-11 22:39:00,0,1.5,0.986,0.083,3,94.36,0,1,0,0,benign,none
TXN00004622,276.28,restaurant,UPI,16,0,0,Axis,2025-01-31 16:39:00,0,28.4,0.874,0.013,1,14.39,0,1,0,0,benign,none
TXN00000333,39.46,online_retail,debit_card,21,6,1,HDFC,2025-03-22 21:54:00,1,21.0,0.893,0.049,1,2923.81,0,1,0,0,benign,none
TXN00001123,160.05,fuel,debit_card,8,5,1,ICICI,2025-11-07 08:33:00,0,32.8,0.859,0.1,5,139.42,0,1,0,0,benign,none
TXN00001349,201.05,fuel,net_banking,12,3,0,Paytm Payments Bank,2025-10-28 12:49:00,0,13.1,0.882,0.108,6,53.88,0,1,0,0,benign,none
TXN00004847,761.36,grocery,debit_card,8,3,0,SBI,2025-03-16 08:46:00,0,70.5,0.896,0.033,0,106.59,0,1,0,0,benign,none
TXN00003933,1769.64,grocery,UPI,19,1,0,ICICI,2025-03-28 19:50:00,0,52.0,0.895,0.058,3,777.4,0,1,0,0,benign,none
TXN00003862,29.06,restaurant,UPI,19,1,0,HDFC,2025-11-14 19:13:00,1,71.3,0.887,0.109,7,200.96,0,1,0,0,benign,none
TXN00002115,153.46,electronics,credit_card,11,6,1,PNB,2025-02-01 11:44:00,0,14.3,0.96,0.027,7,368.55,0,1,0,0,benign,none
TXN00002718,1589.01,grocery,UPI,10,3,0,Airtel Payments Bank,2025-07-21 10:34:00,0,18.2,0.921,0.06,1,56.0,1,1,0,0,benign,none
TXN00003098,9171.39,grocery,credit_card,19,3,0,SBI,2025-08-12 19:40:00,0,45.6,0.976,0.035,1,1422.93,1,1,0,0,benign,none
TXN00003210,263.53,grocery,credit_card,16,4,0,BOI,2025-01-21 16:20:00,0,49.4,0.973,0.066,1,42.49,0,1,0,0,benign,none
TXN00001373,13.61,fuel,net_banking,20,2,0,BOI,2025-12-31 20:22:00,0,34.0,0.9,0.004,7,175.58,0,1,0,0,benign,none
TXN00002627,3426.06,grocery,UPI,10,3,0,Airtel Payments Bank,2025-04-20 10:34:00,0,59.6,0.935,0.03,7,21.95,0,1,0,0,benign,none
TXN00000866,21.85,restaurant,credit_card,11,1,0,Axis,2025-12-13 11:08:00,0,5.3,0.967,0.035,5,538.04,0,1,0,0,benign,none
TXN00001595,552.56,healthcare,UPI,18,5,1,PNB,2025-07-24 18:52:00,0,43.1,0.907,0.03,6,467.54,0,1,0,0,benign,none
TXN00004890,669.72,online_retail,debit_card,13,0,0,ICICI,2025-06-08 13:12:00,0,39.4,0.989,0.113,5,662.54,0,1,0,0,benign,none
TXN00002083,325.45,fuel,net_banking,15,1,0,PNB,2025-08-10 15:11:00,0,16.4,0.97,0.096,7,334.87,0,1,0,0,benign,none
TXN00004205,153.98,grocery,credit_card,14,5,1,Kotak,2025-07-30 14:42:00,0,57.3,0.862,0.001,5,6.01,0,1,0,0,benign,none
TXN00004936,388.47,education,UPI,11,5,1,PNB,2025-05-12 11:53:00,0,30.6,0.93,0.042,1,21.34,1,1,0,0,benign,none
TXN00000023,185.28,grocery,debit_card,10,3,0,PNB,2025-06-29 10:24:00,0,26.2,0.851,0.081,3,301.41,0,1,0,0,benign,none
TXN00002228,12513.39,travel,UPI,7,1,0,Kotak,2025-06-04 07:08:00,0,14.4,0.853,0.065,1,454.96,0,1,0,0,benign,none
TXN00001452,202.47,online_retail,credit_card,15,2,0,BOI,2025-01-13 15:34:00,0,4.5,0.972,0.09,2,56.59,0,1,0,0,benign,none
TXN00004487,36.94,entertainment,credit_card,22,6,1,Paytm Payments Bank,2025-11-12 22:26:00,0,25.2,0.852,0.059,4,23.23,0,1,0,0,benign,none
TXN00003007,1650.1,travel,UPI,15,5,1,Axis,2025-10-04 15:43:00,0,5.5,0.88,0.112,4,35.63,1,1,0,0,benign,none
TXN00003309,110.05,entertainment,UPI,0,0,0,Axis,2025-03-23 00:38:00,0,5.7,0.89,0.059,6,18.37,0,1,0,0,benign,none
TXN00004623,1122.18,utilities,UPI,19,0,0,Paytm Payments Bank,2025-12-08 19:49:00,0,11.0,0.959,0.115,3,72.99,0,1,0,0,benign,none
TXN00003131,73.3,grocery,debit_card,18,1,0,Kotak,2025-02-14 18:29:00,0,42.4,0.973,0.009,6,16.01,0,1,0,0,benign,none
TXN00004900,10.0,online_retail,UPI,10,5,1,PNB,2025-04-30 10:29:00,0,63.4,0.992,0.061,7,204.17,0,0,0,0,benign,none
TXN00004482,531.6,electronics,credit_card,11,0,0,ICICI,2025-10-09 11:59:00,0,18.3,0.999,0.113,0,861.4,0,1,0,0,benign,none
TXN00004684,76.06,restaurant,debit_card,20,6,1,ICICI,2025-11-10 20:54:00,1,33.7,0.961,0.105,5,410.21,0,1,0,0,benign,none
TXN00001470,297.99,clothing,credit_card,17,1,0,ICICI,2025-04-19 17:34:00,0,17.7,0.895,0.001,6,48.54,1,1,0,0,benign,none
TXN00002150,218.26,grocery,UPI,21,0,0,BOI,2025-12-07 21:42:00,0,38.4,0.934,0.119,6,1371.82,1,1,0,0,benign,none
TXN00001010,26.51,travel,credit_card,16,4,0,Kotak,2025-04-03 16:51:00,0,44.3,0.969,0.039,4,109.34,0,0,0,0,benign,none
TXN00002310,1083.05,pharmacy,debit_card,16,5,1,Axis,2025-03-11 16:11:00,0,17.8,0.935,0.011,5,32.79,0,1,0,0,benign,none
TXN00001570,256.01,pharmacy,UPI,5,5,1,Axis,2025-02-25 05:47:00,1,68.7,0.961,0.096,7,276.58,0,1,0,0,benign,none
TXN00002609,22.3,grocery,net_banking,16,4,0,Axis,2025-06-06 16:39:00,0,63.3,0.972,0.015,5,279.63,0,1,0,0,benign,none
TXN00000496,10.0,grocery,UPI,19,0,0,SBI,2025-02-13 19:56:00,0,11.0,0.852,0.07,2,243.46,0,1,0,0,benign,none
TXN00004391,2454.55,electronics,UPI,9,5,1,Union Bank,2025-10-24 09:58:00,0,62.9,0.937,0.059,0,14.03,0,1,0,0,benign,none
TXN00000927,515.34,restaurant,debit_card,10,3,0,Airtel Payments Bank,2025-02-10 10:19:00,1,5.2,0.939,0.0,4,133.43,0,1,0,0,benign,none
TXN00004885,130.61,pharmacy,credit_card,11,6,1,Axis,2025-04-05 11:38:00,1,23.1,0.945,0.058,3,265.93,0,1,0,0,benign,none
TXN00003106,958.18,fuel,debit_card,8,3,0,Airtel Payments Bank,2025-07-09 08:39:00,1,35.4,0.873,0.083,4,94.25,0,0,0,0,benign,none
TXN00001496,437.48,restaurant,debit_card,20,5,1,ICICI,2025-07-17 20:01:00,0,20.0,0.904,0.08,2,70.44,0,1,0,0,benign,none
TXN00000033,56.55,restaurant,credit_card,5,4,0,HDFC,2025-02-11 05:16:00,0,22.6,0.883,0.086,3,36.11,0,1,0,0,benign,none
TXN00000050,411.75,pharmacy,UPI,15,5,1,HDFC,2025-07-07 15:55:00,1,34.7,0.862,0.05,4,850.33,0,1,0,0,benign,none
TXN00003617,69.24,fuel,UPI,19,5,1,ICICI,2025-02-22 19:06:00,0,17.3,0.968,0.022,7,9.13,0,1,0,0,benign,none
TXN00002453,55.17,grocery,UPI,0,0,0,Airtel Payments Bank,2025-02-23 00:34:00,0,26.1,0.982,0.094,5,50.69,0,1,0,0,benign,none
TXN00004789,694.15,fuel,UPI,7,5,1,BOI,2025-12-20 07:44:00,0,12.2,0.867,0.094,7,2210.54,0,0,0,0,benign,none
TXN00004671,109.61,grocery,UPI,3,1,0,Axis,2025-07-17 03:59:00,1,28.1,0.979,0.003,3,63.16,0,1,0,0,benign,none
TXN00002303,111.89,grocery,credit_card,18,6,1,Airtel Payments Bank,2025-01-09 18:06:00,0,22.4,0.96,0.085,3,505.36,1,1,0,0,benign,none
TXN00000500,2849.65,restaurant,UPI,10,5,1,PNB,2025-06-17 10:32:00,0,71.1,0.956,0.079,3,58.28,0,1,0,0,benign,none
TXN00002692,218.33,fuel,UPI,9,5,1,Axis,2025-05-29 09:44:00,0,48.0,0.987,0.081,6,1042.57,0,1,0,0,benign,none
TXN00000103,922.91,restaurant,net_banking,13,6,1,Kotak,2025-02-10 13:05:00,0,3.3,0.938,0.073,4,19.44,0,1,1,0,benign,none
TXN00002868,274.86,clothing,debit_card,20,4,0,Axis,2025-03-29 20:53:00,0,60.6,0.946,0.031,3,354.52,0,1,0,0,benign,none
TXN00001765,188.72,electronics,UPI,12,6,1,Union Bank,2025-10-08 12:32:00,0,60.8,0.905,0.04,6,2986.9,0,1,0,0,benign,none
TXN00000245,24.11,restaurant,credit_card,12,2,0,Paytm Payments Bank,2025-02-02 12:15:00,0,29.9,0.861,0.028,1,7.78,0,1,0,0,benign,none
TXN00000149,324.63,healthcare,UPI,21,6,1,Airtel Payments Bank,2025-07-23 21:33:00,0,2.2,0.855,0.012,0,121.12,0,1,0,0,benign,none
TXN00000185,3882.99,grocery,net_banking,23,3,0,Paytm Payments Bank,2025-04-18 23:55:00,1,8.3,0.968,0.096,5,859.25,0,1,0,0,benign,none
TXN00002302,10.0,clothing,UPI,13,1,0,HDFC,2025-01-10 13:14:00,0,69.4,0.864,0.051,1,160.19,0,1,0,0,benign,none
TXN00001746,86.61,healthcare,credit_card,4,2,0,Axis,2025-03-09 04:55:00,0,3.7,0.867,0.035,2,41.66,0,1,0,0,benign,none
TXN00000758,773.81,healthcare,credit_card,10,1,0,SBI,2025-06-06 10:51:00,0,53.8,0.868,0.053,4,375.85,0,1,0,0,benign,none
TXN00001144,251.18,pharmacy,credit_card,19,4,0,Airtel Payments Bank,2025-05-17 19:37:00,0,7.8,0.957,0.093,3,1293.47,0,1,0,0,benign,none
TXN00002067,230.86,grocery,net_banking,8,1,0,Union Bank,2025-02-08 08:45:00,0,53.5,0.929,0.108,3,765.87,0,1,0,0,benign,none
TXN00001527,180.06,fuel,UPI,20,6,1,ICICI,2025-10-12 20:38:00,0,63.7,0.884,0.022,3,7.54,0,1,1,0,benign,none
TXN00003528,15.29,grocery,wallet,16,6,1,Axis,2025-08-20 16:06:00,0,68.4,0.874,0.067,4,80.87,0,1,0,0,benign,none
TXN00004112,76.94,grocery,credit_card,20,0,0,Paytm Payments Bank,2025-02-07 20:29:00,0,20.0,0.99,0.047,3,515.54,0,1,0,0,benign,none
TXN00001417,1468.33,clothing,credit_card,13,3,0,PNB,2025-03-03 13:50:00,0,30.4,0.996,0.036,0,14.51,0,1,0,0,benign,none
TXN00004315,222.58,grocery,debit_card,10,3,0,Kotak,2025-11-30 10:47:00,0,8.0,0.876,0.048,6,229.15,0,1,0,0,benign,none
TXN00002516,249.58,grocery,credit_card,21,0,0,HDFC,2025-09-11 21:14:00,0,7.5,0.966,0.05,5,141.66,0,1,0,0,benign,none
TXN00002865,25.45,online_retail,credit_card,21,0,0,Airtel Payments Bank,2025-04-24 21:07:00,1,53.4,0.95,0.045,2,164.48,0,1,0,0,benign,none
TXN00003070,1148.58,grocery,UPI,20,6,1,Kotak,2025-11-20 20:09:00,0,5.5,0.898,0.026,1,39.56,0,1,0,0,benign,none
TXN00000550,489.35,entertainment,debit_card,20,1,0,PNB,2025-01-21 20:09:00,0,33.0,0.955,0.06,6,98.98,0,1,0,0,benign,none
TXN00001897,553.04,online_retail,credit_card,2,2,0,Paytm Payments Bank,2025-08-21 02:05:00,1,15.9,0.884,0.055,2,9.77,1,1,0,0,benign,none
TXN00004534,241.31,restaurant,credit_card,19,5,1,Paytm Payments Bank,2025-01-02 19:30:00,0,26.9,0.921,0.016,3,324.08,0,1,0,0,benign,none
TXN00003971,363.19,grocery,net_banking,7,4,0,ICICI,2025-05-22 07:17:00,0,6.3,0.915,0.054,6,29.03,0,1,0,0,benign,none
TXN00000017,43.55,education,UPI,9,2,0,ICICI,2025-09-21 09:31:00,0,61.7,0.853,0.078,7,1019.56,1,1,0,0,benign,none
TXN00004819,20.48,grocery,debit_card,20,1,0,Airtel Payments Bank,2025-12-24 20:03:00,0,17.8,0.966,0.095,1,106.81,0,1,0,0,benign,none
TXN00003836,692.76,online_retail,debit_card,16,6,1,Axis,2025-09-29 16:53:00,1,61.7,0.944,0.066,2,1287.58,0,1,0,0,benign,none
TXN00003422,1661.98,grocery,net_banking,22,6,1,Kotak,2025-01-12 22:16:00,0,52.5,0.864,0.048,2,241.8,1,1,0,0,benign,none
TXN00004657,277.8,grocery,UPI,17,3,0,Airtel Payments Bank,2025-12-11 17:20:00,0,4.2,0.909,0.087,7,772.1,0,1,0,0,benign,none
TXN00003350,275.03,fuel,UPI,19,2,0,ICICI,2025-03-19 19:41:00,0,32.9,0.897,0.1,7,513.57,0,1,0,0,benign,none
TXN00003852,21.39,restaurant,UPI,5,5,1,ICICI,2025-03-10 05:56:00,0,25.3,0.879,0.058,4,22.56,0,1,1,0,benign,none
TXN00002862,59.73,fuel,UPI,22,3,0,Union Bank,2025-12-20 22:07:00,0,13.8,0.884,0.017,0,1056.83,1,1,0,0,benign,none
TXN00003869,673.94,grocery,UPI,20,3,0,Axis,2025-06-10 20:27:00,0,30.3,0.954,0.0,5,12585.37,0,1,0,0,benign,none
TXN00002684,16.88,clothing,credit_card,17,4,0,Axis,2025-08-19 17:40:00,0,44.5,0.924,0.022,6,25.27,0,1,0,0,benign,none
TXN00004985,520.66,restaurant,UPI,10,4,0,PNB,2025-01-21 10:50:00,0,36.6,0.918,0.107,7,2319.15,0,1,0,0,benign,none
TXN00001747,430.47,healthcare,net_banking,16,5,1,SBI,2025-12-18 16:55:00,0,55.8,0.891,0.069,5,2000.25,0,1,0,0,benign,none
TXN00001730,207.77,grocery,UPI,11,2,0,HDFC,2025-02-03 11:45:00,0,48.5,0.87,0.107,0,15.31,0,1,0,0,benign,none
TXN00002663,18.69,electronics,UPI,11,2,0,Kotak,2025-05-08 11:12:00,0,46.3,0.983,0.004,5,186.69,0,1,0,0,benign,none
TXN00000168,184.57,grocery,debit_card,15,0,0,Union Bank,2025-01-13 15:16:00,0,22.1,0.906,0.031,6,197.85,0,1,0,0,benign,none
TXN00002127,95.32,restaurant,debit_card,19,0,0,BOI,2025-06-05 19:57:00,0,18.8,0.955,0.096,5,288.31,0,1,0,0,benign,none
TXN00003621,79.07,grocery,debit_card,8,4,0,Kotak,2025-07-24 08:52:00,0,69.3,0.922,0.1,6,5.84,0,1,0,0,benign,none
TXN00004601,264.93,grocery,debit_card,13,2,0,Union Bank,2025-05-28 13:14:00,0,14.4,0.91,0.065,0,356.45,0,1,0,0,benign,none
TXN00002375,10.0,pharmacy,UPI,10,0,0,ICICI,2025-02-26 10:34:00,0,20.4,0.862,0.055,3,58.59,0,1,0,0,benign,none
TXN00001888,14.73,electronics,debit_card,14,0,0,ICICI,2025-11-07 14:55:00,0,42.7,0.922,0.075,0,92.52,0,1,0,0,benign,none
TXN00004471,63.41,utilities,wallet,20,6,1,Paytm Payments Bank,2025-02-16 20:43:00,0,26.0,0.943,0.062,3,89.08,0,1,0,0,benign,none
TXN00003181,16.5,education,credit_card,9,0,0,Union Bank,2025-04-04 09:25:00,0,16.2,0.914,0.097,7,1635.07,0,1,0,0,benign,none
TXN00000718,130.1,pharmacy,credit_card,9,1,0,Airtel Payments Bank,2025-03-18 09:02:00,1,0.8,0.946,0.101,7,665.77,0,1,0,0,benign,none
TXN00002107,37.15,grocery,debit_card,8,4,0,PNB,2025-10-13 08:56:00,0,58.8,0.918,0.06,1,35.38,0,1,0,0,benign,none
TXN00001339,166.53,grocery,UPI,9,6,1,SBI,2025-04-29 09:55:00,0,66.7,1.0,0.012,3,11.77,0,1,0,0,benign,none
TXN00000487,530.88,clothing,UPI,12,0,0,ICICI,2025-05-04 12:48:00,0,2.3,0.968,0.079,4,699.91,0,1,0,0,benign,none
TXN00004355,63.35,grocery,credit_card,14,1,0,Kotak,2025-12-29 14:02:00,0,47.5,0.863,0.09,0,131.81,0,1,0,0,benign,none
TXN00003298,110.55,fuel,UPI,7,5,1,Paytm Payments Bank,2025-02-27 07:53:00,0,4.3,0.921,0.054,6,199.57,0,1,0,0,benign,none
TXN00003459,982.38,fuel,UPI,15,0,0,Axis,2025-11-27 15:12:00,0,69.7,0.889,0.085,4,80.7,0,1,0,0,benign,none
TXN00004518,145.47,restaurant,debit_card,10,0,0,Kotak,2025-12-31 10:10:00,0,45.5,0.924,0.064,2,14.06,1,1,0,0,benign,none
TXN00001615,637.68,electronics,debit_card,1,6,1,Union Bank,2025-07-17 01:56:00,0,8.6,0.998,0.015,4,222.93,0,1,0,0,benign,none
TXN00002759,1175.63,electronics,wallet,10,3,0,Union Bank,2025-11-06 10:16:00,0,22.5,0.884,0.099,5,3537.84,0,1,0,0,benign,none
TXN00001550,14.57,travel,UPI,10,2,0,Kotak,2025-03-01 10:15:00,0,54.2,0.907,0.06,4,129.41,0,1,0,0,benign,none
TXN00002861,764.45,grocery,UPI,21,6,1,ICICI,2025-01-13 21:35:00,0,52.5,0.932,0.086,3,50.03,0,0,0,0,benign,none
TXN00002214,51.44,entertainment,debit_card,20,1,0,Paytm Payments Bank,2025-08-05 20:23:00,0,8.4,0.866,0.103,4,18.43,0,1,0,0,benign,none
TXN00002231,35.18,fuel,UPI,21,3,0,Kotak,2025-11-20 21:41:00,1,39.8,0.854,0.048,6,18.24,1,0,0,0,benign,none
TXN00002517,3244.74,clothing,credit_card,14,2,0,BOI,2025-01-03 14:45:00,0,51.1,0.924,0.048,3,165.49,0,1,0,0,benign,none
TXN00002867,3838.22,clothing,UPI,16,4,0,Paytm Payments Bank,2025-05-11 16:21:00,0,56.9,0.919,0.107,3,1136.21,0,1,0,0,benign,none
TXN00001558,1049.87,restaurant,debit_card,12,6,1,Airtel Payments Bank,2025-06-17 12:04:00,0,25.2,0.851,0.04,3,31.73,0,1,0,0,benign,none
TXN00004328,680.71,entertainment,debit_card,11,1,0,Axis,2025-02-20 11:10:00,0,57.0,0.904,0.039,3,2218.54,0,1,0,0,benign,none
TXN00000682,2328.79,pharmacy,UPI,14,0,0,Airtel Payments Bank,2025-02-03 14:53:00,0,6.0,0.934,0.11,7,235.98,0,1,0,0,benign,none
TXN00003842,416.91,education,wallet,14,3,0,Axis,2025-02-17 14:03:00,0,8.4,0.924,0.03,0,16.7,0,1,0,0,benign,none
TXN00001188,737.55,clothing,wallet,17,4,0,BOI,2025-05-16 17:57:00,1,27.0,0.887,0.042,3,38.6,0,1,0,0,benign,none
TXN00002997,16249.94,healthcare,debit_card,11,1,0,Paytm Payments Bank,2025-03-01 11:12:00,0,30.0,0.899,0.044,3,390.82,1,1,0,0,benign,none
TXN00003473,659.04,clothing,credit_card,6,3,0,PNB,2025-06-27 06:56:00,0,30.5,0.903,0.076,3,9.37,0,1,0,0,benign,none
TXN00001297,74.4,grocery,UPI,20,5,1,Airtel Payments Bank,2025-07-20 20:19:00,0,66.3,0.945,0.118,6,673.87,1,1,1,0,benign,none
TXN00001543,202.57,travel,debit_card,9,6,1,BOI,2025-11-25 09:06:00,0,44.5,0.918,0.087,3,15.09,0,1,0,0,benign,none
TXN00003332,10.0,grocery,UPI,22,4,0,ICICI,2025-08-12 22:13:00,0,67.7,0.918,0.063,7,4345.02,0,1,0,0,benign,none
TXN00004660,13.18,healthcare,debit_card,13,3,0,Axis,2025-06-02 13:55:00,1,44.3,0.969,0.075,2,0.88,0,1,0,0,benign,none
TXN00001794,10.0,electronics,debit_card,20,1,0,BOI,2025-12-31 20:35:00,0,30.2,0.916,0.102,1,1998.63,1,1,0,0,benign,none
TXN00000429,496.25,education,UPI,10,6,1,HDFC,2025-01-23 10:08:00,0,26.9,0.961,0.087,6,713.94,0,1,0,0,benign,none
TXN00002114,590.45,clothing,debit_card,19,1,0,SBI,2025-04-09 19:16:00,0,20.5,0.872,0.012,3,6139.59,0,1,0,0,benign,none
TXN00000385,58.59,healthcare,credit_card,8,6,1,Kotak,2025-07-02 08:35:00,0,18.5,0.879,0.086,1,794.43,0,1,0,0,benign,none
TXN00003033,465.37,pharmacy,debit_card,15,4,0,Paytm Payments Bank,2025-12-08 15:02:00,0,59.8,0.866,0.119,4,110.62,0,1,0,0,benign,none
TXN00002288,1405.03,restaurant,UPI,9,2,0,Airtel Payments Bank,2025-11-22 09:38:00,0,59.5,0.878,0.064,2,93.23,0,1,0,0,benign,none
TXN00004672,668.34,fuel,UPI,4,6,1,ICICI,2025-02-02 04:12:00,0,33.6,0.864,0.062,0,113.62,0,1,0,0,benign,none
TXN00004395,383.96,grocery,net_banking,20,3,0,ICICI,2025-10-09 20:45:00,1,13.2,0.873,0.058,3,417.64,0,1,0,0,benign,none
TXN00001055,3462.08,electronics,debit_card,17,1,0,ICICI,2025-09-05 17:29:00,0,3.8,0.908,0.065,1,82.34,0,1,0,0,benign,none
TXN00000233,2144.23,travel,UPI,20,1,0,Kotak,2025-12-19 20:55:00,0,32.6,0.943,0.111,4,492.79,0,1,0,0,benign,none
TXN00002802,1180.51,restaurant,UPI,15,6,1,Axis,2025-03-23 15:00:00,0,12.3,0.931,0.06,7,95.45,0,1,0,0,benign,none
TXN00001864,412.32,healthcare,UPI,15,2,0,Union Bank,2025-05-06 15:40:00,0,56.5,0.898,0.059,4,25.71,1,1,0,0,benign,none
TXN00003079,1613.97,education,debit_card,2,5,1,Kotak,2025-05-25 02:54:00,0,46.2,0.96,0.071,5,106.57,0,1,0,0,benign,none
TXN00000811,86.47,clothing,net_banking,10,6,1,Kotak,2025-11-25 10:20:00,0,65.5,0.974,0.094,6,2593.0,0,1,0,0,benign,none
TXN00003570,903.5,travel,net_banking,10,1,0,Union Bank,2025-08-09 10:03:00,0,1.6,0.854,0.03,6,1.9,0,1,0,0,benign,none
TXN00003538,1156.98,restaurant,UPI,12,1,0,SBI,2025-10-07 12:57:00,0,50.4,0.851,0.081,7,848.4,0,1,0,0,benign,none
TXN00000111,375.37,entertainment,UPI,12,0,0,Paytm Payments Bank,2025-05-24 12:14:00,0,19.1,0.982,0.084,1,60.8,1,1,0,0,benign,none
TXN00001962,150.26,restaurant,credit_card,9,6,1,HDFC,2025-06-11 09:39:00,1,43.4,0.87,0.01,6,41.48,0,1,0,0,benign,none
TXN00004537,420.43,grocery,credit_card,21,5,1,Paytm Payments Bank,2025-06-16 21:58:00,0,62.2,0.883,0.097,1,27.65,0,1,0,0,benign,none
TXN00002075,24.17,electronics,wallet,7,1,0,Airtel Payments Bank,2025-03-29 07:10:00,0,5.1,0.868,0.035,0,2613.2,0,1,0,0,benign,none
TXN00002579,2893.48,restaurant,UPI,8,1,0,SBI,2025-04-11 08:05:00,0,56.0,0.916,0.005,7,19.83,0,1,0,0,benign,none
TXN00000101,2536.68,travel,UPI,7,2,0,Paytm Payments Bank,2025-09-11 07:01:00,1,71.6,0.977,0.104,3,348.68,0,1,0,0,benign,none
TXN00000319,29.34,pharmacy,UPI,7,4,0,HDFC,2025-04-05 07:40:00,0,63.6,0.997,0.067,4,4396.39,0,1,0,0,benign,none
TXN00000625,93.67,travel,credit_card,8,3,0,HDFC,2025-03-01 08:57:00,0,37.9,0.859,0.081,1,28.14,0,1,0,0,benign,none
TXN00004772,132.57,grocery,wallet,20,6,1,ICICI,2025-11-01 20:01:00,0,69.6,0.898,0.053,5,370.18,0,1,0,0,benign,none
TXN00002227,694.16,travel,net_banking,10,5,1,Union Bank,2025-12-07 10:14:00,0,43.3,0.969,0.089,7,46.86,0,1,0,0,benign,none
TXN00000334,259.57,restaurant,debit_card,14,1,0,HDFC,2025-10-25 14:18:00,0,60.2,0.857,0.007,5,117.83,0,1,0,0,benign,none
TXN00002291,1909.63,restaurant,UPI,7,3,0,SBI,2025-02-19 07:36:00,0,54.6,0.91,0.023,7,12.6,0,1,0,0,benign,none
TXN00001406,387.86,grocery,debit_card,2,5,1,Axis,2025-12-01 02:43:00,0,15.5,0.916,0.031,0,311.72,0,1,0,0,benign,none
TXN00002534,178.58,utilities,UPI,18,4,0,Kotak,2025-10-17 18:47:00,0,25.1,0.943,0.067,2,577.24,0,1,0,0,benign,none
TXN00000461,54.59,online_retail,UPI,10,3,0,Paytm Payments Bank,2025-12-14 10:16:00,0,34.3,0.973,0.071,5,27.03,0,1,0,0,benign,none
TXN00001052,298.08,electronics,wallet,12,3,0,HDFC,2025-02-28 12:11:00,0,9.2,0.868,0.027,7,812.22,1,1,0,0,benign,none
TXN00000008,237.4,entertainment,UPI,22,1,0,Axis,2025-02-21 22:44:00,0,57.8,0.892,0.057,5,1209.63,1,1,0,0,benign,none
TXN00000099,47.95,travel,UPI,7,3,0,Axis,2025-10-27 07:17:00,0,44.0,0.932,0.001,3,217.68,0,1,0,0,benign,none
TXN00004453,508.29,travel,net_banking,5,1,0,Axis,2025-07-03 05:24:00,0,31.2,0.977,0.028,5,50.4,0,1,0,0,benign,none
TXN00004341,1843.11,restaurant,UPI,10,5,1,ICICI,2025-09-17 10:18:00,1,1.8,0.949,0.079,3,383.45,0,1,0,0,benign,none
TXN00000031,117.74,grocery,debit_card,13,5,1,ICICI,2025-05-09 13:06:00,0,62.9,0.905,0.015,6,36.14,0,1,0,0,benign,none
TXN00004220,4543.04,online_retail,UPI,0,4,0,Union Bank,2025-02-09 00:24:00,0,57.7,0.851,0.032,2,61.44,0,1,0,0,benign,none
TXN00000540,11.76,travel,UPI,1,5,1,Airtel Payments Bank,2025-09-10 01:12:00,0,64.1,0.879,0.058,4,1416.03,0,1,0,0,benign,none
TXN00004299,174.38,restaurant,UPI,5,6,1,Paytm Payments Bank,2025-02-11 05:09:00,0,33.7,0.917,0.06,0,188.72,0,1,0,0,benign,none
TXN00003125,666.41,grocery,credit_card,8,6,1,BOI,2025-05-15 08:31:00,0,18.7,0.978,0.039,4,179.89,0,1,0,0,benign,none
TXN00001699,353.03,restaurant,UPI,16,3,0,ICICI,2025-03-10 16:34:00,0,33.7,0.903,0.0,0,347.21,0,1,0,0,benign,none
TXN00001665,69.88,travel,UPI,12,5,1,ICICI,2025-05-28 12:33:00,0,60.8,0.975,0.039,1,39.97,1,1,0,0,benign,none
TXN00004866,48.47,clothing,debit_card,19,3,0,PNB,2025-05-11 19:15:00,0,14.5,0.935,0.031,3,56.04,0,1,0,0,benign,none
TXN00004722,223.29,utilities,net_banking,16,5,1,Axis,2025-03-11 16:34:00,0,66.1,0.897,0.07,4,123.49,0,1,0,0,benign,none
TXN00002917,6605.9,pharmacy,debit_card,6,3,0,Union Bank,2025-01-29 06:35:00,0,16.5,0.946,0.108,1,101.59,0,1,0,0,benign,none
TXN00000601,86.52,grocery,UPI,6,1,0,Union Bank,2025-05-21 06:39:00,0,21.7,0.922,0.078,5,61.24,0,1,0,0,benign,none
TXN00004851,170.35,fuel,credit_card,22,5,1,HDFC,2025-03-01 22:37:00,0,32.4,0.911,0.089,1,22.28,0,1,0,0,benign,none
TXN00001044,62.04,pharmacy,debit_card,16,4,0,SBI,2025-07-24 16:18:00,0,14.2,0.944,0.064,4,1887.18,0,1,0,0,benign,none
TXN00002611,1077.82,electronics,debit_card,11,5,1,Kotak,2025-03-24 11:15:00,0,42.0,0.909,0.011,2,23.99,0,1,0,0,benign,none
TXN00004372,31.65,grocery,credit_card,15,0,0,PNB,2025-01-12 15:41:00,0,43.9,0.935,0.08,6,13.68,1,1,0,0,benign,none
TXN00002858,132.78,electronics,debit_card,12,2,0,Axis,2025-08-25 12:18:00,0,8.4,0.958,0.049,4,27.83,0,1,0,0,benign,none
TXN00000291,322.02,restaurant,UPI,10,3,0,ICICI,2025-12-25 10:17:00,0,48.3,0.969,0.015,6,590.53,0,1,0,0,benign,none
TXN00001569,14.06,education,credit_card,12,0,0,ICICI,2025-04-24 12:03:00,0,21.4,0.943,0.049,4,28.83,0,1,0,0,benign,none
TXN00000618,81.03,grocery,debit_card,11,2,0,Airtel Payments Bank,2025-05-21 11:06:00,0,48.2,0.947,0.025,3,15.56,0,1,0,0,benign,none
TXN00004919,1409.55,restaurant,credit_card,1,1,0,ICICI,2025-11-09 01:56:00,0,2.6,0.977,0.059,5,578.26,0,1,0,0,benign,none
TXN00000594,24.39,healthcare,credit_card,9,6,1,Axis,2025-03-21 09:11:00,0,6.7,0.897,0.076,7,40.87,0,1,0,0,benign,none
TXN00004368,191.14,grocery,debit_card,20,0,0,PNB,2025-05-15 20:43:00,0,26.9,0.94,0.01,2,1138.36,0,1,0,0,benign,none
TXN00003325,407.9,pharmacy,UPI,12,4,0,BOI,2025-09-11 12:00:00,0,31.5,0.872,0.099,7,13.12,1,1,0,0,benign,none
TXN00002098,10.0,restaurant,UPI,9,4,0,Paytm Payments Bank,2025-10-06 09:20:00,0,24.1,0.995,0.05,4,2.04,0,1,0,0,benign,none
TXN00004438,19.77,entertainment,debit_card,16,6,1,BOI,2025-09-16 16:26:00,1,1.3,0.859,0.061,7,59.71,0,1,0,0,benign,none
TXN00002138,434.58,clothing,debit_card,5,0,0,PNB,2025-01-22 05:25:00,1,19.4,0.996,0.057,6,54.54,0,1,0,0,benign,none
TXN00002225,373.06,utilities,credit_card,11,5,1,Axis,2025-10-11 11:12:00,0,26.5,0.916,0.071,1,51.72,0,1,0,0,benign,none
TXN00002847,80.04,education,UPI,6,2,0,ICICI,2025-02-21 06:07:00,0,10.0,0.961,0.046,1,146.6,0,1,0,0,benign,none
TXN00002592,570.03,healthcare,UPI,9,4,0,Union Bank,2025-01-13 09:40:00,0,39.7,0.939,0.014,3,142.47,0,1,0,0,benign,none
TXN00001559,188.21,clothing,wallet,16,1,0,BOI,2025-01-30 16:29:00,1,63.1,0.928,0.049,3,2460.81,0,1,0,0,benign,none
TXN00004416,2263.79,healthcare,UPI,9,5,1,Union Bank,2025-01-23 09:08:00,1,24.1,0.911,0.11,6,472.22,0,1,0,0,benign,none
TXN00004140,188.1,education,net_banking,7,2,0,ICICI,2025-05-31 07:45:00,1,6.1,0.942,0.025,0,183.62,0,1,0,0,benign,none
TXN00002215,250.89,education,UPI,16,4,0,Union Bank,2025-01-11 16:35:00,0,28.4,0.998,0.047,0,290.98,0,1,0,0,benign,none
TXN00004977,672.49,clothing,UPI,8,5,1,Airtel Payments Bank,2025-02-06 08:08:00,0,18.6,0.947,0.035,1,3614.56,0,1,0,0,benign,none
TXN00003884,62.79,grocery,net_banking,17,2,0,Kotak,2025-12-05 17:47:00,0,6.1,0.957,0.045,6,475.23,0,1,0,0,benign,none
TXN00004640,3771.18,online_retail,UPI,4,2,0,Airtel Payments Bank,2025-07-03 04:19:00,0,28.4,0.922,0.035,5,224.75,0,1,0,0,benign,none
TXN00001400,2056.08,pharmacy,UPI,12,6,1,SBI,2025-01-31 12:14:00,0,35.4,0.996,0.02,4,39.43,0,1,0,0,benign,none
TXN00004984,18.36,clothing,UPI,10,5,1,PNB,2025-07-08 10:30:00,0,12.9,0.874,0.061,0,398.37,0,1,0,0,benign,none
TXN00004603,667.35,restaurant,UPI,15,3,0,PNB,2025-01-22 15:42:00,0,48.4,0.862,0.119,0,676.09,0,1,0,0,benign,none
TXN00003126,226.6,grocery,net_banking,6,0,0,Kotak,2025-01-31 06:41:00,1,61.2,0.85,0.034,7,106.48,0,1,0,0,benign,none
TXN00003011,129.56,restaurant,UPI,19,1,0,Kotak,2025-05-06 19:08:00,0,52.7,0.926,0.029,5,31.29,0,1,0,0,benign,none
TXN00002439,193.73,utilities,credit_card,20,4,0,Airtel Payments Bank,2025-04-30 20:17:00,0,6.7,0.97,0.04,2,450.28,0,1,0,0,benign,none
TXN00004687,16.43,education,UPI,12,5,1,Axis,2025-06-14 12:51:00,0,64.4,0.952,0.038,7,2602.95,0,1,0,0,benign,none
TXN00003703,59.97,fuel,credit_card,20,6,1,HDFC,2025-03-14 20:08:00,0,28.1,0.87,0.044,4,40.55,0,1,0,0,benign,none
TXN00002884,243.85,travel,UPI,17,3,0,Paytm Payments Bank,2025-12-12 17:47:00,0,47.7,0.867,0.023,2,263.98,1,1,0,0,benign,none
TXN00003145,478.28,utilities,credit_card,21,1,0,Union Bank,2025-06-05 21:00:00,0,50.3,0.989,0.01,0,292.53,0,1,0,0,benign,none
TXN00000748,125.32,restaurant,UPI,9,5,1,ICICI,2025-07-30 09:38:00,0,28.7,0.96,0.081,7,107.97,0,1,0,0,benign,none
TXN00001446,16097.25,entertainment,UPI,13,0,0,Axis,2025-06-19 13:45:00,0,32.1,0.858,0.102,7,124.89,0,1,0,0,benign,none
TXN00003898,77.81,healthcare,UPI,19,6,1,Axis,2025-02-03 19:39:00,0,50.2,0.972,0.086,4,133.1,0,1,0,0,benign,none
TXN00001126,5933.77,restaurant,UPI,22,6,1,SBI,2025-09-08 22:26:00,0,12.1,0.952,0.094,4,703.68,0,1,0,0,benign,none
TXN00004335,52.51,clothing,credit_card,9,6,1,ICICI,2025-01-21 09:09:00,0,33.7,0.966,0.112,4,299.03,0,1,0,0,benign,none
TXN00004649,159.93,grocery,UPI,11,1,0,Union Bank,2025-03-18 11:00:00,0,20.4,0.937,0.073,3,91.87,0,1,0,0,benign,none
TXN00001915,10.0,entertainment,debit_card,7,1,0,Kotak,2025-04-28 07:21:00,0,13.1,0.986,0.11,5,36.97,0,1,0,0,benign,none
TXN00001608,165.37,grocery,credit_card,15,4,0,Paytm Payments Bank,2025-03-12 15:21:00,0,46.9,0.912,0.109,4,106.96,0,1,0,0,benign,none
TXN00002982,172.07,healthcare,credit_card,18,1,0,SBI,2025-12-31 18:01:00,0,39.6,0.906,0.057,0,9.99,0,1,0,0,benign,none
TXN00001383,181.93,clothing,UPI,18,2,0,ICICI,2025-03-26 18:02:00,0,32.2,0.931,0.05,1,188.32,0,1,0,0,benign,none
TXN00004974,109.57,grocery,UPI,16,1,0,ICICI,2025-03-11 16:20:00,0,60.6,0.878,0.009,4,115.53,1,0,0,0,benign,none
TXN00001369,1376.45,clothing,credit_card,10,4,0,PNB,2025-02-08 10:43:00,0,34.8,0.866,0.058,0,454.31,0,1,0,0,benign,none
TXN00004436,114.29,utilities,UPI,16,0,0,Paytm Payments Bank,2025-05-31 16:55:00,0,31.7,0.923,0.02,5,221.77,0,1,0,0,benign,none
TXN00000664,211.27,pharmacy,UPI,18,2,0,Kotak,2025-08-31 18:39:00,1,66.9,0.918,0.091,1,63.04,0,1,0,0,benign,none
TXN00001298,30.46,fuel,debit_card,17,1,0,ICICI,2025-01-01 17:57:00,0,68.8,0.882,0.042,6,261.5,0,1,0,0,benign,none
TXN00000841,260.87,restaurant,UPI,13,3,0,Paytm Payments Bank,2025-06-05 13:33:00,0,1.2,0.943,0.025,3,525.26,0,1,0,0,benign,none
TXN00004222,88242.77,electronics,credit_card,9,4,0,PNB,2025-06-21 09:39:00,0,12.3,0.902,0.113,4,129.4,1,1,0,0,benign,none
TXN00000833,123.51,healthcare,UPI,12,5,1,Axis,2025-04-28 12:12:00,0,30.3,0.94,0.085,3,338.76,0,1,0,0,benign,none
TXN00002818,948.77,grocery,debit_card,15,3,0,HDFC,2025-12-15 15:36:00,0,35.3,0.912,0.056,4,51.17,0,1,0,0,benign,none
TXN00000872,901.18,healthcare,wallet,20,3,0,Union Bank,2025-12-20 20:24:00,0,17.8,0.891,0.048,2,47.68,0,1,0,0,benign,none
TXN00003397,153.18,restaurant,debit_card,14,3,0,ICICI,2025-09-07 14:42:00,0,65.1,0.879,0.074,6,205.58,0,1,0,0,benign,none
TXN00003918,364.48,grocery,UPI,4,3,0,Kotak,2025-05-08 04:06:00,0,44.1,0.935,0.002,5,135.16,1,1,0,0,benign,none
TXN00004060,380.27,utilities,UPI,7,3,0,SBI,2025-02-19 07:36:00,0,57.1,0.854,0.068,5,1149.17,1,1,0,0,benign,none
TXN00003624,218.12,entertainment,UPI,12,3,0,Axis,2025-10-03 12:20:00,0,52.3,0.867,0.022,2,65.73,0,1,0,0,benign,none
TXN00004031,106.6,grocery,wallet,14,3,0,Kotak,2025-04-17 14:48:00,1,29.3,0.94,0.068,1,29.33,0,1,0,0,benign,none
TXN00002072,10.0,pharmacy,UPI,13,1,0,HDFC,2025-04-21 13:12:00,0,23.1,0.964,0.077,0,215.23,0,1,0,0,benign,none
TXN00002641,208.88,restaurant,debit_card,9,1,0,SBI,2025-03-18 09:29:00,0,8.2,0.885,0.078,7,235.53,0,1,1,0,benign,none
TXN00001650,98.31,grocery,UPI,15,4,0,Axis,2025-12-11 15:48:00,0,33.7,0.858,0.044,0,96.43,0,1,0,0,benign,none
TXN00000411,10.0,restaurant,UPI,14,1,0,ICICI,2025-09-20 14:07:00,1,63.9,0.983,0.119,3,32.39,0,1,0,0,benign,none
TXN00000613,546.42,electronics,credit_card,8,5,1,ICICI,2025-04-27 08:44:00,0,50.3,0.943,0.101,4,33.28,0,0,0,0,benign,none
TXN00003960,2584.14,utilities,debit_card,11,6,1,HDFC,2025-04-02 11:51:00,0,8.5,0.861,0.073,2,177.08,1,1,0,0,benign,none
TXN00004604,198.7,restaurant,UPI,19,0,0,ICICI,2025-10-15 19:17:00,0,34.7,0.985,0.093,7,645.48,0,1,1,0,benign,none
TXN00002691,38.18,pharmacy,UPI,17,3,0,ICICI,2025-07-10 17:21:00,0,44.9,0.949,0.04,5,39.83,0,1,0,0,benign,none
TXN00004532,6183.36,utilities,UPI,16,1,0,SBI,2025-05-17 16:22:00,0,16.3,0.961,0.116,3,63.04,0,1,0,0,benign,none
TXN00000604,77.8,entertainment,UPI,20,4,0,Paytm Payments Bank,2025-01-20 20:21:00,0,29.2,0.965,0.036,2,472.92,0,1,0,0,benign,none
TXN00000030,11556.06,travel,UPI,6,2,0,PNB,2025-08-26 06:45:00,0,1.5,0.957,0.066,7,47.12,0,1,0,0,benign,none
TXN00002022,309.16,grocery,debit_card,7,3,0,Paytm Payments Bank,2025-06-08 07:43:00,0,34.1,0.932,0.115,6,57.04,0,1,0,0,benign,none
TXN00000263,90.05,fuel,UPI,9,6,1,HDFC,2025-08-09 09:55:00,1,67.7,0.874,0.022,2,218.21,1,0,0,0,benign,none
TXN00000247,6677.14,travel,debit_card,19,2,0,Paytm Payments Bank,2025-06-06 19:09:00,1,27.5,0.94,0.0,5,681.58,0,1,0,0,benign,none
TXN00000852,1255.74,pharmacy,net_banking,23,0,0,Union Bank,2025-12-09 23:07:00,0,20.0,0.953,0.106,6,8706.55,0,1,0,0,benign,none
TXN00001934,21.54,restaurant,credit_card,11,3,0,Airtel Payments Bank,2025-09-09 11:40:00,0,13.2,0.898,0.096,5,254.81,0,1,0,0,benign,none
TXN00004907,43.3,grocery,UPI,20,4,0,Kotak,2025-04-07 20:25:00,0,36.5,0.913,0.079,6,108.1,0,1,0,0,benign,none
TXN00000199,182.33,electronics,UPI,6,5,1,Union Bank,2025-05-06 06:11:00,0,28.5,0.87,0.062,1,71.67,0,1,0,0,benign,none
TXN00000532,109.13,restaurant,credit_card,11,5,1,BOI,2025-03-25 11:39:00,0,43.1,0.874,0.095,4,5176.49,0,1,0,0,benign,none
TXN00001222,512.74,grocery,net_banking,12,2,0,HDFC,2025-01-01 12:36:00,0,36.7,0.979,0.002,6,44.28,0,1,0,0,benign,none
TXN00000455,326.47,fuel,credit_card,22,2,0,Airtel Payments Bank,2025-01-07 22:29:00,0,9.0,0.905,0.044,1,2647.26,0,1,0,0,benign,none
TXN00001197,46.17,electronics,debit_card,13,3,0,Union Bank,2025-11-15 13:15:00,0,35.6,0.976,0.076,6,286.04,0,1,0,0,benign,none
TXN00003991,38.04,clothing,UPI,13,2,0,HDFC,2025-05-20 13:07:00,0,47.1,0.851,0.039,5,216.21,0,1,0,0,benign,none
TXN00003026,919.95,entertainment,UPI,9,0,0,ICICI,2025-04-04 09:47:00,0,56.4,0.928,0.019,2,63.1,0,1,0,0,benign,none
TXN00003413,128.44,electronics,UPI,18,1,0,Paytm Payments Bank,2025-02-09 18:15:00,0,63.9,0.867,0.026,1,40.46,0,1,0,0,benign,none
TXN00001253,421.39,grocery,UPI,10,5,1,HDFC,2025-05-08 10:31:00,0,42.9,0.917,0.041,7,212.64,0,1,0,0,benign,none
TXN00000217,2717.09,pharmacy,UPI,19,2,0,SBI,2025-09-30 19:30:00,0,16.4,0.966,0.048,1,1031.59,0,1,0,0,benign,none
TXN00001005,451.41,fuel,UPI,9,4,0,BOI,2025-11-17 09:43:00,0,1.8,0.881,0.075,0,119.67,0,1,0,0,benign,none
TXN00001330,10.0,fuel,UPI,10,5,1,Union Bank,2025-03-09 10:47:00,0,50.2,0.923,0.064,3,231.27,1,1,0,0,benign,none
TXN00004716,1168.47,restaurant,debit_card,13,2,0,Airtel Payments Bank,2025-04-18 13:37:00,0,16.3,0.966,0.007,5,56.02,0,1,0,0,benign,none
TXN00003534,571.49,grocery,debit_card,9,1,0,BOI,2025-01-27 09:49:00,0,19.9,0.937,0.0,6,345.83,0,1,0,0,benign,none
TXN00000675,458.9,restaurant,UPI,14,2,0,HDFC,2025-10-19 14:26:00,1,54.2,0.977,0.028,6,91.59,0,1,0,0,benign,none
TXN00000229,145.87,pharmacy,UPI,20,1,0,Union Bank,2025-09-11 20:42:00,0,38.6,0.961,0.091,2,88.7,0,1,0,0,benign,none
TXN00002157,57.0,grocery,debit_card,15,0,0,HDFC,2025-04-13 15:55:00,1,52.9,0.953,0.02,2,129.53,0,1,0,0,benign,none
TXN00004252,583.06,entertainment,debit_card,22,3,0,PNB,2025-06-08 22:57:00,1,36.7,0.947,0.109,1,1298.23,0,1,0,0,benign,none
TXN00003639,21.7,pharmacy,debit_card,15,3,0,ICICI,2025-04-15 15:04:00,0,44.9,0.874,0.051,1,148.01,0,1,0,0,benign,none
TXN00004077,102.96,clothing,UPI,10,6,1,Paytm Payments Bank,2025-10-18 10:47:00,0,70.7,0.971,0.095,3,1267.92,0,1,0,0,benign,none
TXN00004064,339.2,online_retail,UPI,22,3,0,PNB,2025-11-12 22:47:00,0,47.8,0.966,0.115,3,284.31,0,1,0,0,benign,none
TXN00001978,4167.82,pharmacy,UPI,1,0,0,PNB,2025-08-05 01:44:00,0,31.2,0.862,0.065,2,351.18,0,1,0,0,benign,none
TXN00004779,259.0,fuel,debit_card,9,0,0,Union Bank,2025-03-19 09:50:00,0,24.7,0.901,0.076,4,191.09,0,1,0,0,benign,none
TXN00003950,66.12,fuel,UPI,10,4,0,Axis,2025-08-06 10:43:00,0,29.3,0.981,0.007,1,311.8,0,1,0,0,benign,none
TXN00001992,371.29,restaurant,UPI,14,6,1,Axis,2025-12-24 14:17:00,0,11.1,0.871,0.046,3,62.97,0,1,0,0,benign,none
TXN00001314,677.11,travel,debit_card,11,2,0,HDFC,2025-06-10 11:24:00,0,1.6,0.925,0.076,5,284.67,0,1,0,0,benign,none
TXN00004039,178.97,pharmacy,UPI,10,2,0,Axis,2025-02-10 10:05:00,0,57.0,0.871,0.019,0,553.48,0,1,0,0,benign,none
TXN00002063,484.66,fuel,UPI,6,1,0,HDFC,2025-07-01 06:23:00,0,17.8,0.941,0.076,4,527.19,1,1,0,0,benign,none
TXN00000337,429.07,entertainment,UPI,8,0,0,PNB,2025-10-28 08:58:00,0,24.7,0.976,0.02,5,52.32,1,1,0,0,benign,none
TXN00004170,1653.64,pharmacy,credit_card,20,0,0,Paytm Payments Bank,2025-08-05 20:33:00,0,5.5,0.919,0.007,6,238.21,1,1,0,0,benign,none
TXN00004721,47.86,grocery,debit_card,8,4,0,Axis,2025-11-20 08:13:00,0,63.9,0.956,0.073,7,133.07,1,1,0,0,benign,none
TXN00001479,5273.95,grocery,UPI,1,2,0,Axis,2025-12-19 01:05:00,0,20.5,0.897,0.11,1,277.06,1,1,0,0,benign,none
TXN00001226,908.4,healthcare,UPI,18,3,0,Paytm Payments Bank,2025-12-15 18:12:00,0,57.7,0.951,0.057,3,112.17,0,1,0,0,benign,none
TXN00000096,22.63,clothing,debit_card,4,1,0,BOI,2025-11-16 04:43:00,0,22.2,0.882,0.05,4,6.23,0,1,0,0,benign,none
TXN00003647,120.6,education,credit_card,14,1,0,HDFC,2025-12-23 14:49:00,0,64.4,0.943,0.113,6,13.2,0,1,0,0,benign,none
TXN00002968,9476.03,grocery,UPI,7,5,1,Paytm Payments Bank,2025-09-01 07:47:00,0,53.0,0.997,0.048,4,230.25,1,1,0,0,benign,none
TXN00004373,5935.56,online_retail,UPI,6,5,1,Axis,2025-10-20 06:16:00,1,55.9,0.996,0.084,2,1043.77,0,1,0,0,benign,none
TXN00003855,10.0,travel,debit_card,3,3,0,HDFC,2025-05-22 03:49:00,0,29.9,0.968,0.004,3,50.9,1,1,0,0,benign,none
TXN00001017,149.47,clothing,debit_card,8,4,0,Union Bank,2025-04-21 08:51:00,0,60.9,0.949,0.007,1,51.37,0,1,0,0,benign,none
TXN00003795,179.79,electronics,debit_card,14,4,0,HDFC,2025-06-29 14:28:00,0,9.8,0.909,0.101,2,541.4,0,1,0,0,benign,none
TXN00002754,1706.53,restaurant,debit_card,7,1,0,PNB,2025-04-14 07:19:00,0,16.0,0.998,0.012,7,35.55,0,1,0,0,benign,none
TXN00002881,1222.73,grocery,UPI,10,3,0,HDFC,2025-06-24 10:24:00,0,12.3,0.995,0.044,6,7.69,0,1,0,0,benign,none
TXN00000350,474.87,electronics,UPI,5,3,0,Kotak,2025-04-28 05:23:00,1,43.3,0.943,0.021,0,443.3,0,1,0,0,benign,none
TXN00002388,1847.47,grocery,debit_card,15,6,1,BOI,2025-05-01 15:26:00,0,33.4,0.931,0.02,4,67.13,0,1,0,0,benign,none
TXN00003522,139.48,fuel,debit_card,10,3,0,SBI,2025-10-04 10:59:00,0,60.4,0.977,0.019,4,63.22,0,1,0,0,benign,none
TXN00001783,41.67,clothing,UPI,13,4,0,PNB,2025-03-23 13:55:00,0,3.8,0.939,0.03,2,128.53,1,1,0,0,benign,none
TXN00002533,317.96,travel,debit_card,9,4,0,HDFC,2025-07-24 09:35:00,0,2.1,0.898,0.02,0,439.88,0,1,0,0,benign,none
TXN00001210,1207.33,entertainment,UPI,21,0,0,PNB,2025-12-05 21:02:00,0,70.2,0.872,0.107,5,94.13,0,1,0,0,benign,none
TXN00000564,1236.86,grocery,UPI,1,6,1,Kotak,2025-01-10 01:16:00,0,38.6,0.894,0.047,0,181.31,0,1,0,0,benign,none
TXN00003365,24.35,travel,debit_card,21,5,1,HDFC,2025-11-27 21:43:00,0,53.8,0.935,0.021,5,417.68,0,1,0,0,benign,none
TXN00003646,3170.27,restaurant,debit_card,22,2,0,SBI,2025-11-30 22:10:00,0,56.0,0.903,0.069,4,13.67,0,0,0,0,benign,none
TXN00000742,38.97,clothing,net_banking,18,1,0,Airtel Payments Bank,2025-05-29 18:58:00,0,65.7,0.908,0.116,5,69.12,0,1,0,0,benign,none
TXN00000180,2567.8,utilities,debit_card,15,3,0,Airtel Payments Bank,2025-03-06 15:39:00,0,43.5,0.97,0.02,0,251.5,0,1,0,0,benign,none
TXN00001115,282.08,restaurant,net_banking,12,0,0,HDFC,2025-09-04 12:30:00,0,27.2,0.85,0.075,1,94.1,1,1,0,0,benign,none
TXN00000349,3486.69,entertainment,UPI,16,4,0,Paytm Payments Bank,2025-09-17 16:03:00,0,41.0,0.91,0.052,6,47.12,0,1,0,0,benign,none
TXN00000513,209.56,online_retail,debit_card,7,1,0,Paytm Payments Bank,2025-03-08 07:06:00,0,68.1,0.989,0.1,5,78.12,0,1,0,0,benign,none
TXN00004844,226.38,entertainment,debit_card,1,3,0,HDFC,2025-11-25 01:32:00,0,5.3,1.0,0.045,0,2.85,1,1,0,0,benign,none
TXN00001557,981.18,entertainment,wallet,3,0,0,Kotak,2025-11-22 03:27:00,0,52.9,0.974,0.055,4,21.99,0,1,0,0,benign,none
TXN00001606,610.66,fuel,UPI,10,5,1,Union Bank,2025-10-01 10:19:00,0,62.1,0.942,0.022,4,88.41,0,1,0,0,benign,none
TXN00004766,41.24,electronics,debit_card,18,0,0,Axis,2025-05-23 18:41:00,1,24.1,0.878,0.066,4,597.92,0,1,0,0,benign,none
TXN00004002,400.21,education,credit_card,11,2,0,Airtel Payments Bank,2025-06-25 11:39:00,0,17.7,0.864,0.077,7,276.01,0,1,0,0,benign,none
TXN00000081,74.33,restaurant,UPI,8,3,0,Axis,2025-04-01 08:41:00,1,62.0,0.861,0.098,7,63.5,0,1,0,0,benign,none
TXN00000831,4066.71,electronics,UPI,12,4,0,PNB,2025-02-25 12:22:00,1,68.1,0.905,0.017,2,3225.71,0,1,0,0,benign,none
TXN00003139,8518.14,grocery,debit_card,11,1,0,ICICI,2025-04-05 11:17:00,1,29.4,0.99,0.045,4,109.58,0,1,0,0,benign,none
TXN00003704,626.56,entertainment,UPI,20,0,0,Paytm Payments Bank,2025-01-19 20:29:00,0,0.3,0.892,0.114,1,199.02,0,1,0,0,benign,none
TXN00002513,1041.88,travel,credit_card,7,2,0,Kotak,2025-08-13 07:33:00,0,23.4,0.864,0.091,6,1904.55,0,1,0,0,benign,none
TXN00004333,1538.83,grocery,UPI,14,5,1,Union Bank,2025-06-03 14:37:00,0,40.4,0.884,0.041,0,15.43,0,1,0,0,benign,none
TXN00002888,119.71,restaurant,UPI,15,4,0,Axis,2025-07-12 15:19:00,0,29.6,0.934,0.029,6,224.16,0,1,0,0,benign,none
TXN00001512,1226.71,clothing,UPI,15,5,1,Kotak,2025-07-18 15:34:00,0,10.8,0.905,0.105,1,7.4,1,1,0,0,benign,none
TXN00002945,368.3,clothing,UPI,7,4,0,HDFC,2025-07-08 07:43:00,0,25.3,0.886,0.041,1,53.1,0,1,0,0,benign,none
TXN00002165,2309.95,fuel,UPI,19,1,0,BOI,2025-06-22 19:51:00,0,13.9,0.917,0.011,3,612.37,0,1,1,0,benign,none
TXN00002620,71.36,grocery,debit_card,12,1,0,BOI,2025-11-03 12:48:00,1,17.5,0.853,0.018,6,1879.28,0,1,0,0,benign,none
TXN00003487,394.63,pharmacy,debit_card,10,2,0,Union Bank,2025-08-02 10:52:00,1,26.8,0.906,0.001,2,344.67,0,1,0,0,benign,none
TXN00004411,191.85,utilities,debit_card,21,4,0,Axis,2025-12-03 21:33:00,0,64.8,0.952,0.004,5,645.44,0,1,0,0,benign,none
TXN00000710,238.75,entertainment,net_banking,10,3,0,BOI,2025-11-18 10:27:00,0,25.9,0.889,0.094,3,42.37,0,1,1,0,benign,none
TXN00004533,16.48,restaurant,debit_card,20,4,0,Axis,2025-06-21 20:59:00,0,40.7,0.88,0.058,6,128.39,0,1,0,0,benign,none
TXN00002272,762.27,pharmacy,net_banking,18,6,1,SBI,2025-05-22 18:50:00,0,48.9,0.906,0.11,5,5286.93,0,1,0,0,benign,none
TXN00003151,47.65,entertainment,UPI,22,5,1,Kotak,2025-11-25 22:40:00,0,37.2,0.935,0.054,6,33.4,0,1,0,0,benign,none
TXN00004560,780.14,clothing,debit_card,3,0,0,HDFC,2025-05-31 03:18:00,0,18.4,0.936,0.063,5,319.68,0,1,0,0,benign,none
TXN00003381,439.13,entertainment,UPI,8,3,0,SBI,2025-10-03 08:13:00,0,8.3,0.956,0.069,7,97.25,0,1,0,0,benign,none
TXN00002008,2079.35,entertainment,UPI,10,3,0,Airtel Payments Bank,2025-09-01 10:28:00,0,21.4,0.921,0.068,2,29.02,0,1,0,0,benign,none
TXN00001139,246.37,pharmacy,debit_card,20,6,1,Paytm Payments Bank,2025-08-18 20:27:00,0,54.2,0.865,0.049,4,1935.67,0,1,0,0,benign,none
TXN00004047,88.31,restaurant,UPI,8,2,0,BOI,2025-03-28 08:29:00,0,0.5,0.942,0.003,3,312.52,0,1,0,0,benign,none
TXN00003281,976.02,grocery,credit_card,15,3,0,Union Bank,2025-10-04 15:50:00,0,15.8,0.975,0.02,2,192.82,1,1,0,0,benign,none
TXN00004861,714.45,electronics,UPI,22,2,0,Paytm Payments Bank,2025-10-25 22:09:00,1,40.0,0.917,0.064,7,217.74,0,1,0,0,benign,none
TXN00000172,107.88,grocery,debit_card,16,2,0,BOI,2025-12-20 16:00:00,0,28.5,0.947,0.02,6,196.04,0,1,0,0,benign,none
TXN00003688,27658.07,restaurant,credit_card,20,2,0,Kotak,2025-03-18 20:57:00,0,61.4,0.936,0.017,0,6.46,1,1,0,0,benign,none
TXN00000039,789.24,fuel,credit_card,23,0,0,Kotak,2025-03-16 23:57:00,0,16.0,0.99,0.063,2,1895.23,0,1,0,0,benign,none
TXN00003710,570.67,grocery,credit_card,14,1,0,PNB,2025-10-20 14:36:00,0,28.1,0.901,0.059,7,1001.52,0,1,0,0,benign,none
TXN00003057,104.15,clothing,debit_card,14,5,1,PNB,2025-06-06 14:44:00,0,56.2,0.989,0.019,6,368.88,0,0,0,0,benign,none
TXN00002728,6729.53,grocery,credit_card,17,5,1,ICICI,2025-09-14 17:16:00,0,41.9,0.852,0.074,0,79.71,0,1,0,0,benign,none
TXN00004556,467.54,grocery,UPI,17,5,1,Union Bank,2025-06-24 17:44:00,0,67.2,0.896,0.063,5,231.7,0,1,0,0,benign,none
TXN00003707,716.59,pharmacy,credit_card,8,0,0,Kotak,2025-03-17 08:08:00,0,66.4,0.859,0.048,6,522.23,0,1,0,0,benign,none
TXN00002864,34.64,education,UPI,9,6,1,Airtel Payments Bank,2025-07-19 09:49:00,0,41.9,0.909,0.024,0,255.01,0,1,0,0,benign,none
TXN00001851,371.04,fuel,debit_card,9,6,1,Paytm Payments Bank,2025-07-08 09:08:00,0,37.7,0.865,0.026,5,277.2,0,1,0,0,benign,none
TXN00000533,552.36,pharmacy,credit_card,10,4,0,SBI,2025-04-14 10:54:00,0,47.4,0.926,0.035,1,8.85,0,1,0,0,benign,none
TXN00002886,614.45,pharmacy,net_banking,19,2,0,Axis,2025-07-24 19:41:00,0,70.8,0.971,0.045,4,948.26,0,1,0,0,benign,none
TXN00002473,700.3,grocery,credit_card,15,6,1,Axis,2025-07-23 15:34:00,1,5.3,0.944,0.111,3,601.34,0,1,0,0,benign,none
TXN00003438,146.73,grocery,debit_card,20,4,0,Axis,2025-11-15 20:25:00,0,20.2,0.965,0.042,4,284.98,1,1,0,0,benign,none
TXN00000065,1020.48,restaurant,debit_card,2,2,0,PNB,2025-08-22 02:44:00,0,43.5,0.984,0.119,5,39.63,0,1,0,0,benign,none
TXN00004814,335.18,restaurant,credit_card,10,5,1,Paytm Payments Bank,2025-12-13 10:50:00,0,17.8,0.852,0.115,1,229.52,0,1,0,0,benign,none
TXN00003746,12.18,restaurant,debit_card,12,1,0,Axis,2025-09-02 12:30:00,0,7.0,0.91,0.02,0,19.37,0,1,0,0,benign,none
TXN00000354,1674.46,healthcare,debit_card,7,1,0,Airtel Payments Bank,2025-11-12 07:04:00,0,32.3,0.89,0.069,5,55.14,0,1,0,0,benign,none
TXN00002770,1396.75,utilities,debit_card,20,2,0,Paytm Payments Bank,2025-04-07 20:15:00,1,26.4,0.99,0.054,6,173.54,0,1,0,0,benign,none
TXN00001739,299.0,utilities,debit_card,9,4,0,PNB,2025-08-18 09:09:00,0,8.1,0.961,0.067,0,1827.97,0,1,0,0,benign,none
TXN00002337,1098.99,grocery,debit_card,7,1,0,SBI,2025-06-24 07:52:00,0,30.4,0.935,0.03,5,243.92,1,1,0,0,benign,none
TXN00002921,366.4,healthcare,UPI,19,5,1,Kotak,2025-08-14 19:13:00,0,8.1,0.96,0.041,3,450.25,0,1,0,0,benign,none
TXN00004693,64.22,pharmacy,wallet,22,0,0,BOI,2025-01-02 22:30:00,0,34.6,0.869,0.092,1,617.75,0,1,0,0,benign,none
TXN00002002,534.44,grocery,debit_card,20,2,0,SBI,2025-04-29 20:44:00,1,52.1,0.988,0.01,2,1905.49,0,1,0,0,benign,none
TXN00004506,943.12,restaurant,UPI,11,4,0,Kotak,2025-12-20 11:42:00,0,38.7,0.955,0.071,4,178.16,0,1,0,0,benign,none
TXN00000472,146.66,fuel,UPI,1,2,0,Airtel Payments Bank,2025-05-07 01:45:00,0,9.8,0.972,0.049,5,45.53,1,1,0,0,benign,none
TXN00002478,964.75,fuel,credit_card,15,6,1,Axis,2025-01-14 15:13:00,1,18.1,0.91,0.013,2,49.39,0,1,0,0,benign,none
TXN00004981,348.09,fuel,debit_card,21,1,0,Airtel Payments Bank,2025-04-29 21:10:00,0,3.4,0.901,0.043,0,46.24,0,1,0,0,benign,none
TXN00001862,3110.45,utilities,UPI,18,1,0,PNB,2025-09-13 18:16:00,0,2.2,0.901,0.015,6,256.49,0,1,0,0,benign,none
TXN00000868,85.39,grocery,UPI,13,4,0,Axis,2025-01-10 13:59:00,0,12.9,0.945,0.029,0,234.44,0,1,0,0,benign,none
TXN00001835,286.67,fuel,credit_card,10,3,0,Axis,2025-08-15 10:15:00,0,5.9,0.858,0.044,3,9.91,0,1,0,0,benign,none
TXN00000323,945.36,travel,debit_card,21,3,0,SBI,2025-04-09 21:30:00,1,36.1,0.979,0.027,3,1835.56,0,1,0,0,benign,none
TXN00004323,301.76,grocery,credit_card,17,6,1,Paytm Payments Bank,2025-08-06 17:56:00,0,23.3,0.865,0.113,2,608.98,0,1,0,0,benign,none
TXN00002301,49.3,utilities,debit_card,10,2,0,Airtel Payments Bank,2025-03-04 10:22:00,0,20.7,0.911,0.043,3,573.76,0,1,0,0,benign,none
TXN00004151,3354.75,fuel,UPI,21,1,0,SBI,2025-05-24 21:58:00,1,6.9,0.92,0.072,7,482.7,0,0,0,0,benign,none
TXN00001790,12.37,grocery,UPI,15,4,0,Kotak,2025-02-21 15:00:00,0,51.0,0.874,0.061,0,195.96,0,1,0,0,benign,none
TXN00001075,368.05,restaurant,debit_card,19,3,0,Kotak,2025-05-02 19:09:00,0,68.1,0.862,0.072,4,39.92,0,1,0,0,benign,none
TXN00003166,50.56,restaurant,UPI,20,0,0,PNB,2025-05-03 20:19:00,0,36.6,0.899,0.026,0,79.01,0,1,0,0,benign,none
TXN00001254,66.31,clothing,credit_card,9,5,1,Kotak,2025-02-08 09:16:00,1,42.6,0.865,0.101,6,2166.85,0,1,0,0,benign,none
TXN00003838,137.88,grocery,credit_card,15,2,0,HDFC,2025-10-06 15:20:00,0,2.2,0.907,0.013,0,517.5,0,1,0,0,benign,none
TXN00004165,423.04,restaurant,UPI,20,6,1,PNB,2025-06-30 20:20:00,0,7.0,0.979,0.117,5,150.68,1,1,0,0,benign,none
TXN00000073,598.78,pharmacy,credit_card,20,5,1,HDFC,2025-09-10 20:30:00,0,37.3,0.851,0.003,7,242.4,0,1,0,0,benign,none
TXN00002167,11.28,travel,UPI,15,0,0,ICICI,2025-01-21 15:29:00,0,61.4,0.985,0.101,1,80.26,0,1,1,0,benign,none
TXN00002906,1913.45,grocery,debit_card,18,3,0,Kotak,2025-01-18 18:47:00,0,62.0,0.941,0.033,1,531.32,0,1,0,0,benign,none
TXN00003274,10.0,electronics,wallet,14,1,0,BOI,2025-02-22 14:49:00,0,50.2,0.927,0.116,5,28.13,0,1,1,0,benign,none
TXN00001770,108.58,grocery,UPI,10,3,0,Paytm Payments Bank,2025-09-04 10:25:00,0,8.1,0.865,0.006,5,3504.48,1,1,0,0,benign,none
TXN00003087,47.96,education,UPI,16,5,1,SBI,2025-07-28 16:18:00,1,20.5,0.856,0.085,0,139.63,0,1,0,0,benign,none
TXN00001593,65.81,pharmacy,debit_card,15,4,0,HDFC,2025-08-16 15:19:00,0,44.0,0.881,0.094,7,720.85,0,1,0,0,benign,none
TXN00001509,310.51,fuel,net_banking,17,3,0,Axis,2025-05-04 17:51:00,0,68.0,0.922,0.109,6,8.74,0,1,0,0,benign,none
TXN00003625,9318.86,online_retail,UPI,17,4,0,Axis,2025-05-29 17:32:00,1,23.0,0.898,0.008,2,901.49,0,1,0,0,benign,none
TXN00000118,4372.99,clothing,UPI,14,4,0,Axis,2025-09-25 14:42:00,0,50.4,0.899,0.013,4,3602.9,0,1,0,0,benign,none
TXN00003102,998.37,grocery,debit_card,21,0,0,Kotak,2025-12-11 21:45:00,0,40.1,0.916,0.076,2,62.93,0,1,0,0,benign,none
TXN00003698,36.17,education,UPI,20,5,1,HDFC,2025-02-01 20:20:00,0,24.8,0.871,0.102,5,81.55,0,1,0,0,benign,none
TXN00004162,638.97,entertainment,credit_card,8,2,0,Paytm Payments Bank,2025-01-05 08:09:00,0,46.9,0.98,0.038,7,85.01,0,1,0,0,benign,none
TXN00001219,2656.91,travel,credit_card,20,3,0,PNB,2025-11-14 20:06:00,0,18.3,0.85,0.053,4,7.84,0,1,0,0,benign,none
TXN00000449,487.88,travel,credit_card,8,5,1,Airtel Payments Bank,2025-01-04 08:39:00,1,63.0,0.945,0.052,5,217.95,0,1,0,0,benign,none
TXN00001919,17.48,grocery,UPI,16,4,0,Airtel Payments Bank,2025-10-16 16:47:00,0,10.6,0.931,0.092,2,565.89,0,1,0,0,benign,none
TXN00003441,266.06,pharmacy,debit_card,20,6,1,Airtel Payments Bank,2025-09-24 20:35:00,0,10.3,0.931,0.089,3,63.33,0,1,0,0,benign,none
TXN00001780,1050.01,education,UPI,14,4,0,ICICI,2025-09-04 14:16:00,0,11.3,0.914,0.04,0,172.52,0,1,0,0,benign,none
TXN00003620,441.82,clothing,net_banking,16,1,0,BOI,2025-09-06 16:52:00,0,30.3,0.899,0.041,0,37.8,0,1,0,0,benign,none
TXN00000177,326.35,grocery,UPI,10,2,0,Paytm Payments Bank,2025-06-24 10:33:00,0,67.5,0.866,0.011,7,253.96,0,1,0,0,benign,none
TXN00000132,767.6,restaurant,UPI,19,6,1,Kotak,2025-07-24 19:08:00,0,16.9,0.98,0.049,3,1030.72,0,1,0,0,benign,none
TXN00001965,585.91,grocery,UPI,18,4,0,HDFC,2025-04-30 18:43:00,0,52.1,0.943,0.09,6,239.86,0,1,0,0,benign,none
TXN00004053,92.31,restaurant,credit_card,20,5,1,Union Bank,2025-12-16 20:31:00,1,26.3,0.926,0.076,4,1277.04,0,1,0,0,benign,none
TXN00001374,234.22,healthcare,UPI,1,3,0,Paytm Payments Bank,2025-09-25 01:14:00,0,5.7,0.965,0.05,3,1065.67,1,1,0,0,benign,none
TXN00004190,1488.87,grocery,debit_card,14,5,1,HDFC,2025-01-23 14:56:00,0,8.0,0.993,0.089,1,106.43,0,1,0,0,benign,none
TXN00000000,423.47,grocery,UPI,10,3,0,Kotak,2025-10-12 10:46:00,1,66.8,0.856,0.11,0,62.62,0,1,0,0,benign,none
TXN00000087,250.26,utilities,UPI,6,0,0,Axis,2025-12-01 06:20:00,0,51.4,0.885,0.044,3,175.29,0,1,0,0,benign,none
TXN00003481,1212.97,grocery,UPI,10,6,1,Union Bank,2025-01-26 10:18:00,0,18.0,0.875,0.011,7,439.84,1,1,0,0,benign,none
TXN00004397,106.07,entertainment,credit_card,10,6,1,Paytm Payments Bank,2025-12-07 10:39:00,0,24.1,0.881,0.056,2,94.98,0,1,1,0,benign,none
TXN00001880,902.11,grocery,debit_card,20,1,0,BOI,2025-07-09 20:55:00,0,60.9,0.921,0.081,7,363.56,0,1,0,0,benign,none
TXN00003939,3515.07,restaurant,wallet,20,3,0,Paytm Payments Bank,2025-03-09 20:45:00,1,55.6,0.873,0.066,3,316.21,0,1,0,0,benign,none
TXN00002991,4579.4,restaurant,credit_card,21,2,0,BOI,2025-02-25 21:30:00,0,29.9,0.898,0.111,3,260.33,0,1,0,0,benign,none
TXN00000408,10.0,electronics,UPI,19,3,0,SBI,2025-11-21 19:20:00,0,50.9,0.862,0.106,5,15.66,0,1,0,0,benign,none
TXN00001803,117.05,pharmacy,UPI,11,6,1,SBI,2025-12-28 11:12:00,0,38.6,0.973,0.088,0,142.45,0,1,0,0,benign,none
TXN00001027,261.1,grocery,UPI,21,4,0,Paytm Payments Bank,2025-11-17 21:05:00,0,46.3,0.969,0.1,1,1210.37,0,1,0,0,benign,none
TXN00000157,1435.02,grocery,UPI,8,5,1,Paytm Payments Bank,2025-04-11 08:28:00,0,23.5,0.914,0.083,6,131.66,0,1,0,0,benign,none
TXN00001421,167.85,travel,debit_card,21,0,0,HDFC,2025-10-01 21:43:00,0,71.8,0.969,0.075,1,410.77,0,1,0,0,benign,none
TXN00000388,402.34,grocery,net_banking,15,0,0,Airtel Payments Bank,2025-08-12 15:23:00,0,34.4,0.968,0.066,3,177.44,0,1,0,0,benign,none
TXN00003948,221.45,healthcare,UPI,11,1,0,BOI,2025-07-29 11:03:00,0,6.7,0.958,0.008,1,22.36,0,1,1,0,benign,none
TXN00002548,10.77,fuel,UPI,13,3,0,ICICI,2025-05-01 13:40:00,0,43.5,0.989,0.103,0,167.11,0,1,0,0,benign,none
TXN00004718,410.46,fuel,UPI,22,3,0,Airtel Payments Bank,2025-10-19 22:08:00,1,10.6,0.87,0.026,2,269.16,0,1,0,0,benign,none
TXN00000712,37.97,online_retail,debit_card,16,3,0,BOI,2025-04-19 16:19:00,0,60.2,0.901,0.045,6,134.26,0,1,0,0,benign,none
TXN00000510,14.74,grocery,credit_card,8,5,1,Paytm Payments Bank,2025-06-19 08:47:00,1,67.7,0.924,0.109,2,1363.54,0,1,0,0,benign,none
TXN00001061,3351.93,grocery,debit_card,19,3,0,Kotak,2025-02-17 19:01:00,0,7.6,0.971,0.029,2,237.42,0,1,0,0,benign,none
TXN00003172,1419.41,entertainment,UPI,0,4,0,PNB,2025-02-16 00:11:00,0,52.5,0.898,0.043,6,535.79,0,1,0,0,benign,none
TXN00001502,2657.83,grocery,net_banking,12,4,0,ICICI,2025-05-07 12:32:00,0,69.4,0.934,0.087,0,74.01,0,1,0,0,benign,none
TXN00001941,290.23,grocery,debit_card,10,1,0,BOI,2025-09-11 10:59:00,0,61.9,0.965,0.082,7,55.92,0,1,0,0,benign,none
TXN00004454,707.49,pharmacy,UPI,14,4,0,Axis,2025-09-07 14:32:00,0,30.6,0.893,0.094,5,144.0,0,0,0,0,benign,none
TXN00004726,137.17,education,debit_card,11,5,1,Kotak,2025-06-25 11:27:00,0,10.8,0.952,0.101,0,61.5,0,1,0,0,benign,none
TXN00000678,491.7,grocery,wallet,11,6,1,PNB,2025-06-14 11:39:00,1,59.1,0.857,0.057,1,41.77,0,1,0,0,benign,none
TXN00002094,290.11,restaurant,debit_card,6,0,0,Union Bank,2025-09-24 06:02:00,0,42.9,0.893,0.083,6,224.99,0,1,0,0,benign,none
TXN00001649,70.14,grocery,wallet,11,6,1,Union Bank,2025-09-06 11:54:00,0,33.5,0.963,0.116,6,11.16,0,1,0,0,benign,none
TXN00004429,16.62,utilities,debit_card,21,3,0,Kotak,2025-01-22 21:30:00,1,58.8,0.864,0.091,4,242.21,1,1,0,0,benign,none
TXN00000957,13866.85,healthcare,UPI,6,6,1,Airtel Payments Bank,2025-12-29 06:51:00,0,10.0,0.908,0.024,1,37.47,0,1,0,0,benign,none
TXN00002683,70.65,travel,UPI,9,4,0,BOI,2025-03-28 09:13:00,0,25.0,0.969,0.112,6,61.53,0,1,0,0,benign,none
TXN00004639,82.29,pharmacy,credit_card,20,5,1,SBI,2025-08-14 20:37:00,0,60.0,0.958,0.074,1,34.33,0,1,0,0,benign,none
TXN00002362,129.79,pharmacy,debit_card,18,3,0,Axis,2025-10-01 18:38:00,0,40.7,0.852,0.018,2,46.33,0,1,0,0,benign,none
TXN00000724,46.47,restaurant,net_banking,20,5,1,HDFC,2025-11-30 20:50:00,0,60.9,0.853,0.088,0,74.4,0,1,0,0,benign,none
TXN00004929,1639.09,entertainment,UPI,0,2,0,SBI,2025-05-23 00:23:00,0,22.0,0.911,0.05,4,70.0,0,1,0,0,benign,none
TXN00004235,720.0,healthcare,UPI,22,6,1,Axis,2025-01-01 22:14:00,0,28.3,0.941,0.031,6,240.03,0,0,0,0,benign,none
TXN00000794,10.0,pharmacy,UPI,15,1,0,ICICI,2025-12-01 15:17:00,0,25.1,0.879,0.097,3,98.16,0,1,0,0,benign,none
TXN00002128,523.28,entertainment,UPI,15,2,0,Kotak,2025-11-16 15:53:00,0,20.8,0.931,0.066,2,70.93,1,1,0,0,benign,none
TXN00003024,180.06,grocery,debit_card,15,5,1,Airtel Payments Bank,2025-02-20 15:08:00,0,58.8,0.968,0.116,3,83.34,0,1,0,0,benign,none
TXN00000251,452.51,restaurant,net_banking,3,0,0,Axis,2025-09-27 03:01:00,0,48.5,0.987,0.072,1,315.15,0,1,0,0,benign,none
TXN00004464,1443.91,pharmacy,debit_card,20,5,1,Airtel Payments Bank,2025-07-14 20:22:00,0,54.2,0.882,0.07,5,55.69,0,1,0,0,benign,none
TXN00004608,31.43,education,UPI,21,5,1,Union Bank,2025-05-16 21:47:00,0,55.0,0.924,0.098,2,513.78,0,1,0,0,benign,none
TXN00003540,336.53,fuel,debit_card,10,0,0,Paytm Payments Bank,2025-01-13 10:14:00,0,39.3,0.903,0.116,1,44.59,0,1,0,0,benign,none
TXN00004561,65.28,travel,credit_card,21,5,1,Union Bank,2025-01-20 21:50:00,0,56.6,0.865,0.104,0,1376.32,0,1,0,0,benign,none
TXN00002319,150.4,online_retail,credit_card,20,0,0,Kotak,2025-01-02 20:33:00,1,41.3,0.918,0.046,4,186.09,1,0,0,0,benign,none
TXN00001233,285.92,entertainment,UPI,10,2,0,Airtel Payments Bank,2025-07-11 10:11:00,1,1.9,0.961,0.065,2,504.46,1,1,0,0,benign,none
TXN00001720,1611.9,pharmacy,UPI,22,6,1,BOI,2025-09-21 22:18:00,0,48.4,0.952,0.057,7,309.81,0,1,0,0,benign,none
TXN00001937,30.22,entertainment,wallet,15,4,0,Paytm Payments Bank,2025-06-10 15:08:00,0,37.2,0.88,0.023,3,34.14,0,1,0,0,benign,none
TXN00002316,145.63,grocery,credit_card,11,6,1,Axis,2025-11-11 11:03:00,1,8.3,0.94,0.002,2,494.2,0,1,0,0,benign,none
TXN00004439,43.27,restaurant,credit_card,16,3,0,SBI,2025-10-04 16:58:00,0,29.2,0.986,0.005,4,378.36,1,0,0,0,benign,none
TXN00004119,65.34,fuel,debit_card,10,2,0,HDFC,2025-10-05 10:43:00,1,54.8,0.893,0.008,3,54.11,0,1,0,0,benign,none
TXN00004659,44.66,entertainment,UPI,8,1,0,PNB,2025-03-02 08:03:00,0,56.4,0.93,0.013,5,854.53,0,1,0,0,benign,none
TXN00003202,141.01,clothing,net_banking,21,3,0,PNB,2025-03-18 21:36:00,0,22.8,0.855,0.045,1,36.7,0,1,0,0,benign,none
TXN00002164,727.04,restaurant,credit_card,20,6,1,Axis,2025-02-03 20:24:00,0,60.8,0.963,0.073,2,17.53,0,1,0,0,benign,none
TXN00004301,1759.98,utilities,UPI,14,1,0,SBI,2025-04-16 14:49:00,0,62.7,0.909,0.117,4,36.55,0,1,0,0,benign,none
TXN00001396,723.99,restaurant,UPI,16,4,0,Axis,2025-08-15 16:17:00,0,43.9,0.908,0.12,5,29.59,0,1,0,0,benign,none
TXN00001042,860.42,electronics,UPI,14,6,1,BOI,2025-03-13 14:24:00,0,53.8,0.982,0.042,1,11691.91,0,1,0,0,benign,none
TXN00000611,373.72,entertainment,net_banking,17,0,0,HDFC,2025-09-28 17:40:00,0,26.2,0.868,0.101,0,293.1,0,1,0,0,benign,none
TXN00002523,10.0,grocery,debit_card,17,3,0,Axis,2025-06-22 17:21:00,0,62.0,0.981,0.008,2,5.49,1,1,0,0,benign,none
TXN00000257,124.33,grocery,wallet,9,6,1,Airtel Payments Bank,2025-07-17 09:39:00,0,8.4,0.903,0.101,2,1623.92,0,1,0,0,benign,none
TXN00003038,54.45,electronics,credit_card,11,2,0,BOI,2025-07-13 11:46:00,0,26.4,0.865,0.024,2,26.73,0,1,0,0,benign,none
TXN00004825,75.89,restaurant,debit_card,19,3,0,Kotak,2025-05-04 19:20:00,0,51.8,0.91,0.085,1,1167.24,0,1,0,0,benign,none
TXN00002673,586.02,grocery,credit_card,16,0,0,Kotak,2025-01-21 16:54:00,0,42.8,0.91,0.052,1,36.05,1,1,0,0,benign,none
TXN00004421,970.31,restaurant,UPI,12,4,0,Airtel Payments Bank,2025-08-19 12:08:00,1,62.2,0.853,0.077,2,172.97,0,1,0,0,benign,none
TXN00002449,1068.9,restaurant,UPI,16,3,0,Airtel Payments Bank,2025-08-19 16:01:00,0,10.8,0.876,0.038,1,65.95,0,1,0,0,benign,none
TXN00000503,16.37,pharmacy,credit_card,1,0,0,Kotak,2025-10-28 01:56:00,1,9.8,0.925,0.02,2,83.75,0,1,0,0,benign,none
TXN00003204,529.61,restaurant,UPI,9,1,0,Union Bank,2025-06-18 09:36:00,0,20.5,0.888,0.055,2,745.84,0,1,0,0,benign,none
TXN00000274,4154.88,education,UPI,12,3,0,Airtel Payments Bank,2025-11-09 12:35:00,0,23.6,0.871,0.066,7,11.09,1,1,0,0,benign,none
TXN00001345,15642.08,entertainment,debit_card,9,6,1,PNB,2025-10-03 09:25:00,0,36.5,0.928,0.095,6,1030.26,0,1,0,0,benign,none
TXN00003861,884.84,restaurant,credit_card,16,0,0,SBI,2025-04-17 16:33:00,1,40.4,0.995,0.098,3,218.16,0,1,0,0,benign,none
TXN00003377,148.03,utilities,debit_card,14,5,1,HDFC,2025-04-15 14:44:00,0,21.5,0.916,0.029,1,471.59,0,1,0,0,benign,none
TXN00002481,50.09,restaurant,UPI,13,3,0,PNB,2025-06-30 13:44:00,0,1.4,0.89,0.08,6,12.16,0,1,0,0,benign,none
TXN00004808,87.95,utilities,credit_card,13,0,0,Axis,2025-09-21 13:18:00,0,54.7,0.925,0.015,6,40.54,0,0,0,0,benign,none
TXN00002554,492.88,healthcare,debit_card,14,3,0,BOI,2025-11-02 14:53:00,0,51.8,0.912,0.108,2,128.5,0,1,0,0,benign,none
TXN00002569,569.55,restaurant,UPI,3,2,0,Union Bank,2025-03-30 03:04:00,0,5.2,0.951,0.063,3,41.15,0,1,0,0,benign,none
TXN00002614,10.0,electronics,credit_card,11,1,0,BOI,2025-03-31 11:54:00,0,60.2,0.978,0.048,5,4524.71,0,1,0,0,benign,none
TXN00000108,1110.49,pharmacy,credit_card,9,5,1,Union Bank,2025-12-06 09:38:00,0,41.4,0.967,0.02,5,1883.06,0,1,0,0,benign,none
TXN00000683,95.74,travel,UPI,13,0,0,Axis,2025-03-12 13:37:00,0,6.5,0.943,0.064,1,80.28,0,1,0,0,benign,none
TXN00004098,536.63,pharmacy,credit_card,8,1,0,ICICI,2025-02-23 08:22:00,0,6.1,0.959,0.071,1,450.37,0,1,0,0,benign,none
TXN00003578,667.56,electronics,debit_card,7,2,0,HDFC,2025-08-07 07:17:00,0,25.6,0.863,0.041,7,47.36,0,1,0,0,benign,none
TXN00000997,304.33,pharmacy,debit_card,20,5,1,BOI,2025-06-13 20:00:00,0,28.1,0.932,0.09,2,1553.99,1,1,0,0,benign,none
TXN00003295,747.45,utilities,debit_card,21,0,0,Paytm Payments Bank,2025-04-29 21:48:00,0,4.4,0.871,0.067,1,2694.35,0,1,0,0,benign,none
TXN00001176,62.08,fuel,debit_card,16,3,0,Airtel Payments Bank,2025-10-08 16:23:00,0,34.5,0.988,0.09,1,32.23,0,1,0,0,benign,none
TXN00001346,440.68,clothing,debit_card,18,1,0,Kotak,2025-06-27 18:41:00,1,44.2,0.964,0.097,7,93.71,0,1,0,0,benign,none
TXN00000744,292.44,fuel,credit_card,10,4,0,HDFC,2025-11-02 10:14:00,0,26.5,0.861,0.01,7,697.42,0,1,0,0,benign,none
TXN00004667,1023.96,grocery,credit_card,9,3,0,Airtel Payments Bank,2025-03-15 09:21:00,0,24.4,0.939,0.015,3,70.53,0,1,0,0,benign,none
TXN00004404,210.99,grocery,net_banking,14,5,1,Axis,2025-09-19 14:00:00,0,47.4,0.862,0.063,1,240.2,0,1,0,0,benign,none
TXN00004817,187.71,grocery,debit_card,18,1,0,Paytm Payments Bank,2025-06-20 18:08:00,0,3.2,0.941,0.072,4,57.68,0,1,0,0,benign,none
TXN00004230,1983.13,travel,UPI,13,2,0,SBI,2025-08-14 13:32:00,0,9.8,0.927,0.024,1,29.5,0,1,0,0,benign,none
TXN00002441,684.11,grocery,UPI,7,1,0,PNB,2025-09-08 07:32:00,1,27.5,0.943,0.116,7,938.26,0,1,0,0,benign,none
TXN00000693,10.0,grocery,credit_card,14,1,0,HDFC,2025-06-28 14:10:00,1,49.1,0.92,0.009,1,425.08,0,1,0,0,benign,none
TXN00000485,180.06,grocery,UPI,5,4,0,PNB,2025-06-02 05:51:00,0,26.9,0.966,0.035,1,838.29,0,0,0,0,benign,none
TXN00003495,226.96,pharmacy,credit_card,14,1,0,PNB,2025-01-13 14:12:00,0,65.9,0.879,0.09,5,181.25,0,1,0,0,benign,none
TXN00000982,369.84,electronics,UPI,19,1,0,HDFC,2025-03-15 19:13:00,0,39.4,0.94,0.005,6,255.56,0,1,0,0,benign,none
TXN00001261,291.59,fuel,UPI,16,1,0,Paytm Payments Bank,2025-06-01 16:28:00,0,27.0,0.987,0.009,2,922.1,0,1,0,0,benign,none
TXN00000079,140.21,entertainment,UPI,9,1,0,Paytm Payments Bank,2025-01-24 09:32:00,0,31.8,0.877,0.079,1,156.12,0,1,0,0,benign,none
TXN00002412,11.42,restaurant,debit_card,4,3,0,Airtel Payments Bank,2025-12-31 04:12:00,0,37.3,0.877,0.07,4,51.28,0,1,0,0,benign,none
TXN00004264,73.11,restaurant,credit_card,13,6,1,Union Bank,2025-11-21 13:15:00,1,63.2,0.938,0.034,7,17.99,0,1,0,0,benign,none
TXN00002275,10.0,electronics,UPI,11,3,0,BOI,2025-03-15 11:03:00,0,15.6,0.905,0.103,7,140.41,0,1,0,0,benign,none
TXN00001578,10.0,fuel,UPI,14,1,0,HDFC,2025-03-19 14:35:00,0,50.0,0.949,0.03,0,45.82,0,1,0,0,benign,none
TXN00002820,15.28,entertainment,UPI,11,5,1,Union Bank,2025-12-20 11:56:00,1,36.3,0.854,0.022,7,28.42,0,1,0,0,benign,none
TXN00000445,17.14,grocery,debit_card,16,6,1,Airtel Payments Bank,2025-01-02 16:46:00,1,44.8,0.973,0.051,3,424.83,0,0,0,0,benign,none
TXN00002354,28.98,fuel,net_banking,14,6,1,ICICI,2025-06-04 14:44:00,0,19.1,0.9,0.089,7,402.84,0,1,0,0,benign,none
TXN00003400,501.78,online_retail,UPI,11,0,0,Paytm Payments Bank,2025-12-03 11:44:00,0,68.2,0.874,0.114,2,818.35,0,1,0,0,benign,none
TXN00004228,73.47,restaurant,UPI,2,5,1,ICICI,2025-05-19 02:24:00,0,36.1,0.97,0.009,3,37.41,0,1,1,0,benign,none
TXN00004614,90.79,restaurant,credit_card,15,2,0,HDFC,2025-08-08 15:04:00,0,36.8,0.998,0.078,2,230.4,0,1,0,0,benign,none
TXN00002245,80.08,utilities,UPI,8,4,0,ICICI,2025-07-29 08:26:00,0,52.4,0.971,0.005,5,169.17,0,1,0,0,benign,none
TXN00003424,38793.4,entertainment,debit_card,13,0,0,HDFC,2025-10-26 13:38:00,1,46.9,0.946,0.034,6,1854.51,0,1,0,0,benign,none
TXN00001701,100.67,clothing,debit_card,13,6,1,PNB,2025-10-02 13:51:00,0,38.9,0.906,0.024,1,24.75,0,1,0,0,benign,none
TXN00002855,4170.03,education,UPI,19,1,0,Paytm Payments Bank,2025-02-21 19:19:00,0,39.5,0.854,0.119,3,49.89,0,1,0,0,benign,none
TXN00003909,16.54,online_retail,credit_card,11,6,1,Airtel Payments Bank,2025-10-21 11:34:00,0,23.2,0.874,0.044,2,7.16,0,1,0,0,benign,none
TXN00004868,11804.57,entertainment,net_banking,11,6,1,PNB,2025-09-03 11:44:00,1,50.2,0.996,0.032,5,405.7,0,1,0,0,benign,none
TXN00001597,375.96,online_retail,UPI,15,0,0,Kotak,2025-11-10 15:44:00,0,19.9,0.879,0.114,2,332.29,0,1,0,0,benign,none
TXN00000068,1146.37,restaurant,credit_card,14,0,0,Axis,2025-09-30 14:38:00,1,21.6,0.954,0.023,1,395.3,0,1,0,0,benign,none
TXN00002897,281.89,online_retail,UPI,10,4,0,ICICI,2025-05-27 10:13:00,0,39.4,0.978,0.107,7,73.19,0,1,0,0,benign,none
TXN00000048,830.51,electronics,debit_card,10,1,0,PNB,2025-05-06 10:53:00,0,9.1,0.869,0.086,6,177.33,1,1,0,0,benign,none
TXN00004121,914.84,grocery,UPI,3,5,1,ICICI,2025-05-23 03:53:00,0,50.8,0.981,0.034,5,25.76,0,1,0,0,benign,none
TXN00001053,19954.98,online_retail,debit_card,12,5,1,PNB,2025-04-21 12:33:00,0,60.9,0.869,0.036,4,518.63,0,1,0,0,benign,none
TXN00002833,40.76,grocery,UPI,19,1,0,HDFC,2025-09-01 19:12:00,0,62.3,0.865,0.066,5,52.23,0,1,0,0,benign,none
TXN00003006,10.0,online_retail,credit_card,17,0,0,PNB,2025-10-11 17:37:00,0,35.0,0.963,0.034,6,216.92,0,0,0,0,benign,none
TXN00000603,79.07,pharmacy,UPI,19,2,0,Union Bank,2025-10-29 19:34:00,0,15.9,0.932,0.028,6,4.28,0,1,0,0,benign,none
TXN00004886,367.57,entertainment,credit_card,22,4,0,Airtel Payments Bank,2025-01-02 22:14:00,0,41.7,0.878,0.022,7,285.38,0,1,0,0,benign,none
TXN00001467,21.15,restaurant,UPI,20,6,1,HDFC,2025-05-07 20:29:00,0,40.3,0.949,0.027,3,49.94,0,1,0,0,benign,none
TXN00002399,706.04,healthcare,net_banking,5,2,0,Kotak,2025-12-08 05:51:00,0,28.4,0.989,0.016,5,15.86,0,1,0,0,benign,none
TXN00000393,559.42,grocery,UPI,7,3,0,SBI,2025-11-02 07:13:00,0,60.4,0.953,0.083,7,112.04,0,1,0,0,benign,none
TXN00000230,17.56,electronics,debit_card,18,4,0,Union Bank,2025-03-05 18:58:00,0,19.0,0.893,0.02,3,131.72,0,1,0,0,benign,none
TXN00001320,62.25,grocery,credit_card,20,5,1,Kotak,2025-06-14 20:20:00,1,19.6,0.972,0.058,6,612.3,0,1,0,0,benign,none
TXN00000041,650.46,grocery,credit_card,7,5,1,Union Bank,2025-08-27 07:33:00,0,44.7,0.918,0.055,5,679.19,0,1,1,0,benign,none
TXN00004393,46.45,restaurant,credit_card,8,3,0,PNB,2025-01-25 08:49:00,0,7.8,0.99,0.072,2,179.48,0,1,0,0,benign,none
TXN00002970,1556.97,fuel,debit_card,6,2,0,Paytm Payments Bank,2025-08-25 06:00:00,0,33.0,0.977,0.065,7,2199.77,0,1,0,0,benign,none
TXN00002664,114.36,restaurant,debit_card,22,2,0,BOI,2025-09-24 22:09:00,0,43.9,0.923,0.056,1,40.57,0,1,0,0,benign,none
TXN00001729,261.79,restaurant,credit_card,23,1,0,Axis,2025-04-08 23:00:00,0,49.7,0.899,0.006,4,322.04,0,0,0,0,benign,none
TXN00001530,664.91,utilities,UPI,22,0,0,Axis,2025-06-11 22:26:00,0,68.2,0.956,0.001,3,6.67,0,1,0,0,benign,none
TXN00004362,125.78,entertainment,UPI,16,6,1,ICICI,2025-08-31 16:03:00,1,57.4,0.928,0.071,4,135.42,0,1,0,0,benign,none
TXN00002698,496.61,grocery,UPI,12,2,0,Airtel Payments Bank,2025-04-29 12:05:00,0,27.6,0.937,0.048,5,221.19,0,1,0,0,benign,none
TXN00002882,947.94,online_retail,credit_card,2,0,0,HDFC,2025-01-08 02:59:00,0,69.0,0.928,0.088,6,25.93,0,1,0,0,benign,none
TXN00001323,14.68,fuel,debit_card,9,1,0,ICICI,2025-01-06 09:03:00,0,28.9,0.988,0.042,6,453.53,0,1,0,0,benign,none
TXN00001491,234.9,electronics,credit_card,13,0,0,Union Bank,2025-07-03 13:29:00,0,15.3,0.997,0.112,2,145.28,1,1,0,0,benign,none
TXN00003781,10.0,clothing,debit_card,19,0,0,Kotak,2025-12-02 19:49:00,0,25.2,0.984,0.023,4,42.13,0,1,0,0,benign,none
TXN00000061,133.92,fuel,debit_card,0,6,1,Paytm Payments Bank,2025-12-23 00:02:00,0,54.0,0.99,0.024,3,124.67,0,1,0,0,benign,none
TXN00004742,202.63,entertainment,credit_card,21,4,0,Kotak,2025-12-16 21:06:00,0,10.1,0.942,0.024,5,122.16,0,1,0,0,benign,none
TXN00000402,1071.65,electronics,debit_card,16,6,1,SBI,2025-08-07 16:06:00,1,8.4,0.933,0.077,3,63.44,0,1,0,0,benign,none
TXN00000332,69.54,fuel,credit_card,8,1,0,BOI,2025-10-27 08:32:00,0,65.5,0.888,0.033,4,344.32,0,1,0,0,benign,none
TXN00001009,483.92,restaurant,UPI,10,4,0,Paytm Payments Bank,2025-12-24 10:09:00,0,12.5,0.913,0.106,1,2119.02,0,1,0,0,benign,none
TXN00001168,116.61,utilities,UPI,20,0,0,Paytm Payments Bank,2025-04-19 20:37:00,1,51.4,0.853,0.05,3,1529.74,0,1,0,0,benign,none
TXN00002348,3654.27,restaurant,UPI,15,3,0,SBI,2025-05-28 15:57:00,0,21.3,0.991,0.107,0,772.06,0,1,0,0,benign,none
TXN00000164,1106.86,restaurant,debit_card,7,3,0,Paytm Payments Bank,2025-08-06 07:20:00,0,4.6,0.959,0.012,3,247.81,0,1,0,0,benign,none
TXN00002751,120.48,restaurant,UPI,10,0,0,HDFC,2025-10-29 10:56:00,1,47.0,0.949,0.075,6,307.45,0,1,0,0,benign,none
TXN00002057,10.0,electronics,UPI,21,4,0,ICICI,2025-12-25 21:07:00,0,13.7,0.994,0.065,6,403.29,0,1,0,0,benign,none
TXN00004750,1163.88,grocery,UPI,19,0,0,Axis,2025-03-20 19:26:00,0,18.2,0.993,0.01,7,191.32,0,1,0,0,benign,none
TXN00004344,89.25,restaurant,UPI,9,6,1,Axis,2025-01-31 09:43:00,0,70.9,0.896,0.111,6,216.65,0,1,0,0,benign,none
TXN00001721,19.77,fuel,net_banking,18,1,0,Union Bank,2025-08-04 18:25:00,0,5.6,0.918,0.029,0,21.6,0,1,0,0,benign,none
TXN00001438,25.92,restaurant,net_banking,9,1,0,Airtel Payments Bank,2025-11-30 09:06:00,0,61.6,0.97,0.067,3,772.91,0,1,0,0,benign,none
TXN00002602,208.91,utilities,UPI,12,3,0,Paytm Payments Bank,2025-12-31 12:30:00,0,22.5,0.944,0.062,0,505.18,1,1,0,0,benign,none
TXN00003985,79.87,clothing,UPI,9,1,0,Kotak,2025-03-10 09:57:00,0,19.4,0.958,0.001,0,31.71,0,1,0,0,benign,none
TXN00001334,513.65,entertainment,UPI,18,0,0,Axis,2025-05-12 18:37:00,1,45.8,0.921,0.078,2,155.26,0,1,0,0,benign,none
TXN00002973,85.52,fuel,UPI,4,2,0,Kotak,2025-09-06 04:38:00,0,71.6,0.931,0.094,7,15.7,0,1,0,0,benign,none
TXN00004110,669.0,utilities,credit_card,19,2,0,Airtel Payments Bank,2025-08-12 19:31:00,0,63.7,0.95,0.004,1,1598.11,1,1,0,0,benign,none
TXN00001659,308.44,pharmacy,UPI,11,2,0,Axis,2025-12-14 11:27:00,0,6.1,0.858,0.036,1,32.28,0,1,0,0,benign,none
TXN00003826,1138.69,clothing,debit_card,18,2,0,Union Bank,2025-01-28 18:06:00,0,16.2,0.935,0.11,0,152.18,0,1,0,0,benign,none
TXN00004860,13.84,fuel,debit_card,1,0,0,Airtel Payments Bank,2025-12-29 01:04:00,0,29.3,0.888,0.022,4,20.11,0,1,0,0,benign,none
TXN00002883,1907.34,entertainment,UPI,18,3,0,SBI,2025-11-05 18:10:00,1,42.5,0.902,0.117,5,248.2,0,1,0,0,benign,none
TXN00002145,70.13,fuel,UPI,10,4,0,HDFC,2025-10-13 10:04:00,0,8.4,0.965,0.036,4,84.38,0,1,0,0,benign,none
TXN00003185,20.86,electronics,credit_card,17,2,0,Axis,2025-09-01 17:49:00,0,42.6,0.876,0.097,2,343.68,0,1,0,0,benign,none
TXN00000706,47.51,clothing,UPI,9,1,0,Union Bank,2025-06-01 09:15:00,1,47.0,0.992,0.011,2,17.85,0,1,0,0,benign,none
TXN00004855,2167.11,electronics,UPI,17,0,0,HDFC,2025-10-18 17:44:00,0,35.1,0.864,0.01,3,209.66,0,1,0,0,benign,none
TXN00003910,2792.43,restaurant,UPI,21,4,0,Axis,2025-09-09 21:09:00,0,14.1,0.979,0.096,1,38.07,0,1,0,0,benign,none
TXN00002483,229.41,travel,UPI,20,6,1,Kotak,2025-09-08 20:25:00,1,47.8,0.937,0.048,4,345.98,0,1,1,0,benign,none
TXN00001562,56.27,pharmacy,credit_card,19,4,0,Union Bank,2025-10-24 19:19:00,0,27.4,0.867,0.026,0,55.43,0,1,0,0,benign,none
TXN00000696,10.0,online_retail,debit_card,9,4,0,PNB,2025-12-15 09:19:00,0,71.5,0.949,0.072,3,545.09,0,1,0,0,benign,none
TXN00001103,623.53,grocery,net_banking,13,2,0,Union Bank,2025-02-06 13:50:00,0,28.9,0.856,0.038,7,11.19,0,0,0,0,benign,none
TXN00000473,341.58,fuel,UPI,14,4,0,Kotak,2025-07-11 14:23:00,0,27.1,0.88,0.082,0,329.94,0,1,0,0,benign,none
TXN00000379,107.35,grocery,credit_card,8,0,0,BOI,2025-03-27 08:23:00,0,57.0,0.887,0.061,7,12.81,0,1,0,0,benign,none
TXN00003154,81.87,healthcare,debit_card,11,2,0,BOI,2025-04-08 11:50:00,0,70.3,0.896,0.118,0,57.74,0,1,0,0,benign,none
TXN00003080,105.68,online_retail,UPI,22,0,0,PNB,2025-04-28 22:56:00,0,60.8,0.86,0.091,4,605.13,0,1,0,0,benign,none
TXN00004075,55.46,restaurant,UPI,14,0,0,Axis,2025-08-03 14:10:00,0,47.8,0.92,0.03,3,88.39,0,1,0,0,benign,none
TXN00004906,1005.37,clothing,credit_card,8,5,1,ICICI,2025-10-18 08:52:00,1,17.5,0.879,0.117,0,14.6,0,1,0,0,benign,none
TXN00000381,2584.25,online_retail,UPI,7,3,0,ICICI,2025-12-02 07:47:00,0,14.1,0.923,0.117,0,137.45,0,1,0,0,benign,none
TXN00002239,141.32,grocery,debit_card,13,5,1,PNB,2025-08-15 13:14:00,1,7.4,0.896,0.021,4,138.29,0,1,0,0,benign,none
TXN00004519,10.7,clothing,credit_card,18,5,1,BOI,2025-11-22 18:52:00,0,54.7,0.984,0.097,1,42.13,0,1,0,0,benign,none
TXN00001928,1163.52,grocery,net_banking,10,6,1,HDFC,2025-06-07 10:01:00,0,0.2,0.917,0.041,3,41.52,0,1,0,0,benign,none
TXN00002249,1994.62,fuel,UPI,10,3,0,SBI,2025-09-15 10:33:00,0,27.1,0.972,0.048,5,1019.95,0,1,0,0,benign,none
TXN00001957,28.08,grocery,UPI,7,3,0,Kotak,2025-08-19 07:06:00,0,60.7,0.889,0.031,4,12.01,0,1,0,0,benign,none
TXN00000058,51.5,pharmacy,debit_card,14,0,0,Kotak,2025-07-10 14:34:00,0,6.6,0.969,0.052,7,128.92,0,1,0,0,benign,none
TXN00002986,357.44,restaurant,wallet,19,0,0,BOI,2025-11-08 19:31:00,0,41.0,0.858,0.119,1,182.16,0,1,0,0,benign,none
TXN00001155,298.6,grocery,UPI,9,6,1,Airtel Payments Bank,2025-04-02 09:26:00,0,41.0,0.933,0.116,0,68.07,0,1,0,0,benign,none
TXN00004698,1706.88,electronics,UPI,20,1,0,BOI,2025-10-07 20:58:00,0,44.8,0.985,0.072,4,73.43,0,1,0,0,benign,none
TXN00002133,438.5,fuel,UPI,14,3,0,Paytm Payments Bank,2025-05-03 14:55:00,0,58.0,0.851,0.03,6,112.54,0,0,0,0,benign,none
TXN00001193,944.09,clothing,debit_card,17,5,1,Axis,2025-10-19 17:30:00,0,10.6,0.931,0.045,7,9.25,0,1,0,0,benign,none
TXN00000858,10.0,grocery,credit_card,16,4,0,ICICI,2025-03-02 16:56:00,0,56.1,0.998,0.068,3,47.58,0,1,0,0,benign,none
TXN00001963,159.97,restaurant,debit_card,16,4,0,PNB,2025-06-19 16:47:00,0,45.4,0.926,0.096,0,153.33,0,1,0,0,benign,none
TXN00004420,1961.4,restaurant,UPI,21,2,0,ICICI,2025-12-31 21:47:00,0,0.6,0.964,0.051,2,393.38,0,1,0,0,benign,none
TXN00003257,4720.84,travel,debit_card,12,5,1,SBI,2025-12-15 12:38:00,0,9.0,0.985,0.0,2,35.7,1,1,0,0,benign,none
TXN00001536,942.56,entertainment,UPI,21,5,1,Union Bank,2025-09-06 21:51:00,0,52.0,0.863,0.082,3,26.26,0,1,0,0,benign,none
TXN00000745,1307.02,online_retail,wallet,19,3,0,Airtel Payments Bank,2025-11-24 19:24:00,0,36.1,0.917,0.023,1,106.26,0,1,0,0,benign,none
TXN00002885,422.52,grocery,debit_card,14,1,0,HDFC,2025-06-03 14:55:00,1,41.3,0.858,0.006,5,12.73,0,1,0,0,benign,none
TXN00003684,36.95,restaurant,debit_card,14,5,1,ICICI,2025-11-01 14:45:00,0,63.3,0.977,0.099,5,564.5,0,1,0,0,benign,none
TXN00004099,164.78,healthcare,wallet,22,3,0,PNB,2025-04-25 22:13:00,1,67.4,0.935,0.117,3,214.79,0,1,0,0,benign,none
TXN00004007,569.9,clothing,UPI,10,6,1,Axis,2025-03-18 10:06:00,0,13.2,0.973,0.053,2,2139.89,0,1,0,0,benign,none
TXN00001278,470.91,clothing,UPI,19,4,0,HDFC,2025-06-22 19:33:00,0,9.8,0.994,0.038,6,967.77,0,1,0,0,benign,none
TXN00001656,492.38,fuel,debit_card,14,1,0,HDFC,2025-08-08 14:10:00,0,66.8,0.949,0.07,7,1168.85,0,1,0,0,benign,none
TXN00001533,30.06,online_retail,UPI,14,5,1,Kotak,2025-12-08 14:24:00,1,55.5,0.983,0.108,1,587.11,0,1,0,0,benign,none
TXN00002521,6051.91,clothing,credit_card,10,1,0,Union Bank,2025-08-26 10:02:00,0,48.9,0.871,0.109,4,45.24,0,1,0,0,benign,none
TXN00003742,11.3,electronics,UPI,15,3,0,Kotak,2025-04-07 15:27:00,1,12.2,0.893,0.091,2,293.29,0,1,0,0,benign,none
TXN00003941,141.48,grocery,UPI,13,1,0,Kotak,2025-07-05 13:03:00,1,36.4,0.914,0.066,3,25.07,1,1,1,0,benign,none
TXN00003337,588.98,restaurant,UPI,16,1,0,PNB,2025-03-16 16:16:00,0,27.1,0.86,0.031,2,134.21,0,1,0,0,benign,none
TXN00004522,190.91,restaurant,UPI,7,0,0,HDFC,2025-02-12 07:03:00,0,58.2,0.914,0.088,4,164.51,0,1,0,0,benign,none
TXN00000971,202.12,fuel,UPI,15,2,0,Kotak,2025-07-15 15:38:00,0,36.8,0.906,0.001,2,32.75,0,1,0,0,benign,none
TXN00000214,135.66,utilities,UPI,18,3,0,HDFC,2025-08-20 18:07:00,1,70.8,0.967,0.009,5,26.36,1,1,0,0,benign,none
TXN00004486,5160.45,grocery,UPI,14,4,0,Axis,2025-08-01 14:00:00,0,70.0,0.982,0.032,1,23.76,0,1,0,0,benign,none
TXN00000862,220.27,travel,UPI,11,1,0,BOI,2025-12-05 11:08:00,0,41.9,0.964,0.12,3,2408.0,0,1,0,0,benign,none
TXN00000003,1330.11,online_retail,UPI,14,0,0,Union Bank,2025-04-21 14:56:00,1,18.1,0.921,0.067,3,577.08,0,1,0,0,benign,none
TXN00003723,1261.69,utilities,debit_card,19,3,0,Union Bank,2025-05-23 19:37:00,0,68.7,0.881,0.035,7,668.55,0,1,0,0,benign,none
TXN00004602,222.0,grocery,debit_card,11,6,1,ICICI,2025-06-09 11:15:00,0,50.6,0.89,0.068,3,59.9,0,1,0,0,benign,none
TXN00000181,363.18,fuel,UPI,18,2,0,Axis,2025-07-13 18:06:00,0,15.4,0.958,0.032,7,16.08,0,1,0,0,benign,none
TXN00001618,438.44,electronics,UPI,10,0,0,HDFC,2025-12-15 10:00:00,0,71.2,0.974,0.004,1,159.54,0,1,0,0,benign,none
TXN00002755,28.34,healthcare,UPI,16,3,0,PNB,2025-12-27 16:57:00,0,12.8,0.968,0.086,1,72.38,1,0,0,0,benign,none
TXN00004332,3833.02,grocery,UPI,16,1,0,PNB,2025-07-05 16:50:00,0,47.7,0.965,0.075,7,88.37,0,1,0,0,benign,none
TXN00002034,300.29,electronics,debit_card,18,2,0,Paytm Payments Bank,2025-01-16 18:06:00,0,44.4,0.969,0.042,6,240.65,0,1,0,0,benign,none
TXN00003833,60.67,education,UPI,13,3,0,SBI,2025-11-02 13:05:00,0,34.9,0.937,0.028,1,171.88,0,1,0,0,benign,none
TXN00002492,971.38,fuel,debit_card,12,1,0,Kotak,2025-08-12 12:54:00,0,9.1,0.879,0.031,5,519.15,0,1,0,0,benign,none
TXN00003785,27.43,pharmacy,debit_card,12,0,0,Union Bank,2025-08-03 12:18:00,0,32.0,0.956,0.037,6,100.78,0,1,0,0,benign,none
TXN00004824,957.71,restaurant,net_banking,3,0,0,Airtel Payments Bank,2025-08-25 03:24:00,0,10.8,0.884,0.012,1,418.86,0,1,0,0,benign,none
TXN00000070,24.63,grocery,debit_card,17,2,0,Axis,2025-12-04 17:34:00,0,42.3,0.948,0.021,1,268.08,0,1,0,0,benign,none
TXN00000544,155.08,grocery,UPI,17,2,0,Union Bank,2025-02-02 17:37:00,0,44.7,0.858,0.1,2,20.94,0,1,0,0,benign,none
TXN00003434,24.47,fuel,UPI,8,0,0,SBI,2025-12-07 08:57:00,0,20.2,0.939,0.093,5,1713.02,0,1,0,0,benign,none
TXN00000835,48.92,travel,debit_card,14,3,0,Paytm Payments Bank,2025-06-22 14:08:00,0,55.5,0.894,0.046,7,78.71,0,1,0,0,benign,none
TXN00003859,498.03,travel,debit_card,14,3,0,Paytm Payments Bank,2025-09-18 14:48:00,0,32.0,0.985,0.014,1,170.32,0,1,0,0,benign,none
TXN00000367,55.7,travel,UPI,12,6,1,PNB,2025-03-10 12:37:00,0,9.2,0.916,0.087,2,258.93,0,1,0,0,benign,none
TXN00003903,161.43,entertainment,UPI,18,2,0,HDFC,2025-09-04 18:28:00,0,45.1,0.982,0.005,4,77.83,0,0,0,0,benign,none
TXN00000877,164.39,healthcare,UPI,20,5,1,HDFC,2025-06-16 20:05:00,0,69.1,0.975,0.007,3,54.09,0,1,0,0,benign,none
TXN00000196,778.98,restaurant,debit_card,21,0,0,Paytm Payments Bank,2025-10-09 21:50:00,0,32.3,0.946,0.099,1,630.78,1,1,0,0,benign,none
TXN00002603,353.71,healthcare,credit_card,20,4,0,Kotak,2025-06-06 20:32:00,0,43.9,0.915,0.037,7,115.34,0,1,0,0,benign,none
TXN00004233,3083.95,restaurant,UPI,17,1,0,HDFC,2025-09-30 17:47:00,1,66.2,0.884,0.059,3,738.87,0,1,0,0,benign,none
TXN00002213,6008.78,entertainment,UPI,11,5,1,Axis,2025-06-06 11:53:00,0,14.5,0.865,0.023,7,136.86,0,1,0,0,benign,none
TXN00001544,2849.59,pharmacy,UPI,17,0,0,Paytm Payments Bank,2025-08-23 17:22:00,0,14.4,0.988,0.004,6,250.86,0,1,0,0,benign,none
TXN00004466,239.45,grocery,UPI,14,2,0,Union Bank,2025-02-16 14:17:00,0,44.6,0.914,0.042,5,168.06,0,1,0,0,benign,none
TXN00004237,367.6,fuel,net_banking,15,5,1,Kotak,2025-07-05 15:01:00,0,13.2,0.922,0.037,7,153.22,0,1,0,0,benign,none
TXN00001432,51.28,travel,UPI,6,0,0,Paytm Payments Bank,2025-07-19 06:49:00,1,49.6,0.991,0.07,1,92.6,0,1,0,0,benign,none
TXN00004516,1049.86,grocery,UPI,19,3,0,Airtel Payments Bank,2025-01-27 19:11:00,0,4.8,0.939,0.068,5,130.37,1,1,0,0,benign,none
TXN00002025,17.3,healthcare,UPI,11,6,1,BOI,2025-01-28 11:17:00,1,71.8,0.883,0.048,4,224.01,0,1,0,0,benign,none
TXN00002471,112.19,pharmacy,UPI,19,3,0,Kotak,2025-10-22 19:12:00,0,31.8,0.913,0.113,7,49.73,0,1,0,0,benign,none
TXN00003044,351.26,utilities,debit_card,16,1,0,Paytm Payments Bank,2025-06-01 16:47:00,0,40.8,0.915,0.012,0,139.37,0,1,0,0,benign,none
TXN00003592,6259.05,grocery,UPI,17,4,0,SBI,2025-06-17 17:00:00,0,67.3,0.986,0.05,5,167.87,0,1,1,0,benign,none
TXN00002232,24.13,utilities,UPI,15,0,0,Union Bank,2025-10-23 15:16:00,0,51.1,0.933,0.069,4,96.6,0,1,0,0,benign,none
TXN00002680,2251.06,travel,debit_card,19,4,0,PNB,2025-09-13 19:12:00,0,6.0,0.922,0.117,7,125.13,0,1,0,0,benign,none
TXN00000218,185.28,travel,debit_card,10,3,0,Paytm Payments Bank,2025-03-27 10:59:00,0,7.7,0.862,0.001,6,292.36,0,1,0,0,benign,none
TXN00003945,223.4,clothing,UPI,11,2,0,Paytm Payments Bank,2025-02-02 11:09:00,0,16.0,0.87,0.046,1,77.11,0,1,0,0,benign,none
TXN00003393,37.16,healthcare,debit_card,11,1,0,Kotak,2025-01-18 11:31:00,0,30.1,0.889,0.089,5,522.47,0,1,0,0,benign,none
TXN00001244,1604.83,grocery,credit_card,11,3,0,ICICI,2025-08-09 11:07:00,0,28.4,0.905,0.056,4,624.2,0,1,0,0,benign,none
TXN00004412,937.82,fuel,wallet,13,5,1,PNB,2025-03-21 13:32:00,1,69.5,0.99,0.03,1,18.81,0,1,0,0,benign,none
TXN00001643,786.12,grocery,wallet,10,3,0,Paytm Payments Bank,2025-05-28 10:41:00,1,37.0,0.99,0.041,1,147.04,1,1,0,0,benign,none
TXN00000576,2711.17,grocery,UPI,20,3,0,Union Bank,2025-06-22 20:50:00,0,33.0,0.931,0.055,6,4841.9,0,1,0,0,benign,none
TXN00003312,178.84,education,debit_card,16,4,0,ICICI,2025-11-13 16:57:00,0,25.7,0.966,0.082,4,507.53,0,1,0,0,benign,none
TXN00001775,417.57,fuel,UPI,21,2,0,Airtel Payments Bank,2025-08-03 21:39:00,0,36.6,0.86,0.067,0,169.52,0,1,0,0,benign,none
TXN00001166,20401.49,grocery,wallet,22,5,1,SBI,2025-07-30 22:14:00,0,53.3,0.877,0.082,5,418.95,0,1,0,0,benign,none
TXN00003114,410.4,electronics,net_banking,7,1,0,Kotak,2025-12-03 07:47:00,0,46.6,0.905,0.072,0,712.72,0,1,0,0,benign,none
TXN00004298,5012.17,online_retail,wallet,22,5,1,HDFC,2025-04-29 22:06:00,0,63.2,0.873,0.021,5,124.57,0,0,0,0,benign,none
TXN00000415,349.33,clothing,wallet,10,2,0,SBI,2025-11-02 10:55:00,0,58.6,0.952,0.033,2,48.31,0,1,0,0,benign,none
TXN00003208,1537.0,education,debit_card,13,5,1,Union Bank,2025-10-23 13:06:00,0,42.3,0.885,0.019,1,14.02,0,1,0,0,benign,none
TXN00003934,499.53,electronics,debit_card,21,0,0,Airtel Payments Bank,2025-06-28 21:05:00,0,49.8,0.988,0.077,7,474.7,0,1,0,0,benign,none
TXN00000759,542.71,grocery,debit_card,10,2,0,BOI,2025-03-05 10:15:00,0,40.2,0.965,0.064,0,240.24,0,1,0,0,benign,none
TXN00001385,289.9,education,UPI,21,4,0,Union Bank,2025-06-01 21:52:00,0,3.5,0.95,0.071,7,26.71,0,1,0,0,benign,none
TXN00001201,101.99,utilities,UPI,20,1,0,ICICI,2025-09-05 20:18:00,0,6.4,0.878,0.068,0,34.28,0,1,0,0,benign,none
TXN00004694,196.79,restaurant,UPI,8,1,0,BOI,2025-05-20 08:53:00,0,0.5,0.98,0.063,5,92.42,0,1,0,0,benign,none
TXN00003689,2780.28,healthcare,UPI,19,0,0,Kotak,2025-11-05 19:42:00,0,14.4,0.883,0.113,4,5.42,1,1,0,0,benign,none
TXN00004128,166.51,pharmacy,UPI,19,6,1,Airtel Payments Bank,2025-05-28 19:33:00,0,53.9,0.901,0.094,2,626.74,0,1,0,0,benign,none
TXN00004598,2048.68,restaurant,debit_card,0,6,1,ICICI,2025-04-27 00:26:00,0,9.8,0.861,0.078,4,408.82,0,1,0,0,benign,none
TXN00004374,1183.44,fuel,net_banking,8,6,1,Union Bank,2025-11-30 08:01:00,0,3.8,0.897,0.05,0,589.99,1,1,0,0,benign,none
TXN00000782,6220.53,grocery,net_banking,19,1,0,Axis,2025-02-13 19:40:00,0,44.8,0.923,0.12,7,462.77,0,1,0,0,benign,none
TXN00000543,177.22,restaurant,UPI,9,4,0,PNB,2025-01-29 09:17:00,0,13.4,0.99,0.066,7,1569.76,0,1,0,0,benign,none
TXN00000328,29.68,healthcare,credit_card,12,2,0,SBI,2025-06-10 12:50:00,0,48.8,0.974,0.106,4,11.34,0,1,0,0,benign,none
TXN00003279,119.16,clothing,debit_card,13,3,0,SBI,2025-01-17 13:08:00,0,33.9,0.886,0.056,0,226.73,0,1,0,0,benign,none
TXN00001281,10.0,restaurant,UPI,0,4,0,Airtel Payments Bank,2025-07-24 00:38:00,0,3.4,0.989,0.096,1,163.64,0,1,0,0,benign,none
TXN00003429,1018.94,clothing,UPI,15,6,1,Paytm Payments Bank,2025-04-13 15:43:00,0,33.0,0.94,0.065,4,57.45,0,0,0,0,benign,none
TXN00001282,10.0,utilities,net_banking,14,2,0,Kotak,2025-07-18 14:30:00,0,36.0,0.894,0.039,1,336.66,0,1,0,0,benign,none
TXN00003658,47.82,utilities,UPI,9,5,1,HDFC,2025-02-20 09:03:00,0,67.9,0.931,0.038,3,123.85,0,1,0,0,benign,none
TXN00001437,10.0,restaurant,debit_card,20,5,1,PNB,2025-03-29 20:07:00,0,10.6,0.886,0.025,4,88.82,0,1,0,0,benign,none
TXN00000056,149.12,clothing,UPI,0,5,1,BOI,2025-01-13 00:39:00,0,53.7,0.882,0.095,6,41.58,0,1,0,0,benign,none
TXN00002922,24.75,entertainment,UPI,12,6,1,SBI,2025-05-22 12:32:00,0,71.4,0.963,0.056,5,117.97,0,1,0,0,benign,none
TXN00002111,597.9,restaurant,UPI,9,2,0,Airtel Payments Bank,2025-12-14 09:08:00,0,17.4,0.931,0.002,3,11.95,0,1,1,0,benign,none
TXN00001844,23.14,online_retail,debit_card,14,0,0,SBI,2025-12-07 14:39:00,0,11.2,0.94,0.109,0,61.82,0,1,0,0,benign,none
TXN00003761,959.96,restaurant,UPI,16,2,0,BOI,2025-12-01 16:51:00,0,8.5,0.932,0.082,6,364.98,0,1,0,0,benign,none
TXN00002984,22.68,clothing,UPI,2,5,1,PNB,2025-11-10 02:25:00,0,62.7,0.879,0.054,4,297.63,0,1,0,0,benign,none
TXN00002729,25.13,utilities,UPI,14,3,0,PNB,2025-01-19 14:09:00,0,58.1,0.931,0.049,0,39.52,1,1,0,0,benign,none
TXN00000740,1484.96,clothing,net_banking,3,4,0,SBI,2025-11-09 03:01:00,0,30.9,0.929,0.056,5,217.21,0,1,0,0,benign,none
TXN00000524,3062.17,restaurant,UPI,9,6,1,PNB,2025-08-29 09:01:00,1,36.0,0.957,0.01,0,316.58,0,1,0,0,benign,none
TXN00003027,21.22,pharmacy,debit_card,19,3,0,BOI,2025-04-29 19:36:00,0,21.8,0.942,0.045,0,72.9,0,1,0,0,benign,none
TXN00002577,43.17,clothing,UPI,7,1,0,SBI,2025-06-13 07:09:00,0,43.8,0.965,0.083,6,62.57,0,1,0,0,benign,none
TXN00000435,82.35,grocery,debit_card,10,2,0,Axis,2025-10-20 10:01:00,0,66.2,0.912,0.001,7,538.39,0,1,0,0,benign,none
TXN00000308,698.39,entertainment,debit_card,15,2,0,Union Bank,2025-08-11 15:35:00,0,66.2,0.967,0.064,2,73.01,0,1,1,0,benign,none
TXN00003437,293.04,travel,net_banking,10,0,0,HDFC,2025-07-08 10:46:00,0,13.2,0.912,0.107,6,98.72,0,1,0,0,benign,none
TXN00000401,348.69,grocery,credit_card,12,3,0,Airtel Payments Bank,2025-10-31 12:36:00,0,67.5,0.956,0.014,5,59.31,0,1,0,0,benign,none
TXN00004277,159.0,education,credit_card,19,5,1,Airtel Payments Bank,2025-02-20 19:56:00,0,66.8,0.935,0.113,3,102.22,0,1,0,0,benign,none
TXN00000881,1347.18,travel,UPI,14,3,0,PNB,2025-08-27 14:33:00,1,33.2,0.94,0.046,5,676.33,0,1,0,0,benign,none
TXN00000288,144.62,education,UPI,19,5,1,Airtel Payments Bank,2025-07-22 19:01:00,0,63.3,0.909,0.085,5,130.52,0,1,0,0,benign,none
TXN00004872,21.47,clothing,UPI,8,2,0,Paytm Payments Bank,2025-03-28 08:04:00,0,69.7,0.938,0.049,5,15.24,0,1,0,0,benign,none
TXN00004975,80.13,grocery,UPI,3,2,0,Union Bank,2025-11-09 03:03:00,0,53.5,0.892,0.059,1,20.69,1,1,0,0,benign,none
TXN00000476,1660.6,clothing,UPI,12,6,1,Paytm Payments Bank,2025-08-31 12:10:00,0,68.6,0.992,0.089,4,423.35,0,1,0,0,benign,none
TXN00004800,256.08,fuel,debit_card,14,6,1,BOI,2025-04-01 14:38:00,0,68.1,0.911,0.038,0,59.94,0,1,0,0,benign,none
TXN00004387,734.95,pharmacy,debit_card,18,4,0,HDFC,2025-01-11 18:38:00,0,58.9,0.975,0.097,2,443.48,0,1,0,0,benign,none
TXN00002124,232.66,electronics,credit_card,22,1,0,BOI,2025-10-30 22:49:00,1,43.6,0.991,0.063,7,90.11,0,1,0,0,benign,none
TXN00000737,1045.88,grocery,debit_card,14,4,0,Union Bank,2025-06-10 14:25:00,0,3.4,0.91,0.047,6,415.51,0,1,0,0,benign,none
TXN00004291,14.4,pharmacy,net_banking,9,3,0,Kotak,2025-06-22 09:26:00,0,5.3,0.976,0.041,6,199.35,0,1,0,0,benign,none
TXN00004092,61.7,fuel,credit_card,7,5,1,Axis,2025-08-07 07:32:00,0,71.2,0.911,0.002,7,47.17,0,1,0,0,benign,none
TXN00002588,427.07,electronics,debit_card,16,1,0,Paytm Payments Bank,2025-09-09 16:45:00,0,62.5,0.925,0.097,2,25.89,0,1,0,0,benign,none
TXN00001839,48.36,grocery,debit_card,11,6,1,HDFC,2025-11-10 11:39:00,1,25.7,0.957,0.102,5,34.11,0,1,0,0,benign,none
TXN00001995,495.53,healthcare,debit_card,11,3,0,Paytm Payments Bank,2025-05-02 11:21:00,0,44.6,0.961,0.036,1,56.82,0,1,0,0,benign,none
TXN00003082,369.82,clothing,UPI,15,0,0,Axis,2025-03-26 15:49:00,0,34.6,0.957,0.029,5,99.81,0,1,0,0,benign,none
TXN00002697,318.03,pharmacy,net_banking,22,5,1,Axis,2025-10-15 22:27:00,0,36.7,0.959,0.012,2,419.23,0,1,0,0,benign,none
TXN00004148,198.51,clothing,net_banking,20,1,0,ICICI,2025-07-28 20:08:00,1,38.0,0.947,0.037,2,25.84,0,0,0,0,benign,none
TXN00000800,53.46,grocery,UPI,1,4,0,HDFC,2025-10-19 01:47:00,0,8.5,0.924,0.098,6,18.66,0,1,0,0,benign,none
TXN00002446,124.34,electronics,UPI,16,1,0,Paytm Payments Bank,2025-11-04 16:48:00,0,63.0,0.932,0.07,7,67.93,0,1,0,0,benign,none
TXN00004753,18.67,restaurant,wallet,9,2,0,BOI,2025-10-15 09:25:00,0,15.4,0.945,0.068,6,290.46,0,1,0,0,benign,none
TXN00001405,854.41,grocery,UPI,10,3,0,Union Bank,2025-04-12 10:31:00,0,69.6,0.982,0.032,2,38.58,1,1,0,0,benign,none
TXN00004553,466.4,grocery,UPI,12,2,0,Union Bank,2025-10-23 12:22:00,0,65.7,0.99,0.101,7,129.74,1,1,0,0,benign,none
TXN00000069,173.41,grocery,credit_card,15,2,0,Axis,2025-03-18 15:18:00,0,46.1,0.936,0.103,5,139.11,0,1,0,0,benign,none
TXN00004794,1908.89,travel,net_banking,10,3,0,BOI,2025-01-11 10:26:00,0,26.7,0.877,0.081,3,87.53,0,1,0,0,benign,none
TXN00001586,10.0,utilities,credit_card,14,6,1,Kotak,2025-02-20 14:57:00,0,17.0,0.996,0.08,2,87.99,0,1,0,0,benign,none
TXN00003085,925.92,electronics,UPI,11,2,0,PNB,2025-05-21 11:36:00,0,11.5,0.951,0.067,4,47.41,0,1,0,0,benign,none
TXN00004937,12.09,fuel,debit_card,18,5,1,PNB,2025-09-13 18:00:00,0,52.3,0.962,0.104,5,17.57,1,1,0,0,benign,none
TXN00001074,47.31,entertainment,debit_card,12,5,1,ICICI,2025-02-17 12:19:00,0,18.9,0.869,0.014,0,147.77,0,1,0,0,benign,none
TXN00003992,141.34,grocery,UPI,13,2,0,Airtel Payments Bank,2025-08-10 13:39:00,0,26.8,0.878,0.111,6,149.49,0,1,0,0,benign,none
TXN00002199,56.59,education,credit_card,5,2,0,Kotak,2025-10-31 05:02:00,0,62.9,0.875,0.06,0,601.92,0,1,0,0,benign,none
TXN00004129,42.14,education,credit_card,9,2,0,HDFC,2025-07-19 09:11:00,0,45.1,0.937,0.007,4,297.96,0,1,0,0,benign,none
TXN00002210,1015.07,education,UPI,20,0,0,Axis,2025-10-08 20:33:00,0,22.9,0.941,0.104,7,582.42,1,1,0,0,benign,none
TXN00003133,79.64,clothing,debit_card,17,1,0,SBI,2025-08-23 17:28:00,0,65.3,0.953,0.04,7,660.17,0,1,0,0,benign,none
TXN00003693,22.64,utilities,debit_card,21,2,0,BOI,2025-06-03 21:04:00,1,67.8,0.874,0.088,2,146.24,0,1,0,0,benign,none
TXN00002260,10.0,restaurant,net_banking,11,0,0,Union Bank,2025-04-27 11:45:00,0,59.9,0.875,0.051,0,1394.28,0,1,0,0,benign,none
TXN00000477,31.33,entertainment,debit_card,15,4,0,HDFC,2025-07-14 15:46:00,0,50.5,0.852,0.105,6,137.81,0,1,0,0,benign,none
TXN00001329,930.43,healthcare,UPI,10,6,1,Axis,2025-03-20 10:54:00,0,37.9,0.888,0.023,7,230.03,0,1,0,0,benign,none
TXN00001777,357.52,utilities,credit_card,15,6,1,SBI,2025-10-05 15:11:00,0,62.3,0.859,0.114,0,70.2,0,1,0,0,benign,none
TXN00003150,398.17,restaurant,credit_card,8,6,1,ICICI,2025-07-04 08:00:00,0,57.0,0.89,0.061,1,73.49,0,1,0,0,benign,none
TXN00000751,142.78,online_retail,debit_card,7,2,0,SBI,2025-09-10 07:02:00,0,11.8,0.945,0.051,2,182.69,0,1,0,0,benign,none
TXN00004845,1167.61,entertainment,UPI,11,3,0,ICICI,2025-07-21 11:08:00,1,29.7,0.884,0.048,4,274.6,0,1,0,0,benign,none
TXN00000468,1791.46,fuel,UPI,15,3,0,PNB,2025-04-17 15:49:00,1,56.7,0.97,0.075,6,71.97,0,1,0,0,benign,none
TXN00001545,159.81,utilities,net_banking,19,3,0,Kotak,2025-11-27 19:33:00,0,26.1,0.937,0.034,5,354.18,0,1,0,0,benign,none
TXN00001025,126.98,restaurant,UPI,18,4,0,Axis,2025-12-01 18:37:00,0,51.3,0.88,0.098,6,21.68,0,1,0,0,benign,none
TXN00002531,649.34,utilities,debit_card,14,0,0,Kotak,2025-02-26 14:50:00,0,51.6,0.922,0.084,0,34.85,0,1,0,0,benign,none
TXN00000773,2782.56,fuel,UPI,2,0,0,Axis,2025-02-06 02:03:00,0,61.8,0.916,0.062,5,14.61,0,1,0,0,benign,none
TXN00002389,225.66,fuel,UPI,15,1,0,PNB,2025-10-16 15:09:00,0,60.3,0.888,0.016,7,1424.58,0,1,0,0,benign,none
TXN00000641,861.4,clothing,UPI,18,2,0,Axis,2025-11-10 18:13:00,0,23.4,0.89,0.046,3,45.94,0,1,0,0,benign,none
TXN00003043,100.88,education,wallet,11,2,0,BOI,2025-02-27 11:10:00,0,53.3,0.863,0.097,0,152.0,0,1,0,0,benign,none
TXN00001108,2556.56,electronics,UPI,12,1,0,BOI,2025-01-31 12:54:00,0,13.7,0.877,0.112,4,31.17,0,1,0,0,benign,none
TXN00003205,132.01,entertainment,UPI,17,2,0,Paytm Payments Bank,2025-07-03 17:26:00,0,41.8,0.984,0.119,2,574.01,0,1,0,0,benign,none
TXN00002464,69.06,clothing,credit_card,11,2,0,SBI,2025-05-06 11:49:00,0,57.2,0.998,0.116,7,866.66,0,1,0,0,benign,none
TXN00001420,165.5,restaurant,UPI,9,3,0,Axis,2025-07-06 09:49:00,0,51.9,0.964,0.07,0,337.42,1,1,0,0,benign,none
TXN00004011,388.24,entertainment,net_banking,12,2,0,Union Bank,2025-04-30 12:01:00,0,4.4,0.922,0.096,0,471.6,0,1,0,0,benign,none
TXN00004127,141.49,electronics,UPI,15,4,0,Kotak,2025-09-10 15:38:00,0,69.2,0.856,0.066,6,289.27,0,1,0,0,benign,none
TXN00001680,16.42,healthcare,UPI,16,6,1,BOI,2025-10-02 16:39:00,0,3.0,0.973,0.069,1,53.62,0,1,0,0,benign,none
TXN00000633,10.0,utilities,UPI,6,6,1,Kotak,2025-12-08 06:42:00,0,60.9,0.897,0.085,3,3769.11,0,1,0,0,benign,none
TXN00002166,38668.04,healthcare,UPI,7,2,0,PNB,2025-01-13 07:53:00,0,66.7,0.969,0.054,5,54.11,0,1,0,0,benign,none
TXN00002458,10.0,grocery,debit_card,11,0,0,Union Bank,2025-09-14 11:05:00,0,2.9,0.909,0.0,7,85.77,0,0,0,0,benign,none
TXN00003014,1446.71,travel,credit_card,12,1,0,SBI,2025-09-26 12:55:00,0,19.8,0.982,0.058,6,42.2,0,1,0,0,benign,none
TXN00002312,2875.01,grocery,credit_card,7,3,0,SBI,2025-06-04 07:05:00,0,9.3,0.94,0.119,4,7.83,0,1,0,0,benign,none
TXN00001172,198.27,online_retail,UPI,23,5,1,Paytm Payments Bank,2025-04-13 23:38:00,0,30.8,0.964,0.007,0,2163.64,0,1,0,0,benign,none
TXN00003031,684.95,education,UPI,15,5,1,Axis,2025-08-15 15:51:00,0,51.1,0.952,0.022,3,155.66,1,1,0,0,benign,none
TXN00002870,10.0,clothing,debit_card,21,4,0,HDFC,2025-09-28 21:03:00,0,27.2,0.936,0.04,7,49.06,0,1,0,0,benign,none
TXN00002715,276.33,pharmacy,UPI,10,5,1,Axis,2025-04-01 10:37:00,0,16.1,0.86,0.02,1,889.37,0,1,0,0,benign,none
TXN00003932,460.52,grocery,UPI,19,4,0,Paytm Payments Bank,2025-06-24 19:58:00,1,53.7,0.865,0.002,1,129.43,0,1,0,0,benign,none
TXN00000815,428.64,grocery,UPI,9,0,0,PNB,2025-08-31 09:19:00,0,48.5,0.858,0.006,7,89.09,0,1,0,0,benign,none
TXN00002131,16450.67,restaurant,credit_card,20,6,1,Axis,2025-08-26 20:21:00,0,12.1,0.991,0.115,2,227.68,0,1,0,0,benign,none
TXN00004209,131.85,grocery,debit_card,15,1,0,PNB,2025-06-10 15:16:00,1,36.0,0.876,0.052,4,102.48,0,1,0,0,benign,none
TXN00003032,26.76,electronics,UPI,20,2,0,HDFC,2025-10-27 20:19:00,0,60.7,0.969,0.104,2,32.94,0,1,1,0,benign,none
TXN00000179,409.32,clothing,UPI,14,0,0,Airtel Payments Bank,2025-04-07 14:55:00,1,54.9,0.886,0.044,2,45.06,0,1,0,0,benign,none
TXN00003123,653.93,grocery,UPI,21,6,1,SBI,2025-07-23 21:04:00,0,4.8,0.888,0.045,0,421.9,0,1,0,0,benign,none
TXN00001157,3467.94,grocery,UPI,18,5,1,PNB,2025-04-20 18:09:00,0,58.4,0.897,0.086,3,123.43,0,1,0,0,benign,none
TXN00001532,1431.77,electronics,credit_card,14,5,1,PNB,2025-12-01 14:03:00,0,23.6,0.873,0.086,4,123.09,0,1,0,0,benign,none
TXN00001535,43.51,electronics,credit_card,15,2,0,BOI,2025-08-07 15:44:00,0,32.1,0.937,0.046,5,30.4,0,1,0,0,benign,none
TXN00002622,3894.2,electronics,UPI,20,3,0,Union Bank,2025-05-10 20:57:00,1,40.0,0.988,0.064,4,102.32,0,1,0,0,benign,none
TXN00002582,209.24,utilities,debit_card,16,0,0,PNB,2025-08-30 16:46:00,0,59.9,0.898,0.105,7,13.7,0,1,0,0,benign,none
TXN00002177,610.28,clothing,UPI,20,0,0,BOI,2025-03-03 20:49:00,0,63.4,0.972,0.116,3,454.33,0,1,0,0,benign,none
TXN00001480,550.02,fuel,UPI,7,3,0,BOI,2025-06-25 07:14:00,0,33.8,0.891,0.104,4,126.16,0,1,1,0,benign,none
TXN00003995,72.11,grocery,debit_card,8,0,0,Paytm Payments Bank,2025-05-08 08:37:00,0,24.2,0.862,0.075,6,33.23,0,1,0,0,benign,none
TXN00001952,10.0,clothing,UPI,14,4,0,Paytm Payments Bank,2025-03-08 14:13:00,0,17.9,0.876,0.087,1,1128.95,0,1,0,0,benign,none
TXN00003299,321.43,clothing,debit_card,10,2,0,Paytm Payments Bank,2025-04-28 10:00:00,1,30.2,0.932,0.052,7,274.3,0,1,0,0,benign,none
TXN00003543,506.83,grocery,debit_card,6,4,0,Airtel Payments Bank,2025-08-20 06:05:00,0,41.9,0.892,0.063,1,268.29,0,1,0,0,benign,none
TXN00001163,16.23,restaurant,debit_card,19,0,0,BOI,2025-04-07 19:50:00,1,27.3,0.988,0.077,6,279.04,0,1,0,0,benign,none
TXN00004759,91.53,fuel,UPI,9,5,1,Axis,2025-12-17 09:54:00,0,42.9,0.962,0.021,3,63.26,0,1,0,0,benign,none
TXN00004386,146.93,education,debit_card,8,3,0,Axis,2025-10-02 08:28:00,0,9.4,0.887,0.056,7,667.83,0,1,1,0,benign,none
TXN00001598,4188.02,restaurant,debit_card,12,1,0,Paytm Payments Bank,2025-12-24 12:00:00,0,8.9,0.916,0.059,1,225.13,0,1,0,0,benign,none
TXN00000300,5482.03,education,UPI,13,1,0,SBI,2025-02-14 13:55:00,0,26.4,0.954,0.062,1,42.41,0,1,0,0,benign,none
TXN00003143,387.36,grocery,credit_card,16,1,0,BOI,2025-07-21 16:23:00,0,54.3,0.961,0.056,1,720.1,0,1,1,0,benign,none
TXN00004588,11.34,entertainment,debit_card,15,6,1,PNB,2025-10-23 15:43:00,1,69.1,0.913,0.046,1,3.79,0,1,0,0,benign,none
TXN00002252,824.9,restaurant,debit_card,19,5,1,ICICI,2025-12-22 19:34:00,0,63.0,0.904,0.011,7,452.97,0,1,0,0,benign,none
TXN00001359,154.91,fuel,UPI,18,0,0,PNB,2025-12-15 18:35:00,0,59.7,0.885,0.102,6,364.13,0,0,0,0,benign,none
TXN00002894,74.29,restaurant,UPI,9,1,0,HDFC,2025-06-27 09:16:00,0,66.1,0.895,0.116,5,110.06,0,1,0,0,benign,none
TXN00004762,420.74,travel,net_banking,11,1,0,HDFC,2025-05-01 11:48:00,0,49.5,0.941,0.092,0,68.18,0,1,0,0,benign,none
TXN00000486,60.16,fuel,UPI,15,3,0,Union Bank,2025-06-25 15:20:00,0,20.8,0.937,0.02,3,46.07,0,1,0,0,benign,none
TXN00003349,46.96,education,UPI,12,5,1,SBI,2025-07-03 12:17:00,0,35.8,0.945,0.084,2,52.69,1,1,0,0,benign,none
TXN00001152,399.72,clothing,UPI,2,0,0,Kotak,2025-10-26 02:31:00,0,15.2,0.972,0.046,6,6.42,0,1,0,0,benign,none
TXN00004509,727.74,healthcare,credit_card,19,1,0,BOI,2025-03-04 19:56:00,0,20.8,0.99,0.079,1,560.26,0,1,0,0,benign,none
TXN00004934,122.18,restaurant,UPI,8,2,0,Airtel Payments Bank,2025-09-04 08:03:00,0,35.3,0.906,0.048,7,132.53,0,1,0,0,benign,none
TXN00000665,11.36,fuel,UPI,20,1,0,Union Bank,2025-03-11 20:54:00,0,53.1,0.983,0.031,3,169.68,0,1,0,0,benign,none
TXN00002373,4303.75,utilities,UPI,20,6,1,Union Bank,2025-03-18 20:46:00,0,8.0,0.938,0.039,5,4.05,0,1,0,0,benign,none
TXN00000642,9846.12,pharmacy,UPI,21,0,0,Kotak,2025-07-14 21:20:00,0,11.6,0.927,0.022,5,107.0,0,1,0,0,benign,none
TXN00000176,4198.0,fuel,credit_card,9,0,0,HDFC,2025-01-03 09:02:00,0,19.6,0.865,0.009,0,40.25,1,1,0,0,benign,none
TXN00004765,474.57,clothing,wallet,18,6,1,SBI,2025-02-23 18:44:00,0,11.7,0.869,0.043,1,79.35,0,1,1,0,benign,none
TXN00000786,264.96,pharmacy,UPI,15,3,0,Axis,2025-04-29 15:36:00,0,58.8,0.91,0.05,1,45.34,0,1,0,0,benign,none
TXN00003936,2120.73,grocery,credit_card,23,4,0,SBI,2025-02-20 23:31:00,0,1.2,0.968,0.068,2,299.11,0,0,0,0,benign,none
TXN00000091,204.94,online_retail,UPI,21,6,1,BOI,2025-11-15 21:39:00,0,37.7,0.88,0.013,0,579.46,0,1,0,0,benign,none
TXN00004823,85.25,fuel,UPI,10,2,0,Union Bank,2025-10-28 10:48:00,1,11.0,0.869,0.102,6,44.14,0,1,0,0,benign,none
TXN00001971,140.89,restaurant,debit_card,19,5,1,PNB,2025-08-10 19:46:00,1,31.5,0.903,0.011,3,120.08,0,1,0,0,benign,none
TXN00000530,127.59,grocery,net_banking,12,0,0,Union Bank,2025-05-11 12:46:00,0,2.5,0.898,0.004,6,46.0,0,1,0,0,benign,none
TXN00000996,972.9,clothing,credit_card,7,0,0,Axis,2025-05-27 07:59:00,0,0.8,0.97,0.101,0,44.95,0,1,0,0,benign,none
TXN00002154,366.4,grocery,UPI,18,3,0,PNB,2025-12-31 18:05:00,0,9.6,0.874,0.063,3,115.78,0,1,0,0,benign,none
TXN00003071,355.65,restaurant,UPI,7,2,0,SBI,2025-09-06 07:26:00,0,2.0,0.956,0.103,7,768.63,0,1,0,0,benign,none
TXN00001427,1284.43,restaurant,UPI,17,2,0,Union Bank,2025-10-15 17:25:00,0,55.6,0.86,0.014,3,11.78,0,1,0,0,benign,none
TXN00004938,862.14,online_retail,UPI,22,0,0,SBI,2025-03-16 22:38:00,0,0.4,0.858,0.087,3,13.63,0,1,0,0,benign,none
TXN00003068,10281.28,pharmacy,wallet,19,1,0,HDFC,2025-03-29 19:58:00,0,62.3,0.961,0.066,0,64.19,0,1,0,0,benign,none
TXN00003418,312.9,fuel,net_banking,9,0,0,ICICI,2025-01-09 09:04:00,0,54.2,0.968,0.007,0,6.72,0,1,0,0,benign,none
TXN00002954,10.0,grocery,UPI,13,5,1,Axis,2025-06-09 13:18:00,0,11.1,0.987,0.002,2,80.18,0,1,0,0,benign,none
TXN00002794,1773.42,travel,credit_card,22,2,0,ICICI,2025-04-06 22:08:00,0,57.3,0.962,0.096,1,15.79,0,0,0,0,benign,none
TXN00004038,70.26,utilities,credit_card,12,2,0,Axis,2025-04-11 12:26:00,0,45.6,0.892,0.092,1,45.43,0,1,0,0,benign,none
TXN00004024,49.54,pharmacy,credit_card,17,0,0,Axis,2025-05-20 17:21:00,0,23.1,0.937,0.023,4,59.11,0,1,0,0,benign,none
TXN00000694,55.25,travel,debit_card,19,2,0,PNB,2025-01-03 19:17:00,0,23.4,0.853,0.046,3,432.44,0,1,0,0,benign,none
TXN00001738,55.95,clothing,UPI,7,3,0,SBI,2025-05-07 07:27:00,1,54.2,0.93,0.013,6,55.34,0,1,0,0,benign,none
TXN00000167,489.27,utilities,credit_card,10,4,0,Axis,2025-08-30 10:46:00,0,13.6,0.86,0.087,3,13.92,0,1,0,0,benign,none
TXN00002638,808.94,education,UPI,14,2,0,BOI,2025-11-01 14:10:00,1,50.7,0.899,0.071,2,293.04,0,1,0,0,benign,none
TXN00002825,198.49,grocery,credit_card,21,5,1,Kotak,2025-06-18 21:30:00,1,5.7,0.937,0.044,3,314.31,0,1,0,0,benign,none
TXN00002276,24.52,pharmacy,net_banking,10,0,0,ICICI,2025-01-27 10:06:00,0,44.2,0.954,0.049,6,1143.43,0,1,0,0,benign,none
TXN00003153,192.24,entertainment,debit_card,10,3,0,Kotak,2025-06-16 10:27:00,0,68.8,0.981,0.022,0,58.85,1,1,0,0,benign,none
TXN00003094,6549.72,grocery,UPI,5,2,0,Paytm Payments Bank,2025-09-17 05:18:00,0,11.3,0.949,0.025,6,5821.09,0,1,0,0,benign,none
TXN00002223,58.6,education,credit_card,10,0,0,SBI,2025-08-22 10:02:00,0,26.4,0.862,0.09,6,790.83,0,1,0,0,benign,none
TXN00000100,123.88,grocery,credit_card,14,6,1,Axis,2025-03-21 14:05:00,0,44.7,0.858,0.036,1,82.6,0,1,0,0,benign,none
TXN00004901,277.84,electronics,UPI,10,6,1,SBI,2025-10-16 10:37:00,0,33.2,0.869,0.094,0,171.67,0,1,0,0,benign,none
TXN00004350,170.83,grocery,credit_card,7,3,0,Kotak,2025-06-02 07:58:00,0,14.8,0.942,0.104,6,1022.48,0,1,0,0,benign,none
TXN00002518,664.76,pharmacy,credit_card,11,2,0,BOI,2025-05-23 11:24:00,1,58.3,0.989,0.008,7,201.96,0,1,0,0,benign,none
TXN00001465,263.08,clothing,UPI,0,5,1,Union Bank,2025-10-01 00:00:00,1,4.3,0.982,0.003,1,276.77,0,1,0,0,benign,none
TXN00004156,468.79,pharmacy,UPI,5,4,0,Kotak,2025-12-02 05:26:00,0,36.0,0.85,0.107,2,90.05,0,1,0,0,benign,none
TXN00001744,819.1,utilities,UPI,11,3,0,Axis,2025-07-04 11:46:00,0,45.9,0.9,0.107,0,170.24,0,1,0,0,benign,none
TXN00002436,41.7,online_retail,credit_card,10,6,1,Paytm Payments Bank,2025-05-13 10:49:00,0,46.9,0.889,0.008,6,600.93,0,1,0,0,benign,none
TXN00002358,2157.44,restaurant,credit_card,20,1,0,SBI,2025-06-12 20:36:00,0,52.3,0.865,0.004,2,247.75,0,1,0,0,benign,none
TXN00003132,268.62,electronics,UPI,19,2,0,Paytm Payments Bank,2025-02-21 19:32:00,0,6.0,0.95,0.035,1,66.48,0,1,0,0,benign,none
TXN00002771,690.96,grocery,UPI,7,3,0,Paytm Payments Bank,2025-01-15 07:51:00,0,5.8,0.892,0.033,7,148.79,0,1,0,0,benign,none
TXN00004480,360.78,grocery,UPI,9,2,0,ICICI,2025-03-29 09:39:00,1,37.2,0.973,0.05,0,104.73,0,1,0,0,benign,none
TXN00002121,264.96,grocery,credit_card,17,0,0,Kotak,2025-11-07 17:46:00,0,47.7,0.951,0.042,6,835.75,0,1,0,0,benign,none
TXN00003885,270.71,fuel,debit_card,7,5,1,ICICI,2025-12-18 07:16:00,0,56.7,0.868,0.112,4,282.68,0,1,0,0,benign,none
TXN00003994,723.0,restaurant,UPI,20,5,1,HDFC,2025-04-11 20:49:00,0,61.3,0.88,0.119,4,41.09,0,1,0,0,benign,none
TXN00002944,192.91,grocery,debit_card,8,5,1,Union Bank,2025-09-21 08:49:00,0,61.8,0.901,0.022,1,274.71,1,0,0,0,benign,none
TXN00001203,203.5,grocery,net_banking,15,0,0,BOI,2025-02-13 15:05:00,0,7.0,0.922,0.078,5,4308.92,0,1,0,0,benign,none
TXN00002650,36.48,travel,UPI,7,2,0,BOI,2025-06-07 07:45:00,0,26.6,0.87,0.003,7,197.22,0,1,0,0,benign,none
TXN00004834,13.38,utilities,credit_card,13,1,0,ICICI,2025-04-28 13:55:00,0,27.4,0.87,0.049,5,130.37,0,1,0,0,benign,none
TXN00001926,85.66,pharmacy,UPI,10,0,0,Axis,2025-07-08 10:02:00,0,14.3,0.943,0.092,1,88.17,0,1,0,0,benign,none
TXN00002499,2247.05,utilities,UPI,10,1,0,Paytm Payments Bank,2025-04-28 10:16:00,0,67.0,0.866,0.077,1,52.1,0,1,0,0,benign,none
TXN00002543,1009.76,pharmacy,net_banking,8,4,0,SBI,2025-05-09 08:30:00,1,12.9,0.974,0.109,1,61.55,0,1,0,0,benign,none
TXN00003857,249.29,online_retail,credit_card,17,4,0,PNB,2025-01-08 17:44:00,0,11.0,0.923,0.057,3,499.42,0,1,0,0,benign,none
TXN00000805,1772.18,education,UPI,19,3,0,HDFC,2025-01-12 19:58:00,0,2.7,0.87,0.012,1,15.74,1,1,0,0,benign,none
TXN00003717,545.06,utilities,debit_card,8,6,1,Union Bank,2025-02-18 08:30:00,0,35.8,0.889,0.029,7,663.32,0,1,0,0,benign,none
TXN00003100,39.3,pharmacy,credit_card,19,1,0,Paytm Payments Bank,2025-06-09 19:01:00,1,44.5,0.987,0.069,7,129.88,0,1,0,0,benign,none
TXN00003392,58.43,restaurant,wallet,21,1,0,ICICI,2025-03-14 21:13:00,0,9.7,0.928,0.094,0,1.28,0,1,0,0,benign,none
TXN00001242,5066.75,utilities,debit_card,7,4,0,Paytm Payments Bank,2025-11-01 07:26:00,0,59.6,0.901,0.074,7,332.01,0,1,0,0,benign,none
TXN00004661,128.32,pharmacy,UPI,16,5,1,SBI,2025-01-27 16:58:00,1,63.4,0.875,0.025,2,373.14,0,1,0,0,benign,none
TXN00000547,39.83,utilities,UPI,16,4,0,BOI,2025-01-30 16:28:00,0,41.4,0.904,0.036,3,3.01,0,1,0,0,benign,none
TXN00000026,637.88,restaurant,UPI,13,2,0,Paytm Payments Bank,2025-09-01 13:19:00,0,49.4,0.959,0.105,4,29.04,0,1,0,0,benign,none
TXN00004141,122673.73,restaurant,credit_card,17,0,0,ICICI,2025-02-22 17:19:00,0,66.7,0.95,0.031,5,48.23,0,1,0,0,benign,none
TXN00003443,124.94,fuel,UPI,12,4,0,Axis,2025-09-14 12:20:00,0,19.9,0.895,0.074,4,159.14,0,1,0,0,benign,none
TXN00001302,739.29,grocery,UPI,19,1,0,SBI,2025-09-02 19:59:00,0,68.9,0.971,0.037,3,215.63,0,1,0,0,benign,none
TXN00001221,2497.42,fuel,debit_card,20,0,0,Airtel Payments Bank,2025-01-18 20:43:00,0,46.7,0.898,0.032,4,20.06,0,1,1,0,benign,none
TXN00000437,35.67,utilities,UPI,16,5,1,HDFC,2025-11-04 16:24:00,0,36.3,0.898,0.067,0,828.46,0,1,0,0,benign,none
TXN00004463,80.6,fuel,UPI,19,3,0,ICICI,2025-05-02 19:53:00,0,25.3,0.892,0.098,6,3.62,0,1,1,0,benign,none
TXN00004955,10067.26,fuel,UPI,14,4,0,HDFC,2025-10-27 14:50:00,0,3.9,0.889,0.049,7,134.63,0,1,0,0,benign,none
TXN00000326,14.44,clothing,debit_card,11,4,0,Airtel Payments Bank,2025-10-09 11:30:00,1,60.4,0.875,0.084,5,63.8,0,1,0,0,benign,none
TXN00001039,828.26,clothing,wallet,17,4,0,HDFC,2025-12-09 17:36:00,0,63.5,0.862,0.112,2,404.46,0,1,0,0,benign,none
TXN00004201,10.0,grocery,UPI,7,3,0,Airtel Payments Bank,2025-12-07 07:41:00,0,8.2,0.876,0.056,1,277.67,0,1,0,0,benign,none
TXN00001870,1175.54,entertainment,UPI,9,1,0,Airtel Payments Bank,2025-01-15 09:42:00,0,58.1,0.953,0.109,5,622.59,0,1,0,0,benign,none
TXN00000534,14.61,restaurant,credit_card,9,4,0,SBI,2025-05-30 09:48:00,0,64.4,0.857,0.079,6,24.91,0,1,1,0,benign,none
TXN00002926,1034.11,pharmacy,credit_card,22,6,1,Kotak,2025-12-20 22:21:00,0,37.5,0.976,0.074,1,1718.85,0,1,0,0,benign,none
TXN00000585,8911.82,utilities,debit_card,20,3,0,Union Bank,2025-12-11 20:23:00,0,57.4,0.863,0.084,2,484.9,0,1,0,0,benign,none
TXN00001703,10.0,online_retail,UPI,15,6,1,Airtel Payments Bank,2025-12-21 15:27:00,0,9.4,0.938,0.091,3,87.11,1,1,0,0,benign,none
TXN00000491,473.31,electronics,debit_card,10,5,1,Axis,2025-12-31 10:03:00,1,26.4,0.948,0.027,4,285.61,0,1,0,0,benign,none
TXN00002510,82.88,travel,net_banking,17,0,0,Union Bank,2025-09-11 17:03:00,0,54.3,0.882,0.116,7,159.51,0,1,0,0,benign,none
TXN00004101,332.85,restaurant,UPI,11,5,1,BOI,2025-10-04 11:23:00,0,33.0,0.854,0.102,2,58.94,0,1,0,0,benign,none
TXN00002266,731.58,electronics,credit_card,7,4,0,PNB,2025-04-10 07:49:00,0,32.7,0.995,0.117,1,124.93,0,1,0,0,benign,none
TXN00003891,19.21,healthcare,UPI,20,1,0,PNB,2025-12-04 20:19:00,0,20.7,0.887,0.032,1,24.22,0,1,0,0,benign,none
TXN00002678,10.05,grocery,debit_card,10,0,0,Axis,2025-02-27 10:58:00,0,51.3,0.911,0.028,0,566.26,0,1,0,0,benign,none
TXN00003782,44.64,pharmacy,debit_card,11,5,1,PNB,2025-02-16 11:33:00,0,50.1,0.893,0.01,0,20.9,1,1,0,0,benign,none
TXN00001916,80.73,restaurant,debit_card,18,4,0,Paytm Payments Bank,2025-08-07 18:59:00,0,32.1,0.981,0.074,6,228.85,0,1,0,0,benign,none
TXN00002515,85.14,grocery,credit_card,13,4,0,Paytm Payments Bank,2025-09-04 13:03:00,1,62.7,0.95,0.066,4,160.79,0,1,0,0,benign,none
TXN00003064,145.17,restaurant,UPI,21,1,0,Kotak,2025-08-05 21:16:00,0,26.0,0.946,0.023,5,43.1,1,1,0,0,benign,none
TXN00004262,105.61,utilities,credit_card,21,6,1,SBI,2025-04-22 21:17:00,0,18.4,0.867,0.054,6,11.51,0,1,0,0,benign,none
TXN00000397,369.66,electronics,debit_card,8,2,0,Axis,2025-08-21 08:23:00,0,70.2,0.977,0.023,2,348.03,0,1,0,0,benign,none
TXN00001317,481.49,restaurant,credit_card,20,3,0,Airtel Payments Bank,2025-08-06 20:41:00,0,13.3,0.864,0.032,3,57.94,1,1,0,0,benign,none
TXN00000121,337.88,grocery,net_banking,10,4,0,HDFC,2025-03-03 10:12:00,0,21.8,0.855,0.071,0,29.8,1,1,0,0,benign,none
TXN00002876,22.65,travel,wallet,13,6,1,Union Bank,2025-02-23 13:18:00,0,40.3,0.979,0.004,6,116.94,1,1,0,0,benign,none
TXN00001566,30.14,entertainment,debit_card,20,6,1,Axis,2025-03-15 20:26:00,1,37.0,0.886,0.084,6,302.72,0,1,0,0,benign,none
TXN00001984,59.46,clothing,UPI,4,5,1,Axis,2025-09-29 04:50:00,0,16.3,0.91,0.088,0,144.48,0,1,0,0,benign,none
TXN00002173,27.39,utilities,wallet,16,4,0,Kotak,2025-06-15 16:24:00,0,59.1,0.871,0.06,1,28.36,0,1,0,0,benign,none
TXN00002333,230.33,travel,debit_card,21,6,1,PNB,2025-12-12 21:43:00,0,49.8,0.863,0.047,0,89.6,0,1,0,0,benign,none
TXN00000573,48.45,restaurant,UPI,18,4,0,Axis,2025-08-31 18:22:00,0,30.7,0.855,0.016,5,386.51,0,1,0,0,benign,none
TXN00002707,10.0,entertainment,UPI,19,0,0,ICICI,2025-04-24 19:34:00,0,40.9,0.869,0.119,3,505.33,0,1,0,0,benign,none
TXN00004392,35.31,restaurant,debit_card,19,5,1,Union Bank,2025-01-17 19:37:00,1,29.7,0.889,0.033,2,23.32,0,1,0,0,benign,none
TXN00003283,2560.93,restaurant,debit_card,21,0,0,Paytm Payments Bank,2025-09-07 21:49:00,0,50.9,0.964,0.025,3,201.57,0,1,0,0,benign,none
TXN00001407,790.88,grocery,UPI,13,1,0,BOI,2025-07-09 13:43:00,0,11.5,0.982,0.033,6,1463.6,0,1,0,0,benign,none
TXN00000535,770.81,travel,UPI,20,1,0,HDFC,2025-06-21 20:24:00,0,12.0,0.912,0.073,5,154.31,0,1,0,0,benign,none
TXN00003614,10.0,pharmacy,UPI,10,3,0,Airtel Payments Bank,2025-08-09 10:05:00,0,64.6,0.984,0.008,2,65.92,0,1,0,0,benign,none
TXN00001434,374.84,clothing,UPI,11,6,1,BOI,2025-03-08 11:03:00,1,8.8,0.988,0.069,3,13.43,0,1,0,0,benign,none
TXN00003003,15.09,clothing,debit_card,21,3,0,Paytm Payments Bank,2025-04-07 21:02:00,0,25.7,0.89,0.116,7,2382.54,0,1,0,0,benign,none
TXN00001867,829.93,grocery,wallet,0,2,0,HDFC,2025-10-31 00:18:00,0,61.4,0.944,0.032,5,203.88,0,1,0,0,benign,none
TXN00001454,3432.1,grocery,debit_card,15,5,1,PNB,2025-02-04 15:23:00,1,27.1,0.891,0.095,5,77.54,0,1,0,0,benign,none
TXN00002995,61.58,pharmacy,UPI,15,2,0,Paytm Payments Bank,2025-11-04 15:57:00,0,64.8,0.898,0.015,1,251.55,0,1,0,0,benign,none
TXN00001820,10.0,grocery,UPI,13,2,0,Paytm Payments Bank,2025-11-26 13:38:00,0,6.1,0.965,0.065,1,603.73,0,1,0,0,benign,none
TXN00000051,762.28,fuel,UPI,19,0,0,BOI,2025-05-07 19:08:00,0,67.1,0.91,0.057,6,7438.62,0,1,0,0,benign,none
TXN00004785,14.85,entertainment,UPI,14,4,0,HDFC,2025-03-11 14:14:00,0,60.3,0.98,0.118,7,1396.99,0,1,0,0,benign,none
TXN00004582,319.8,pharmacy,UPI,10,5,1,Union Bank,2025-07-19 10:09:00,0,54.6,0.976,0.097,3,314.56,0,0,0,0,benign,none
TXN00000469,43.3,entertainment,credit_card,12,4,0,Kotak,2025-07-21 12:21:00,1,59.6,0.989,0.022,3,189.77,0,1,0,0,benign,none
TXN00004343,102.24,clothing,debit_card,22,1,0,Kotak,2025-09-24 22:35:00,0,15.3,0.972,0.026,5,73.17,1,1,0,0,benign,none
TXN00003090,2272.62,fuel,UPI,22,5,1,BOI,2025-01-14 22:24:00,0,43.4,0.991,0.061,5,167.34,0,1,0,0,benign,none
TXN00001858,496.75,pharmacy,UPI,17,4,0,Kotak,2025-09-08 17:28:00,0,20.3,0.898,0.082,7,1578.26,0,1,0,0,benign,none
TXN00000865,1092.1,healthcare,UPI,4,0,0,BOI,2025-02-17 04:20:00,0,32.0,0.976,0.099,0,9.24,0,1,0,0,benign,none
TXN00004705,689.26,utilities,UPI,20,0,0,Paytm Payments Bank,2025-03-09 20:50:00,0,56.3,0.867,0.111,0,46.32,0,1,0,0,benign,none
TXN00004081,1151.83,clothing,credit_card,12,4,0,PNB,2025-12-08 12:06:00,0,26.4,0.953,0.08,7,108.37,0,1,0,0,benign,none
TXN00000425,128.45,grocery,UPI,22,0,0,Union Bank,2025-06-15 22:37:00,0,55.9,0.945,0.022,0,21227.72,0,1,0,0,benign,none
TXN00000188,20.85,entertainment,debit_card,10,1,0,Kotak,2025-10-31 10:17:00,0,56.7,0.963,0.115,5,531.88,1,1,0,0,benign,none
TXN00004367,177.24,pharmacy,credit_card,21,4,0,Axis,2025-08-06 21:34:00,0,59.5,0.902,0.097,0,17.05,0,1,0,0,benign,none
TXN00000228,52.68,pharmacy,debit_card,9,4,0,Airtel Payments Bank,2025-09-28 09:37:00,0,21.1,0.995,0.004,3,192.63,0,1,0,0,benign,none
TXN00001041,1412.35,clothing,debit_card,11,5,1,Axis,2025-12-20 11:55:00,1,63.7,0.906,0.007,6,639.55,0,1,0,0,benign,none
TXN00003819,142.51,grocery,UPI,7,1,0,Paytm Payments Bank,2025-10-11 07:17:00,0,67.9,0.951,0.098,7,34.58,0,1,0,0,benign,none
TXN00004057,883.8,grocery,UPI,18,3,0,Union Bank,2025-01-16 18:53:00,1,51.3,0.86,0.114,5,18.26,0,1,0,0,benign,none
TXN00001905,30.28,grocery,UPI,15,2,0,Paytm Payments Bank,2025-08-14 15:56:00,0,53.6,0.86,0.014,2,97.98,1,1,0,0,benign,none
TXN00000801,34.79,travel,debit_card,18,5,1,PNB,2025-02-14 18:59:00,1,41.5,0.965,0.053,1,13.56,1,1,1,0,benign,none
TXN00001487,20.67,utilities,debit_card,7,3,0,Paytm Payments Bank,2025-03-05 07:23:00,0,69.2,0.858,0.088,0,91.95,0,1,0,0,benign,none
TXN00003548,62.21,clothing,credit_card,20,4,0,BOI,2025-11-30 20:56:00,0,48.5,0.963,0.113,1,208.11,0,0,0,0,benign,none
TXN00001128,157.75,fuel,debit_card,11,3,0,PNB,2025-09-12 11:34:00,0,57.9,0.929,0.079,1,144.04,0,1,0,0,benign,none
TXN00004247,602.73,restaurant,UPI,18,6,1,Axis,2025-06-03 18:03:00,0,32.2,0.989,0.076,0,1526.51,0,1,0,0,benign,none
TXN00002208,734.74,utilities,net_banking,12,2,0,HDFC,2025-01-24 12:53:00,0,18.6,0.958,0.035,7,67.07,0,1,0,0,benign,none
TXN00003078,25.38,electronics,credit_card,9,6,1,SBI,2025-02-10 09:06:00,0,65.2,0.982,0.043,0,86.14,0,0,0,0,benign,none
TXN00003016,78.59,grocery,debit_card,4,2,0,ICICI,2025-01-26 04:14:00,0,69.8,0.916,0.021,1,378.59,0,1,0,0,benign,none
TXN00002144,67.02,healthcare,UPI,5,2,0,Axis,2025-11-27 05:48:00,0,47.6,0.961,0.083,4,67.67,1,1,0,0,benign,none
TXN00002948,904.02,education,UPI,22,6,1,Airtel Payments Bank,2025-05-10 22:00:00,0,65.1,0.955,0.037,1,13.25,0,1,0,0,benign,none
TXN00001632,318.2,fuel,UPI,20,4,0,BOI,2025-07-23 20:00:00,0,42.8,0.953,0.034,0,16.07,0,1,0,0,benign,none
TXN00004467,138.81,grocery,UPI,18,1,0,ICICI,2025-11-05 18:30:00,0,45.4,0.988,0.003,1,35.36,0,1,0,0,benign,none
TXN00000156,309.36,restaurant,debit_card,17,0,0,Paytm Payments Bank,2025-05-06 17:00:00,0,20.7,0.951,0.053,7,1948.6,0,1,0,0,benign,none
TXN00002626,2794.85,clothing,net_banking,16,1,0,HDFC,2025-11-17 16:17:00,0,61.6,0.987,0.037,0,198.2,0,1,0,0,benign,none
TXN00003465,10046.81,clothing,UPI,8,6,1,Paytm Payments Bank,2025-05-02 08:18:00,1,34.8,0.919,0.008,1,14.79,0,1,0,0,benign,none
TXN00004619,708.81,fuel,debit_card,13,1,0,PNB,2025-03-18 13:13:00,1,59.4,0.992,0.046,5,95.12,0,1,0,0,benign,none
TXN00004983,7487.37,restaurant,credit_card,16,0,0,HDFC,2025-11-22 16:04:00,0,4.0,0.889,0.012,1,267.4,0,0,0,0,benign,none
TXN00004738,1057.71,electronics,UPI,13,3,0,Airtel Payments Bank,2025-11-30 13:52:00,0,70.0,0.906,0.006,4,1576.01,0,0,0,0,benign,none
TXN00002495,13084.11,fuel,UPI,10,4,0,SBI,2025-01-17 10:03:00,0,22.0,0.921,0.009,0,23.0,0,1,0,0,benign,none
TXN00002372,199.02,restaurant,UPI,7,6,1,Axis,2025-07-10 07:20:00,0,53.1,0.926,0.095,4,63.65,0,1,0,0,benign,none
TXN00002879,499.46,online_retail,wallet,14,5,1,Paytm Payments Bank,2025-11-17 14:35:00,0,31.2,0.855,0.095,3,325.9,1,1,0,0,benign,none
TXN00003035,587.73,entertainment,UPI,20,6,1,Axis,2025-07-15 20:13:00,0,47.4,0.947,0.095,3,125.42,1,1,0,0,benign,none
TXN00003261,34.26,entertainment,UPI,7,0,0,Kotak,2025-11-15 07:17:00,0,54.3,0.995,0.114,3,285.52,0,1,0,0,benign,none
TXN00000847,1132.65,utilities,credit_card,15,1,0,ICICI,2025-07-14 15:08:00,0,26.4,0.992,0.026,1,739.85,0,0,0,0,benign,none
TXN00000756,46.64,pharmacy,UPI,8,4,0,Axis,2025-12-30 08:44:00,0,32.3,0.935,0.01,7,152.03,0,1,0,0,benign,none
TXN00002960,24.92,pharmacy,UPI,15,6,1,Axis,2025-03-05 15:12:00,0,21.7,0.902,0.074,6,456.32,0,1,0,0,benign,none
TXN00004472,6088.26,fuel,UPI,16,0,0,ICICI,2025-12-24 16:05:00,0,60.6,0.929,0.069,7,453.52,0,1,0,0,benign,none
TXN00003745,126.47,restaurant,debit_card,6,2,0,Airtel Payments Bank,2025-12-30 06:25:00,0,35.7,0.963,0.079,5,200.18,0,1,0,0,benign,none
TXN00002061,5433.01,clothing,UPI,17,1,0,BOI,2025-07-28 17:56:00,0,23.2,0.922,0.08,5,95.24,0,1,0,0,benign,none
TXN00000549,806.58,travel,UPI,15,3,0,BOI,2025-10-15 15:59:00,1,24.8,0.911,0.091,3,614.84,0,1,0,0,benign,none
TXN00003142,162.46,healthcare,UPI,21,1,0,SBI,2025-06-18 21:30:00,0,10.5,0.856,0.065,6,98.28,0,1,0,0,benign,none
TXN00003969,38.0,fuel,debit_card,16,4,0,BOI,2025-10-21 16:53:00,0,41.4,0.932,0.079,2,353.02,0,1,0,0,benign,none
TXN00001259,102.72,restaurant,UPI,17,2,0,ICICI,2025-03-14 17:41:00,0,25.8,0.997,0.117,5,8.29,0,1,0,0,benign,none
TXN00001024,10.0,fuel,UPI,16,1,0,Airtel Payments Bank,2025-02-25 16:47:00,0,32.1,0.949,0.118,4,2011.74,0,1,0,0,benign,none
TXN00000752,39.37,fuel,UPI,8,1,0,ICICI,2025-10-05 08:40:00,0,12.7,0.972,0.083,1,111.79,0,1,0,0,benign,none
TXN00003662,112.95,grocery,credit_card,9,2,0,Kotak,2025-10-24 09:28:00,0,16.1,0.96,0.074,0,2019.2,0,1,0,0,benign,none
TXN00001951,380.57,utilities,net_banking,10,0,0,Kotak,2025-12-10 10:14:00,1,24.4,0.991,0.107,6,42.6,0,1,0,0,benign,none
TXN00004587,3651.46,grocery,credit_card,19,4,0,Union Bank,2025-04-28 19:52:00,0,27.3,0.955,0.075,3,10.18,1,1,0,0,benign,none
TXN00000351,1123.1,restaurant,debit_card,21,5,1,Paytm Payments Bank,2025-02-01 21:49:00,0,4.2,0.923,0.107,4,128.79,0,1,0,0,benign,none
TXN00001511,656.31,travel,net_banking,20,1,0,BOI,2025-03-27 20:50:00,0,70.7,0.941,0.098,1,84.98,0,1,0,0,benign,none
TXN00003399,100.5,electronics,debit_card,15,5,1,Paytm Payments Bank,2025-09-30 15:10:00,0,50.0,0.993,0.039,3,570.66,0,1,0,0,benign,none
TXN00004398,39.44,pharmacy,debit_card,7,3,0,Axis,2025-07-11 07:21:00,0,54.5,0.967,0.117,1,59.72,0,1,0,0,benign,none
TXN00000701,157.42,utilities,UPI,17,4,0,BOI,2025-01-27 17:46:00,0,43.3,0.873,0.062,5,56.68,0,0,0,0,benign,none
TXN00004818,695.84,fuel,UPI,17,6,1,HDFC,2025-04-28 17:52:00,0,9.4,0.982,0.017,0,69.01,0,1,0,0,benign,none
TXN00000561,446.63,pharmacy,UPI,8,1,0,Kotak,2025-01-01 08:09:00,1,11.9,0.994,0.011,3,309.82,0,1,0,0,benign,none
TXN00002318,13655.47,fuel,debit_card,20,5,1,Airtel Payments Bank,2025-01-19 20:12:00,0,16.7,0.982,0.019,5,488.5,0,1,0,0,benign,none
TXN00004881,399.26,grocery,debit_card,9,2,0,Paytm Payments Bank,2025-01-18 09:06:00,0,7.7,0.897,0.074,0,20.92,1,1,0,0,benign,none
TXN00003921,138.51,grocery,debit_card,11,6,1,BOI,2025-11-06 11:20:00,0,36.3,0.996,0.003,3,102.44,0,1,0,0,benign,none
TXN00001047,649.8,clothing,debit_card,11,4,0,SBI,2025-05-18 11:37:00,1,2.3,0.952,0.088,0,177.45,0,1,0,0,benign,none
TXN00000414,146.53,grocery,UPI,18,3,0,HDFC,2025-10-27 18:41:00,0,6.8,0.922,0.09,3,388.2,0,1,0,0,benign,none
TXN00004192,690.43,electronics,UPI,14,3,0,HDFC,2025-01-18 14:34:00,0,7.0,0.987,0.053,0,30.82,0,1,0,0,benign,none
TXN00003708,189.49,fuel,debit_card,21,6,1,HDFC,2025-02-06 21:05:00,0,56.4,0.864,0.112,4,480.91,0,1,0,0,benign,none
TXN00001469,10.16,utilities,UPI,9,1,0,Axis,2025-04-25 09:29:00,0,57.6,0.985,0.045,4,40.38,0,1,0,0,benign,none
TXN00004010,469.13,grocery,UPI,18,6,1,Paytm Payments Bank,2025-01-18 18:09:00,0,3.2,0.962,0.083,0,189.34,0,1,0,0,benign,none
TXN00004510,152.58,fuel,UPI,22,1,0,Kotak,2025-03-17 22:09:00,0,40.1,0.984,0.068,0,64.71,0,1,0,0,benign,none
TXN00002271,34.37,utilities,debit_card,9,1,0,Paytm Payments Bank,2025-08-24 09:10:00,0,25.9,0.853,0.011,7,1706.93,0,1,0,0,benign,none
TXN00001583,69.03,fuel,UPI,12,4,0,HDFC,2025-03-09 12:52:00,0,9.5,0.89,0.005,3,224.6,0,1,0,0,benign,none
TXN00001412,14.55,utilities,debit_card,5,2,0,Paytm Payments Bank,2025-11-19 05:28:00,0,12.4,0.952,0.006,1,170.75,0,1,0,0,benign,none
TXN00003000,2317.49,electronics,debit_card,15,3,0,Paytm Payments Bank,2025-03-16 15:24:00,0,18.4,0.958,0.021,6,84.72,0,1,0,0,benign,none
TXN00001722,74.23,utilities,wallet,11,2,0,PNB,2025-02-22 11:23:00,0,39.0,0.959,0.005,5,686.66,0,1,0,0,benign,none
TXN00003149,376.33,grocery,debit_card,13,5,1,Paytm Payments Bank,2025-08-22 13:57:00,1,46.6,0.863,0.085,4,775.25,1,1,0,0,benign,none
TXN00003541,461.1,fuel,UPI,23,1,0,Airtel Payments Bank,2025-06-10 23:37:00,0,0.9,0.893,0.037,7,132.14,0,1,0,0,benign,none
TXN00001507,226.41,restaurant,UPI,9,6,1,Kotak,2025-05-04 09:54:00,0,60.1,0.992,0.069,5,94.55,1,1,0,0,benign,none
TXN00004428,174.21,education,UPI,8,1,0,Airtel Payments Bank,2025-12-13 08:01:00,0,39.1,0.968,0.029,2,495.2,0,1,0,0,benign,none
TXN00001321,89.18,restaurant,UPI,19,4,0,SBI,2025-07-25 19:42:00,0,47.8,0.963,0.004,2,71.91,0,1,0,0,benign,none
TXN00000842,5748.21,pharmacy,credit_card,10,5,1,Paytm Payments Bank,2025-09-11 10:15:00,0,50.8,0.952,0.091,0,902.56,0,1,0,0,benign,none
TXN00001146,573.38,healthcare,UPI,19,0,0,Kotak,2025-02-08 19:22:00,1,26.3,0.94,0.009,3,2985.46,0,1,0,0,benign,none
TXN00000463,10.0,education,UPI,17,3,0,PNB,2025-01-23 17:29:00,1,23.2,0.893,0.021,2,153.93,1,1,0,0,benign,none
TXN00001754,1769.66,pharmacy,UPI,13,0,0,Axis,2025-07-14 13:26:00,0,30.6,0.853,0.108,2,10.5,0,0,0,0,benign,none
TXN00003914,10.0,restaurant,UPI,10,1,0,ICICI,2025-01-18 10:09:00,1,2.9,0.854,0.061,5,438.71,0,1,0,0,benign,none
TXN00003590,223.8,restaurant,UPI,7,3,0,SBI,2025-12-06 07:30:00,0,70.6,0.858,0.026,3,117.88,0,1,0,0,benign,none
TXN00003767,546.24,utilities,debit_card,18,1,0,HDFC,2025-02-15 18:39:00,0,42.0,0.958,0.064,5,267.26,0,1,0,0,benign,none
TXN00000378,4392.52,restaurant,credit_card,9,0,0,BOI,2025-09-03 09:32:00,0,36.3,0.953,0.038,7,64.15,0,1,0,0,benign,none
TXN00001335,6954.13,fuel,UPI,13,0,0,BOI,2025-10-26 13:13:00,1,36.5,0.992,0.117,7,143.97,0,1,0,0,benign,none
TXN00001223,1000.85,restaurant,UPI,10,4,0,Axis,2025-07-05 10:44:00,0,40.0,0.864,0.11,3,168.3,0,1,0,0,benign,none
TXN00004042,231.26,clothing,debit_card,15,6,1,ICICI,2025-09-07 15:30:00,0,67.7,0.908,0.094,2,39.01,0,1,0,0,benign,none
TXN00003787,264.2,fuel,debit_card,12,2,0,SBI,2025-07-17 12:45:00,0,45.1,0.921,0.107,6,37.77,1,1,0,0,benign,none
TXN00001350,155.22,grocery,UPI,15,5,1,Airtel Payments Bank,2025-02-08 15:17:00,1,11.1,0.922,0.015,2,3907.13,0,1,0,0,benign,none
TXN00001811,10.0,clothing,UPI,14,0,0,SBI,2025-06-28 14:48:00,0,62.5,0.877,0.007,1,56.95,0,1,0,0,benign,none
TXN00001351,673.23,grocery,debit_card,23,1,0,HDFC,2025-04-24 23:01:00,0,11.7,0.906,0.041,2,366.35,0,1,0,0,benign,none
TXN00004475,615.65,restaurant,debit_card,8,6,1,Union Bank,2025-10-18 08:18:00,0,69.2,0.975,0.024,7,1975.8,1,1,0,0,benign,none
TXN00001894,151.48,restaurant,UPI,22,2,0,Paytm Payments Bank,2025-02-17 22:36:00,0,68.2,0.951,0.042,6,117.27,0,1,0,0,benign,none
TXN00003260,296.9,restaurant,UPI,14,0,0,ICICI,2025-12-24 14:25:00,0,42.1,0.902,0.109,0,151.88,0,1,0,0,benign,none
TXN00002742,54.78,grocery,UPI,13,5,1,HDFC,2025-01-24 13:53:00,0,8.1,0.87,0.065,2,158.07,0,0,0,0,benign,none
TXN00004250,151.13,education,debit_card,6,2,0,HDFC,2025-09-14 06:40:00,0,15.3,0.862,0.053,2,1189.89,0,1,0,0,benign,none
TXN00004407,380.16,entertainment,debit_card,19,2,0,BOI,2025-02-18 19:34:00,1,21.6,0.975,0.067,3,429.36,0,1,0,0,benign,none
TXN00001189,189.85,entertainment,UPI,8,2,0,Axis,2025-06-02 08:05:00,0,47.1,0.928,0.11,4,22.89,0,1,0,0,benign,none
TXN00003739,104.24,grocery,UPI,9,6,1,PNB,2025-07-18 09:12:00,0,64.4,0.866,0.098,3,189.65,0,1,0,0,benign,none
TXN00000898,579.39,restaurant,debit_card,21,3,0,BOI,2025-12-20 21:34:00,0,30.3,0.889,0.03,1,12.29,0,1,0,0,benign,none
TXN00003768,1299.3,grocery,net_banking,3,2,0,HDFC,2025-08-12 03:29:00,0,58.8,0.92,0.059,5,132.63,0,1,0,0,benign,none
TXN00002332,391.25,online_retail,credit_card,15,5,1,Kotak,2025-01-19 15:19:00,0,37.6,0.852,0.046,5,315.64,0,1,0,0,benign,none
TXN00002262,313.8,pharmacy,credit_card,5,2,0,ICICI,2025-02-11 05:06:00,0,55.9,0.911,0.039,1,1378.58,0,1,0,0,benign,none
TXN00004836,10.0,restaurant,credit_card,7,2,0,Airtel Payments Bank,2025-07-02 07:34:00,0,53.8,0.964,0.112,6,17.9,0,1,0,0,benign,none
TXN00002595,55.65,online_retail,debit_card,14,5,1,Paytm Payments Bank,2025-11-22 14:26:00,1,18.7,0.955,0.07,1,191.84,0,1,0,0,benign,none
TXN00001030,2075.05,entertainment,debit_card,17,4,0,Axis,2025-06-30 17:15:00,0,60.6,0.976,0.081,4,79.64,0,1,0,0,benign,none
TXN00003685,396.23,utilities,debit_card,2,1,0,HDFC,2025-03-02 02:31:00,0,19.1,0.885,0.101,3,237.7,0,1,0,0,benign,none
TXN00003733,124.63,grocery,UPI,14,1,0,Airtel Payments Bank,2025-08-29 14:42:00,0,54.0,0.969,0.071,5,1153.55,0,1,0,0,benign,none
TXN00004180,2139.04,travel,UPI,11,3,0,PNB,2025-09-27 11:26:00,1,63.6,0.903,0.016,3,1412.76,0,1,0,0,benign,none
TXN00001755,758.87,fuel,UPI,2,3,0,SBI,2025-10-29 02:17:00,1,36.4,0.897,0.004,2,130.31,0,1,0,0,benign,none
TXN00002957,300.32,grocery,net_banking,22,0,0,Axis,2025-01-21 22:34:00,0,60.0,0.89,0.093,2,71.14,0,1,1,0,benign,none
TXN00000231,84.5,restaurant,UPI,16,5,1,PNB,2025-12-28 16:08:00,0,36.4,0.934,0.014,6,180.97,1,0,1,0,benign,none
TXN00004575,469.97,electronics,debit_card,13,4,0,SBI,2025-08-04 13:34:00,0,37.4,0.997,0.03,7,5388.53,0,1,0,0,benign,none
TXN00003803,420.74,restaurant,debit_card,12,2,0,Paytm Payments Bank,2025-10-29 12:42:00,0,62.1,0.991,0.116,3,121.11,0,1,0,0,benign,none
TXN00002317,507.23,fuel,credit_card,9,2,0,Union Bank,2025-10-03 09:46:00,0,28.1,0.98,0.034,6,313.65,0,1,0,0,benign,none
TXN00001515,357.28,utilities,UPI,7,2,0,Axis,2025-06-17 07:35:00,0,55.7,0.855,0.093,4,580.04,0,1,0,0,benign,none
TXN00000216,644.59,pharmacy,UPI,16,0,0,HDFC,2025-08-23 16:17:00,0,11.0,0.955,0.012,2,417.06,0,1,0,0,benign,none
TXN00002263,172.27,restaurant,credit_card,7,1,0,Axis,2025-10-04 07:46:00,1,32.6,0.857,0.011,7,144.93,0,1,0,0,benign,none
TXN00004348,509.2,grocery,debit_card,9,2,0,Airtel Payments Bank,2025-03-09 09:32:00,0,14.5,0.922,0.114,1,57.31,0,1,0,0,benign,none
TXN00000893,262.29,fuel,UPI,7,5,1,Paytm Payments Bank,2025-08-31 07:12:00,0,24.4,0.925,0.028,0,149.21,0,0,0,0,benign,none
TXN00001850,77.11,entertainment,credit_card,11,5,1,PNB,2025-12-03 11:01:00,0,50.5,0.992,0.075,5,72.22,0,1,0,0,benign,none
TXN00004353,17.53,utilities,UPI,11,0,0,Kotak,2025-01-01 11:58:00,0,37.9,0.863,0.055,2,37.95,0,1,0,0,benign,none
TXN00000324,6484.46,utilities,UPI,10,4,0,BOI,2025-07-28 10:28:00,1,1.7,0.85,0.029,7,151.31,0,1,0,0,benign,none
TXN00001215,20.48,grocery,UPI,12,5,1,Kotak,2025-12-17 12:48:00,0,10.7,0.935,0.072,2,78.81,0,1,0,0,benign,none
TXN00001129,10.0,restaurant,wallet,19,3,0,ICICI,2025-11-21 19:37:00,0,71.6,0.945,0.072,2,147.81,0,1,0,0,benign,none
TXN00003774,1742.11,grocery,debit_card,7,0,0,ICICI,2025-03-30 07:16:00,0,65.2,0.887,0.027,7,40.07,0,1,0,0,benign,none
TXN00003410,10.0,utilities,UPI,4,6,1,Union Bank,2025-05-19 04:49:00,0,1.8,0.995,0.052,4,12.42,0,1,0,0,benign,none
TXN00000208,50.37,fuel,UPI,11,3,0,Airtel Payments Bank,2025-07-07 11:08:00,0,38.3,0.902,0.103,5,163.99,0,1,0,0,benign,none
TXN00000798,1550.77,grocery,credit_card,10,2,0,Kotak,2025-04-09 10:32:00,1,29.2,0.915,0.078,0,1172.87,0,1,0,0,benign,none
TXN00000734,403.69,grocery,UPI,19,1,0,HDFC,2025-03-07 19:33:00,0,11.5,0.971,0.069,0,1798.31,1,1,0,0,benign,none
TXN00003328,72.75,grocery,UPI,19,2,0,Axis,2025-06-05 19:45:00,0,63.7,0.904,0.059,3,162.41,0,1,0,0,benign,none
TXN00001174,210.03,online_retail,debit_card,19,4,0,ICICI,2025-08-05 19:38:00,0,71.4,0.862,0.067,6,24.77,0,1,0,0,benign,none
TXN00003021,3649.06,electronics,UPI,10,3,0,PNB,2025-06-02 10:20:00,0,21.6,0.957,0.063,7,911.14,0,1,0,0,benign,none
TXN00001831,271.33,travel,UPI,7,3,0,HDFC,2025-06-08 07:04:00,0,31.0,0.944,0.09,0,254.41,0,1,0,0,benign,none
TXN00000198,242.45,fuel,debit_card,10,2,0,HDFC,2025-12-02 10:31:00,0,17.8,0.863,0.047,2,39.05,0,1,0,0,benign,none
TXN00001097,595.98,grocery,UPI,9,0,0,SBI,2025-03-21 09:36:00,1,42.2,0.865,0.109,6,210.14,0,1,0,0,benign,none
TXN00000548,873.34,entertainment,credit_card,19,4,0,Airtel Payments Bank,2025-09-12 19:13:00,0,1.9,0.982,0.01,2,89.43,1,1,0,0,benign,none
TXN00003706,177.43,entertainment,debit_card,21,0,0,Paytm Payments Bank,2025-06-08 21:38:00,0,18.1,0.975,0.009,0,137.03,0,1,0,0,benign,none
TXN00003532,2572.41,restaurant,credit_card,7,5,1,PNB,2025-08-09 07:29:00,0,69.3,0.953,0.057,3,44.07,0,1,0,0,benign,none
TXN00002314,597.66,online_retail,debit_card,12,1,0,HDFC,2025-07-12 12:01:00,1,37.0,0.885,0.046,0,206.13,0,1,0,0,benign,none
TXN00000616,884.37,electronics,credit_card,16,6,1,Axis,2025-05-18 16:40:00,0,25.5,0.979,0.027,2,2.47,0,1,0,0,benign,none
TXN00001118,461.12,grocery,UPI,14,4,0,PNB,2025-01-10 14:38:00,0,33.4,0.902,0.11,4,156.53,1,1,0,0,benign,none
TXN00000937,208.89,restaurant,UPI,19,4,0,ICICI,2025-08-09 19:51:00,0,45.5,0.902,0.091,4,126.5,1,1,1,0,benign,none
TXN00002572,3470.81,clothing,credit_card,9,3,0,Paytm Payments Bank,2025-12-15 09:18:00,0,62.2,0.956,0.025,6,247.77,0,1,0,0,benign,none
TXN00000622,397.04,pharmacy,credit_card,20,4,0,HDFC,2025-01-29 20:09:00,0,47.0,0.886,0.111,5,30.9,0,0,0,0,benign,none
TXN00003128,66.22,entertainment,debit_card,5,2,0,HDFC,2025-05-08 05:21:00,1,2.4,0.905,0.067,1,336.36,0,1,0,0,benign,none
TXN00004204,2984.56,grocery,UPI,14,0,0,Paytm Payments Bank,2025-05-04 14:33:00,1,10.4,0.919,0.054,7,9.99,0,1,0,0,benign,none
TXN00004149,10.81,online_retail,debit_card,5,1,0,PNB,2025-09-10 05:59:00,0,45.8,0.914,0.023,2,243.41,0,1,0,0,benign,none
TXN00004978,1859.71,electronics,net_banking,9,3,0,PNB,2025-09-07 09:28:00,0,59.8,0.916,0.088,3,17.53,0,1,0,0,benign,none
TXN00002201,177.98,grocery,credit_card,11,4,0,HDFC,2025-07-28 11:22:00,0,36.8,0.985,0.111,7,480.27,0,1,0,0,benign,none
TXN00001160,28.88,education,UPI,10,5,1,SBI,2025-04-04 10:59:00,0,52.6,0.994,0.032,7,5072.39,0,1,0,0,benign,none
TXN00004054,685.24,utilities,UPI,23,6,1,PNB,2025-04-05 23:55:00,0,58.2,0.981,0.109,0,314.36,0,1,0,0,benign,none
TXN00000478,247.5,fuel,UPI,13,3,0,Kotak,2025-03-20 13:22:00,1,58.3,0.996,0.11,7,30.19,0,1,0,0,benign,none
TXN00001352,23.92,grocery,debit_card,14,1,0,Airtel Payments Bank,2025-04-05 14:25:00,0,66.9,0.961,0.115,4,59.54,0,1,0,0,benign,none
TXN00003107,310.21,online_retail,credit_card,21,0,0,Airtel Payments Bank,2025-03-02 21:55:00,0,56.8,0.85,0.083,4,83.18,0,1,0,0,benign,none
TXN00004771,10.0,clothing,UPI,1,4,0,HDFC,2025-08-22 01:33:00,0,1.0,0.976,0.112,4,8.66,1,1,0,0,benign,none
TXN00002647,97.07,grocery,credit_card,22,1,0,PNB,2025-12-31 22:01:00,1,2.3,0.934,0.08,3,297.73,0,1,0,0,benign,none
TXN00003019,10.0,utilities,debit_card,10,4,0,PNB,2025-02-19 10:02:00,0,25.3,0.966,0.089,1,5421.38,0,1,0,0,benign,none
TXN00004295,551.12,pharmacy,UPI,12,0,0,HDFC,2025-01-21 12:16:00,0,58.6,0.987,0.063,2,49.05,0,1,0,0,benign,none
TXN00003065,246.52,education,net_banking,11,3,0,Axis,2025-12-24 11:56:00,0,60.3,0.872,0.029,2,92.85,0,1,1,0,benign,none
TXN00001033,585.98,healthcare,debit_card,12,6,1,ICICI,2025-10-12 12:20:00,0,35.0,0.879,0.12,1,433.08,0,1,0,0,benign,none
TXN00003749,2537.22,clothing,debit_card,14,5,1,ICICI,2025-05-19 14:22:00,0,66.5,0.898,0.102,6,14.07,0,1,0,0,benign,none
TXN00004191,1074.37,entertainment,UPI,9,2,0,HDFC,2025-10-25 09:50:00,0,62.9,0.93,0.089,7,107.49,0,1,0,0,benign,none
TXN00002598,10.0,education,UPI,12,6,1,ICICI,2025-08-19 12:30:00,1,56.5,0.881,0.081,0,17.74,0,1,0,0,benign,none
TXN00003375,81.87,healthcare,debit_card,8,1,0,Kotak,2025-08-22 08:57:00,0,39.5,0.934,0.05,6,229.91,0,0,0,0,benign,none
TXN00004678,45.1,restaurant,credit_card,12,0,0,Kotak,2025-10-05 12:01:00,0,13.6,0.967,0.092,4,207.63,0,0,0,0,benign,none
TXN00003524,46.67,grocery,UPI,11,4,0,Paytm Payments Bank,2025-11-25 11:13:00,1,18.1,0.921,0.064,5,44.39,0,1,0,0,benign,none
TXN00001425,47.44,clothing,wallet,3,4,0,Paytm Payments Bank,2025-01-01 03:59:00,0,45.0,0.973,0.036,0,92.21,0,1,0,0,benign,none
TXN00001871,89.01,restaurant,debit_card,20,1,0,BOI,2025-06-30 20:53:00,0,28.0,0.959,0.048,0,256.36,0,1,0,0,benign,none
TXN00000480,365.6,electronics,debit_card,6,3,0,HDFC,2025-10-03 06:10:00,0,13.8,0.853,0.106,4,190.15,0,1,0,0,benign,none
TXN00000527,310.03,utilities,debit_card,12,5,1,Union Bank,2025-09-13 12:30:00,0,67.8,0.92,0.012,7,416.27,1,1,0,0,benign,none
TXN00000722,10.0,clothing,credit_card,14,2,0,BOI,2025-11-04 14:03:00,0,15.6,0.96,0.083,4,496.07,0,1,0,0,benign,none
TXN00004292,51.51,healthcare,UPI,21,4,0,SBI,2025-01-23 21:46:00,0,69.5,0.904,0.021,7,23.69,0,1,0,0,benign,none
TXN00000220,163.54,fuel,credit_card,4,6,1,Paytm Payments Bank,2025-01-13 04:24:00,0,12.1,0.891,0.052,3,386.37,0,1,0,0,benign,none
TXN00003773,653.9,fuel,credit_card,11,6,1,Axis,2025-01-09 11:04:00,0,32.3,0.97,0.002,6,514.12,0,1,0,0,benign,none
TXN00004686,24.3,online_retail,UPI,5,4,0,Paytm Payments Bank,2025-06-03 05:57:00,0,58.3,0.995,0.093,4,206.86,0,1,0,0,benign,none
TXN00003333,119.65,restaurant,UPI,9,2,0,BOI,2025-03-17 09:25:00,0,1.7,0.864,0.117,2,41.74,0,1,0,0,benign,none
TXN00002939,63.35,online_retail,UPI,16,2,0,Airtel Payments Bank,2025-08-13 16:03:00,0,61.7,0.915,0.104,2,1815.02,0,1,0,0,benign,none
TXN00003870,252.54,clothing,debit_card,8,1,0,PNB,2025-10-06 08:02:00,0,22.9,0.962,0.034,1,641.81,0,1,0,0,benign,none
TXN00002391,871.96,fuel,credit_card,5,2,0,ICICI,2025-06-26 05:48:00,0,69.2,0.986,0.016,7,435.42,0,1,0,0,benign,none
TXN00004972,1451.45,electronics,wallet,16,2,0,PNB,2025-07-31 16:33:00,0,9.8,0.959,0.066,5,23.06,0,0,0,0,benign,none
TXN00001983,155.44,grocery,UPI,10,0,0,Axis,2025-12-19 10:53:00,0,50.1,0.93,0.089,3,882.41,1,1,0,0,benign,none
TXN00001554,20.56,restaurant,UPI,7,3,0,HDFC,2025-04-20 07:29:00,0,47.6,0.887,0.058,4,127.3,0,1,0,0,benign,none
TXN00003286,21.2,utilities,UPI,17,1,0,Paytm Payments Bank,2025-01-14 17:09:00,0,28.6,0.885,0.05,5,34.19,0,1,0,0,benign,none
TXN00004245,233.1,utilities,credit_card,17,5,1,Airtel Payments Bank,2025-04-17 17:23:00,0,11.3,0.907,0.088,6,362.4,0,1,0,0,benign,none
TXN00004013,5437.6,restaurant,UPI,2,4,0,SBI,2025-10-21 02:33:00,0,64.3,0.994,0.069,0,447.6,0,1,0,0,benign,none
TXN00001677,471.61,fuel,UPI,14,6,1,ICICI,2025-10-12 14:05:00,0,19.6,0.894,0.11,5,360.87,0,1,0,0,benign,none
TXN00000901,294.3,education,UPI,7,3,0,BOI,2025-01-09 07:32:00,0,34.9,0.89,0.031,0,167.06,0,1,0,0,benign,none
TXN00002296,25097.7,education,UPI,20,2,0,Paytm Payments Bank,2025-02-26 20:14:00,0,44.6,0.978,0.095,3,199.29,0,1,0,0,benign,none
TXN00002999,134.1,restaurant,UPI,11,5,1,ICICI,2025-05-01 11:53:00,0,60.9,0.938,0.046,5,527.96,0,1,0,0,benign,none
TXN00000296,416.88,fuel,UPI,21,4,0,PNB,2025-08-06 21:50:00,0,21.1,0.918,0.009,3,36.38,0,1,0,0,benign,none
TXN00000057,3607.95,electronics,debit_card,13,4,0,PNB,2025-10-28 13:13:00,0,6.2,0.964,0.028,5,234.34,0,1,0,0,benign,none
TXN00004829,10.0,restaurant,credit_card,0,6,1,Airtel Payments Bank,2025-09-16 00:19:00,0,45.2,0.869,0.033,3,18.08,0,1,0,0,benign,none
TXN00002676,4098.61,education,UPI,20,4,0,BOI,2025-10-21 20:11:00,0,22.3,0.864,0.023,2,63.96,0,1,0,0,benign,none
TXN00004280,3087.78,grocery,debit_card,16,4,0,ICICI,2025-07-06 16:00:00,0,69.0,0.909,0.104,0,14.03,1,1,0,0,benign,none
TXN00000295,336.21,pharmacy,net_banking,3,5,1,SBI,2025-01-01 03:30:00,0,2.8,0.893,0.046,2,1238.49,0,1,0,0,benign,none
TXN00002580,41.1,grocery,credit_card,14,1,0,Paytm Payments Bank,2025-12-19 14:22:00,0,26.0,0.936,0.002,2,381.91,1,0,0,0,benign,none
TXN00003297,219.28,grocery,credit_card,11,1,0,Paytm Payments Bank,2025-11-15 11:09:00,0,40.9,0.853,0.079,6,216.57,0,1,0,0,benign,none
TXN00003734,278.05,grocery,UPI,8,4,0,HDFC,2025-07-14 08:24:00,0,57.5,0.993,0.03,1,1895.55,0,1,0,0,benign,none
TXN00000648,328.95,electronics,net_banking,18,4,0,ICICI,2025-12-27 18:46:00,0,32.5,0.872,0.074,0,339.13,0,1,0,0,benign,none
TXN00001370,16.01,pharmacy,debit_card,16,0,0,Kotak,2025-05-02 16:00:00,1,17.1,0.962,0.104,5,100.73,0,1,0,0,benign,none
TXN00004056,1162.67,grocery,credit_card,13,1,0,Union Bank,2025-10-31 13:23:00,0,43.5,0.968,0.042,7,485.52,0,1,0,0,benign,none
TXN00003017,1640.8,grocery,UPI,18,4,0,HDFC,2025-01-11 18:25:00,0,29.2,0.964,0.093,3,16.02,0,1,0,0,benign,none
TXN00000681,753.82,restaurant,UPI,18,4,0,Airtel Payments Bank,2025-11-23 18:57:00,0,66.9,0.989,0.046,2,97.97,0,1,0,0,benign,none
TXN00000434,1301.06,grocery,debit_card,20,0,0,Union Bank,2025-06-30 20:14:00,0,19.9,0.853,0.001,0,4.52,0,1,0,0,benign,none
TXN00003962,620.54,pharmacy,UPI,9,6,1,HDFC,2025-02-09 09:48:00,0,23.4,0.991,0.011,1,293.48,0,1,0,0,benign,none
TXN00001489,337.56,grocery,UPI,17,1,0,PNB,2025-11-06 17:58:00,0,35.2,0.911,0.081,3,113.96,0,0,0,0,benign,none
TXN00000812,385.75,clothing,debit_card,9,6,1,BOI,2025-07-03 09:40:00,0,9.3,0.97,0.072,1,1221.83,0,1,0,0,benign,none
TXN00001882,107.53,online_retail,wallet,14,0,0,SBI,2025-11-29 14:53:00,1,8.2,0.953,0.101,2,17.9,0,1,0,0,benign,none
TXN00002826,6740.38,restaurant,UPI,12,0,0,HDFC,2025-09-25 12:28:00,0,21.1,0.925,0.037,7,6.62,0,1,0,0,benign,none
TXN00004270,24.82,utilities,UPI,20,5,1,BOI,2025-12-01 20:19:00,0,8.8,0.933,0.116,5,143.94,0,1,0,0,benign,none
TXN00001940,24.67,entertainment,UPI,1,6,1,Axis,2025-09-12 01:55:00,0,71.7,0.899,0.118,3,317.31,1,1,0,0,benign,none
TXN00003263,4453.47,electronics,credit_card,8,4,0,BOI,2025-07-11 08:40:00,0,24.7,0.868,0.011,3,256.01,0,0,0,0,benign,none
TXN00001612,226.64,healthcare,debit_card,19,4,0,SBI,2025-08-07 19:12:00,0,26.9,0.949,0.108,5,13.71,0,1,0,0,benign,none
TXN00001181,1139.6,grocery,debit_card,14,3,0,SBI,2025-05-09 14:06:00,0,54.5,0.981,0.031,4,554.12,0,1,0,0,benign,none
TXN00001375,471.61,pharmacy,UPI,12,1,0,SBI,2025-08-10 12:16:00,0,58.1,0.99,0.071,1,203.95,0,1,0,0,benign,none
TXN00003542,185.44,grocery,net_banking,21,2,0,BOI,2025-11-23 21:08:00,0,41.3,0.854,0.073,5,19.25,0,1,0,0,benign,none
TXN00000626,116.64,clothing,credit_card,21,5,1,Airtel Payments Bank,2025-01-20 21:13:00,1,52.6,0.94,0.097,6,4.31,0,1,0,0,benign,none
TXN00001669,69.57,grocery,debit_card,11,6,1,ICICI,2025-06-02 11:53:00,0,25.4,0.974,0.112,4,88.76,0,1,0,0,benign,none
TXN00002112,1261.72,education,debit_card,11,5,1,Paytm Payments Bank,2025-10-13 11:44:00,0,52.3,0.944,0.082,6,6339.96,1,1,0,0,benign,none
TXN00002835,201.63,healthcare,credit_card,11,5,1,HDFC,2025-09-10 11:46:00,0,61.1,0.867,0.013,0,114.28,0,1,0,0,benign,none
TXN00000084,28.43,fuel,net_banking,2,3,0,BOI,2025-03-20 02:49:00,0,9.5,0.898,0.1,7,55.55,0,1,1,0,benign,none
TXN00002283,402.83,clothing,UPI,14,3,0,Union Bank,2025-11-24 14:20:00,0,40.7,0.976,0.055,7,1909.56,0,1,0,0,benign,none
TXN00004176,511.77,travel,UPI,21,2,0,BOI,2025-04-07 21:26:00,1,71.4,0.939,0.063,2,253.75,1,1,0,0,benign,none
TXN00003405,25.9,travel,debit_card,19,4,0,ICICI,2025-04-14 19:48:00,0,1.5,0.982,0.052,2,152.33,0,1,0,0,benign,none
TXN00000418,216.06,clothing,UPI,0,5,1,SBI,2025-08-24 00:59:00,1,46.8,0.973,0.035,0,236.77,0,1,0,0,benign,none
TXN00004377,192.82,pharmacy,UPI,22,2,0,Union Bank,2025-08-09 22:12:00,0,0.5,0.872,0.088,3,23.92,0,1,0,0,benign,none
TXN00002709,199.53,grocery,net_banking,22,0,0,BOI,2025-06-07 22:50:00,0,38.7,0.877,0.108,3,80.37,0,1,0,0,benign,none
TXN00002357,438.42,travel,debit_card,12,4,0,Airtel Payments Bank,2025-03-22 12:53:00,0,30.5,0.997,0.06,3,36.09,0,1,0,0,benign,none
TXN00001366,32.18,restaurant,UPI,16,2,0,Airtel Payments Bank,2025-02-19 16:59:00,0,47.3,0.88,0.031,3,411.5,0,1,0,0,benign,none
TXN00000293,10.0,pharmacy,credit_card,18,2,0,PNB,2025-09-03 18:09:00,0,0.0,0.899,0.118,7,111.56,0,1,0,0,benign,none
TXN00001506,10.0,restaurant,UPI,15,4,0,Paytm Payments Bank,2025-01-16 15:35:00,0,41.6,0.961,0.02,2,9.18,0,1,0,0,benign,none
TXN00001634,407.29,grocery,debit_card,6,6,1,Union Bank,2025-10-19 06:57:00,0,11.2,0.992,0.094,3,13.56,0,1,0,0,benign,none
TXN00001563,31.05,healthcare,UPI,9,2,0,Union Bank,2025-02-27 09:55:00,0,65.0,0.956,0.012,7,946.68,0,1,0,0,benign,none
TXN00001979,589.69,fuel,UPI,11,2,0,SBI,2025-12-05 11:43:00,0,60.7,0.963,0.03,4,80.65,0,1,0,0,benign,none
TXN00001883,293.71,education,UPI,20,1,0,BOI,2025-03-04 20:37:00,0,4.5,0.957,0.106,0,83.87,0,1,0,0,benign,none
TXN00000438,75.36,utilities,credit_card,8,3,0,Paytm Payments Bank,2025-01-26 08:33:00,0,68.4,0.962,0.085,1,66.76,0,1,0,0,benign,none
TXN00003955,10.0,pharmacy,UPI,19,6,1,HDFC,2025-04-18 19:03:00,0,42.4,0.973,0.058,3,298.18,0,1,0,0,benign,none
TXN00002280,2260.74,fuel,UPI,9,4,0,Axis,2025-12-25 09:24:00,0,54.8,0.992,0.105,6,189.13,0,1,0,0,benign,none
TXN00004415,51.4,clothing,credit_card,20,1,0,Union Bank,2025-03-01 20:57:00,0,54.3,0.941,0.069,6,94.03,0,1,0,0,benign,none
TXN00004194,2439.51,healthcare,UPI,21,2,0,SBI,2025-09-28 21:38:00,0,36.1,0.973,0.072,0,1564.02,1,1,0,0,benign,none
TXN00004535,473.15,grocery,credit_card,12,5,1,Union Bank,2025-04-26 12:32:00,0,57.5,0.894,0.084,6,245.99,0,1,0,0,benign,none
TXN00000373,1113.51,grocery,credit_card,20,0,0,Kotak,2025-03-03 20:48:00,0,8.3,0.893,0.092,1,1627.43,0,1,0,0,benign,none
TXN00002585,1465.32,online_retail,UPI,8,3,0,HDFC,2025-04-17 08:38:00,0,28.1,0.931,0.077,6,1734.29,0,1,0,0,benign,none
TXN00001332,1185.33,grocery,wallet,10,0,0,Airtel Payments Bank,2025-07-10 10:50:00,1,26.8,0.945,0.058,4,6.6,0,1,0,0,benign,none
TXN00004035,327.34,grocery,net_banking,12,5,1,Axis,2025-01-15 12:24:00,1,44.4,0.992,0.064,0,69.75,0,1,0,0,benign,none
TXN00003479,252.93,grocery,UPI,14,6,1,BOI,2025-11-23 14:41:00,0,16.8,0.962,0.085,6,308.5,0,1,0,0,benign,none
TXN00001784,843.85,utilities,UPI,19,5,1,SBI,2025-03-31 19:52:00,0,31.5,0.876,0.017,1,45.94,1,1,0,0,benign,none
TXN00003653,892.8,fuel,credit_card,16,3,0,Paytm Payments Bank,2025-03-02 16:16:00,0,15.8,0.982,0.029,5,82.37,0,1,0,0,benign,none
TXN00003379,148.33,fuel,UPI,1,6,1,Paytm Payments Bank,2025-09-12 01:39:00,0,18.1,0.871,0.046,5,31.85,0,1,0,0,benign,none
TXN00004048,177.93,pharmacy,UPI,10,4,0,Kotak,2025-09-18 10:31:00,0,26.5,0.861,0.0,3,243.71,1,1,0,0,benign,none
TXN00002860,17.4,restaurant,UPI,20,0,0,ICICI,2025-04-16 20:12:00,0,30.5,0.974,0.104,6,180.78,0,1,0,0,benign,none
TXN00003063,332.59,grocery,UPI,12,3,0,HDFC,2025-03-22 12:07:00,0,15.5,0.866,0.107,0,683.75,0,1,0,0,benign,none
TXN00004342,211.45,grocery,debit_card,8,3,0,Paytm Payments Bank,2025-06-13 08:53:00,1,70.4,0.939,0.105,6,320.46,1,1,0,0,benign,none
TXN00003209,91.19,fuel,wallet,8,0,0,Airtel Payments Bank,2025-08-05 08:47:00,0,19.0,0.999,0.059,1,10.09,0,1,0,0,benign,none
TXN00002653,55.24,entertainment,UPI,17,1,0,Axis,2025-12-24 17:37:00,0,71.8,0.88,0.115,7,642.51,0,1,0,0,benign,none
TXN00001541,1109.72,restaurant,UPI,7,1,0,Kotak,2025-08-25 07:50:00,0,37.9,0.975,0.011,2,14.29,0,1,0,0,benign,none
TXN00002963,65.02,travel,debit_card,7,1,0,BOI,2025-02-01 07:48:00,0,36.4,0.928,0.078,1,34.41,1,1,0,0,benign,none
TXN00000322,2014.74,restaurant,debit_card,18,5,1,PNB,2025-01-29 18:49:00,0,52.0,0.861,0.086,4,36.84,0,1,0,0,benign,none
TXN00002031,100.66,clothing,UPI,23,6,1,Airtel Payments Bank,2025-11-01 23:26:00,0,63.3,0.976,0.039,3,28.72,0,1,0,0,benign,none
TXN00000993,2608.82,clothing,credit_card,12,4,0,Union Bank,2025-12-25 12:52:00,1,44.0,0.956,0.019,0,821.3,0,1,0,0,benign,none
TXN00002184,10.67,travel,net_banking,12,2,0,HDFC,2025-05-02 12:43:00,0,9.2,0.923,0.032,2,170.65,1,1,0,0,benign,none
TXN00000110,534.84,grocery,credit_card,20,2,0,Union Bank,2025-07-31 20:05:00,0,68.4,0.972,0.115,2,4864.38,0,1,0,0,benign,none
TXN00004215,2932.76,clothing,UPI,12,6,1,BOI,2025-12-13 12:30:00,1,43.9,0.878,0.075,6,38.77,1,1,0,0,benign,none
TXN00001079,3240.69,clothing,UPI,13,0,0,SBI,2025-01-20 13:52:00,0,70.7,0.965,0.079,3,683.54,0,1,0,0,benign,none
TXN00002226,321.07,electronics,UPI,13,3,0,ICICI,2025-12-29 13:26:00,0,56.0,0.872,0.064,0,809.76,1,1,0,0,benign,none
TXN00002705,178.18,grocery,UPI,19,0,0,HDFC,2025-12-30 19:16:00,0,38.0,0.951,0.043,3,412.77,1,1,0,0,benign,none
TXN00003077,10.96,education,credit_card,12,6,1,Airtel Payments Bank,2025-05-07 12:37:00,0,55.4,0.895,0.078,7,3660.78,0,1,0,0,benign,none
TXN00001164,41.54,grocery,debit_card,14,2,0,ICICI,2025-07-06 14:42:00,0,28.6,0.852,0.03,3,142.68,0,1,0,0,benign,none
TXN00003509,37.87,utilities,UPI,13,2,0,Axis,2025-06-14 13:01:00,0,0.4,0.944,0.048,2,38.82,0,1,1,0,benign,none
TXN00001450,136.19,education,UPI,14,4,0,ICICI,2025-01-22 14:41:00,0,26.3,0.92,0.026,4,309.07,0,1,0,0,benign,none
TXN00004076,10.0,restaurant,debit_card,9,0,0,PNB,2025-08-05 09:11:00,0,43.1,0.936,0.092,7,43.09,0,1,0,0,benign,none
TXN00004902,256.31,grocery,UPI,23,6,1,Airtel Payments Bank,2025-08-08 23:26:00,0,5.7,0.918,0.023,2,20.41,0,1,0,0,benign,none
TXN00004371,84.62,electronics,debit_card,20,2,0,ICICI,2025-09-13 20:39:00,0,15.0,0.891,0.003,1,239.64,0,1,0,0,benign,none
TXN00004094,660.84,pharmacy,UPI,18,4,0,Kotak,2025-07-08 18:09:00,0,35.6,0.976,0.1,2,33.58,0,1,0,0,benign,none
TXN00003045,124.92,online_retail,debit_card,17,4,0,Axis,2025-04-12 17:41:00,0,37.8,0.873,0.069,5,34.76,0,1,0,0,benign,none
TXN00003872,101.27,healthcare,credit_card,11,5,1,ICICI,2025-10-02 11:39:00,0,42.9,0.872,0.065,1,80.51,0,1,0,0,benign,none
TXN00001514,11.84,entertainment,UPI,10,1,0,Kotak,2025-08-25 10:28:00,0,2.2,0.942,0.046,2,1187.47,0,1,0,0,benign,none
TXN00002313,270.61,travel,net_banking,1,0,0,Kotak,2025-08-11 01:54:00,0,31.9,0.929,0.039,2,644.85,0,1,0,0,benign,none
TXN00001451,612.66,education,UPI,16,4,0,HDFC,2025-10-03 16:29:00,0,56.9,0.925,0.086,2,73.17,1,1,0,0,benign,none
TXN00002020,251.24,fuel,net_banking,17,2,0,ICICI,2025-02-08 17:43:00,0,0.1,0.985,0.081,0,126.74,0,1,0,0,benign,none
TXN00004793,205.78,restaurant,net_banking,10,2,0,SBI,2025-07-15 10:39:00,0,9.9,0.875,0.063,5,81.24,0,1,0,0,benign,none
TXN00004253,10.0,grocery,debit_card,14,4,0,HDFC,2025-06-23 14:41:00,0,1.0,0.895,0.069,2,180.56,0,1,0,0,benign,none
TXN00000838,6682.82,pharmacy,net_banking,10,3,0,HDFC,2025-01-15 10:28:00,0,49.5,0.903,0.09,2,354.1,0,1,0,0,benign,none
TXN00002374,129.22,utilities,UPI,18,4,0,Airtel Payments Bank,2025-01-15 18:52:00,0,64.4,0.937,0.018,7,57.12,0,1,0,0,benign,none
TXN00004920,133.29,entertainment,UPI,13,1,0,SBI,2025-02-02 13:10:00,0,21.8,0.862,0.112,0,60.79,0,1,1,0,benign,none
TXN00000450,193.24,education,net_banking,2,3,0,Airtel Payments Bank,2025-11-21 02:08:00,0,49.1,0.993,0.015,5,30.46,1,1,0,0,benign,none
TXN00004631,14.63,electronics,debit_card,10,0,0,PNB,2025-01-03 10:59:00,0,28.6,0.854,0.072,7,202.91,0,1,0,0,benign,none
TXN00001714,39.53,grocery,credit_card,8,3,0,SBI,2025-06-08 08:07:00,0,52.4,0.941,0.048,3,173.34,0,1,0,0,benign,none
TXN00004927,437.57,healthcare,UPI,21,4,0,Axis,2025-07-12 21:32:00,1,37.7,0.967,0.069,0,364.71,0,1,0,0,benign,none
TXN00000339,731.99,pharmacy,debit_card,17,2,0,Airtel Payments Bank,2025-02-15 17:08:00,0,44.3,0.893,0.092,1,98.14,0,1,0,0,benign,none
TXN00002670,848.88,electronics,net_banking,13,5,1,Kotak,2025-11-28 13:05:00,0,5.8,0.973,0.088,5,80.66,0,1,0,0,benign,none
TXN00001419,257.35,clothing,UPI,20,5,1,ICICI,2025-02-10 20:33:00,0,26.5,0.866,0.014,3,26.5,0,1,0,0,benign,none
TXN00000034,741.57,travel,credit_card,0,4,0,Axis,2025-01-01 00:28:00,0,50.6,0.963,0.092,3,55.5,1,1,0,0,benign,none
TXN00003469,1320.18,healthcare,UPI,14,2,0,ICICI,2025-08-25 14:15:00,0,68.3,0.929,0.115,0,13.46,0,1,1,0,benign,none
TXN00001410,115.13,entertainment,UPI,23,4,0,HDFC,2025-05-08 23:41:00,0,44.6,0.951,0.035,7,64.92,1,1,0,0,benign,none
TXN00002170,52.91,electronics,credit_card,10,0,0,PNB,2025-02-19 10:46:00,0,56.8,0.873,0.058,5,136.1,1,1,0,0,benign,none
TXN00004306,390.45,restaurant,UPI,12,2,0,Airtel Payments Bank,2025-09-14 12:16:00,0,35.1,0.855,0.109,2,137.39,0,1,0,0,benign,none
TXN00000889,11.39,clothing,net_banking,18,3,0,Paytm Payments Bank,2025-06-08 18:22:00,1,46.0,0.994,0.046,5,229.44,0,1,0,0,benign,none
TXN00003322,329.62,entertainment,UPI,12,6,1,Airtel Payments Bank,2025-09-29 12:42:00,0,7.2,0.93,0.037,7,125.48,0,1,0,0,benign,none
TXN00002244,593.56,pharmacy,debit_card,6,2,0,Kotak,2025-09-16 06:07:00,0,52.3,0.991,0.041,7,13.69,0,1,0,0,benign,none
TXN00004490,5809.12,travel,credit_card,17,2,0,Union Bank,2025-03-17 17:43:00,0,17.1,0.993,0.107,7,60.55,0,1,0,0,benign,none
TXN00000432,193.26,grocery,credit_card,8,4,0,Kotak,2025-01-12 08:22:00,0,19.2,0.932,0.07,2,83.97,0,1,0,0,benign,none
TXN00001654,159.88,grocery,credit_card,11,3,0,BOI,2025-11-28 11:43:00,1,7.3,0.967,0.06,3,107.47,0,1,0,0,benign,none
TXN00000178,197.64,entertainment,UPI,6,5,1,BOI,2025-04-06 06:38:00,0,62.6,0.888,0.086,6,49.97,0,1,0,0,benign,none
TXN00001886,36.07,clothing,UPI,5,2,0,Axis,2025-06-15 05:04:00,0,38.4,0.989,0.087,1,342.16,0,1,0,0,benign,none
TXN00003457,44.8,entertainment,UPI,15,0,0,HDFC,2025-04-19 15:06:00,0,47.5,0.887,0.015,3,452.43,0,1,0,0,benign,none
TXN00001786,1801.74,grocery,UPI,19,4,0,Union Bank,2025-10-28 19:37:00,1,10.8,0.979,0.101,0,1575.0,1,1,0,0,benign,none
TXN00001590,20.17,restaurant,credit_card,20,5,1,Airtel Payments Bank,2025-08-10 20:31:00,0,9.9,0.933,0.05,0,283.89,0,1,0,0,benign,none
TXN00004012,842.62,clothing,net_banking,15,1,0,HDFC,2025-08-18 15:07:00,0,54.2,0.966,0.029,2,264.35,0,1,0,0,benign,none
TXN00003880,101.53,fuel,debit_card,9,0,0,ICICI,2025-09-17 09:10:00,0,51.4,0.982,0.032,6,144.43,0,1,0,0,benign,none
TXN00002181,373.15,electronics,credit_card,20,5,1,HDFC,2025-08-23 20:16:00,0,60.4,0.978,0.071,2,6.11,0,1,0,0,benign,none
TXN00004157,2721.0,travel,UPI,10,5,1,ICICI,2025-08-11 10:31:00,0,2.9,0.925,0.06,2,18.12,1,1,0,0,benign,none
TXN00002069,171.95,electronics,credit_card,14,0,0,SBI,2025-06-15 14:54:00,1,65.8,0.906,0.081,3,327.01,0,1,0,0,benign,none
TXN00001121,246.06,fuel,debit_card,4,5,1,HDFC,2025-07-04 04:37:00,0,6.6,0.92,0.063,3,27.26,0,1,0,0,benign,none
TXN00000880,367.24,entertainment,debit_card,7,6,1,BOI,2025-08-14 07:18:00,0,12.3,0.901,0.093,4,3128.89,0,1,0,0,benign,none
TXN00004161,22.41,pharmacy,UPI,13,5,1,PNB,2025-08-19 13:00:00,0,2.5,0.978,0.015,3,162.69,0,1,0,0,benign,none
TXN00003480,99.67,fuel,credit_card,5,6,1,BOI,2025-08-04 05:28:00,1,8.6,0.854,0.03,5,261.3,0,1,0,0,benign,none
TXN00004303,83.89,clothing,UPI,15,1,0,ICICI,2025-07-13 15:43:00,0,19.8,0.881,0.111,6,232.99,0,1,0,0,benign,none
TXN00004074,27.43,travel,net_banking,8,3,0,Union Bank,2025-10-29 08:25:00,1,13.7,0.864,0.045,2,417.38,0,1,0,0,benign,none
TXN00004862,811.85,utilities,UPI,15,6,1,HDFC,2025-03-17 15:36:00,0,41.3,0.971,0.099,1,23.18,0,1,0,0,benign,none
TXN00001706,108.18,grocery,credit_card,20,2,0,BOI,2025-04-30 20:10:00,0,10.4,0.91,0.08,3,129.78,0,1,0,0,benign,none
TXN00001158,10.0,restaurant,UPI,5,0,0,BOI,2025-04-26 05:35:00,0,10.0,0.856,0.008,6,253.27,0,1,0,0,benign,none
TXN00002306,7971.96,clothing,debit_card,8,2,0,ICICI,2025-10-07 08:48:00,0,66.8,0.856,0.0,2,119.42,0,1,0,0,benign,none
TXN00004756,331.22,utilities,debit_card,20,4,0,BOI,2025-02-08 20:47:00,0,23.5,0.851,0.002,6,14.78,1,1,0,0,benign,none
TXN00003146,1101.15,grocery,UPI,9,1,0,HDFC,2025-06-29 09:51:00,0,13.2,0.957,0.005,1,265.94,0,1,0,0,benign,none
TXN00004740,150.32,healthcare,UPI,13,6,1,HDFC,2025-03-14 13:02:00,1,12.8,0.983,0.088,0,51.06,0,1,0,0,benign,none
TXN00001564,45.04,travel,UPI,11,2,0,Airtel Payments Bank,2025-07-19 11:09:00,0,68.0,0.852,0.009,6,42.37,1,0,0,0,benign,none
TXN00001782,10.0,clothing,credit_card,10,5,1,ICICI,2025-05-08 10:44:00,0,14.7,0.946,0.101,5,177.94,0,1,0,0,benign,none
TXN00003916,138.45,fuel,debit_card,14,3,0,Paytm Payments Bank,2025-08-24 14:52:00,0,60.2,0.924,0.051,7,75.72,0,1,0,0,benign,none
TXN00000904,79.84,fuel,UPI,20,2,0,Axis,2025-11-01 20:06:00,1,5.5,0.884,0.09,4,421.15,1,1,0,0,benign,none
TXN00004288,193.5,grocery,credit_card,16,6,1,Axis,2025-08-28 16:43:00,0,47.1,0.897,0.098,0,1463.09,0,1,0,0,benign,none
TXN00002080,509.32,travel,UPI,11,1,0,ICICI,2025-02-10 11:39:00,1,36.1,0.92,0.09,4,22.14,1,1,0,0,benign,none
TXN00001565,78.05,online_retail,net_banking,21,3,0,Kotak,2025-04-02 21:19:00,1,18.6,0.905,0.068,1,11.53,0,1,0,0,benign,none
TXN00003813,157.29,fuel,wallet,19,3,0,Kotak,2025-06-03 19:10:00,0,7.8,0.892,0.005,6,461.36,0,1,0,0,benign,none
TXN00001113,158.73,education,UPI,11,5,1,BOI,2025-05-21 11:50:00,0,26.9,0.898,0.106,0,17.87,0,1,0,0,benign,none
TXN00002646,4687.42,entertainment,credit_card,11,2,0,ICICI,2025-05-08 11:06:00,0,53.3,0.996,0.023,3,889.24,0,1,0,0,benign,none
TXN00003378,43.08,restaurant,UPI,0,3,0,Paytm Payments Bank,2025-07-11 00:26:00,0,62.9,0.943,0.032,4,1196.34,1,1,0,0,benign,none
TXN00002300,101.25,healthcare,UPI,9,5,1,Airtel Payments Bank,2025-11-20 09:46:00,0,59.6,0.963,0.047,4,549.93,0,1,0,0,benign,none
TXN00000254,157.35,grocery,credit_card,17,5,1,Axis,2025-05-22 17:23:00,0,37.0,0.902,0.048,6,97.42,0,1,0,0,benign,none
TXN00002589,752.6,healthcare,UPI,12,5,1,HDFC,2025-05-17 12:45:00,0,64.9,0.911,0.069,6,939.02,0,1,0,0,benign,none
TXN00000303,135.46,online_retail,debit_card,21,4,0,ICICI,2025-09-21 21:56:00,0,24.4,0.906,0.0,7,280.75,1,1,0,0,benign,none
TXN00003395,721.96,fuel,UPI,21,0,0,Paytm Payments Bank,2025-09-17 21:00:00,0,11.0,0.89,0.11,5,3.18,0,1,0,0,benign,none
TXN00003256,76.29,education,UPI,19,4,0,SBI,2025-12-11 19:59:00,0,35.4,0.933,0.055,2,28.46,0,1,0,0,benign,none
TXN00001436,110.83,restaurant,UPI,8,6,1,Airtel Payments Bank,2025-05-10 08:22:00,0,46.8,0.853,0.053,3,99.38,0,1,0,0,benign,none
TXN00003269,56.08,clothing,net_banking,16,4,0,BOI,2025-12-31 16:20:00,0,60.2,0.914,0.074,6,1806.88,1,1,0,0,benign,none
TXN00000376,169.14,clothing,credit_card,10,1,0,Axis,2025-03-27 10:21:00,0,54.1,0.935,0.081,0,3.19,0,1,0,0,benign,none
TXN00001869,373.91,pharmacy,debit_card,7,5,1,Axis,2025-12-26 07:45:00,1,48.1,0.854,0.022,4,17.49,0,1,0,0,benign,none
TXN00004988,100.46,restaurant,UPI,11,6,1,ICICI,2025-08-15 11:24:00,0,43.3,0.907,0.106,4,70.0,0,1,0,0,benign,none
TXN00001834,693.39,healthcare,credit_card,13,1,0,BOI,2025-07-18 13:13:00,0,45.3,0.995,0.019,0,75.45,0,1,0,0,benign,none
TXN00001658,946.94,clothing,UPI,18,0,0,Paytm Payments Bank,2025-09-01 18:25:00,0,32.2,0.91,0.005,7,94.28,0,1,1,0,benign,none
TXN00000755,1891.05,electronics,credit_card,15,4,0,ICICI,2025-10-27 15:12:00,0,0.6,0.929,0.072,7,93.77,0,1,0,0,benign,none
TXN00004541,399.49,grocery,UPI,10,3,0,Airtel Payments Bank,2025-02-23 10:25:00,0,27.8,0.929,0.057,2,53.79,0,1,0,0,benign,none
TXN00004786,22.78,travel,UPI,19,3,0,Kotak,2025-08-03 19:19:00,0,28.5,0.861,0.026,3,2.89,0,0,0,0,benign,none
TXN00000290,155.47,travel,UPI,18,0,0,Union Bank,2025-03-16 18:17:00,0,1.0,0.877,0.059,0,76.32,0,0,0,0,benign,none
TXN00002236,228.06,entertainment,UPI,8,4,0,SBI,2025-02-16 08:12:00,0,42.9,0.977,0.039,4,55.97,0,1,0,0,benign,none
TXN00003715,51.98,pharmacy,credit_card,16,1,0,HDFC,2025-11-09 16:06:00,0,23.7,0.874,0.018,2,936.45,0,1,0,0,benign,none
TXN00004692,394.48,entertainment,net_banking,5,1,0,HDFC,2025-11-27 05:54:00,0,17.3,0.88,0.047,6,295.35,1,1,0,0,benign,none
TXN00002118,360.39,restaurant,UPI,20,1,0,Airtel Payments Bank,2025-07-26 20:47:00,0,39.2,0.875,0.032,7,32.89,0,1,0,0,benign,none
TXN00000501,1225.78,pharmacy,UPI,16,0,0,BOI,2025-03-06 16:23:00,0,57.9,0.912,0.096,2,1807.28,0,1,0,0,benign,none
TXN00004923,22.94,restaurant,UPI,10,4,0,Union Bank,2025-03-21 10:37:00,0,34.8,0.877,0.064,1,28.4,1,1,0,0,benign,none
TXN00001539,3749.82,clothing,UPI,10,2,0,Airtel Payments Bank,2025-02-24 10:29:00,0,1.1,0.92,0.099,1,732.23,0,1,0,0,benign,none
TXN00001211,101.46,entertainment,UPI,13,5,1,Airtel Payments Bank,2025-12-28 13:25:00,0,30.0,0.892,0.104,0,236.74,0,1,0,0,benign,none
TXN00002996,27.71,education,wallet,11,4,0,Paytm Payments Bank,2025-10-16 11:12:00,0,64.5,0.936,0.065,0,566.12,0,1,0,0,benign,none
TXN00000672,67.7,restaurant,UPI,7,2,0,PNB,2025-04-08 07:11:00,0,18.8,0.983,0.105,6,627.53,0,1,0,0,benign,none
TXN00003161,654.58,online_retail,UPI,11,5,1,Airtel Payments Bank,2025-01-06 11:29:00,0,56.0,0.928,0.042,4,7040.97,0,1,0,0,benign,none
TXN00001464,1450.11,restaurant,debit_card,9,1,0,HDFC,2025-05-28 09:19:00,0,27.1,0.957,0.048,3,94.0,0,1,0,0,benign,none
TXN00001192,154.16,grocery,UPI,8,4,0,Axis,2025-05-13 08:40:00,0,50.3,0.993,0.068,3,33.86,0,1,0,0,benign,none
TXN00003248,1176.42,online_retail,debit_card,7,1,0,Paytm Payments Bank,2025-02-09 07:54:00,0,25.0,0.968,0.114,5,136.82,0,1,0,0,benign,none
TXN00002264,578.07,grocery,UPI,19,5,1,Union Bank,2025-05-29 19:41:00,0,25.1,0.871,0.018,7,20.04,0,1,0,0,benign,none
TXN00000421,54.2,clothing,UPI,15,5,1,BOI,2025-04-20 15:06:00,0,44.6,0.95,0.005,6,69.11,0,1,0,0,benign,none
TXN00000505,91.99,restaurant,UPI,18,1,0,Kotak,2025-11-09 18:37:00,0,43.5,0.942,0.116,7,30.59,0,1,0,0,benign,none
TXN00002623,358.03,travel,UPI,19,5,1,BOI,2025-06-24 19:53:00,0,39.6,0.992,0.053,0,264.81,0,1,0,0,benign,none
TXN00001582,658.76,electronics,UPI,7,2,0,Paytm Payments Bank,2025-06-17 07:43:00,0,51.0,0.892,0.09,3,8098.74,0,1,0,0,benign,none
TXN00000506,19086.7,restaurant,UPI,18,2,0,PNB,2025-11-10 18:38:00,0,7.1,0.866,0.043,6,49.28,0,1,0,0,benign,none
TXN00003433,296.75,grocery,debit_card,19,6,1,Kotak,2025-08-06 19:25:00,1,68.3,0.885,0.074,2,682.7,0,1,0,0,benign,none
TXN00002405,12.61,restaurant,credit_card,19,6,1,Airtel Payments Bank,2025-05-21 19:15:00,0,46.6,0.89,0.039,4,308.86,0,1,0,0,benign,none
TXN00003677,734.74,travel,UPI,7,1,0,HDFC,2025-03-30 07:13:00,0,16.9,0.98,0.062,4,516.04,0,1,0,0,benign,none
TXN00000621,259.25,pharmacy,credit_card,19,4,0,HDFC,2025-12-20 19:59:00,0,43.8,0.94,0.027,2,102.95,0,1,0,0,benign,none
TXN00002126,12987.54,fuel,debit_card,9,3,0,PNB,2025-05-18 09:27:00,0,1.2,0.876,0.061,2,16.32,0,1,0,0,benign,none
TXN00004184,232.27,travel,UPI,13,6,1,PNB,2025-11-23 13:54:00,0,31.4,0.995,0.094,3,99.58,0,1,0,0,benign,none
TXN00004071,184.35,utilities,debit_card,14,5,1,Union Bank,2025-10-02 14:34:00,0,51.4,0.863,0.055,6,786.83,0,1,0,0,benign,none
TXN00003165,451.6,restaurant,net_banking,12,3,0,Axis,2025-05-04 12:59:00,0,11.6,0.875,0.011,1,25.6,0,1,0,0,benign,none
TXN00004103,6841.36,restaurant,UPI,5,2,0,Paytm Payments Bank,2025-09-05 05:48:00,1,21.9,0.889,0.094,0,53.85,0,1,0,0,benign,none
TXN00000347,708.84,restaurant,UPI,13,0,0,ICICI,2025-05-10 13:03:00,0,4.9,0.864,0.007,1,25.7,0,1,0,0,benign,none
TXN00000797,1646.82,entertainment,UPI,20,6,1,BOI,2025-11-28 20:14:00,1,1.0,0.875,0.063,0,304.96,0,1,0,0,benign,none
TXN00002829,21787.0,utilities,UPI,16,1,0,Kotak,2025-04-30 16:19:00,0,58.0,0.951,0.092,7,934.08,0,1,1,0,benign,none
TXN00001490,80.69,fuel,UPI,9,1,0,Airtel Payments Bank,2025-03-28 09:26:00,0,38.4,0.859,0.099,1,36.31,1,1,0,0,benign,none
TXN00000312,5648.14,online_retail,debit_card,12,0,0,Union Bank,2025-09-05 12:44:00,0,23.7,0.894,0.087,7,37.54,0,1,0,0,benign,none
TXN00004813,227.79,fuel,UPI,20,0,0,BOI,2025-12-30 20:16:00,0,36.6,0.97,0.04,3,30.1,0,1,0,0,benign,none
TXN00000746,6220.9,pharmacy,debit_card,17,5,1,Union Bank,2025-04-25 17:18:00,0,71.4,0.985,0.035,0,236.71,0,1,0,0,benign,none
TXN00000790,63.88,electronics,debit_card,7,4,0,Paytm Payments Bank,2025-04-24 07:14:00,0,71.7,0.867,0.09,1,24.19,0,1,0,0,benign,none
TXN00002476,10.0,restaurant,UPI,17,5,1,Union Bank,2025-11-26 17:36:00,0,48.3,0.854,0.07,1,263.1,0,1,0,0,benign,none
TXN00002024,22.19,electronics,net_banking,18,1,0,Kotak,2025-03-22 18:55:00,0,30.0,0.971,0.053,0,863.45,0,1,0,0,benign,none
TXN00004963,101.64,grocery,wallet,16,6,1,BOI,2025-06-08 16:10:00,0,20.5,0.988,0.066,4,48.58,0,1,0,0,benign,none
TXN00002570,14638.13,travel,UPI,12,2,0,SBI,2025-04-16 12:19:00,0,48.9,0.924,0.077,3,307.65,0,0,0,0,benign,none
TXN00003728,406.57,restaurant,UPI,22,3,0,Union Bank,2025-03-06 22:22:00,0,46.9,0.923,0.036,0,10.29,0,1,0,0,benign,none
TXN00004366,548.37,grocery,credit_card,13,5,1,Airtel Payments Bank,2025-12-27 13:27:00,0,44.6,0.861,0.049,7,10.54,1,1,0,0,benign,none
TXN00000259,20.6,fuel,debit_card,9,5,1,Union Bank,2025-06-26 09:06:00,0,29.7,0.939,0.065,7,31.03,1,1,0,0,benign,none
TXN00002163,765.22,grocery,debit_card,21,4,0,Kotak,2025-07-05 21:06:00,0,48.7,0.929,0.064,7,202.92,0,0,0,0,benign,none
TXN00000380,297.13,entertainment,UPI,13,3,0,Kotak,2025-01-11 13:42:00,0,70.4,0.96,0.106,6,115.9,0,1,0,0,benign,none
TXN00004085,236.14,travel,debit_card,15,5,1,ICICI,2025-05-08 15:20:00,0,14.2,0.886,0.091,5,106.08,0,1,0,0,benign,none
TXN00001912,660.73,travel,net_banking,7,5,1,Airtel Payments Bank,2025-03-15 07:16:00,0,34.4,0.905,0.03,7,68.79,0,1,0,0,benign,none
TXN00003567,28.71,pharmacy,UPI,3,1,0,Airtel Payments Bank,2025-10-02 03:56:00,0,11.4,0.862,0.076,3,392.57,1,1,0,0,benign,none
TXN00000599,10.02,electronics,UPI,18,1,0,Axis,2025-08-28 18:33:00,0,3.1,0.944,0.034,0,440.25,0,1,0,0,benign,none
TXN00000045,362.72,restaurant,debit_card,11,0,0,Paytm Payments Bank,2025-03-23 11:04:00,0,57.1,0.867,0.032,6,1065.26,0,1,0,0,benign,none
TXN00001444,188.81,travel,credit_card,17,5,1,SBI,2025-04-16 17:35:00,1,32.1,0.99,0.05,1,2630.82,0,1,0,0,benign,none
TXN00001652,642.48,restaurant,UPI,22,4,0,Union Bank,2025-02-08 22:59:00,0,7.9,0.979,0.099,6,15.08,0,1,0,0,benign,none
TXN00002699,51.85,restaurant,credit_card,16,2,0,Union Bank,2025-12-05 16:43:00,0,65.7,0.891,0.003,5,837.47,0,1,0,0,benign,none
TXN00001901,1683.03,grocery,credit_card,11,0,0,SBI,2025-07-29 11:11:00,1,14.4,0.916,0.096,0,19.18,0,1,0,0,benign,none
TXN00001893,10.0,restaurant,credit_card,9,3,0,Paytm Payments Bank,2025-12-28 09:33:00,0,43.0,0.997,0.065,7,256.0,0,1,0,0,benign,none
TXN00001944,123.54,clothing,UPI,19,6,1,Paytm Payments Bank,2025-02-01 19:31:00,0,69.3,0.978,0.019,5,35.16,0,1,0,0,benign,none
TXN00002406,412.95,grocery,credit_card,18,4,0,ICICI,2025-09-03 18:27:00,0,5.6,0.978,0.075,6,393.55,0,1,0,0,benign,none
TXN00003573,214.79,restaurant,credit_card,19,5,1,PNB,2025-08-06 19:28:00,0,59.7,0.998,0.098,4,20.46,0,1,0,0,benign,none
TXN00001966,375.82,restaurant,UPI,10,6,1,BOI,2025-02-21 10:17:00,0,17.7,0.998,0.049,5,13.01,1,1,0,0,benign,none
TXN00004174,35.6,grocery,net_banking,11,3,0,SBI,2025-11-25 11:34:00,0,50.9,0.876,0.094,0,522.05,0,1,0,0,benign,none
TXN00001600,221.65,grocery,credit_card,11,5,1,PNB,2025-07-15 11:19:00,0,69.8,0.94,0.037,5,1664.88,0,1,0,0,benign,none
TXN00001392,92.15,electronics,UPI,18,0,0,Kotak,2025-09-25 18:57:00,0,21.4,0.97,0.031,7,153.86,0,1,0,0,benign,none
TXN00004701,101.32,entertainment,credit_card,14,1,0,PNB,2025-12-05 14:58:00,0,4.9,0.886,0.049,6,33.93,0,1,0,0,benign,none
TXN00003463,20.37,electronics,net_banking,20,2,0,BOI,2025-04-24 20:45:00,0,64.2,0.864,0.101,2,27.49,1,1,0,0,benign,none
TXN00004326,1605.38,clothing,debit_card,14,4,0,Axis,2025-04-30 14:22:00,0,56.8,0.851,0.086,5,1848.09,0,1,0,0,benign,none
TXN00004767,1648.39,grocery,wallet,4,4,0,HDFC,2025-02-02 04:36:00,1,64.1,0.933,0.083,7,24.13,0,1,0,0,benign,none
TXN00003626,265.96,pharmacy,debit_card,20,5,1,SBI,2025-12-17 20:04:00,0,4.4,0.988,0.05,4,76.78,0,1,0,0,benign,none
TXN00000426,1039.46,clothing,UPI,15,3,0,Airtel Payments Bank,2025-01-14 15:36:00,0,58.4,0.874,0.117,5,99.1,0,1,0,0,benign,none
TXN00002853,379.22,utilities,net_banking,19,2,0,Union Bank,2025-03-13 19:31:00,0,26.7,0.937,0.025,7,14.27,0,1,0,0,benign,none
TXN00000410,16.98,online_retail,credit_card,19,5,1,Airtel Payments Bank,2025-04-20 19:21:00,1,36.2,0.885,0.056,7,77.38,0,1,0,0,benign,none
TXN00002486,296.72,travel,wallet,6,3,0,BOI,2025-12-20 06:14:00,1,48.7,0.896,0.022,1,194.6,0,0,0,0,benign,none
TXN00000779,23.46,travel,UPI,19,3,0,HDFC,2025-01-02 19:13:00,0,14.1,0.982,0.044,4,620.36,0,1,0,0,benign,none
TXN00004217,577.86,clothing,UPI,15,4,0,Axis,2025-08-25 15:20:00,0,18.8,0.96,0.021,0,62.79,0,1,0,0,benign,none
TXN00000210,1272.35,grocery,credit_card,18,5,1,Axis,2025-09-27 18:30:00,0,63.0,0.902,0.076,7,204.57,0,1,0,0,benign,none
TXN00002487,1125.89,travel,UPI,10,4,0,Paytm Payments Bank,2025-11-20 10:27:00,0,12.6,0.89,0.077,2,43.34,0,1,0,0,benign,none
TXN00004050,1213.11,fuel,debit_card,17,0,0,Kotak,2025-01-25 17:54:00,0,48.6,0.97,0.1,4,60.46,0,1,0,0,benign,none
TXN00003148,5991.49,entertainment,UPI,11,3,0,ICICI,2025-02-20 11:43:00,0,40.4,0.868,0.042,2,105.04,0,1,0,0,benign,none
TXN00001049,537.82,education,UPI,22,2,0,Union Bank,2025-07-19 22:52:00,0,13.5,0.965,0.1,0,123.29,0,1,0,0,benign,none
TXN00004461,222.28,utilities,UPI,9,3,0,ICICI,2025-08-11 09:25:00,0,2.9,0.992,0.088,2,882.73,0,1,0,0,benign,none
TXN00002035,921.78,travel,credit_card,20,3,0,HDFC,2025-11-16 20:59:00,0,35.1,0.863,0.083,2,47.98,0,1,0,0,benign,none
TXN00001972,295.43,restaurant,net_banking,18,1,0,HDFC,2025-03-30 18:54:00,0,3.1,0.976,0.086,2,196.52,0,1,0,0,benign,none
TXN00003886,41.85,electronics,UPI,14,0,0,Airtel Payments Bank,2025-11-07 14:12:00,0,16.3,0.919,0.079,4,570.73,0,1,0,0,benign,none
TXN00002099,3937.44,pharmacy,credit_card,9,0,0,HDFC,2025-07-21 09:52:00,0,28.2,0.943,0.071,4,36.54,1,1,0,0,benign,none
TXN00001499,29.18,restaurant,UPI,19,3,0,Union Bank,2025-11-25 19:28:00,0,71.1,0.855,0.069,6,179.7,0,1,0,0,benign,none
TXN00001109,1110.31,healthcare,UPI,20,4,0,SBI,2025-10-13 20:36:00,1,64.3,0.94,0.061,4,519.78,0,1,0,0,benign,none
TXN00000652,4925.58,fuel,credit_card,14,6,1,HDFC,2025-09-06 14:13:00,0,70.0,0.912,0.059,4,282.68,0,1,0,0,benign,none
TXN00002732,5482.7,grocery,UPI,13,6,1,Airtel Payments Bank,2025-02-28 13:44:00,0,47.4,0.947,0.063,7,148.51,0,1,0,0,benign,none
TXN00003034,1745.59,pharmacy,credit_card,22,1,0,Axis,2025-05-02 22:36:00,0,16.6,0.923,0.019,3,390.0,0,1,0,0,benign,none
TXN00000242,10.34,clothing,UPI,20,1,0,BOI,2025-03-11 20:09:00,0,41.7,0.986,0.11,5,138.91,0,1,0,0,benign,none
TXN00001795,136.15,pharmacy,net_banking,11,0,0,Airtel Payments Bank,2025-10-17 11:51:00,0,31.8,0.891,0.033,7,993.8,0,1,0,0,benign,none
TXN00001702,315.63,fuel,UPI,3,5,1,Kotak,2025-05-22 03:20:00,0,18.4,0.989,0.1,1,115.79,0,1,0,0,benign,none
TXN00004185,488.73,grocery,debit_card,20,6,1,PNB,2025-04-19 20:37:00,0,2.8,0.937,0.024,5,9.44,0,1,0,0,benign,none
TXN00004317,92.23,grocery,debit_card,13,4,0,SBI,2025-10-20 13:51:00,0,19.4,0.976,0.045,3,217.66,0,1,0,0,benign,none
TXN00001498,881.44,restaurant,credit_card,10,3,0,PNB,2025-04-21 10:16:00,0,69.6,0.969,0.007,0,283.16,1,1,0,0,benign,none
TXN00002756,772.6,entertainment,wallet,18,3,0,PNB,2025-09-04 18:02:00,0,22.9,0.858,0.0,0,587.4,1,1,0,0,benign,none
TXN00004240,258.8,utilities,credit_card,12,3,0,ICICI,2025-08-22 12:53:00,0,12.1,0.978,0.077,4,559.46,0,1,0,0,benign,none
TXN00002178,724.45,restaurant,UPI,16,1,0,ICICI,2025-12-28 16:36:00,0,0.7,0.948,0.035,6,44.49,0,1,0,0,benign,none
TXN00004564,603.16,grocery,credit_card,0,2,0,Kotak,2025-03-04 00:32:00,0,42.2,0.921,0.085,5,188.17,0,1,0,0,benign,none
TXN00004347,10.0,fuel,UPI,14,4,0,Kotak,2025-07-29 14:00:00,1,10.5,0.911,0.113,1,1419.02,0,1,0,0,benign,none
TXN00003989,47.73,grocery,UPI,22,2,0,BOI,2025-08-07 22:22:00,0,24.8,0.912,0.054,2,12.3,0,1,0,0,benign,none
TXN00000705,42.24,fuel,wallet,17,5,1,SBI,2025-02-08 17:54:00,0,69.1,0.87,0.111,6,351.9,0,1,0,0,benign,none
TXN00001872,80.71,restaurant,UPI,14,0,0,Kotak,2025-03-29 14:53:00,0,49.9,0.877,0.007,0,70.34,0,1,0,0,benign,none
TXN00003182,67.92,travel,net_banking,13,6,1,ICICI,2025-07-18 13:59:00,1,1.1,0.932,0.022,6,2406.49,0,1,0,0,benign,none
TXN00004899,109.7,grocery,debit_card,8,4,0,SBI,2025-11-15 08:27:00,0,13.6,0.999,0.041,3,155.29,0,1,0,0,benign,none
TXN00004856,17.49,pharmacy,UPI,19,4,0,BOI,2025-01-14 19:37:00,0,19.3,0.951,0.106,0,71.3,0,1,0,0,benign,none
TXN00000565,926.06,fuel,UPI,6,4,0,Paytm Payments Bank,2025-08-23 06:11:00,0,12.1,0.87,0.086,5,465.53,0,1,0,0,benign,none
TXN00004951,54.94,grocery,UPI,10,6,1,Kotak,2025-07-02 10:35:00,0,67.6,0.898,0.07,7,290.88,0,1,0,0,benign,none
TXN00002987,4250.56,grocery,wallet,15,6,1,Paytm Payments Bank,2025-12-11 15:13:00,0,47.0,0.928,0.024,5,86.1,1,1,0,0,benign,none
TXN00000640,16.61,entertainment,debit_card,20,3,0,Kotak,2025-08-17 20:09:00,0,61.1,0.952,0.001,5,881.34,0,1,0,0,benign,none
TXN00002778,565.6,clothing,debit_card,10,5,1,PNB,2025-12-28 10:16:00,0,9.3,0.876,0.035,7,92.71,0,1,0,0,benign,none
TXN00000507,535.28,online_retail,UPI,5,5,1,Kotak,2025-02-15 05:33:00,0,57.1,0.911,0.038,2,331.11,0,1,0,0,benign,none
TXN00001964,65.24,clothing,wallet,18,6,1,PNB,2025-06-20 18:18:00,0,28.1,0.974,0.006,4,139.32,0,1,0,0,benign,none
TXN00001534,9097.54,healthcare,UPI,11,0,0,Kotak,2025-10-19 11:46:00,0,25.6,0.974,0.034,5,104.4,0,1,0,0,benign,none
TXN00000325,911.78,restaurant,UPI,19,6,1,BOI,2025-06-13 19:16:00,0,18.2,0.986,0.05,2,677.6,0,1,0,0,benign,none
TXN00003272,177.78,utilities,credit_card,17,2,0,SBI,2025-08-10 17:40:00,0,6.1,0.944,0.038,2,180.45,0,1,0,0,benign,none
TXN00002338,1618.24,utilities,UPI,16,2,0,PNB,2025-09-03 16:17:00,0,4.7,0.947,0.111,3,764.92,0,1,0,0,benign,none
TXN00002237,208.02,healthcare,debit_card,10,0,0,HDFC,2025-10-12 10:14:00,0,8.1,0.923,0.061,6,91.83,0,1,0,0,benign,none
TXN00000864,70.22,restaurant,debit_card,11,0,0,Airtel Payments Bank,2025-08-10 11:52:00,0,26.5,0.981,0.043,6,366.41,1,1,0,0,benign,none
TXN00004950,1870.47,fuel,UPI,20,5,1,Union Bank,2025-02-14 20:10:00,1,33.7,0.985,0.064,5,157.48,1,1,0,0,benign,none
TXN00002815,93.37,utilities,UPI,9,5,1,Axis,2025-06-23 09:20:00,0,45.7,0.877,0.025,3,309.62,0,1,0,0,benign,none
TXN00004354,38.51,travel,debit_card,22,2,0,Kotak,2025-08-23 22:08:00,0,36.1,0.985,0.118,5,57.72,0,1,0,0,benign,none
TXN00004379,22.56,pharmacy,debit_card,17,6,1,BOI,2025-02-02 17:35:00,0,50.4,0.906,0.054,0,68.27,0,1,0,0,benign,none
TXN00000371,2676.14,electronics,credit_card,9,3,0,Union Bank,2025-06-15 09:23:00,1,38.5,0.96,0.069,3,151.57,0,0,0,0,benign,none
TXN00004651,1458.86,restaurant,debit_card,17,4,0,Paytm Payments Bank,2025-06-25 17:26:00,0,61.2,0.935,0.015,6,37.27,0,1,0,0,benign,none
TXN00004791,10.0,entertainment,net_banking,20,3,0,ICICI,2025-07-26 20:00:00,0,23.4,0.979,0.117,5,27.32,0,1,0,0,benign,none
TXN00002542,137.42,entertainment,UPI,21,5,1,SBI,2025-03-06 21:21:00,0,52.3,0.967,0.115,3,455.01,0,1,0,0,benign,none
TXN00002364,23328.44,fuel,debit_card,19,5,1,Kotak,2025-09-21 19:49:00,0,28.9,0.87,0.013,1,129.75,0,1,0,0,benign,none
TXN00003213,38.66,grocery,debit_card,9,4,0,Axis,2025-01-16 09:01:00,1,71.3,0.94,0.099,0,109.08,0,1,0,0,benign,none
TXN00001360,123.96,clothing,debit_card,13,5,1,HDFC,2025-02-26 13:16:00,0,30.8,0.857,0.102,7,55.32,0,1,1,0,benign,none
TXN00000911,500.03,grocery,UPI,7,5,1,BOI,2025-05-15 07:12:00,1,5.0,0.988,0.02,2,1834.6,0,1,0,0,benign,none
TXN00003820,1374.51,electronics,debit_card,7,2,0,Kotak,2025-09-29 07:54:00,0,18.5,0.994,0.008,1,485.76,0,1,0,0,benign,none
TXN00004993,72.3,entertainment,credit_card,1,3,0,HDFC,2025-04-18 01:20:00,0,22.3,0.894,0.031,1,32.18,1,1,0,0,benign,none
TXN00000964,229.5,restaurant,debit_card,19,2,0,SBI,2025-12-12 19:57:00,0,7.7,0.938,0.078,2,408.96,0,1,0,0,benign,none
TXN00004169,605.81,clothing,debit_card,12,4,0,PNB,2025-05-29 12:38:00,0,64.4,0.858,0.007,7,140.17,0,1,0,0,benign,none
TXN00001423,3047.68,restaurant,wallet,9,2,0,Airtel Payments Bank,2025-12-25 09:48:00,0,28.9,0.857,0.115,3,640.78,0,1,0,0,benign,none
TXN00000122,363.58,healthcare,credit_card,10,5,1,HDFC,2025-08-17 10:34:00,0,11.1,0.876,0.065,0,102.63,0,1,0,0,benign,none
TXN00000479,26260.28,fuel,UPI,14,5,1,Union Bank,2025-12-24 14:02:00,0,37.0,0.959,0.007,0,54.41,0,1,0,0,benign,none
TXN00000662,48.21,fuel,credit_card,20,2,0,Airtel Payments Bank,2025-04-18 20:14:00,0,28.8,0.989,0.01,5,251.41,0,0,0,0,benign,none
TXN00003980,441.13,fuel,debit_card,14,1,0,HDFC,2025-09-29 14:14:00,0,68.5,0.969,0.006,1,87.27,1,1,0,0,benign,none
TXN00003501,2643.46,clothing,net_banking,9,4,0,Kotak,2025-06-18 09:01:00,0,7.0,0.864,0.081,3,1318.12,0,1,0,0,benign,none
TXN00002988,364.88,education,debit_card,15,3,0,Paytm Payments Bank,2025-04-05 15:33:00,0,23.5,0.928,0.097,1,31.4,0,1,0,0,benign,none
TXN00002776,665.57,online_retail,debit_card,6,4,0,Axis,2025-04-22 06:15:00,0,26.9,0.88,0.081,1,15.22,0,1,0,0,benign,none
TXN00000439,528.58,travel,UPI,21,5,1,Union Bank,2025-04-09 21:18:00,0,39.5,0.946,0.09,7,136.97,0,1,0,0,benign,none
TXN00001379,3472.05,grocery,credit_card,20,2,0,Axis,2025-04-09 20:34:00,0,35.4,0.911,0.083,1,438.2,0,1,0,0,benign,none
TXN00003643,76.3,pharmacy,UPI,12,1,0,BOI,2025-07-27 12:57:00,0,13.7,0.996,0.066,1,829.92,0,1,0,0,benign,none
TXN00004617,40.25,pharmacy,debit_card,15,3,0,Paytm Payments Bank,2025-07-05 15:18:00,0,36.6,0.969,0.022,3,83.43,0,1,0,0,benign,none
TXN00004883,148.26,fuel,debit_card,10,5,1,Union Bank,2025-08-14 10:20:00,0,70.4,0.883,0.063,4,1130.51,0,1,0,0,benign,none
TXN00001443,3260.61,fuel,credit_card,12,1,0,Kotak,2025-07-25 12:26:00,0,0.5,0.94,0.004,4,267.32,0,1,0,0,benign,none
TXN00001477,17.76,grocery,credit_card,7,3,0,Paytm Payments Bank,2025-10-10 07:55:00,0,25.6,0.899,0.013,4,146.46,0,1,0,0,benign,none
TXN00002039,415.83,fuel,UPI,15,2,0,Union Bank,2025-07-19 15:38:00,1,32.7,0.862,0.017,4,86.61,0,1,0,0,benign,none
TXN00001173,40.6,restaurant,UPI,7,3,0,Airtel Payments Bank,2025-04-16 07:14:00,0,16.0,0.868,0.082,7,106.07,0,1,0,0,benign,none
TXN00003784,6534.05,grocery,credit_card,9,3,0,SBI,2025-01-17 09:17:00,0,20.3,0.909,0.051,5,1224.8,0,1,0,0,benign,none
TXN00004511,180.4,fuel,credit_card,9,0,0,PNB,2025-11-10 09:56:00,1,60.1,0.959,0.085,2,30.08,0,1,0,0,benign,none
TXN00002893,74.16,utilities,UPI,0,5,1,Paytm Payments Bank,2025-09-11 00:09:00,0,58.1,0.924,0.096,1,222.31,0,1,0,0,benign,none
TXN00002669,75.16,utilities,debit_card,17,0,0,SBI,2025-12-18 17:43:00,0,31.0,0.91,0.007,6,14.94,0,0,0,0,benign,none
TXN00000279,392.66,pharmacy,UPI,17,5,1,HDFC,2025-01-10 17:14:00,0,39.9,0.852,0.071,2,186.42,0,1,0,0,benign,none
TXN00002571,774.24,electronics,UPI,12,4,0,ICICI,2025-10-18 12:19:00,0,21.7,0.949,0.086,4,846.37,0,1,0,0,benign,none
TXN00003265,498.33,pharmacy,UPI,22,3,0,Paytm Payments Bank,2025-06-27 22:55:00,0,24.7,0.909,0.061,6,31.96,0,1,0,0,benign,none
TXN00001101,739.06,utilities,UPI,14,5,1,Axis,2025-03-14 14:40:00,0,13.2,0.939,0.039,1,1784.72,0,1,0,0,benign,none
TXN00000568,656.66,utilities,wallet,20,0,0,Axis,2025-09-25 20:45:00,1,65.5,0.941,0.05,7,21.57,0,1,0,0,benign,none
TXN00001694,25.83,grocery,net_banking,8,5,1,Axis,2025-06-12 08:05:00,0,20.1,0.926,0.051,3,131.4,0,1,0,0,benign,none
TXN00004028,180.54,healthcare,UPI,7,1,0,Union Bank,2025-12-30 07:57:00,0,18.3,0.918,0.092,3,583.45,0,1,0,0,benign,none
TXN00004051,204.67,restaurant,net_banking,2,2,0,BOI,2025-09-22 02:06:00,0,1.2,0.982,0.096,0,126.97,0,1,0,0,benign,none
TXN00000577,2313.02,utilities,credit_card,20,1,0,ICICI,2025-06-13 20:00:00,0,57.0,0.975,0.045,6,22.47,0,1,0,0,benign,none
TXN00000059,1398.14,education,debit_card,16,3,0,Axis,2025-09-01 16:58:00,0,18.4,0.937,0.066,0,152.18,0,1,0,0,benign,none
TXN00003110,373.61,restaurant,credit_card,9,2,0,Axis,2025-04-03 09:32:00,1,46.3,0.991,0.073,5,68.76,0,1,0,0,benign,none
TXN00000787,169.82,grocery,debit_card,10,6,1,Airtel Payments Bank,2025-06-21 10:06:00,0,67.0,0.921,0.04,3,94.54,0,1,0,0,benign,none
TXN00004001,1225.85,grocery,credit_card,20,5,1,SBI,2025-01-28 20:41:00,0,14.5,0.906,0.014,2,98.54,0,1,0,0,benign,none
TXN00003458,162.39,pharmacy,UPI,8,5,1,Paytm Payments Bank,2025-08-31 08:03:00,0,52.0,0.908,0.001,6,95.24,0,0,0,0,benign,none
TXN00003608,1008.01,restaurant,credit_card,11,6,1,Kotak,2025-05-18 11:54:00,1,3.5,0.919,0.116,1,158.55,0,1,0,0,benign,none
TXN00004921,1086.04,clothing,debit_card,15,1,0,HDFC,2025-10-29 15:18:00,1,35.5,0.86,0.03,5,7.9,0,1,0,0,benign,none
TXN00003231,3706.22,travel,credit_card,19,5,1,HDFC,2025-03-07 19:48:00,0,62.5,1.0,0.094,6,93.77,0,1,0,0,benign,none
TXN00000335,27.39,electronics,credit_card,8,3,0,Kotak,2025-02-13 08:15:00,1,30.6,0.931,0.056,1,213.53,0,1,0,0,benign,none
TXN00004504,69.28,grocery,UPI,17,3,0,Airtel Payments Bank,2025-03-02 17:56:00,0,51.8,0.914,0.039,4,32.59,0,1,0,0,benign,none
TXN00000467,7998.55,fuel,credit_card,13,3,0,BOI,2025-10-06 13:51:00,0,68.4,0.906,0.074,7,83.7,0,1,0,0,benign,none
TXN00000184,529.41,online_retail,UPI,16,0,0,SBI,2025-01-27 16:12:00,0,51.1,0.864,0.088,7,19.44,0,1,0,0,benign,none
TXN00003931,952.85,online_retail,net_banking,21,4,0,PNB,2025-04-12 21:45:00,0,31.8,0.919,0.098,4,2874.86,0,1,0,0,benign,none
TXN00003997,157.23,electronics,credit_card,15,2,0,ICICI,2025-04-27 15:37:00,0,49.8,0.975,0.08,0,17.45,1,1,0,0,benign,none
TXN00000420,288.83,education,debit_card,14,0,0,ICICI,2025-07-04 14:28:00,0,41.4,0.889,0.05,5,37.51,0,1,0,0,benign,none
TXN00002350,790.58,utilities,UPI,19,6,1,PNB,2025-07-01 19:42:00,0,18.8,0.933,0.05,3,1838.29,0,0,0,0,benign,none
TXN00000553,9538.89,fuel,debit_card,13,2,0,ICICI,2025-07-16 13:07:00,0,64.7,0.861,0.033,6,237.25,0,1,0,0,benign,none
TXN00001397,176.18,grocery,UPI,9,2,0,Axis,2025-06-26 09:22:00,0,2.8,0.862,0.055,4,261.05,0,1,0,0,benign,none
TXN00001384,10.45,entertainment,UPI,4,0,0,BOI,2025-11-04 04:49:00,0,71.8,0.927,0.051,0,276.39,0,1,0,0,benign,none
TXN00003844,285.66,grocery,credit_card,8,2,0,Airtel Payments Bank,2025-10-05 08:45:00,1,46.3,0.979,0.117,1,24.63,0,1,0,0,benign,none
TXN00004239,775.43,electronics,net_banking,10,4,0,BOI,2025-03-24 10:48:00,1,16.6,0.946,0.082,4,400.35,1,0,0,0,benign,none
TXN00001760,29.45,utilities,UPI,16,4,0,Axis,2025-10-23 16:25:00,0,70.2,0.961,0.049,5,52.19,0,1,0,0,benign,none
TXN00003777,559.93,healthcare,credit_card,10,3,0,Axis,2025-11-08 10:32:00,0,7.4,0.872,0.101,1,135.72,0,1,0,0,benign,none
TXN00000297,125.28,clothing,UPI,8,1,0,ICICI,2025-11-23 08:17:00,0,71.0,0.98,0.04,6,238.93,0,1,0,0,benign,none
TXN00000443,2636.46,travel,UPI,21,0,0,PNB,2025-12-12 21:21:00,0,15.6,0.909,0.031,5,8.96,0,0,0,0,benign,none
TXN00000777,499.99,healthcare,UPI,14,5,1,Kotak,2025-02-07 14:36:00,1,61.7,0.863,0.102,6,72.75,0,1,0,0,benign,none
TXN00001119,41.28,entertainment,credit_card,16,3,0,BOI,2025-12-28 16:32:00,1,41.3,0.863,0.048,4,74.97,0,1,0,0,benign,none
TXN00004922,342.7,restaurant,debit_card,16,0,0,PNB,2025-08-17 16:20:00,0,6.2,0.973,0.024,1,124.55,0,1,0,0,benign,none
TXN00003881,3077.61,travel,UPI,13,5,1,PNB,2025-12-28 13:07:00,0,24.2,0.965,0.12,6,39.13,0,1,0,0,benign,none
TXN00003680,78.27,fuel,UPI,10,2,0,ICICI,2025-06-06 10:42:00,0,35.2,0.899,0.0,5,16.12,0,1,0,0,benign,none
TXN00001921,1553.76,travel,UPI,6,4,0,Kotak,2025-12-02 06:36:00,1,43.7,0.924,0.059,1,30.86,0,1,0,0,benign,none
TXN00000655,434.81,restaurant,credit_card,17,0,0,PNB,2025-08-11 17:31:00,0,64.0,0.852,0.01,1,127.82,0,1,0,0,benign,none
TXN00002229,403.07,electronics,credit_card,3,4,0,ICICI,2025-11-05 03:35:00,0,29.9,0.915,0.011,2,3.8,0,1,0,0,benign,none
TXN00004787,249.99,restaurant,UPI,10,3,0,PNB,2025-08-26 10:55:00,0,38.0,0.925,0.119,6,969.8,0,1,0,0,benign,none
TXN00002842,695.56,fuel,net_banking,17,2,0,BOI,2025-03-24 17:03:00,1,28.0,0.967,0.072,5,144.33,0,1,0,0,benign,none
TXN00002537,13.2,restaurant,UPI,8,2,0,Axis,2025-03-31 08:37:00,0,54.1,0.928,0.085,1,30.01,0,0,0,0,benign,none
TXN00002540,580.82,grocery,credit_card,23,2,0,Union Bank,2025-11-22 23:14:00,0,45.5,0.921,0.014,3,191.93,0,0,0,0,benign,none
TXN00001194,7949.21,healthcare,UPI,13,0,0,HDFC,2025-10-18 13:58:00,0,55.3,0.993,0.096,7,1225.49,0,1,0,0,benign,none
TXN00003367,146.98,pharmacy,UPI,19,4,0,SBI,2025-12-09 19:03:00,0,68.3,0.994,0.117,4,53.12,0,1,0,0,benign,none
TXN00002457,82.41,grocery,credit_card,1,6,1,Kotak,2025-10-08 01:37:00,0,49.6,0.93,0.003,7,77.41,0,1,0,0,benign,none
TXN00002578,2390.72,travel,UPI,15,0,0,SBI,2025-06-30 15:35:00,0,0.4,0.972,0.068,2,6.94,0,1,0,0,benign,none
TXN00003720,265.91,restaurant,net_banking,7,1,0,BOI,2025-08-19 07:40:00,0,46.9,0.917,0.056,4,20.22,0,1,0,0,benign,none
TXN00002758,944.13,pharmacy,UPI,21,5,1,PNB,2025-07-15 21:52:00,1,17.1,0.934,0.087,1,195.88,0,1,0,0,benign,none
TXN00003467,10.0,online_retail,UPI,13,1,0,ICICI,2025-02-23 13:38:00,0,33.1,0.942,0.065,0,238.62,0,1,0,0,benign,none
TXN00000558,26.05,utilities,credit_card,11,4,0,Paytm Payments Bank,2025-12-25 11:57:00,0,27.2,0.912,0.085,3,73.81,0,1,0,0,benign,none
TXN00000320,1000.48,grocery,UPI,19,1,0,Kotak,2025-01-22 19:26:00,0,11.5,0.899,0.067,1,46.77,0,1,0,0,benign,none
TXN00003039,214.95,restaurant,UPI,11,5,1,Airtel Payments Bank,2025-03-29 11:58:00,0,56.9,0.966,0.033,3,39.73,0,1,0,0,benign,none
TXN00001371,1088.35,clothing,credit_card,20,2,0,Airtel Payments Bank,2025-01-09 20:33:00,1,25.9,0.993,0.095,4,111.88,1,1,0,0,benign,none
TXN00003296,542.4,grocery,UPI,20,4,0,SBI,2025-05-17 20:13:00,0,44.9,0.86,0.118,5,343.93,0,1,0,0,benign,none
TXN00000907,24.57,electronics,debit_card,21,5,1,PNB,2025-02-15 21:36:00,0,28.2,0.956,0.097,6,533.61,0,1,0,0,benign,none
TXN00004994,529.4,travel,UPI,12,2,0,ICICI,2025-04-14 12:39:00,1,66.8,0.922,0.11,6,3599.02,0,1,0,0,benign,none
TXN00001433,12.89,grocery,wallet,8,4,0,Union Bank,2025-02-15 08:23:00,0,29.6,0.913,0.034,4,129.14,0,1,0,0,benign,none
TXN00003159,69.63,electronics,credit_card,13,2,0,Kotak,2025-07-21 13:01:00,0,55.3,0.967,0.06,5,337.88,0,1,0,0,benign,none
TXN00000926,180.28,utilities,debit_card,7,1,0,PNB,2025-12-27 07:17:00,0,63.1,0.943,0.064,6,1.58,1,1,0,0,benign,none
TXN00002470,106.71,travel,UPI,20,5,1,HDFC,2025-02-19 20:38:00,0,10.5,0.863,0.096,7,36.12,0,1,0,0,benign,none
TXN00004267,453.4,pharmacy,debit_card,9,0,0,Axis,2025-12-29 09:05:00,0,15.6,0.999,0.105,0,56.71,0,1,0,0,benign,none
TXN00000015,52.11,grocery,UPI,5,0,0,PNB,2025-09-10 05:00:00,0,43.8,0.907,0.093,7,226.48,0,1,0,0,benign,none
TXN00000143,396.18,grocery,UPI,11,2,0,HDFC,2025-11-19 11:27:00,0,48.7,0.978,0.119,2,204.12,0,1,0,0,benign,none
TXN00002363,580.91,electronics,wallet,10,6,1,HDFC,2025-10-22 10:51:00,0,25.2,0.959,0.112,4,209.33,1,1,0,0,benign,none
TXN00001161,127.25,grocery,UPI,11,2,0,HDFC,2025-07-07 11:43:00,0,5.0,0.88,0.095,1,218.96,0,1,0,0,benign,none
TXN00004914,2109.63,fuel,UPI,21,2,0,HDFC,2025-02-25 21:45:00,0,5.8,0.85,0.033,3,430.53,0,1,0,0,benign,none
TXN00004336,321.46,clothing,debit_card,8,4,0,Paytm Payments Bank,2025-09-21 08:28:00,0,5.3,0.957,0.08,7,252.79,0,1,0,0,benign,none
TXN00003721,857.09,healthcare,UPI,8,1,0,Airtel Payments Bank,2025-02-17 08:19:00,0,22.0,0.954,0.1,7,120.8,0,1,0,0,benign,none
TXN00001204,75.87,clothing,debit_card,8,6,1,PNB,2025-10-16 08:40:00,1,21.1,0.887,0.017,0,157.11,0,1,0,0,benign,none
TXN00003482,1414.53,grocery,UPI,22,0,0,Kotak,2025-01-04 22:21:00,0,38.4,0.952,0.003,4,205.1,0,1,0,0,benign,none
TXN00001362,10.81,grocery,net_banking,18,0,0,Paytm Payments Bank,2025-04-25 18:42:00,0,2.2,0.89,0.094,4,341.5,1,1,0,0,benign,none
TXN00003846,206.61,utilities,debit_card,10,4,0,PNB,2025-10-07 10:59:00,0,49.9,0.872,0.077,2,2415.32,1,1,0,0,benign,none
TXN00001212,175.09,pharmacy,UPI,13,0,0,BOI,2025-10-22 13:50:00,0,2.2,0.944,0.057,7,83.1,0,1,0,0,benign,none
TXN00001876,910.22,utilities,UPI,11,3,0,Kotak,2025-03-11 11:14:00,1,39.5,0.95,0.062,5,0.86,0,1,0,0,benign,none
TXN00004982,11.24,electronics,UPI,19,6,1,Kotak,2025-02-23 19:06:00,1,13.9,0.924,0.081,1,287.01,0,1,0,0,benign,none
TXN00004715,4654.39,fuel,debit_card,8,6,1,SBI,2025-03-07 08:55:00,0,10.6,0.854,0.07,5,30.75,0,1,0,0,benign,none
TXN00001170,30.92,education,UPI,21,4,0,Airtel Payments Bank,2025-08-08 21:51:00,1,22.7,0.973,0.014,0,99.16,0,1,0,0,benign,none
TXN00000579,470.7,utilities,debit_card,19,3,0,Kotak,2025-12-23 19:49:00,0,40.7,0.904,0.073,7,832.43,0,1,0,0,benign,none
TXN00002182,10.0,travel,UPI,13,5,1,SBI,2025-03-10 13:04:00,0,14.8,0.957,0.026,5,672.74,0,1,0,0,benign,none
TXN00003544,151.48,fuel,net_banking,16,3,0,Airtel Payments Bank,2025-06-25 16:04:00,0,29.4,0.984,0.027,1,70.99,0,1,0,0,benign,none
TXN00001833,516.1,clothing,credit_card,17,3,0,Airtel Payments Bank,2025-05-27 17:44:00,1,39.2,0.974,0.046,3,752.49,0,1,0,0,benign,none
TXN00001825,822.9,restaurant,credit_card,18,3,0,Union Bank,2025-08-31 18:42:00,0,39.1,0.866,0.084,7,101.4,1,1,0,0,benign,none
TXN00001859,19.8,entertainment,net_banking,22,0,0,HDFC,2025-10-13 22:47:00,0,8.5,0.898,0.113,5,254.8,1,1,0,0,benign,none
TXN00003889,66.25,online_retail,credit_card,12,3,0,Airtel Payments Bank,2025-11-17 12:16:00,0,34.4,0.938,0.02,2,691.78,0,1,0,0,benign,none
TXN00002685,315.48,restaurant,credit_card,19,2,0,Paytm Payments Bank,2025-07-10 19:23:00,1,20.1,0.854,0.107,7,267.62,0,1,0,0,benign,none
TXN00004029,348.46,entertainment,UPI,11,3,0,Kotak,2025-10-16 11:17:00,0,45.5,0.991,0.065,2,126.19,0,1,0,0,benign,none
TXN00004708,57.27,pharmacy,debit_card,13,2,0,Airtel Payments Bank,2025-04-09 13:07:00,0,63.9,0.918,0.052,1,967.11,0,1,0,0,benign,none
TXN00003121,341.7,grocery,UPI,23,3,0,Union Bank,2025-08-30 23:45:00,0,52.8,0.905,0.011,0,199.7,0,1,0,0,benign,none
TXN00000387,628.63,grocery,debit_card,19,4,0,Axis,2025-04-22 19:45:00,0,64.7,0.886,0.114,4,91.16,0,1,0,0,benign,none
TXN00001032,99.42,restaurant,debit_card,10,0,0,BOI,2025-01-31 10:22:00,0,13.2,0.915,0.082,0,69.1,0,1,0,0,benign,none
TXN00002488,2921.71,grocery,debit_card,20,4,0,Airtel Payments Bank,2025-12-07 20:50:00,0,23.9,0.903,0.003,0,60.91,0,1,0,0,benign,none
TXN00002286,858.75,restaurant,debit_card,15,5,1,Kotak,2025-04-23 15:06:00,0,54.8,0.93,0.01,1,605.46,0,1,0,0,benign,none
TXN00003187,66.56,grocery,debit_card,11,5,1,SBI,2025-06-12 11:03:00,1,9.0,0.876,0.081,3,212.28,0,1,0,0,benign,none
TXN00002629,226.7,pharmacy,wallet,20,3,0,PNB,2025-03-28 20:45:00,0,57.1,0.972,0.047,6,17.77,1,1,0,0,benign,none
TXN00004309,10.0,fuel,debit_card,13,3,0,Kotak,2025-10-14 13:53:00,0,32.7,0.895,0.071,4,603.97,0,1,0,0,benign,none
TXN00003058,73.02,restaurant,UPI,11,4,0,Airtel Payments Bank,2025-11-01 11:43:00,0,5.6,0.879,0.003,3,109.82,0,1,1,0,benign,none
TXN00000931,548.39,grocery,UPI,20,4,0,ICICI,2025-01-21 20:03:00,0,32.4,0.997,0.093,6,108.14,0,1,0,0,benign,none
TXN00000691,157.22,clothing,UPI,17,2,0,ICICI,2025-06-23 17:00:00,0,37.4,0.894,0.011,6,1275.62,0,1,0,0,benign,none
TXN00001891,59.76,fuel,net_banking,0,6,1,Paytm Payments Bank,2025-02-20 00:38:00,0,23.9,0.935,0.086,0,12.99,0,1,0,0,benign,none
TXN00002268,10.0,grocery,UPI,9,5,1,BOI,2025-07-25 09:27:00,0,45.7,0.966,0.037,5,83.83,0,1,0,0,benign,none
TXN00000829,10.0,grocery,debit_card,11,2,0,HDFC,2025-02-19 11:24:00,0,20.2,0.894,0.03,7,140.34,1,1,0,0,benign,none
TXN00003498,161.32,entertainment,debit_card,18,6,1,Airtel Payments Bank,2025-03-08 18:48:00,0,44.3,0.853,0.007,3,207.33,0,1,0,0,benign,none
TXN00003961,2731.1,online_retail,UPI,7,2,0,ICICI,2025-05-12 07:00:00,0,11.9,0.899,0.015,6,258.56,0,1,0,0,benign,none
TXN00000044,301.88,restaurant,credit_card,18,6,1,PNB,2025-09-18 18:26:00,0,31.8,0.93,0.049,7,248.04,0,1,0,0,benign,none
TXN00003101,95.58,restaurant,debit_card,10,4,0,SBI,2025-02-18 10:51:00,0,36.5,0.934,0.086,2,75.78,0,1,0,0,benign,none
TXN00004401,105.84,healthcare,net_banking,3,2,0,Kotak,2025-05-31 03:02:00,0,52.9,0.978,0.035,7,39.63,0,1,0,0,benign,none
TXN00003012,114.65,healthcare,credit_card,19,6,1,Kotak,2025-06-06 19:52:00,1,49.5,0.904,0.051,3,181.12,0,1,0,0,benign,none
TXN00003615,1154.2,fuel,UPI,14,5,1,Airtel Payments Bank,2025-05-05 14:50:00,0,8.9,0.895,0.038,3,567.49,0,1,0,0,benign,none
TXN00000223,34.75,travel,debit_card,10,2,0,Axis,2025-07-06 10:10:00,0,29.6,0.884,0.085,7,52.02,0,1,0,0,benign,none
TXN00002965,13.74,grocery,UPI,21,6,1,PNB,2025-07-31 21:06:00,0,20.6,0.963,0.052,2,534.25,0,1,0,0,benign,none
TXN00001187,472.32,utilities,UPI,11,4,0,BOI,2025-01-26 11:36:00,0,9.8,0.967,0.116,6,578.34,0,1,0,0,benign,none
TXN00000837,3195.42,utilities,UPI,16,6,1,Union Bank,2025-12-20 16:35:00,0,14.7,0.95,0.027,5,57.11,0,1,0,0,benign,none
TXN00004046,181.73,travel,credit_card,7,6,1,Kotak,2025-07-10 07:38:00,0,46.8,0.9,0.039,3,308.53,0,1,0,0,benign,none
TXN00001683,2233.13,online_retail,UPI,20,6,1,SBI,2025-05-16 20:55:00,0,58.7,0.918,0.111,7,109.57,0,1,0,0,benign,none
TXN00003059,138.6,clothing,UPI,9,2,0,Airtel Payments Bank,2025-05-15 09:38:00,0,10.2,0.96,0.109,4,51.4,0,1,0,0,benign,none
TXN00003382,7194.57,entertainment,credit_card,15,6,1,Kotak,2025-12-09 15:05:00,0,60.0,0.904,0.044,0,256.08,0,1,0,0,benign,none
TXN00000063,702.89,clothing,debit_card,5,0,0,BOI,2025-02-11 05:07:00,0,66.2,0.857,0.112,6,284.97,0,1,0,0,benign,none
TXN00003092,1322.5,travel,credit_card,15,4,0,Paytm Payments Bank,2025-08-26 15:42:00,0,42.7,0.985,0.05,0,164.8,0,1,0,0,benign,none
TXN00000617,378.02,restaurant,net_banking,20,4,0,PNB,2025-04-12 20:14:00,0,64.5,0.933,0.027,6,537.19,0,1,0,0,benign,none
TXN00003502,768.56,pharmacy,UPI,17,3,0,Airtel Payments Bank,2025-11-04 17:11:00,0,42.9,0.981,0.077,5,233.54,0,1,0,0,benign,none
TXN00000227,7174.73,grocery,credit_card,16,5,1,Airtel Payments Bank,2025-07-04 16:02:00,0,9.4,0.983,0.026,1,65.22,1,1,0,0,benign,none
TXN00003195,1644.83,entertainment,UPI,21,4,0,Paytm Payments Bank,2025-06-11 21:28:00,1,5.9,0.921,0.098,6,402.55,0,1,0,0,benign,none
TXN00003946,2576.66,travel,wallet,15,2,0,Airtel Payments Bank,2025-01-17 15:30:00,0,59.0,0.881,0.009,4,450.92,0,1,0,0,benign,none
TXN00004304,249.25,grocery,debit_card,19,1,0,Airtel Payments Bank,2025-12-24 19:59:00,0,41.8,0.956,0.007,5,4234.93,0,1,0,0,benign,none
TXN00000969,260.42,restaurant,debit_card,6,0,0,SBI,2025-10-18 06:02:00,0,29.9,0.967,0.049,2,503.4,0,1,0,0,benign,none
TXN00001805,10.0,entertainment,UPI,10,5,1,Kotak,2025-09-16 10:06:00,0,14.1,0.966,0.055,4,129.25,0,1,0,0,benign,none
TXN00002447,107.28,fuel,net_banking,20,4,0,ICICI,2025-06-21 20:02:00,0,11.7,0.879,0.08,6,34.0,0,1,0,0,benign,none
TXN00000925,7243.9,grocery,UPI,11,3,0,PNB,2025-02-22 11:59:00,0,35.4,0.893,0.012,7,296.71,0,1,0,0,benign,none
TXN00003666,248.94,clothing,UPI,16,1,0,Union Bank,2025-04-21 16:30:00,0,28.9,0.915,0.025,3,29.58,0,1,0,0,benign,none
TXN00004712,1802.56,clothing,net_banking,17,1,0,Union Bank,2025-05-07 17:50:00,0,42.6,0.926,0.054,0,198.86,0,1,0,0,benign,none
TXN00002851,3215.23,restaurant,UPI,14,4,0,Kotak,2025-08-27 14:39:00,0,14.1,0.97,0.038,1,157.18,0,1,0,0,benign,none
TXN00004339,156.06,restaurant,debit_card,20,4,0,Axis,2025-06-21 20:54:00,0,14.7,0.933,0.108,0,454.95,1,1,0,0,benign,none
TXN00001860,796.41,grocery,UPI,22,0,0,Airtel Payments Bank,2025-09-16 22:40:00,0,48.2,0.996,0.0,4,97.04,1,1,0,0,benign,none
TXN00000252,5495.34,clothing,credit_card,15,5,1,PNB,2025-12-25 15:46:00,1,39.4,0.974,0.023,4,562.99,0,1,0,0,benign,none
TXN00001789,1522.22,entertainment,debit_card,18,3,0,BOI,2025-01-20 18:20:00,0,44.5,0.904,0.042,1,463.19,0,1,0,0,benign,none
TXN00002059,34.22,grocery,debit_card,9,0,0,Paytm Payments Bank,2025-08-02 09:51:00,0,28.8,0.859,0.053,1,174.42,0,0,0,0,benign,none
TXN00003047,627.11,restaurant,credit_card,9,4,0,BOI,2025-04-20 09:14:00,0,14.6,0.903,0.014,6,37.47,0,1,0,0,benign,none
TXN00001902,724.36,pharmacy,net_banking,13,0,0,PNB,2025-07-12 13:48:00,0,15.6,0.974,0.104,5,65.56,0,1,0,0,benign,none
TXN00002750,495.07,grocery,UPI,4,6,1,SBI,2025-07-01 04:03:00,0,50.4,0.968,0.049,0,77.95,0,0,0,0,benign,none
TXN00003334,270.74,healthcare,wallet,6,0,0,PNB,2025-02-17 06:53:00,0,15.8,0.951,0.036,0,614.38,0,1,0,0,benign,none
TXN00002119,982.96,fuel,debit_card,14,1,0,Paytm Payments Bank,2025-06-07 14:37:00,0,9.7,0.97,0.081,4,84.91,0,1,0,0,benign,none
TXN00004196,407.45,entertainment,UPI,11,5,1,BOI,2025-06-28 11:09:00,0,23.0,0.895,0.018,6,209.63,0,1,0,0,benign,none
TXN00002689,10.0,grocery,net_banking,7,5,1,Paytm Payments Bank,2025-04-21 07:35:00,0,23.6,0.892,0.098,3,49.71,0,1,0,0,benign,none
TXN00004447,253.35,grocery,debit_card,6,5,1,Axis,2025-09-04 06:00:00,0,47.6,0.959,0.094,5,695.24,0,1,0,0,benign,none
TXN00001923,1867.18,grocery,debit_card,21,1,0,HDFC,2025-02-25 21:03:00,0,21.4,0.966,0.094,0,60.25,0,1,0,0,benign,none
TXN00000075,847.99,fuel,debit_card,12,2,0,Paytm Payments Bank,2025-03-25 12:41:00,0,9.1,0.869,0.025,1,177.82,0,1,0,0,benign,none
TXN00002345,42.71,electronics,UPI,9,3,0,Paytm Payments Bank,2025-12-23 09:46:00,0,41.6,0.931,0.117,4,638.9,0,1,0,0,benign,none
TXN00002351,749.11,healthcare,net_banking,11,5,1,PNB,2025-08-06 11:25:00,1,56.9,0.919,0.084,3,42.45,0,1,0,0,benign,none
TXN00004871,338.53,entertainment,UPI,11,0,0,Airtel Payments Bank,2025-04-19 11:46:00,0,30.3,0.912,0.086,2,436.45,0,1,0,0,benign,none
TXN00000430,37.6,restaurant,wallet,5,3,0,Paytm Payments Bank,2025-04-20 05:49:00,0,60.5,0.92,0.091,6,302.67,0,1,0,0,benign,none
TXN00000952,577.99,electronics,debit_card,8,2,0,Paytm Payments Bank,2025-03-09 08:40:00,0,57.5,0.957,0.117,0,271.03,0,1,0,0,benign,none
TXN00000240,50.48,utilities,net_banking,6,2,0,BOI,2025-11-24 06:52:00,0,33.2,0.888,0.068,7,259.03,0,1,0,0,benign,none
TXN00000783,1223.64,restaurant,UPI,13,1,0,BOI,2025-06-21 13:04:00,0,50.5,0.987,0.079,7,46.99,0,1,0,0,benign,none
TXN00001354,7656.56,grocery,UPI,4,1,0,HDFC,2025-11-11 04:49:00,0,2.4,0.92,0.053,2,422.58,0,1,0,0,benign,none
TXN00003066,388.26,restaurant,credit_card,12,5,1,Union Bank,2025-10-28 12:18:00,1,11.0,0.97,0.118,5,363.3,0,1,0,0,benign,none
TXN00004773,794.02,travel,UPI,14,3,0,BOI,2025-03-22 14:34:00,0,63.6,0.88,0.031,6,11.62,0,0,0,0,benign,none
TXN00000977,116.49,grocery,credit_card,16,5,1,Kotak,2025-06-10 16:20:00,0,32.8,0.853,0.101,5,77.19,0,1,0,0,benign,none
TXN00000809,361.77,electronics,credit_card,23,3,0,BOI,2025-06-24 23:57:00,0,49.8,0.86,0.021,0,872.3,0,1,0,0,benign,none
TXN00002168,64.78,pharmacy,credit_card,8,2,0,Kotak,2025-06-04 08:33:00,1,56.5,0.912,0.011,2,112.13,0,1,0,0,benign,none
TXN00004803,1412.61,entertainment,UPI,7,6,1,HDFC,2025-05-29 07:53:00,0,52.4,0.891,0.111,5,55.39,0,1,1,0,benign,none
TXN00001599,35.81,restaurant,UPI,11,3,0,Paytm Payments Bank,2025-05-13 11:25:00,0,43.8,0.932,0.047,5,274.19,0,1,0,0,benign,none
TXN00002941,2385.8,clothing,UPI,14,1,0,HDFC,2025-01-19 14:36:00,0,12.3,0.907,0.071,5,230.48,0,0,0,0,benign,none
TXN00003827,370.86,entertainment,debit_card,12,2,0,Airtel Payments Bank,2025-01-11 12:07:00,0,43.4,0.988,0.081,4,25.05,0,1,0,0,benign,none
TXN00000684,111.75,travel,credit_card,18,3,0,BOI,2025-08-29 18:12:00,0,69.0,0.886,0.074,4,101.77,0,1,0,0,benign,none
TXN00001620,691.82,utilities,UPI,11,4,0,HDFC,2025-03-16 11:04:00,1,0.7,0.936,0.084,3,102.46,0,1,0,0,benign,none
TXN00001482,300.74,electronics,UPI,8,5,1,ICICI,2025-08-06 08:59:00,0,4.6,0.91,0.081,6,65.05,1,1,0,0,benign,none
TXN00002146,44.84,restaurant,wallet,15,2,0,Kotak,2025-12-17 15:29:00,0,20.5,0.97,0.115,2,186.87,0,1,0,0,benign,none
TXN00001801,542.62,healthcare,UPI,12,6,1,Axis,2025-09-11 12:24:00,1,32.5,0.926,0.049,6,1472.44,0,1,0,0,benign,none
TXN00002095,1004.7,utilities,credit_card,17,5,1,ICICI,2025-08-18 17:31:00,0,60.0,0.89,0.032,1,146.72,0,0,1,0,benign,none
TXN00001357,98.22,grocery,UPI,9,6,1,Kotak,2025-10-14 09:58:00,1,5.4,0.977,0.044,4,243.5,0,1,0,0,benign,none
TXN00003905,19997.69,fuel,UPI,18,0,0,Kotak,2025-12-08 18:11:00,0,34.8,0.878,0.072,3,33.09,0,1,0,0,benign,none
TXN00004329,10.09,grocery,net_banking,21,1,0,Paytm Payments Bank,2025-04-23 21:52:00,0,65.0,0.986,0.07,5,63.86,0,1,0,0,benign,none
TXN00004562,434.09,grocery,net_banking,10,2,0,Kotak,2025-11-03 10:04:00,0,47.1,0.865,0.098,5,870.58,0,1,0,0,benign,none
TXN00001609,122.63,travel,UPI,19,1,0,HDFC,2025-10-27 19:55:00,0,19.6,0.877,0.016,1,149.52,0,1,0,0,benign,none
TXN00000494,140.38,grocery,net_banking,9,0,0,HDFC,2025-06-29 09:50:00,0,17.0,0.973,0.006,7,52.67,1,1,0,0,benign,none
TXN00003319,985.36,entertainment,debit_card,18,0,0,HDFC,2025-09-20 18:24:00,0,1.1,0.855,0.043,5,447.54,0,1,0,0,benign,none
TXN00003937,569.93,electronics,credit_card,3,4,0,Axis,2025-10-14 03:15:00,0,4.9,0.931,0.003,1,40.76,0,1,0,0,benign,none
TXN00002017,74.55,fuel,credit_card,17,5,1,BOI,2025-02-22 17:19:00,0,2.5,0.973,0.07,0,25.47,0,1,0,0,benign,none
TXN00002328,331.97,healthcare,UPI,13,5,1,BOI,2025-02-05 13:25:00,0,55.3,0.852,0.068,3,172.5,0,1,0,0,benign,none
TXN00000029,531.38,grocery,credit_card,16,1,0,Airtel Payments Bank,2025-03-15 16:08:00,0,31.5,0.859,0.05,1,634.33,0,1,0,0,benign,none
TXN00003118,55.51,restaurant,UPI,11,6,1,Axis,2025-01-16 11:29:00,0,22.0,0.929,0.111,7,24.45,0,1,0,0,benign,none
TXN00001092,1023.39,clothing,net_banking,15,6,1,Union Bank,2025-07-07 15:23:00,0,36.1,0.856,0.055,7,55.74,0,1,0,0,benign,none
TXN00003246,53.58,grocery,net_banking,18,5,1,Axis,2025-07-07 18:02:00,1,61.4,0.858,0.034,5,15.03,0,1,0,0,benign,none
TXN00000124,1100.15,electronics,debit_card,16,1,0,Union Bank,2025-10-24 16:04:00,0,23.5,0.962,0.099,7,595.25,0,1,0,0,benign,none
TXN00002298,98.17,education,UPI,7,2,0,ICICI,2025-08-21 07:28:00,1,53.7,0.9,0.046,0,231.11,0,1,0,0,benign,none
TXN00001553,126.74,healthcare,UPI,17,5,1,Airtel Payments Bank,2025-12-20 17:13:00,0,32.6,0.944,0.095,3,85.71,0,1,0,0,benign,none
TXN00003341,968.17,pharmacy,net_banking,16,4,0,SBI,2025-08-24 16:37:00,0,63.8,0.855,0.006,6,239.73,0,1,0,0,benign,none
TXN00000598,378.04,restaurant,UPI,7,6,1,ICICI,2025-08-11 07:31:00,0,17.2,0.961,0.02,4,159.04,0,1,0,0,benign,none
TXN00002123,276.39,restaurant,UPI,13,4,0,SBI,2025-08-15 13:56:00,0,16.8,0.912,0.081,4,341.01,0,1,0,0,benign,none
TXN00001416,13530.38,grocery,credit_card,15,6,1,BOI,2025-10-14 15:18:00,0,19.8,0.928,0.038,5,140.33,0,1,0,0,benign,none
TXN00004932,5522.42,entertainment,debit_card,12,2,0,Kotak,2025-10-25 12:24:00,0,58.0,0.974,0.1,5,47.66,0,1,0,0,benign,none
TXN00004032,704.2,utilities,UPI,22,2,0,PNB,2025-09-14 22:29:00,0,68.0,0.882,0.051,5,251.47,0,1,0,0,benign,none
TXN00002197,250.97,entertainment,UPI,12,5,1,Kotak,2025-04-07 12:31:00,1,42.6,0.972,0.062,3,8.68,0,1,0,0,benign,none
TXN00003605,1044.17,pharmacy,wallet,22,5,1,Paytm Payments Bank,2025-02-28 22:59:00,1,23.9,0.935,0.088,7,134.58,0,1,0,0,benign,none
TXN00003362,360.65,pharmacy,debit_card,14,5,1,PNB,2025-05-02 14:05:00,1,8.9,0.901,0.115,5,66.12,0,1,0,0,benign,none
TXN00003753,957.19,fuel,credit_card,2,2,0,Axis,2025-05-31 02:38:00,0,56.3,0.924,0.111,2,349.17,0,1,0,0,benign,none
TXN00000725,3395.21,electronics,UPI,21,4,0,Airtel Payments Bank,2025-08-18 21:49:00,0,25.2,0.897,0.099,0,99.61,0,1,0,0,benign,none
TXN00000978,19.1,fuel,UPI,8,4,0,Airtel Payments Bank,2025-07-22 08:37:00,0,62.1,0.953,0.065,4,41.59,0,1,0,0,benign,none
TXN00000808,137.77,pharmacy,UPI,4,2,0,HDFC,2025-05-23 04:58:00,0,68.2,0.973,0.087,6,13.73,0,1,0,0,benign,none
TXN00000958,243.85,restaurant,debit_card,20,1,0,PNB,2025-06-24 20:16:00,0,38.8,0.943,0.001,0,3584.53,0,1,0,0,benign,none
TXN00003771,21.78,grocery,net_banking,18,1,0,Kotak,2025-01-19 18:28:00,0,65.1,0.988,0.105,3,10.24,0,1,0,0,benign,none
TXN00004864,51.08,restaurant,net_banking,21,4,0,BOI,2025-04-18 21:01:00,0,66.4,0.926,0.089,5,42.04,0,1,0,0,benign,none
TXN00000810,170.08,clothing,UPI,9,5,1,Union Bank,2025-10-29 09:26:00,0,43.3,0.976,0.072,4,62.48,0,1,0,0,benign,none
TXN00000834,63.1,education,UPI,16,0,0,Airtel Payments Bank,2025-10-25 16:34:00,0,71.0,0.867,0.112,0,15.38,0,1,0,0,benign,none
TXN00002423,111.69,fuel,UPI,14,2,0,SBI,2025-01-28 14:34:00,0,34.6,0.975,0.009,6,112.48,0,1,0,0,benign,none
TXN00004102,60.3,online_retail,UPI,17,0,0,PNB,2025-04-13 17:09:00,0,47.7,0.939,0.113,3,16.91,0,1,0,0,benign,none
TXN00001235,58.76,clothing,debit_card,10,5,1,Airtel Payments Bank,2025-02-20 10:54:00,0,16.2,0.969,0.0,7,32.47,0,1,0,0,benign,none
TXN00001225,628.36,utilities,UPI,21,6,1,Paytm Payments Bank,2025-05-22 21:45:00,0,1.6,0.911,0.03,5,41.21,0,1,0,0,benign,none
TXN00003217,2153.55,healthcare,UPI,12,1,0,Union Bank,2025-10-07 12:56:00,0,58.0,0.962,0.075,7,62.26,0,1,1,0,benign,none
TXN00000287,268.93,entertainment,UPI,9,2,0,Union Bank,2025-04-08 09:18:00,0,39.8,0.938,0.096,2,125.0,0,1,0,0,benign,none
TXN00004202,647.49,fuel,credit_card,17,1,0,ICICI,2025-05-12 17:54:00,0,69.6,0.913,0.111,5,133.52,0,1,0,0,benign,none
TXN00002966,3095.89,clothing,credit_card,8,4,0,Axis,2025-07-21 08:17:00,1,25.1,0.967,0.095,4,27.84,0,1,0,0,benign,none
TXN00003164,76.65,pharmacy,debit_card,8,6,1,PNB,2025-09-20 08:00:00,0,46.9,0.951,0.06,0,48.45,0,1,0,0,benign,none
TXN00001657,10.3,clothing,wallet,11,1,0,BOI,2025-12-30 11:38:00,0,50.4,0.909,0.041,1,928.37,0,1,0,0,benign,none
TXN00001975,978.23,pharmacy,debit_card,13,3,0,Kotak,2025-08-18 13:11:00,0,15.4,0.998,0.067,5,54.56,0,1,0,0,benign,none
TXN00002397,175.93,travel,UPI,11,1,0,Airtel Payments Bank,2025-06-11 11:01:00,0,49.0,0.862,0.116,1,134.3,0,1,0,0,benign,none
TXN00000452,8199.45,fuel,UPI,20,0,0,BOI,2025-12-11 20:14:00,0,19.8,0.99,0.025,6,67.58,1,1,0,0,benign,none
TXN00002619,4833.26,entertainment,credit_card,13,0,0,SBI,2025-08-24 13:36:00,0,55.2,0.922,0.025,3,34.43,0,1,0,0,benign,none
TXN00000422,83.94,restaurant,credit_card,15,4,0,ICICI,2025-11-16 15:43:00,0,37.5,0.853,0.102,4,99.69,0,1,0,0,benign,none
TXN00001220,225.88,fuel,debit_card,20,3,0,PNB,2025-11-25 20:35:00,0,51.3,0.939,0.091,7,772.02,0,1,0,0,benign,none
TXN00002929,139.64,grocery,UPI,11,6,1,Paytm Payments Bank,2025-10-17 11:41:00,0,41.6,0.888,0.036,2,38.38,1,1,0,0,benign,none
TXN00000657,336.74,grocery,credit_card,18,1,0,ICICI,2025-01-11 18:18:00,0,36.9,0.96,0.026,5,122.77,0,1,0,0,benign,none
TXN00003301,10008.99,clothing,credit_card,16,3,0,Airtel Payments Bank,2025-10-04 16:05:00,0,57.5,0.877,0.118,1,84.7,0,1,0,0,benign,none
TXN00002845,37.28,travel,wallet,13,5,1,Axis,2025-08-06 13:52:00,0,65.5,0.888,0.057,7,121.72,0,0,0,0,benign,none
TXN00003023,62.06,entertainment,debit_card,15,1,0,Kotak,2025-06-24 15:50:00,1,0.6,0.887,0.052,4,458.51,0,1,0,0,benign,none
TXN00001001,65.84,grocery,UPI,17,3,0,Kotak,2025-12-17 17:47:00,0,62.6,0.872,0.083,5,92.66,1,1,0,0,benign,none
TXN00000102,128.86,restaurant,debit_card,7,5,1,Union Bank,2025-10-21 07:58:00,0,20.8,0.905,0.082,7,252.06,0,1,0,0,benign,none
TXN00002418,741.91,restaurant,UPI,10,6,1,BOI,2025-12-01 10:48:00,1,23.4,0.91,0.019,0,466.47,0,1,0,0,benign,none
TXN00004423,69.95,utilities,debit_card,15,4,0,ICICI,2025-04-02 15:41:00,0,23.1,0.904,0.079,1,138.26,0,1,0,0,benign,none
TXN00001580,2082.49,clothing,debit_card,15,2,0,Kotak,2025-08-18 15:54:00,0,23.7,0.979,0.05,1,787.29,0,1,0,0,benign,none
TXN00004189,11148.0,entertainment,credit_card,9,0,0,Kotak,2025-08-02 09:55:00,0,44.4,0.949,0.051,2,97.1,0,1,0,0,benign,none
TXN00002248,221.75,clothing,UPI,21,1,0,PNB,2025-03-29 21:17:00,0,42.2,0.909,0.093,6,2124.94,0,1,0,0,benign,none
TXN00002206,107.65,grocery,UPI,12,1,0,SBI,2025-02-01 12:05:00,0,43.0,0.866,0.058,1,69.66,0,1,0,0,benign,none
TXN00000170,75.29,grocery,net_banking,12,0,0,ICICI,2025-10-02 12:08:00,0,57.0,0.94,0.053,5,706.34,0,1,0,0,benign,none
TXN00000135,39.33,fuel,UPI,15,1,0,Airtel Payments Bank,2025-02-15 15:14:00,1,43.4,0.946,0.018,2,515.08,0,1,0,0,benign,none
TXN00000757,1140.29,education,UPI,17,5,1,ICICI,2025-03-11 17:47:00,0,67.7,0.953,0.08,5,10.93,0,1,0,0,benign,none
TXN00001310,29.25,clothing,debit_card,12,5,1,Paytm Payments Bank,2025-12-09 12:33:00,0,65.3,0.977,0.07,4,13.6,0,1,0,0,benign,none
TXN00001217,10.0,grocery,debit_card,8,6,1,ICICI,2025-02-09 08:30:00,0,16.7,0.93,0.06,4,42.74,1,1,0,0,benign,none
TXN00002284,558.58,online_retail,credit_card,1,0,0,HDFC,2025-10-03 01:38:00,1,35.0,0.99,0.022,1,438.14,0,1,0,0,benign,none
TXN00002905,263.52,utilities,net_banking,11,6,1,SBI,2025-04-24 11:26:00,0,67.1,0.932,0.07,1,285.12,0,1,0,0,benign,none
TXN00001935,4392.32,grocery,UPI,20,6,1,PNB,2025-09-28 20:01:00,0,0.1,0.992,0.087,5,7.48,0,1,0,0,benign,none
TXN00001743,23.08,grocery,debit_card,14,3,0,SBI,2025-06-08 14:15:00,0,69.4,0.881,0.108,2,176.91,0,1,0,0,benign,none
TXN00004229,1247.45,healthcare,UPI,18,6,1,ICICI,2025-01-16 18:46:00,0,25.5,0.88,0.103,3,147.67,0,1,0,0,benign,none
TXN00000807,26.06,pharmacy,UPI,20,6,1,ICICI,2025-03-20 20:10:00,0,30.1,0.986,0.114,2,40.17,0,1,0,0,benign,none
TXN00002045,40.86,education,UPI,17,0,0,Airtel Payments Bank,2025-04-05 17:03:00,0,42.1,0.89,0.038,1,631.7,0,1,0,0,benign,none
TXN00000462,14.0,travel,UPI,17,1,0,Kotak,2025-10-02 17:37:00,0,50.4,0.902,0.058,5,221.26,0,1,0,0,benign,none
TXN00002927,402.73,travel,UPI,14,6,1,HDFC,2025-12-02 14:44:00,0,7.8,0.896,0.081,0,1468.62,0,1,0,0,benign,none
TXN00001956,1254.53,electronics,UPI,23,6,1,HDFC,2025-11-10 23:04:00,0,15.1,0.906,0.06,3,41.97,0,1,0,0,benign,none
TXN00002445,26543.16,pharmacy,UPI,3,1,0,ICICI,2025-11-03 03:49:00,0,59.5,0.998,0.042,3,151.32,0,1,0,0,benign,none
TXN00003235,653.56,grocery,debit_card,16,2,0,Axis,2025-11-29 16:45:00,1,2.0,0.882,0.002,1,18.83,0,1,0,0,benign,none
TXN00000799,262.45,healthcare,UPI,13,6,1,Paytm Payments Bank,2025-08-08 13:23:00,0,63.2,0.888,0.034,6,810.13,0,1,0,0,benign,none
TXN00002402,405.9,grocery,UPI,8,6,1,Axis,2025-04-11 08:40:00,0,56.3,0.98,0.117,7,81.13,0,1,0,0,benign,none
TXN00004801,649.9,grocery,UPI,15,3,0,ICICI,2025-12-12 15:18:00,0,66.5,0.944,0.07,3,6635.29,0,1,0,0,benign,none
TXN00001073,13.92,pharmacy,credit_card,4,5,1,Airtel Payments Bank,2025-12-23 04:11:00,0,20.5,0.952,0.036,0,768.51,0,1,0,0,benign,none
TXN00004610,291.68,fuel,UPI,11,6,1,SBI,2025-05-08 11:52:00,0,26.0,0.888,0.023,5,240.78,0,1,0,0,benign,none
TXN00000144,56.64,restaurant,debit_card,5,1,0,Airtel Payments Bank,2025-07-23 05:07:00,0,57.8,0.886,0.103,4,29.98,0,1,0,0,benign,none
TXN00001340,58.2,grocery,debit_card,18,1,0,HDFC,2025-08-06 18:12:00,0,17.6,0.993,0.093,3,6391.2,1,1,0,0,benign,none
TXN00004275,121.95,restaurant,credit_card,14,2,0,Paytm Payments Bank,2025-05-21 14:47:00,0,50.3,0.995,0.089,6,331.39,0,1,0,0,benign,none
TXN00002091,759.7,electronics,UPI,16,0,0,Kotak,2025-04-23 16:55:00,0,48.3,0.96,0.054,2,216.99,0,1,0,0,benign,none
TXN00001003,765.89,fuel,UPI,6,6,1,HDFC,2025-12-18 06:02:00,0,61.8,0.863,0.002,7,194.25,0,1,0,0,benign,none
TXN00004626,92.61,restaurant,UPI,20,6,1,ICICI,2025-03-04 20:08:00,0,61.3,0.906,0.024,2,667.08,0,1,0,0,benign,none
TXN00003470,15.16,online_retail,credit_card,4,5,1,PNB,2025-12-06 04:58:00,0,18.9,0.97,0.097,7,261.48,0,1,0,0,benign,none
TXN00004442,228.86,grocery,net_banking,15,3,0,Union Bank,2025-11-06 15:34:00,0,39.3,0.87,0.041,6,52.92,0,1,0,0,benign,none
TXN00000555,140.79,grocery,UPI,8,6,1,BOI,2025-01-21 08:30:00,0,35.2,0.885,0.052,5,468.42,0,1,0,0,benign,none
TXN00001485,56.99,electronics,UPI,20,1,0,HDFC,2025-04-10 20:46:00,0,11.8,0.861,0.085,6,1963.55,0,1,0,0,benign,none
TXN00001272,124.6,grocery,UPI,7,5,1,Airtel Payments Bank,2025-08-18 07:28:00,0,28.4,0.998,0.041,2,4.47,0,1,0,0,benign,none
TXN00001411,13541.54,travel,credit_card,17,4,0,Airtel Payments Bank,2025-03-29 17:14:00,0,46.8,0.858,0.093,4,18.26,0,1,0,0,benign,none
TXN00000753,9776.73,grocery,debit_card,8,4,0,ICICI,2025-05-15 08:56:00,0,46.4,0.93,0.031,3,29.08,0,1,0,0,benign,none
TXN00001471,1853.96,grocery,debit_card,12,4,0,SBI,2025-05-20 12:56:00,0,40.5,0.944,0.076,7,76.12,0,1,0,0,benign,none
TXN00004896,739.78,pharmacy,debit_card,19,6,1,BOI,2025-07-02 19:00:00,0,10.4,0.98,0.05,0,1368.22,0,1,0,0,benign,none
TXN00003076,240.79,fuel,credit_card,9,2,0,Paytm Payments Bank,2025-07-24 09:01:00,1,37.6,0.946,0.088,3,130.39,0,1,0,0,benign,none
TXN00003288,117.8,travel,net_banking,17,3,0,Axis,2025-06-11 17:25:00,1,56.2,0.983,0.091,1,544.17,1,1,1,0,benign,none
TXN00004947,463.16,education,UPI,9,4,0,Kotak,2025-09-29 09:08:00,0,8.9,0.871,0.011,3,267.42,0,1,0,0,benign,none
TXN00004302,66.67,education,credit_card,9,6,1,ICICI,2025-05-24 09:44:00,0,60.1,0.997,0.007,7,630.1,1,1,0,0,benign,none
TXN00000981,15.56,grocery,debit_card,20,1,0,Axis,2025-12-20 20:25:00,0,27.8,0.956,0.073,1,65.52,0,1,0,0,benign,none
TXN00003780,480.68,clothing,credit_card,20,1,0,Paytm Payments Bank,2025-12-12 20:16:00,0,29.4,0.902,0.0,7,3831.98,1,1,0,0,benign,none
TXN00004924,19.16,travel,wallet,13,2,0,PNB,2025-03-17 13:08:00,1,7.7,0.917,0.056,5,859.8,1,1,0,0,benign,none
TXN00002722,10.78,restaurant,UPI,15,2,0,Paytm Payments Bank,2025-09-06 15:09:00,0,4.6,0.956,0.014,5,29.51,0,1,0,0,benign,none
TXN00001268,788.75,entertainment,UPI,9,3,0,BOI,2025-11-26 09:09:00,0,10.2,0.901,0.039,5,7.07,0,1,1,0,benign,none
TXN00002462,185.25,restaurant,credit_card,19,5,1,HDFC,2025-05-21 19:45:00,0,6.8,0.881,0.069,4,479.72,0,1,0,0,benign,none
TXN00004581,1034.96,grocery,UPI,22,5,1,PNB,2025-03-22 22:39:00,0,28.7,0.862,0.07,4,43.3,0,1,0,0,benign,none
TXN00000268,269.26,fuel,UPI,21,1,0,HDFC,2025-07-28 21:27:00,0,40.3,0.955,0.087,3,387.04,0,1,0,0,benign,none
TXN00003580,781.36,grocery,UPI,14,1,0,BOI,2025-07-27 14:33:00,1,53.9,0.889,0.01,4,59.27,0,1,0,0,benign,none
TXN00000654,704.2,restaurant,UPI,4,1,0,BOI,2025-11-13 04:56:00,0,47.6,0.852,0.096,1,614.15,0,1,0,0,benign,none
TXN00004132,459.25,grocery,UPI,19,3,0,PNB,2025-10-08 19:40:00,0,64.0,0.941,0.04,2,583.99,0,1,0,0,benign,none
TXN00004322,16.57,pharmacy,UPI,10,4,0,Axis,2025-05-06 10:58:00,0,44.8,0.937,0.041,2,16.48,0,1,0,0,benign,none
TXN00003597,87.53,entertainment,net_banking,14,3,0,Paytm Payments Bank,2025-08-08 14:38:00,1,25.8,0.925,0.024,6,1716.68,0,1,0,0,benign,none
TXN00002413,18.28,travel,UPI,11,0,0,Airtel Payments Bank,2025-11-13 11:50:00,0,52.6,0.862,0.043,5,80.94,0,1,0,0,benign,none
TXN00002821,419.08,fuel,debit_card,17,0,0,Kotak,2025-02-15 17:42:00,0,2.9,0.894,0.02,2,244.82,0,1,0,0,benign,none
TXN00000428,20.33,pharmacy,UPI,12,4,0,Kotak,2025-05-07 12:04:00,0,10.6,0.958,0.071,7,251.34,0,1,0,0,benign,none
TXN00000589,4447.11,grocery,UPI,18,6,1,Union Bank,2025-01-23 18:43:00,0,62.2,0.923,0.115,6,117.56,0,1,0,0,benign,none
TXN00000495,1318.15,restaurant,credit_card,12,3,0,Airtel Payments Bank,2025-08-04 12:32:00,1,57.0,0.978,0.119,3,247.4,0,0,0,0,benign,none
TXN00004224,70.75,entertainment,UPI,15,4,0,Airtel Payments Bank,2025-04-15 15:09:00,0,2.0,0.861,0.104,5,507.14,0,1,0,0,benign,none
TXN00000528,389.48,utilities,UPI,8,0,0,BOI,2025-06-16 08:14:00,0,56.9,0.906,0.053,5,1771.98,0,1,1,0,benign,none
TXN00001808,262.81,online_retail,credit_card,22,4,0,SBI,2025-04-07 22:41:00,1,64.4,0.893,0.03,3,21.9,0,1,0,0,benign,none
TXN00004992,88.68,utilities,UPI,20,5,1,Axis,2025-05-19 20:36:00,0,58.7,0.969,0.115,5,29.05,0,1,0,0,benign,none
TXN00002055,698.96,electronics,UPI,7,0,0,Kotak,2025-11-14 07:34:00,1,11.9,0.907,0.091,7,221.75,0,1,0,0,benign,none
TXN00001231,32.43,electronics,UPI,18,2,0,Union Bank,2025-08-09 18:16:00,0,42.0,0.986,0.033,5,67.25,1,1,0,0,benign,none
TXN00002028,354.16,grocery,wallet,15,1,0,PNB,2025-12-27 15:39:00,1,46.8,0.862,0.071,6,129.59,0,1,0,0,benign,none
TXN00000677,521.31,utilities,debit_card,16,4,0,ICICI,2025-10-27 16:30:00,0,12.0,0.954,0.094,7,144.3,0,1,0,0,benign,none
TXN00004696,888.16,travel,net_banking,0,5,1,HDFC,2025-02-12 00:12:00,0,9.0,0.973,0.08,2,75.11,0,1,0,0,benign,none
TXN00002741,784.96,healthcare,UPI,7,0,0,ICICI,2025-12-03 07:40:00,0,17.4,0.902,0.018,1,161.54,0,1,0,0,benign,none
TXN00002432,39.14,grocery,UPI,9,3,0,Axis,2025-07-10 09:33:00,0,69.3,0.961,0.054,0,49.3,0,1,0,0,benign,none
TXN00000551,666.31,education,credit_card,11,0,0,PNB,2025-04-16 11:50:00,0,36.0,0.968,0.04,1,162.22,1,1,0,0,benign,none
TXN00001611,155.36,clothing,debit_card,20,3,0,BOI,2025-05-23 20:47:00,0,16.1,0.922,0.052,1,110.48,0,1,0,0,benign,none
TXN00004359,8253.94,pharmacy,UPI,22,1,0,Kotak,2025-11-02 22:49:00,0,70.1,0.989,0.025,5,404.98,0,1,0,0,benign,none
TXN00004078,120.04,fuel,credit_card,13,0,0,Kotak,2025-01-19 13:56:00,0,32.2,0.977,0.044,1,1470.35,0,1,0,0,benign,none
TXN00000673,22.87,online_retail,UPI,18,1,0,ICICI,2025-04-11 18:00:00,0,45.0,0.983,0.079,2,185.9,0,1,0,0,benign,none
TXN00004100,676.47,fuel,UPI,10,5,1,BOI,2025-02-17 10:39:00,0,66.6,0.972,0.042,2,578.58,0,1,0,0,benign,none
TXN00002004,19.52,grocery,UPI,23,5,1,PNB,2025-02-12 23:11:00,1,65.7,0.956,0.089,4,31.15,1,1,1,0,benign,none
TXN00003806,54.75,entertainment,UPI,21,4,0,Union Bank,2025-05-12 21:07:00,0,15.6,0.908,0.059,6,227.61,0,1,0,0,benign,none
TXN00004641,81.1,entertainment,debit_card,18,4,0,ICICI,2025-04-05 18:07:00,0,30.3,0.96,0.043,1,389.48,0,1,0,0,benign,none
TXN00000605,648.09,grocery,UPI,16,1,0,Paytm Payments Bank,2025-12-26 16:38:00,0,49.1,0.956,0.097,2,63.63,0,1,0,0,benign,none
TXN00004539,848.1,grocery,UPI,11,2,0,Union Bank,2025-09-06 11:47:00,0,71.8,0.911,0.088,3,100.21,0,1,0,0,benign,none
TXN00001468,18.75,fuel,UPI,13,1,0,Airtel Payments Bank,2025-04-17 13:11:00,0,43.7,0.896,0.101,7,199.04,0,1,0,0,benign,none
TXN00001982,258.76,clothing,debit_card,5,4,0,SBI,2025-03-14 05:55:00,0,43.1,0.867,0.049,2,39.74,0,1,0,0,benign,none
TXN00000890,54.63,pharmacy,credit_card,17,5,1,Kotak,2025-10-10 17:22:00,0,33.9,0.868,0.095,2,30.5,0,1,0,0,benign,none
TXN00000843,206.86,entertainment,UPI,17,1,0,BOI,2025-04-15 17:40:00,0,1.5,0.922,0.079,5,228.7,0,1,0,0,benign,none
TXN00002155,721.78,restaurant,UPI,11,1,0,HDFC,2025-04-02 11:45:00,0,58.2,0.932,0.002,0,273.49,0,1,0,0,benign,none
TXN00002077,269.55,grocery,UPI,17,1,0,Union Bank,2025-12-02 17:27:00,0,61.6,0.869,0.045,6,773.61,0,1,0,0,benign,none
TXN00003520,66.07,education,UPI,22,5,1,Union Bank,2025-05-13 22:21:00,0,8.0,0.859,0.08,1,677.68,0,1,0,0,benign,none
TXN00002799,76.83,clothing,UPI,16,2,0,BOI,2025-12-27 16:39:00,0,21.4,0.914,0.052,5,68.22,0,1,0,0,benign,none
TXN00000584,885.29,fuel,debit_card,12,4,0,BOI,2025-05-03 12:25:00,1,2.4,0.991,0.093,1,44.68,0,1,0,0,benign,none
TXN00003268,139.29,electronics,credit_card,14,5,1,Paytm Payments Bank,2025-11-19 14:06:00,1,28.4,0.852,0.056,7,219.97,0,1,0,0,benign,none
TXN00001260,1478.53,electronics,UPI,20,1,0,PNB,2025-11-04 20:11:00,1,4.1,0.886,0.058,4,340.96,1,1,0,0,benign,none
TXN00004709,660.58,electronics,UPI,19,4,0,SBI,2025-04-14 19:22:00,0,11.8,0.927,0.049,1,30.22,0,1,0,0,benign,none
TXN00004840,342.9,electronics,UPI,12,1,0,Paytm Payments Bank,2025-05-14 12:15:00,1,40.2,0.963,0.083,1,10.72,1,1,0,0,benign,none
TXN00004381,429.48,restaurant,UPI,16,3,0,ICICI,2025-03-04 16:11:00,0,44.7,0.964,0.035,4,9.51,0,1,0,0,benign,none
TXN00002550,11.91,online_retail,UPI,8,6,1,ICICI,2025-09-29 08:40:00,0,42.6,0.893,0.062,2,184.65,0,1,0,0,benign,none
TXN00003783,2787.85,grocery,credit_card,21,6,1,ICICI,2025-02-25 21:29:00,0,43.6,0.86,0.08,3,76.99,0,1,0,0,benign,none
TXN00003251,225.76,pharmacy,UPI,9,2,0,Union Bank,2025-10-29 09:05:00,1,45.2,0.862,0.062,6,242.12,1,1,0,0,benign,none
TXN00000344,4488.07,entertainment,debit_card,19,6,1,Kotak,2025-08-28 19:43:00,0,15.0,0.948,0.103,4,246.55,0,1,0,0,benign,none
TXN00002185,252.45,grocery,debit_card,6,0,0,PNB,2025-11-05 06:31:00,1,47.5,0.901,0.067,5,66.09,0,1,0,0,benign,none
TXN00004115,81.8,grocery,debit_card,11,2,0,Union Bank,2025-12-12 11:42:00,0,38.2,0.916,0.038,6,2520.25,1,1,0,0,benign,none
TXN00000871,39.88,grocery,UPI,22,2,0,ICICI,2025-07-10 22:49:00,0,35.3,0.968,0.105,5,16.03,0,1,0,0,benign,none
TXN00000090,810.53,pharmacy,wallet,9,5,1,Union Bank,2025-06-25 09:13:00,0,48.0,0.961,0.076,3,317.72,0,1,0,0,benign,none
TXN00004147,8865.93,online_retail,UPI,20,1,0,SBI,2025-12-08 20:25:00,0,29.8,0.943,0.08,2,29.71,0,1,0,0,benign,none
TXN00002117,296.95,restaurant,debit_card,13,4,0,ICICI,2025-10-11 13:20:00,0,48.0,0.928,0.075,6,566.33,0,1,0,0,benign,none
TXN00002937,3161.9,electronics,UPI,17,1,0,Airtel Payments Bank,2025-03-15 17:03:00,0,50.1,0.955,0.004,1,123.06,0,1,0,0,benign,none
TXN00002836,663.68,entertainment,UPI,9,4,0,Axis,2025-06-30 09:20:00,0,64.8,0.919,0.043,1,149.41,0,1,0,0,benign,none
TXN00003096,2673.82,entertainment,debit_card,14,3,0,HDFC,2025-02-09 14:49:00,0,16.6,0.937,0.023,4,1042.99,0,1,0,0,benign,none
TXN00004446,525.13,healthcare,credit_card,19,4,0,PNB,2025-04-14 19:19:00,0,58.3,0.989,0.11,7,110.44,0,1,0,0,benign,none
TXN00000947,10.0,utilities,UPI,10,5,1,Axis,2025-04-08 10:23:00,0,71.2,0.999,0.045,3,4.85,0,1,0,0,benign,none
TXN00002925,1233.24,clothing,UPI,17,2,0,Paytm Payments Bank,2025-05-29 17:33:00,0,34.6,0.912,0.029,0,205.34,0,1,1,0,benign,none
TXN00004512,2416.39,grocery,debit_card,10,3,0,Axis,2025-10-26 10:06:00,0,34.2,0.936,0.06,1,722.62,0,1,0,0,benign,none
TXN00003214,1526.23,travel,debit_card,17,3,0,BOI,2025-10-24 17:44:00,0,46.3,0.89,0.098,1,141.37,0,1,0,0,benign,none
TXN00000883,29.68,electronics,net_banking,5,5,1,SBI,2025-01-10 05:07:00,0,29.6,0.85,0.108,5,496.59,0,1,0,0,benign,none
TXN00004606,36.45,travel,UPI,9,6,1,Airtel Payments Bank,2025-01-09 09:32:00,0,42.8,0.995,0.104,4,224.51,0,1,0,0,benign,none
TXN00004091,273.39,clothing,debit_card,7,3,0,Paytm Payments Bank,2025-12-21 07:27:00,0,60.7,0.957,0.017,2,963.53,0,1,0,0,benign,none
TXN00000627,2843.4,education,UPI,22,2,0,Union Bank,2025-07-05 22:52:00,1,53.5,0.932,0.115,7,874.81,0,1,1,0,benign,none
TXN00001456,15355.98,travel,UPI,18,3,0,Union Bank,2025-07-13 18:21:00,0,6.6,0.899,0.031,2,438.02,0,1,0,0,benign,none
TXN00004296,152.85,clothing,UPI,18,0,0,HDFC,2025-11-08 18:08:00,0,59.6,0.961,0.06,3,105.31,0,1,0,0,benign,none
TXN00002415,2813.47,fuel,debit_card,13,5,1,Kotak,2025-09-27 13:52:00,1,26.5,0.972,0.094,5,2254.82,0,1,0,0,benign,none
TXN00004925,1845.69,restaurant,UPI,16,5,1,Union Bank,2025-07-13 16:11:00,0,60.3,0.99,0.018,3,17.72,0,1,0,0,benign,none
TXN00004645,54.4,travel,UPI,9,1,0,ICICI,2025-02-08 09:00:00,0,55.5,0.882,0.002,2,410.67,0,1,0,0,benign,none
TXN00002899,1048.78,education,UPI,9,5,1,Airtel Payments Bank,2025-08-11 09:05:00,0,14.4,0.881,0.065,0,108.24,0,1,0,0,benign,none
TXN00000433,10.0,grocery,UPI,16,6,1,BOI,2025-08-09 16:16:00,0,67.8,0.885,0.07,6,96.78,1,1,0,0,benign,none
TXN00002398,76.74,electronics,credit_card,2,4,0,Airtel Payments Bank,2025-09-19 02:20:00,1,3.6,0.852,0.12,5,87.14,0,1,0,0,benign,none
TXN00002209,111.99,electronics,UPI,9,1,0,PNB,2025-11-24 09:25:00,0,67.9,0.905,0.063,3,263.11,0,1,0,0,benign,none
TXN00001710,85.99,electronics,net_banking,15,4,0,Airtel Payments Bank,2025-01-23 15:37:00,1,12.7,0.912,0.104,3,36.35,0,1,0,0,benign,none
TXN00003353,57.38,online_retail,UPI,10,2,0,ICICI,2025-06-30 10:32:00,0,34.2,0.949,0.054,7,103.4,0,1,0,0,benign,none
TXN00000104,45.58,travel,debit_card,12,6,1,SBI,2025-12-08 12:07:00,0,56.1,0.989,0.12,6,299.87,0,1,0,0,benign,none
TXN00001186,138.5,grocery,UPI,20,2,0,Axis,2025-06-18 20:18:00,0,65.1,0.859,0.111,6,334.58,1,1,0,0,benign,none
TXN00003184,847.39,online_retail,UPI,7,4,0,PNB,2025-10-24 07:48:00,0,38.7,0.858,0.119,4,212.21,0,0,0,0,benign,none
TXN00000151,37.93,electronics,UPI,19,0,0,HDFC,2025-03-28 19:41:00,0,31.7,0.949,0.115,4,15.39,1,1,0,0,benign,none
TXN00003282,89.76,travel,debit_card,19,3,0,Axis,2025-01-12 19:56:00,0,26.7,0.956,0.039,4,110.41,0,1,0,0,benign,none
TXN00000915,1965.52,restaurant,UPI,20,1,0,Paytm Payments Bank,2025-02-26 20:44:00,0,13.2,0.884,0.098,6,200.12,0,1,0,0,benign,none
TXN00001305,10.0,education,credit_card,7,4,0,Union Bank,2025-12-15 07:23:00,1,30.4,0.905,0.093,4,121.82,0,1,0,0,benign,none
TXN00003049,3172.92,travel,UPI,22,1,0,BOI,2025-03-20 22:49:00,0,51.3,0.915,0.013,2,81.28,0,1,0,0,benign,none
TXN00004812,237.13,travel,net_banking,9,3,0,HDFC,2025-08-31 09:19:00,0,17.3,0.972,0.035,0,158.17,0,1,0,0,benign,none
TXN00003582,281.8,clothing,UPI,11,2,0,PNB,2025-07-31 11:43:00,1,65.8,0.97,0.051,0,14.12,0,1,0,0,benign,none
TXN00002796,670.88,healthcare,debit_card,5,3,0,BOI,2025-10-12 05:49:00,0,1.9,0.884,0.104,1,34.3,0,1,0,0,benign,none
TXN00002701,33.06,entertainment,debit_card,10,2,0,Airtel Payments Bank,2025-06-19 10:19:00,0,32.5,0.893,0.116,5,56.47,0,1,0,0,benign,none
TXN00001398,689.51,restaurant,UPI,10,6,1,Kotak,2025-04-05 10:49:00,0,47.4,0.865,0.1,6,424.86,0,1,0,0,benign,none
TXN00002519,11.24,restaurant,UPI,3,4,0,Axis,2025-08-16 03:33:00,0,63.7,0.981,0.003,1,68.42,0,1,0,0,benign,none
TXN00003358,39.05,entertainment,net_banking,19,3,0,Axis,2025-10-13 19:58:00,0,71.3,0.872,0.037,4,18.46,0,1,0,0,benign,none
TXN00000183,1792.42,grocery,UPI,1,0,0,Paytm Payments Bank,2025-07-16 01:38:00,0,2.5,0.978,0.114,0,14.8,0,1,0,0,benign,none
TXN00000366,64.17,restaurant,UPI,8,2,0,Kotak,2025-10-12 08:02:00,1,70.6,0.967,0.033,0,182.5,0,1,0,0,benign,none
TXN00004609,112.42,entertainment,UPI,10,0,0,PNB,2025-05-23 10:11:00,0,63.8,0.908,0.097,2,27.32,0,1,0,0,benign,none
TXN00004450,61.34,grocery,wallet,16,6,1,Axis,2025-10-15 16:14:00,0,51.4,0.952,0.094,7,2155.72,0,1,0,0,benign,none
TXN00002417,78.43,grocery,UPI,7,6,1,ICICI,2025-08-24 07:23:00,0,2.1,0.949,0.092,3,114.14,0,1,0,0,benign,none
TXN00004139,423.94,restaurant,debit_card,22,4,0,SBI,2025-09-29 22:53:00,1,47.7,0.877,0.026,6,10.55,0,1,1,0,benign,none
TXN00000471,117.6,restaurant,UPI,15,3,0,PNB,2025-11-28 15:29:00,0,32.5,0.958,0.055,5,17.47,0,1,0,0,benign,none
TXN00000967,64.33,grocery,UPI,11,3,0,HDFC,2025-12-06 11:39:00,0,15.0,0.948,0.096,1,519.28,0,1,0,0,benign,none
TXN00002656,396.51,grocery,credit_card,20,3,0,HDFC,2025-02-28 20:47:00,0,12.1,0.862,0.055,4,111.04,0,1,0,0,benign,none
TXN00003879,417.17,restaurant,credit_card,20,0,0,Kotak,2025-05-13 20:50:00,0,57.9,0.852,0.004,6,185.8,1,1,0,0,benign,none
TXN00000209,134.1,travel,credit_card,18,5,1,Kotak,2025-06-22 18:22:00,0,12.7,0.944,0.039,1,453.27,0,1,0,0,benign,none
TXN00001961,77.26,grocery,credit_card,19,0,0,Union Bank,2025-04-26 19:28:00,0,69.1,0.985,0.001,2,42.03,0,1,0,0,benign,none
TXN00000896,72.47,online_retail,UPI,19,1,0,HDFC,2025-08-04 19:06:00,0,41.1,0.881,0.011,3,2.45,0,1,0,0,benign,none
TXN00004104,129.93,grocery,UPI,19,1,0,Airtel Payments Bank,2025-07-20 19:25:00,0,50.5,0.946,0.071,1,545.58,0,1,0,0,benign,none
TXN00001773,5276.22,fuel,debit_card,8,4,0,Kotak,2025-09-03 08:44:00,0,47.1,0.878,0.115,3,37.09,0,1,0,0,benign,none
TXN00002299,141.03,grocery,UPI,7,2,0,Axis,2025-11-07 07:28:00,0,33.7,0.957,0.08,2,12.58,0,1,0,0,benign,none
TXN00001209,418.02,healthcare,UPI,12,6,1,Kotak,2025-12-20 12:13:00,0,53.9,0.978,0.046,0,40.65,0,1,0,0,benign,none
TXN00001270,3891.45,clothing,UPI,15,3,0,PNB,2025-07-22 15:53:00,0,45.0,0.917,0.092,1,31.3,0,1,0,0,benign,none
TXN00001251,3752.68,travel,wallet,22,3,0,Union Bank,2025-06-19 22:53:00,0,54.0,0.915,0.043,3,23.91,0,1,0,0,benign,none
TXN00003176,1156.97,grocery,wallet,10,5,1,PNB,2025-01-27 10:43:00,0,60.9,0.855,0.072,6,133.04,0,1,0,0,benign,none
TXN00004970,177.58,pharmacy,debit_card,7,4,0,HDFC,2025-03-18 07:29:00,0,16.9,0.982,0.039,6,63.68,0,1,0,0,benign,none
TXN00001292,120.27,entertainment,UPI,21,3,0,Paytm Payments Bank,2025-05-14 21:06:00,0,18.7,0.924,0.002,4,265.2,0,1,0,0,benign,none
TXN00003370,154.58,healthcare,debit_card,21,4,0,Airtel Payments Bank,2025-09-20 21:58:00,0,58.9,0.869,0.075,2,1024.25,0,1,0,0,benign,none
TXN00003289,38.42,grocery,credit_card,17,0,0,Union Bank,2025-11-13 17:56:00,0,49.7,0.904,0.036,1,16.94,1,1,0,0,benign,none
TXN00003651,388.41,utilities,UPI,17,0,0,PNB,2025-01-18 17:04:00,1,3.4,0.962,0.105,6,286.49,0,1,1,0,benign,none
TXN00003315,1157.1,grocery,UPI,12,2,0,Kotak,2025-02-07 12:54:00,1,3.0,0.876,0.113,5,388.25,0,1,0,0,benign,none
TXN00004248,79.11,pharmacy,debit_card,18,2,0,Kotak,2025-08-11 18:38:00,0,40.4,0.988,0.007,6,362.15,1,1,0,0,benign,none
TXN00000292,3458.83,online_retail,net_banking,8,1,0,ICICI,2025-11-26 08:55:00,0,47.3,0.982,0.088,4,1207.52,0,0,0,0,benign,none
TXN00004731,144.72,restaurant,UPI,11,1,0,ICICI,2025-05-21 11:32:00,0,23.2,0.96,0.061,2,199.68,0,1,0,0,benign,none
TXN00001051,169.47,restaurant,credit_card,11,3,0,PNB,2025-07-30 11:12:00,0,64.6,0.968,0.028,4,34.15,0,1,0,0,benign,none
TXN00000272,205.38,restaurant,debit_card,13,1,0,HDFC,2025-01-07 13:07:00,1,57.5,0.912,0.072,1,274.01,0,1,0,0,benign,none
TXN00002042,7704.82,pharmacy,UPI,19,2,0,Kotak,2025-03-11 19:30:00,0,52.4,0.905,0.011,5,99.51,0,1,0,0,benign,none
TXN00001086,19.75,restaurant,UPI,10,2,0,SBI,2025-07-23 10:27:00,0,14.4,0.978,0.048,1,8.65,0,1,0,0,benign,none
TXN00004852,9574.23,grocery,UPI,11,1,0,Paytm Payments Bank,2025-08-11 11:37:00,0,30.3,0.937,0.092,5,154.51,0,1,0,0,benign,none
TXN00004584,143.83,entertainment,UPI,7,6,1,Airtel Payments Bank,2025-08-27 07:51:00,0,30.7,0.996,0.113,3,61.51,1,1,0,0,benign,none
TXN00003478,1897.56,electronics,UPI,12,3,0,PNB,2025-04-29 12:58:00,0,52.4,0.943,0.043,1,244.76,0,1,0,0,benign,none
TXN00001748,100.97,electronics,debit_card,14,0,0,HDFC,2025-08-26 14:54:00,0,60.6,0.93,0.111,0,66.61,0,1,0,0,benign,none
TXN00000732,657.03,fuel,UPI,9,1,0,Paytm Payments Bank,2025-10-14 09:44:00,0,60.8,0.974,0.033,5,1353.94,0,1,0,0,benign,none
TXN00004807,82.41,clothing,credit_card,19,4,0,HDFC,2025-05-08 19:34:00,0,13.0,0.911,0.005,4,1012.98,0,1,0,0,benign,none
TXN00004241,53.13,fuel,debit_card,16,1,0,BOI,2025-08-17 16:05:00,0,61.8,0.893,0.08,3,617.69,0,1,0,0,benign,none
TXN00002662,130.94,grocery,UPI,9,5,1,BOI,2025-04-17 09:48:00,1,4.5,0.909,0.006,3,191.21,0,1,0,0,benign,none
TXN00003113,995.41,restaurant,UPI,20,6,1,PNB,2025-12-18 20:50:00,0,18.2,0.997,0.058,3,65.48,0,1,0,0,benign,none
TXN00003303,1417.69,electronics,UPI,11,2,0,SBI,2025-08-29 11:37:00,0,22.7,0.984,0.02,4,155.04,0,1,0,0,benign,none
TXN00001344,38.16,online_retail,debit_card,20,6,1,HDFC,2025-07-26 20:57:00,0,16.5,0.888,0.052,4,82.28,0,1,0,0,benign,none
TXN00003308,39.8,grocery,debit_card,15,3,0,PNB,2025-06-09 15:09:00,0,25.7,0.954,0.017,0,193.32,0,1,0,0,benign,none
TXN00001504,167.15,utilities,UPI,20,3,0,HDFC,2025-06-29 20:56:00,0,2.8,0.902,0.024,2,319.04,0,1,0,0,benign,none
TXN00001806,577.47,electronics,UPI,20,3,0,Axis,2025-06-25 20:07:00,0,33.8,0.96,0.039,5,23.94,0,1,0,0,benign,none
TXN00004816,7226.99,grocery,UPI,10,5,1,ICICI,2025-05-10 10:25:00,0,69.4,0.906,0.002,3,23.71,0,1,0,0,benign,none
TXN00003791,3974.71,entertainment,net_banking,15,6,1,Kotak,2025-12-02 15:39:00,0,60.5,0.862,0.049,3,44.97,0,1,0,0,benign,none
TXN00004949,1118.3,pharmacy,credit_card,14,5,1,Paytm Payments Bank,2025-12-07 14:28:00,0,52.7,0.886,0.004,2,44.17,0,1,0,0,benign,none
TXN00004710,527.21,restaurant,debit_card,9,2,0,SBI,2025-06-07 09:19:00,0,25.2,0.897,0.07,0,94.75,0,1,0,0,benign,none
TXN00001848,122.46,restaurant,debit_card,14,3,0,SBI,2025-11-13 14:56:00,0,31.9,0.878,0.118,4,320.12,0,1,0,0,benign,none
TXN00002431,1555.65,utilities,debit_card,10,1,0,BOI,2025-12-10 10:31:00,0,44.4,0.991,0.118,0,65.52,0,1,0,0,benign,none
TXN00000142,10.0,fuel,debit_card,20,4,0,ICICI,2025-10-28 20:43:00,0,33.7,0.967,0.012,4,79.31,0,1,0,0,benign,none
TXN00004634,430.02,utilities,credit_card,12,5,1,Axis,2025-10-22 12:27:00,0,70.0,0.992,0.039,4,469.39,0,1,0,0,benign,none
TXN00003409,227.55,online_retail,debit_card,16,2,0,Kotak,2025-02-22 16:55:00,0,16.0,0.938,0.108,4,57.48,0,1,0,0,benign,none
TXN00001117,127.7,restaurant,UPI,19,2,0,Paytm Payments Bank,2025-05-12 19:56:00,0,16.3,0.885,0.028,5,109.13,0,1,0,0,benign,none
TXN00001756,5312.93,education,credit_card,10,1,0,SBI,2025-03-02 10:36:00,1,13.3,0.94,0.074,5,22.8,0,1,0,0,benign,none
TXN00000497,133.74,fuel,UPI,15,6,1,Axis,2025-05-18 15:32:00,1,10.1,0.974,0.077,3,216.36,1,1,0,0,benign,none
TXN00004338,257.82,travel,credit_card,22,2,0,SBI,2025-01-06 22:10:00,0,23.8,0.92,0.117,0,52.59,0,1,0,0,benign,none
TXN00000870,404.22,healthcare,UPI,17,1,0,SBI,2025-03-05 17:46:00,0,18.4,0.909,0.112,6,103.26,0,1,0,0,benign,none
TXN00003357,95.21,pharmacy,wallet,10,2,0,Paytm Payments Bank,2025-05-02 10:04:00,0,69.9,0.962,0.072,5,21.16,0,1,0,0,benign,none
TXN00000912,665.17,utilities,credit_card,2,2,0,Axis,2025-12-27 02:54:00,1,71.6,0.903,0.098,2,33.43,0,1,0,0,benign,none
TXN00000721,1863.91,grocery,credit_card,10,0,0,Kotak,2025-02-21 10:03:00,0,63.2,0.858,0.017,4,125.64,0,1,0,0,benign,none
TXN00002805,297.57,entertainment,debit_card,8,0,0,PNB,2025-02-05 08:52:00,0,23.4,1.0,0.072,1,38.37,0,1,0,0,benign,none
TXN00001520,24.97,education,wallet,19,1,0,HDFC,2025-01-10 19:10:00,0,54.9,0.853,0.05,0,361.54,0,1,0,0,benign,none
TXN00002746,1608.24,grocery,credit_card,8,2,0,Airtel Payments Bank,2025-09-13 08:34:00,0,54.9,0.971,0.096,3,71.98,0,1,1,0,benign,none
TXN00004749,10.51,grocery,debit_card,4,6,1,Union Bank,2025-04-25 04:28:00,1,6.1,0.995,0.048,7,187.8,0,1,0,0,benign,none
TXN00004832,34.55,pharmacy,UPI,13,0,0,Paytm Payments Bank,2025-09-07 13:03:00,0,57.8,0.905,0.118,0,820.72,1,1,0,0,benign,none
TXN00000314,1086.13,pharmacy,UPI,6,3,0,Union Bank,2025-02-05 06:16:00,0,45.1,0.998,0.009,2,13.58,1,1,0,0,benign,none
TXN00000327,216.91,restaurant,debit_card,14,1,0,ICICI,2025-03-20 14:15:00,0,27.3,0.878,0.014,1,69.96,0,1,0,0,benign,none
TXN00003129,476.03,pharmacy,UPI,11,5,1,ICICI,2025-05-24 11:03:00,0,61.4,0.908,0.03,4,358.54,0,1,0,0,benign,none
TXN00003968,80.44,clothing,net_banking,12,6,1,PNB,2025-11-03 12:30:00,0,50.9,0.861,0.016,6,2207.89,0,1,0,0,benign,none
TXN00004894,52.53,restaurant,UPI,7,2,0,HDFC,2025-09-15 07:16:00,0,43.8,0.983,0.119,1,654.48,0,1,0,0,benign,none
TXN00001973,5186.72,clothing,credit_card,17,3,0,Union Bank,2025-04-05 17:08:00,0,11.5,0.858,0.108,2,328.01,0,1,0,0,benign,none
TXN00000336,73.11,education,UPI,16,3,0,Paytm Payments Bank,2025-05-18 16:24:00,0,16.9,0.869,0.036,5,144.98,0,1,0,0,benign,none
TXN00002764,92.24,education,debit_card,11,5,1,ICICI,2025-09-08 11:34:00,0,27.4,0.889,0.101,0,687.22,0,1,0,0,benign,none
TXN00002985,109.43,pharmacy,credit_card,10,5,1,SBI,2025-12-08 10:14:00,0,8.1,0.865,0.038,3,46.27,0,1,0,0,benign,none
TXN00004730,184.77,clothing,UPI,17,5,1,Union Bank,2025-08-23 17:32:00,0,10.6,0.994,0.073,4,975.38,0,1,0,0,benign,none
TXN00003477,163.84,healthcare,debit_card,12,3,0,Paytm Payments Bank,2025-07-12 12:24:00,0,17.6,0.863,0.104,5,104.03,0,1,0,0,benign,none
TXN00003558,696.56,utilities,debit_card,17,3,0,HDFC,2025-02-14 17:56:00,0,39.7,0.924,0.102,6,818.5,0,1,0,0,benign,none
TXN00002809,20.56,restaurant,UPI,10,5,1,Kotak,2025-03-29 10:47:00,0,57.5,0.898,0.088,0,6231.26,0,1,0,0,benign,none
TXN00000307,2540.41,electronics,UPI,21,1,0,Axis,2025-12-21 21:04:00,0,6.6,0.934,0.002,5,33.6,0,1,1,0,benign,none
TXN00003908,37.6,clothing,UPI,6,6,1,Paytm Payments Bank,2025-01-23 06:02:00,0,68.1,0.937,0.006,0,204.82,0,1,0,0,benign,none
TXN00000348,14.2,grocery,UPI,7,3,0,Kotak,2025-09-13 07:22:00,0,30.6,0.991,0.111,0,33.94,0,1,0,0,benign,none
TXN00003682,313.0,online_retail,debit_card,9,0,0,Kotak,2025-01-28 09:24:00,0,61.1,0.986,0.092,0,46.43,0,0,0,0,benign,none
TXN00004918,405.93,online_retail,UPI,14,6,1,SBI,2025-02-04 14:45:00,0,67.8,0.872,0.04,3,199.67,0,1,0,0,benign,none
TXN00002053,41914.59,travel,UPI,11,0,0,Kotak,2025-08-04 11:57:00,0,64.3,0.987,0.086,7,45.5,0,1,0,0,benign,none
TXN00000071,31.82,online_retail,debit_card,7,3,0,Kotak,2025-03-29 07:56:00,1,20.0,0.902,0.048,1,193.26,1,1,0,0,benign,none
TXN00001666,366.19,pharmacy,debit_card,17,0,0,BOI,2025-05-11 17:06:00,0,56.6,0.917,0.017,4,60.89,0,1,0,0,benign,none
TXN00001445,412.43,clothing,debit_card,15,5,1,Union Bank,2025-05-14 15:57:00,0,38.0,0.886,0.05,3,190.2,0,1,0,0,benign,none
TXN00004376,16.04,pharmacy,credit_card,7,4,0,ICICI,2025-11-09 07:45:00,0,1.8,0.999,0.114,1,94.78,0,1,0,0,benign,none
TXN00004706,523.19,healthcare,debit_card,13,4,0,Axis,2025-12-27 13:30:00,0,22.6,0.941,0.017,6,310.29,0,1,0,0,benign,none
TXN00001695,512.03,pharmacy,credit_card,16,4,0,Axis,2025-04-15 16:36:00,0,67.2,0.898,0.081,0,26.27,1,1,0,0,benign,none
TXN00002892,206.6,restaurant,UPI,11,4,0,Axis,2025-11-14 11:22:00,0,37.7,0.984,0.032,5,143.1,0,1,0,0,benign,none
TXN00003203,1786.64,pharmacy,UPI,20,4,0,SBI,2025-08-18 20:22:00,0,28.9,0.963,0.055,4,146.45,0,1,1,0,benign,none
TXN00001630,27.23,restaurant,credit_card,10,6,1,PNB,2025-01-21 10:14:00,0,37.8,0.858,0.022,6,205.09,0,1,0,0,benign,none
TXN00001881,3164.63,clothing,credit_card,15,4,0,BOI,2025-01-01 15:29:00,0,64.5,0.885,0.026,6,100.78,0,1,0,0,benign,none
TXN00004680,4471.17,grocery,debit_card,15,5,1,ICICI,2025-10-29 15:23:00,0,65.0,0.904,0.029,1,224.21,0,1,0,0,benign,none
TXN00000848,68.51,fuel,debit_card,19,5,1,Paytm Payments Bank,2025-11-07 19:14:00,0,62.5,0.905,0.068,1,48.3,0,0,0,0,benign,none
TXN00002877,93.04,restaurant,debit_card,9,4,0,HDFC,2025-06-25 09:21:00,0,56.1,0.961,0.065,3,6.41,1,1,0,0,benign,none
TXN00003779,10.0,clothing,credit_card,8,6,1,HDFC,2025-08-15 08:53:00,0,48.9,0.934,0.12,7,769.24,0,1,0,0,benign,none
TXN00001830,939.26,grocery,credit_card,22,2,0,Paytm Payments Bank,2025-01-11 22:54:00,0,64.2,0.988,0.046,3,2314.35,0,1,0,0,benign,none
TXN00001234,440.81,pharmacy,UPI,13,0,0,Union Bank,2025-01-05 13:34:00,0,30.5,0.94,0.0,2,76.28,0,1,0,0,benign,none
TXN00003915,157.69,restaurant,net_banking,20,0,0,SBI,2025-11-04 20:24:00,0,44.0,0.895,0.069,4,16.08,0,1,1,0,benign,none
TXN00000446,1670.7,pharmacy,UPI,8,0,0,Paytm Payments Bank,2025-09-28 08:49:00,1,51.0,0.993,0.107,4,52.06,0,1,0,0,benign,none
TXN00000844,309.79,pharmacy,credit_card,9,6,1,Paytm Payments Bank,2025-03-13 09:04:00,0,32.3,0.903,0.027,1,115.32,0,1,0,0,benign,none
TXN00004830,22.92,fuel,debit_card,23,1,0,BOI,2025-02-08 23:01:00,0,70.2,0.928,0.006,6,79.87,0,1,0,0,benign,none
TXN00004525,28.87,entertainment,wallet,12,2,0,HDFC,2025-02-22 12:49:00,0,45.6,0.903,0.038,7,229.43,0,1,0,0,benign,none
TXN00002440,277.61,grocery,wallet,10,1,0,Paytm Payments Bank,2025-07-07 10:58:00,0,61.2,0.897,0.097,2,11.87,1,1,0,0,benign,none
TXN00003103,1627.43,clothing,credit_card,10,3,0,Kotak,2025-05-02 10:56:00,0,34.0,0.882,0.06,4,221.69,0,1,0,0,benign,none
TXN00004734,121.63,restaurant,debit_card,7,6,1,Axis,2025-08-27 07:59:00,1,19.0,0.947,0.004,3,186.37,0,1,0,0,benign,none
TXN00001294,389.07,grocery,wallet,8,4,0,Kotak,2025-07-02 08:37:00,0,44.0,0.913,0.065,1,537.62,0,1,0,0,benign,none
TXN00004254,58.97,healthcare,credit_card,9,3,0,Airtel Payments Bank,2025-07-17 09:03:00,0,31.6,0.886,0.091,6,182.55,0,0,0,0,benign,none
TXN00003442,274.56,clothing,UPI,9,6,1,HDFC,2025-06-14 09:22:00,0,42.1,0.987,0.057,6,575.47,0,1,0,0,benign,none
TXN00000776,34.18,pharmacy,debit_card,19,3,0,Kotak,2025-06-27 19:23:00,0,61.3,0.868,0.072,1,130.72,0,1,0,0,benign,none
TXN00002153,35.3,grocery,credit_card,17,1,0,Paytm Payments Bank,2025-10-16 17:49:00,0,16.0,0.939,0.036,6,106.16,0,1,0,0,benign,none
TXN00004489,137.49,pharmacy,credit_card,21,6,1,Union Bank,2025-11-29 21:31:00,0,68.7,0.912,0.018,2,589.6,0,1,0,0,benign,none
TXN00004633,29.37,electronics,UPI,15,0,0,PNB,2025-03-13 15:41:00,1,48.8,0.855,0.108,3,96.36,0,0,0,0,benign,none
TXN00003183,676.44,restaurant,debit_card,18,0,0,Axis,2025-11-25 18:44:00,0,59.5,0.951,0.115,4,1166.85,0,1,0,0,benign,none
TXN00003199,115.25,pharmacy,credit_card,3,0,0,SBI,2025-02-20 03:46:00,1,59.8,0.86,0.117,5,1359.37,0,1,0,0,benign,none
TXN00001289,1078.75,grocery,wallet,1,2,0,PNB,2025-05-20 01:40:00,0,20.7,0.945,0.076,4,536.2,0,1,0,0,benign,none
TXN00004106,10.0,education,UPI,18,1,0,HDFC,2025-12-28 18:11:00,0,25.1,0.882,0.004,7,1430.69,0,1,0,0,benign,none
TXN00004126,1507.36,entertainment,credit_card,11,3,0,Axis,2025-03-27 11:56:00,0,33.1,0.884,0.082,7,145.35,0,1,0,0,benign,none
TXN00003966,40.83,grocery,UPI,19,1,0,PNB,2025-01-24 19:59:00,1,51.3,0.916,0.063,0,194.0,0,1,0,0,benign,none
TXN00001879,13.11,healthcare,debit_card,18,2,0,Kotak,2025-03-29 18:06:00,0,33.2,0.873,0.027,1,192.01,0,1,0,0,benign,none
TXN00004313,380.96,grocery,UPI,18,4,0,ICICI,2025-01-13 18:36:00,0,26.3,0.861,0.032,0,313.66,0,1,0,0,benign,none
TXN00001036,1443.82,grocery,UPI,4,6,1,Axis,2025-04-26 04:28:00,0,66.2,0.894,0.06,2,54.5,0,1,0,0,benign,none
TXN00000636,173.84,pharmacy,credit_card,13,6,1,Axis,2025-06-15 13:41:00,0,14.5,0.948,0.09,7,5.88,0,1,0,0,benign,none
TXN00004618,33400.28,grocery,UPI,16,0,0,PNB,2025-01-25 16:00:00,0,53.8,0.918,0.079,0,8.34,0,1,0,0,benign,none
TXN00004134,36.78,healthcare,credit_card,9,0,0,Airtel Payments Bank,2025-03-30 09:29:00,0,9.3,0.922,0.003,7,262.95,0,1,0,0,benign,none
TXN00004469,56.23,electronics,debit_card,18,2,0,Paytm Payments Bank,2025-03-12 18:05:00,0,53.8,0.893,0.104,3,85.63,0,1,0,0,benign,none
TXN00001083,273.54,grocery,UPI,8,6,1,Airtel Payments Bank,2025-10-16 08:07:00,0,57.6,0.884,0.001,2,421.79,0,1,0,0,benign,none
TXN00000861,18.24,pharmacy,wallet,19,1,0,SBI,2025-10-25 19:15:00,0,62.1,0.991,0.071,5,562.46,0,1,0,0,benign,none
TXN00000903,4267.98,clothing,wallet,19,2,0,Kotak,2025-12-22 19:15:00,0,27.0,0.948,0.103,4,499.14,1,1,0,0,benign,none
TXN00000191,177.13,pharmacy,debit_card,11,4,0,Airtel Payments Bank,2025-06-17 11:02:00,0,15.0,0.968,0.031,6,686.14,0,1,0,0,benign,none
TXN00000109,10.92,fuel,UPI,19,4,0,Axis,2025-04-27 19:56:00,1,28.8,0.921,0.057,3,80.87,0,1,0,0,benign,none
TXN00001942,26.84,pharmacy,credit_card,5,6,1,BOI,2025-01-07 05:46:00,0,21.2,0.944,0.111,5,1019.83,0,1,0,0,benign,none
TXN00002775,28072.15,grocery,UPI,15,6,1,PNB,2025-02-02 15:49:00,0,66.4,0.95,0.028,2,29.51,0,1,0,0,benign,none
TXN00002323,249.91,grocery,UPI,5,3,0,BOI,2025-04-03 05:47:00,0,46.4,0.994,0.11,6,97.63,1,1,0,0,benign,none
TXN00002617,1305.94,utilities,debit_card,6,6,1,SBI,2025-05-15 06:43:00,1,56.9,0.934,0.065,4,247.8,0,0,0,0,benign,none
TXN00001094,75.12,healthcare,UPI,8,0,0,Kotak,2025-04-09 08:09:00,1,8.9,0.93,0.034,4,30.86,0,1,0,0,benign,none
TXN00004682,79.69,pharmacy,debit_card,18,6,1,Paytm Payments Bank,2025-08-17 18:27:00,1,9.6,0.918,0.003,2,142.41,0,1,0,0,benign,none
TXN00003135,32.3,healthcare,UPI,18,4,0,ICICI,2025-07-23 18:16:00,0,6.4,0.908,0.101,2,153.51,1,1,0,0,benign,none
TXN00003805,10.0,grocery,debit_card,18,0,0,Axis,2025-10-22 18:19:00,0,59.1,0.867,0.018,5,32.55,0,1,0,0,benign,none
TXN00002654,235.74,grocery,credit_card,12,3,0,HDFC,2025-11-15 12:52:00,0,15.0,0.907,0.017,1,61.23,0,1,0,0,benign,none
TXN00004755,81.78,fuel,UPI,19,1,0,Airtel Payments Bank,2025-10-29 19:55:00,0,40.8,0.893,0.089,2,445.83,0,1,0,0,benign,none
TXN00002202,288.14,utilities,UPI,21,5,1,Airtel Payments Bank,2025-05-18 21:54:00,0,44.8,0.936,0.044,5,998.78,0,0,0,0,benign,none
TXN00000975,37.53,grocery,debit_card,6,6,1,PNB,2025-12-31 06:19:00,0,18.2,0.957,0.101,3,274.04,0,0,0,0,benign,none
TXN00004879,33.85,clothing,debit_card,17,1,0,PNB,2025-11-04 17:27:00,0,21.0,0.953,0.106,2,1167.02,0,1,0,0,benign,none
TXN00000941,1206.54,restaurant,UPI,8,5,1,BOI,2025-04-11 08:47:00,0,71.2,0.958,0.115,0,36.02,0,0,0,0,benign,none
TXN00002387,815.17,entertainment,debit_card,15,0,0,PNB,2025-08-24 15:25:00,0,14.3,0.855,0.033,7,112.57,0,1,0,0,benign,none
TXN00003221,285.34,restaurant,credit_card,16,2,0,BOI,2025-01-03 16:25:00,0,41.5,1.0,0.075,0,11.96,0,1,0,0,benign,none
TXN00003882,438.21,entertainment,UPI,3,1,0,Union Bank,2025-04-11 03:43:00,0,16.7,0.888,0.096,2,474.58,0,0,0,0,benign,none
TXN00002789,108.95,grocery,UPI,22,2,0,Axis,2025-01-20 22:56:00,0,71.7,0.989,0.03,5,237.25,0,1,0,0,benign,none
TXN00000944,411.93,clothing,UPI,20,6,1,Kotak,2025-12-15 20:44:00,0,42.0,0.983,0.034,7,59.51,1,1,0,0,benign,none
TXN00001857,1601.57,restaurant,credit_card,19,1,0,Airtel Payments Bank,2025-11-05 19:02:00,0,14.8,0.872,0.015,3,52.72,0,1,0,0,benign,none
TXN00004108,3441.89,fuel,UPI,11,6,1,PNB,2025-08-19 11:48:00,0,32.8,0.938,0.115,1,659.54,0,1,0,0,benign,none
TXN00003255,452.87,healthcare,wallet,18,2,0,Union Bank,2025-05-10 18:53:00,0,57.0,0.881,0.015,4,89.27,1,1,0,0,benign,none
TXN00002690,24.46,restaurant,debit_card,15,6,1,Kotak,2025-10-15 15:51:00,0,42.8,0.912,0.038,4,603.09,0,1,0,0,benign,none
TXN00001319,2085.46,fuel,debit_card,13,3,0,Kotak,2025-10-13 13:46:00,0,45.1,0.874,0.025,3,55.45,0,1,0,0,benign,none
TXN00004877,693.06,electronics,debit_card,11,1,0,Axis,2025-04-05 11:06:00,0,24.2,0.86,0.069,5,175.91,0,1,0,0,benign,none
TXN00004990,14.75,grocery,UPI,10,0,0,Airtel Payments Bank,2025-01-12 10:32:00,0,46.1,0.878,0.01,6,158.79,0,1,0,0,benign,none
TXN00003475,734.61,education,credit_card,16,4,0,Union Bank,2025-01-03 16:23:00,1,36.2,0.982,0.017,2,622.47,0,1,0,0,benign,none
TXN00003505,4753.34,entertainment,debit_card,10,0,0,BOI,2025-11-13 10:53:00,0,11.4,0.935,0.038,7,584.63,0,1,0,0,benign,none
TXN00002477,358.2,grocery,UPI,12,0,0,PNB,2025-08-30 12:49:00,0,25.7,0.981,0.108,7,234.83,0,1,0,0,benign,none
TXN00004597,443.44,restaurant,credit_card,20,1,0,Kotak,2025-12-13 20:04:00,0,13.8,1.0,0.065,5,450.79,0,1,0,0,benign,none
TXN00004474,72.17,clothing,net_banking,13,6,1,Axis,2025-02-09 13:44:00,0,9.9,0.92,0.078,2,15.34,0,1,0,0,benign,none
TXN00001874,36.02,pharmacy,credit_card,19,4,0,Axis,2025-06-07 19:38:00,0,14.7,0.982,0.064,7,83.54,1,1,0,0,benign,none
TXN00002904,117.21,entertainment,UPI,13,1,0,Union Bank,2025-09-27 13:40:00,0,11.6,0.998,0.114,6,3525.15,0,1,0,0,benign,none
TXN00000570,18.05,grocery,UPI,7,0,0,SBI,2025-03-28 07:58:00,0,42.5,0.998,0.008,0,169.0,0,1,0,0,benign,none
TXN00001448,140.92,pharmacy,credit_card,20,4,0,Union Bank,2025-07-24 20:44:00,1,47.9,0.959,0.093,5,108.37,0,1,0,0,benign,none
TXN00004996,131.91,fuel,UPI,14,3,0,Axis,2025-07-22 14:14:00,0,45.9,0.851,0.043,5,934.46,1,1,0,0,benign,none
TXN00003226,47.17,clothing,credit_card,8,1,0,Kotak,2025-02-12 08:11:00,0,36.6,0.967,0.098,3,39.36,0,1,0,0,benign,none
TXN00003978,934.3,healthcare,credit_card,22,5,1,Union Bank,2025-06-23 22:42:00,0,46.5,0.969,0.015,3,1843.93,0,0,1,0,benign,none
TXN00003539,56.51,restaurant,UPI,10,3,0,PNB,2025-08-29 10:10:00,0,12.5,0.881,0.062,5,187.97,0,1,0,0,benign,none
TXN00002827,7817.29,utilities,UPI,10,0,0,BOI,2025-05-25 10:55:00,0,13.3,0.866,0.078,5,158.42,0,1,0,0,benign,none
TXN00001338,32187.77,restaurant,UPI,17,0,0,BOI,2025-12-08 17:09:00,0,64.8,0.917,0.005,5,107.31,0,1,0,0,benign,none
TXN00003262,443.61,grocery,credit_card,10,5,1,Axis,2025-05-12 10:49:00,0,21.2,0.874,0.012,7,30.31,0,1,0,0,benign,none
TXN00000650,6809.58,online_retail,credit_card,20,4,0,HDFC,2025-08-07 20:37:00,1,43.8,0.855,0.006,4,1144.29,0,1,0,0,benign,none
TXN00002902,1537.94,restaurant,debit_card,12,4,0,ICICI,2025-02-04 12:07:00,0,0.2,0.958,0.067,5,1049.12,0,1,0,0,benign,none
TXN00002258,1723.75,electronics,UPI,11,4,0,Kotak,2025-09-03 11:45:00,0,11.8,0.921,0.069,3,96.73,0,1,0,0,benign,none
TXN00002730,29.81,pharmacy,UPI,19,0,0,Airtel Payments Bank,2025-09-19 19:34:00,0,39.7,0.905,0.01,1,1457.09,0,1,0,0,benign,none
TXN00002584,560.26,entertainment,UPI,13,1,0,Union Bank,2025-12-30 13:40:00,0,4.5,0.907,0.001,6,475.59,0,1,0,0,benign,none
TXN00003196,23.5,education,credit_card,20,3,0,Paytm Payments Bank,2025-04-30 20:25:00,1,5.0,0.897,0.085,6,23.91,0,1,0,0,benign,none
TXN00004503,1027.1,pharmacy,UPI,19,1,0,PNB,2025-03-28 19:17:00,0,64.7,0.947,0.044,5,43.33,0,1,0,0,benign,none
TXN00001258,5604.73,pharmacy,wallet,12,0,0,ICICI,2025-02-02 12:19:00,0,62.6,0.904,0.015,1,214.19,0,1,0,0,benign,none
TXN00004417,428.61,pharmacy,UPI,17,3,0,Paytm Payments Bank,2025-09-04 17:08:00,0,1.1,0.913,0.068,6,785.11,0,1,0,0,benign,none
TXN00000991,3507.62,fuel,net_banking,10,2,0,SBI,2025-03-28 10:36:00,1,38.5,0.864,0.053,2,386.59,0,1,0,0,benign,none
TXN00003504,327.26,utilities,UPI,5,2,0,PNB,2025-10-19 05:47:00,0,37.1,0.945,0.011,1,116.62,0,0,0,0,benign,none
TXN00000113,18.12,education,wallet,17,5,1,Airtel Payments Bank,2025-01-15 17:46:00,1,16.6,0.958,0.115,7,228.14,0,1,0,0,benign,none
TXN00000919,10.0,travel,net_banking,12,5,1,ICICI,2025-02-05 12:06:00,0,51.4,0.868,0.073,1,86.27,0,1,0,0,benign,none
TXN00002509,140.78,fuel,UPI,13,0,0,PNB,2025-05-24 13:47:00,0,70.5,0.896,0.081,2,86.27,0,1,0,0,benign,none
TXN00004405,2406.86,fuel,credit_card,13,2,0,Paytm Payments Bank,2025-01-05 13:54:00,1,42.1,0.944,0.051,5,235.67,0,1,0,0,benign,none
TXN00000949,10.0,entertainment,wallet,21,3,0,Kotak,2025-02-11 21:19:00,1,28.7,0.918,0.008,5,890.92,0,1,0,0,benign,none
TXN00003770,110.94,entertainment,credit_card,17,3,0,BOI,2025-01-15 17:54:00,0,12.4,0.997,0.061,2,111.37,0,1,0,0,benign,none
TXN00002850,185.08,online_retail,debit_card,8,5,1,PNB,2025-07-20 08:24:00,0,29.6,0.935,0.016,4,99.95,0,1,0,0,benign,none
TXN00002505,1280.44,restaurant,UPI,21,6,1,Kotak,2025-07-01 21:50:00,1,39.3,0.966,0.003,0,20.16,0,1,0,0,benign,none
TXN00001114,294.02,grocery,debit_card,6,4,0,Airtel Payments Bank,2025-02-03 06:48:00,0,11.7,0.952,0.03,5,191.56,0,1,0,0,benign,none
TXN00000298,10.36,restaurant,UPI,11,5,1,Paytm Payments Bank,2025-07-03 11:38:00,0,67.7,0.871,0.063,5,197.45,0,1,0,0,benign,none
TXN00001675,13.37,restaurant,debit_card,18,3,0,Airtel Payments Bank,2025-06-21 18:08:00,0,49.7,0.943,0.119,2,127.39,0,1,0,0,benign,none
TXN00003347,336.86,restaurant,UPI,14,4,0,Airtel Payments Bank,2025-03-23 14:03:00,1,53.9,0.933,0.062,6,4165.74,0,1,0,0,benign,none
TXN00002735,118.51,grocery,UPI,9,1,0,SBI,2025-12-31 09:00:00,0,65.4,0.862,0.043,0,144.83,0,1,0,0,benign,none
TXN00004325,110.34,online_retail,UPI,14,1,0,SBI,2025-08-15 14:54:00,0,25.7,0.939,0.041,5,310.99,1,1,0,0,benign,none
TXN00004953,10.0,entertainment,debit_card,8,2,0,Kotak,2025-10-06 08:35:00,0,17.6,0.851,0.009,7,370.46,0,1,0,0,benign,none
TXN00004514,288.39,grocery,wallet,2,2,0,SBI,2025-01-05 02:55:00,0,23.6,0.904,0.07,2,114.21,0,1,0,0,benign,none
TXN00002103,981.79,restaurant,UPI,16,5,1,Kotak,2025-01-20 16:09:00,0,64.2,0.917,0.002,2,5.9,0,1,0,0,benign,none
TXN00004863,610.99,electronics,UPI,15,4,0,BOI,2025-08-21 15:55:00,1,45.7,0.953,0.019,2,3369.34,0,1,0,0,benign,none
TXN00001837,153.6,travel,credit_card,11,5,1,ICICI,2025-11-27 11:34:00,0,9.9,0.986,0.004,4,535.1,0,1,0,0,benign,none
TXN00000607,548.17,grocery,net_banking,20,4,0,Kotak,2025-01-16 20:10:00,0,56.3,0.881,0.009,4,265.67,0,1,0,0,benign,none
TXN00001093,338.54,clothing,UPI,9,0,0,Kotak,2025-03-10 09:38:00,0,52.9,0.942,0.073,1,112.18,0,1,0,0,benign,none
TXN00004630,10.3,utilities,credit_card,20,6,1,SBI,2025-03-06 20:52:00,0,6.0,0.977,0.088,4,198.19,0,1,0,0,benign,none
TXN00000160,43.07,healthcare,UPI,10,6,1,Airtel Payments Bank,2025-05-23 10:44:00,0,7.7,0.963,0.031,4,73.12,1,1,0,0,benign,none
TXN00000203,779.84,clothing,UPI,8,4,0,SBI,2025-07-11 08:39:00,0,8.9,0.96,0.107,5,162.05,0,1,0,0,benign,none
TXN00002934,62.84,electronics,debit_card,15,6,1,SBI,2025-05-29 15:34:00,0,29.2,0.959,0.07,1,60.43,0,1,0,0,benign,none
TXN00002435,43.62,healthcare,UPI,10,3,0,HDFC,2025-02-12 10:48:00,0,17.5,0.862,0.059,1,32.79,0,1,0,0,benign,none
TXN00001230,91.0,pharmacy,debit_card,21,2,0,Kotak,2025-08-01 21:29:00,0,34.0,0.988,0.119,1,13.66,0,1,0,0,benign,none
TXN00004251,112.15,fuel,debit_card,17,3,0,Airtel Payments Bank,2025-03-19 17:27:00,0,15.7,0.878,0.083,3,40.57,0,1,0,0,benign,none
TXN00003293,663.23,fuel,UPI,6,5,1,Airtel Payments Bank,2025-04-15 06:57:00,1,6.7,0.917,0.032,7,110.06,1,1,0,0,benign,none
TXN00004034,66.4,restaurant,debit_card,20,0,0,PNB,2025-09-07 20:47:00,0,38.0,0.879,0.091,7,21.22,0,1,0,0,benign,none
TXN00004290,110.46,electronics,wallet,11,1,0,PNB,2025-07-20 11:22:00,0,16.5,0.865,0.052,6,600.67,0,1,0,0,benign,none
TXN00004334,691.73,clothing,debit_card,7,0,0,Kotak,2025-10-23 07:08:00,0,36.2,0.897,0.066,6,54.13,0,1,0,0,benign,none
TXN00004965,306.89,utilities,UPI,17,1,0,Paytm Payments Bank,2025-11-05 17:51:00,0,69.5,0.984,0.12,4,286.44,0,1,0,0,benign,none
TXN00003877,434.94,travel,credit_card,22,3,0,Airtel Payments Bank,2025-02-20 22:59:00,1,37.3,0.981,0.032,4,2349.5,0,1,0,0,benign,none
TXN00004550,1466.92,electronics,UPI,22,0,0,SBI,2025-07-02 22:43:00,0,63.5,0.879,0.068,3,206.63,0,1,0,0,benign,none
TXN00000857,525.81,travel,UPI,8,3,0,Airtel Payments Bank,2025-07-09 08:45:00,0,15.1,0.994,0.104,3,127.23,0,1,0,0,benign,none
TXN00002561,265.84,healthcare,UPI,12,4,0,PNB,2025-09-01 12:47:00,0,44.4,0.88,0.111,2,935.08,0,1,0,0,benign,none
TXN00003801,63.58,restaurant,debit_card,0,3,0,Union Bank,2025-11-12 00:36:00,0,67.1,0.916,0.003,7,128.62,1,1,0,0,benign,none
TXN00002640,705.96,grocery,UPI,21,0,0,SBI,2025-03-15 21:56:00,0,1.1,0.896,0.1,5,473.45,0,1,0,0,benign,none
TXN00002347,70.44,travel,credit_card,19,3,0,Kotak,2025-09-22 19:47:00,0,4.0,0.876,0.021,4,87.08,0,1,0,0,benign,none
TXN00002781,74.45,grocery,UPI,21,6,1,HDFC,2025-01-23 21:09:00,0,34.6,0.871,0.067,1,1422.88,0,1,0,0,benign,none
TXN00000615,24.32,electronics,credit_card,15,2,0,Axis,2025-09-01 15:06:00,0,5.1,0.934,0.012,0,195.63,0,1,0,0,benign,none
TXN00002575,486.04,fuel,UPI,10,3,0,ICICI,2025-11-13 10:56:00,0,33.3,0.896,0.006,3,104.78,0,1,0,0,benign,none
TXN00003340,130.75,restaurant,credit_card,16,6,1,SBI,2025-05-07 16:34:00,0,63.7,0.909,0.057,4,5056.08,0,1,0,0,benign,none
TXN00001705,7519.34,healthcare,UPI,1,2,0,HDFC,2025-02-15 01:18:00,0,46.1,0.945,0.085,6,2179.7,0,1,0,0,benign,none
TXN00004580,129.6,education,credit_card,7,0,0,BOI,2025-04-08 07:04:00,1,33.0,0.894,0.007,2,229.93,0,1,0,0,benign,none
TXN00001493,35.55,grocery,UPI,22,0,0,Paytm Payments Bank,2025-02-10 22:24:00,0,70.9,0.978,0.108,2,256.37,0,1,0,0,benign,none
TXN00004717,128.46,restaurant,debit_card,20,3,0,SBI,2025-06-23 20:37:00,0,46.0,0.995,0.045,3,622.46,0,1,0,0,benign,none
TXN00000803,484.3,electronics,net_banking,14,0,0,SBI,2025-06-04 14:27:00,0,5.2,0.936,0.051,2,9.22,0,1,0,0,benign,none
TXN00000990,1172.62,travel,UPI,11,1,0,Paytm Payments Bank,2025-03-23 11:29:00,0,65.1,0.873,0.064,6,239.52,0,1,0,0,benign,none
TXN00003513,1696.46,entertainment,debit_card,7,0,0,PNB,2025-08-20 07:24:00,1,39.1,0.895,0.098,4,385.29,0,1,0,0,benign,none
TXN00004635,28.25,electronics,UPI,18,3,0,Paytm Payments Bank,2025-01-22 18:29:00,0,2.6,0.927,0.033,1,119.78,1,1,0,0,benign,none
TXN00000219,69.92,grocery,UPI,11,3,0,Paytm Payments Bank,2025-12-09 11:33:00,1,52.5,0.974,0.094,3,372.05,0,1,0,0,benign,none
TXN00001288,9012.04,pharmacy,credit_card,9,0,0,HDFC,2025-10-05 09:21:00,0,46.0,0.97,0.099,2,1457.61,0,1,0,0,benign,none
TXN00003163,827.08,electronics,credit_card,7,1,0,BOI,2025-03-01 07:29:00,0,63.3,0.993,0.1,3,116.8,0,1,0,0,benign,none
TXN00002618,61.06,pharmacy,net_banking,12,4,0,PNB,2025-02-03 12:17:00,0,50.4,0.868,0.086,1,338.21,0,1,0,0,benign,none
TXN00003612,86.23,fuel,wallet,13,3,0,Axis,2025-08-03 13:25:00,0,57.5,0.869,0.057,4,262.88,0,1,0,0,benign,none
TXN00000043,371.63,restaurant,UPI,16,2,0,Kotak,2025-02-13 16:11:00,0,52.6,0.934,0.019,4,631.0,0,1,0,0,benign,none
TXN00003792,124.63,pharmacy,net_banking,12,0,0,BOI,2025-05-19 12:56:00,1,59.1,0.874,0.083,4,38.93,0,1,0,0,benign,none
TXN00003571,1005.18,restaurant,debit_card,1,4,0,Paytm Payments Bank,2025-12-15 01:59:00,0,21.7,0.862,0.114,2,247.77,0,1,0,0,benign,none
TXN00001503,443.42,grocery,credit_card,1,5,1,Kotak,2025-04-28 01:38:00,0,39.0,0.882,0.106,6,1486.86,0,1,0,0,benign,none
TXN00004656,51.33,utilities,UPI,16,6,1,Paytm Payments Bank,2025-06-23 16:22:00,0,68.2,0.983,0.095,3,2540.1,1,1,0,0,benign,none
TXN00003439,7824.56,education,debit_card,10,6,1,Axis,2025-09-13 10:30:00,0,65.5,0.988,0.01,5,141.25,0,1,0,0,benign,none
TXN00001892,31.61,utilities,credit_card,17,6,1,BOI,2025-09-07 17:37:00,0,51.0,0.955,0.019,7,506.54,0,1,0,0,benign,none
TXN00001955,38.7,travel,UPI,9,1,0,Kotak,2025-05-16 09:38:00,0,66.0,0.902,0.029,5,117.49,0,1,0,0,benign,none
TXN00001505,600.46,grocery,UPI,16,1,0,BOI,2025-10-30 16:19:00,1,5.9,0.93,0.095,6,2139.33,0,1,0,0,benign,none
TXN00000670,1004.98,fuel,debit_card,17,5,1,ICICI,2025-08-04 17:31:00,0,47.0,0.913,0.029,2,314.38,0,1,0,0,benign,none
TXN00000897,51.82,electronics,UPI,18,6,1,Airtel Payments Bank,2025-01-17 18:24:00,0,35.7,0.941,0.117,0,44.04,0,1,0,0,benign,none
TXN00002666,119.2,entertainment,credit_card,20,4,0,Kotak,2025-02-27 20:09:00,0,49.1,0.902,0.054,7,39.28,0,1,0,0,benign,none
TXN00003193,29.22,clothing,debit_card,9,5,1,HDFC,2025-12-24 09:05:00,0,50.5,0.989,0.116,5,303.08,0,1,0,0,benign,none
TXN00002890,56.17,grocery,debit_card,17,5,1,Axis,2025-10-06 17:36:00,0,12.0,0.942,0.037,3,145.86,0,1,0,0,benign,none
TXN00002621,71.55,grocery,UPI,19,0,0,Paytm Payments Bank,2025-01-06 19:05:00,0,30.5,0.926,0.059,3,243.37,0,1,0,0,benign,none
TXN00004989,1084.7,electronics,UPI,11,5,1,SBI,2025-05-28 11:02:00,0,53.9,0.991,0.028,2,139.82,1,1,0,0,benign,none
TXN00002370,33.74,grocery,credit_card,23,3,0,Union Bank,2025-01-06 23:08:00,0,38.4,0.868,0.092,2,161.14,0,1,0,0,benign,none
TXN00001769,38454.24,restaurant,UPI,15,0,0,PNB,2025-08-29 15:40:00,0,55.6,0.894,0.041,1,474.01,0,1,0,0,benign,none
TXN00000531,44.97,grocery,UPI,15,4,0,PNB,2025-06-11 15:23:00,0,29.7,0.93,0.053,2,53.71,1,1,0,0,benign,none
TXN00003120,446.03,online_retail,UPI,21,6,1,Union Bank,2025-11-24 21:32:00,0,23.4,0.899,0.085,5,279.12,0,1,0,0,benign,none
TXN00000731,271.75,clothing,UPI,2,0,0,BOI,2025-09-27 02:43:00,1,64.7,0.964,0.041,1,440.7,0,1,0,0,benign,none
TXN00003406,877.78,clothing,UPI,17,0,0,Kotak,2025-03-31 17:59:00,0,23.8,0.981,0.089,3,264.58,0,1,1,0,benign,none
TXN00002339,1117.76,travel,UPI,13,5,1,Paytm Payments Bank,2025-01-04 13:14:00,0,50.8,0.851,0.099,3,1508.27,0,1,0,0,benign,none
TXN00004999,49.06,clothing,UPI,6,5,1,Airtel Payments Bank,2025-02-22 06:04:00,0,30.9,0.964,0.091,3,2842.01,0,1,0,0,benign,none
TXN00004891,17.44,fuel,net_banking,4,2,0,Axis,2025-06-03 04:35:00,0,60.5,0.875,0.013,7,397.18,0,1,0,0,benign,none
TXN00002565,44.94,grocery,UPI,13,1,0,Kotak,2025-06-01 13:02:00,0,25.0,0.999,0.049,4,961.64,0,1,0,0,benign,none
TXN00004593,144.48,grocery,credit_card,0,0,0,ICICI,2025-07-15 00:12:00,0,45.0,0.966,0.101,6,429.61,0,1,0,0,benign,none
TXN00001255,78.94,grocery,credit_card,10,2,0,Airtel Payments Bank,2025-08-02 10:10:00,1,45.5,0.857,0.056,3,450.48,0,1,0,0,benign,none
TXN00002104,147.91,clothing,UPI,7,6,1,Paytm Payments Bank,2025-10-01 07:44:00,0,16.0,0.916,0.069,4,32.6,0,1,0,0,benign,none
TXN00004434,7587.88,grocery,UPI,2,5,1,SBI,2025-03-28 02:12:00,0,45.9,0.951,0.078,0,426.93,0,1,0,0,benign,none
TXN00003484,1180.65,grocery,credit_card,12,6,1,Kotak,2025-05-10 12:15:00,0,38.1,0.859,0.006,5,75.99,0,1,0,0,benign,none
TXN00003816,218.54,grocery,debit_card,1,6,1,Union Bank,2025-05-09 01:55:00,0,23.7,0.949,0.11,7,186.11,0,1,0,0,benign,none
TXN00001621,266.08,travel,UPI,5,5,1,PNB,2025-08-05 05:49:00,0,53.5,0.861,0.079,1,969.68,0,1,0,0,benign,none
TXN00001096,4198.72,grocery,net_banking,17,4,0,Kotak,2025-12-03 17:15:00,0,37.1,0.896,0.066,0,138.36,0,1,0,0,benign,none
TXN00002463,28.79,online_retail,debit_card,14,0,0,SBI,2025-08-20 14:19:00,0,30.3,0.918,0.046,7,1199.75,0,1,0,0,benign,none
TXN00001788,421.07,utilities,credit_card,11,1,0,BOI,2025-03-27 11:41:00,0,5.8,0.854,0.08,0,138.52,0,1,0,0,benign,none
TXN00000192,122.76,fuel,debit_card,16,3,0,Union Bank,2025-11-13 16:15:00,0,24.1,0.954,0.073,1,64.88,0,1,0,0,benign,none
TXN00000820,102.9,restaurant,UPI,15,6,1,Airtel Payments Bank,2025-03-17 15:06:00,0,55.5,0.904,0.019,3,561.6,0,1,0,0,benign,none
TXN00004166,31.57,pharmacy,UPI,14,1,0,Paytm Payments Bank,2025-01-03 14:01:00,0,53.8,1.0,0.083,0,484.71,0,1,0,0,benign,none
TXN00002687,158.92,healthcare,credit_card,21,6,1,Union Bank,2025-08-29 21:38:00,0,56.0,0.938,0.07,2,127.63,1,1,0,0,benign,none
TXN00004903,340.11,entertainment,wallet,9,4,0,HDFC,2025-09-12 09:52:00,0,21.8,0.998,0.089,3,279.31,0,1,0,0,benign,none
TXN00002607,171.8,restaurant,credit_card,15,0,0,Axis,2025-12-14 15:07:00,0,41.0,0.908,0.094,5,66.6,0,1,0,0,benign,none
TXN00000238,36.15,travel,UPI,19,6,1,Axis,2025-03-09 19:34:00,0,13.9,0.881,0.05,4,335.08,0,1,0,0,benign,none
TXN00004015,199.64,grocery,credit_card,13,0,0,Kotak,2025-02-21 13:58:00,0,17.4,0.941,0.036,0,280.58,0,1,0,0,benign,none
TXN00002977,195.37,entertainment,debit_card,12,0,0,ICICI,2025-01-24 12:41:00,0,9.5,0.988,0.062,4,72.96,0,1,0,0,benign,none
TXN00004782,52.96,electronics,credit_card,13,3,0,PNB,2025-12-13 13:14:00,0,55.1,0.961,0.021,1,27.21,0,1,0,0,benign,none
TXN00000945,128.99,electronics,UPI,13,2,0,Kotak,2025-05-12 13:25:00,1,35.2,0.855,0.003,0,79.45,0,1,0,0,benign,none
TXN00004905,2282.61,travel,debit_card,21,1,0,HDFC,2025-11-03 21:56:00,1,67.6,0.925,0.031,5,131.42,0,1,0,0,benign,none
TXN00003552,1573.18,healthcare,credit_card,8,4,0,Kotak,2025-04-05 08:04:00,1,68.3,0.89,0.107,0,253.14,0,1,0,0,benign,none
TXN00003360,221.25,travel,debit_card,8,6,1,Axis,2025-12-28 08:12:00,1,60.3,0.92,0.078,1,130.64,0,1,0,0,benign,none
TXN00002410,48.33,pharmacy,UPI,6,0,0,HDFC,2025-11-07 06:28:00,0,18.2,0.986,0.014,2,104.15,0,1,0,0,benign,none
TXN00004507,39.87,electronics,credit_card,21,1,0,Airtel Payments Bank,2025-06-23 21:22:00,0,51.9,0.913,0.12,3,26.01,0,0,0,0,benign,none
TXN00003982,128.57,fuel,UPI,17,4,0,Airtel Payments Bank,2025-09-11 17:06:00,0,57.6,0.958,0.088,4,78.12,0,1,0,0,benign,none
TXN00000146,81.31,clothing,wallet,20,5,1,Paytm Payments Bank,2025-08-20 20:19:00,1,42.6,0.875,0.022,6,9.68,0,1,0,0,benign,none
TXN00002294,1992.01,utilities,debit_card,19,1,0,ICICI,2025-12-08 19:13:00,0,51.3,0.915,0.083,5,982.63,0,1,0,0,benign,none
TXN00003611,61.69,restaurant,debit_card,11,2,0,Union Bank,2025-08-25 11:10:00,0,33.4,0.894,0.02,6,124.94,1,0,0,0,benign,none
TXN00001736,20.84,grocery,debit_card,10,2,0,Union Bank,2025-07-10 10:57:00,0,54.4,0.94,0.099,3,751.73,0,1,0,0,benign,none
TXN00000114,278.62,online_retail,debit_card,15,3,0,SBI,2025-12-01 15:59:00,0,3.2,1.0,0.092,1,1386.69,0,1,0,0,benign,none
TXN00000498,10.0,travel,UPI,6,4,0,HDFC,2025-11-24 06:37:00,0,30.8,0.883,0.068,2,93.95,0,1,0,0,benign,none
TXN00000720,205.79,travel,UPI,10,1,0,Paytm Payments Bank,2025-04-20 10:05:00,0,36.7,0.977,0.111,6,87.31,0,1,0,0,benign,none
TXN00003089,1400.99,utilities,wallet,12,4,0,HDFC,2025-08-05 12:58:00,0,2.0,0.924,0.023,1,189.86,0,1,0,0,benign,none
TXN00000596,95.86,grocery,net_banking,23,2,0,Kotak,2025-08-11 23:34:00,0,50.1,0.94,0.086,4,1197.75,0,1,0,0,benign,none
TXN00001647,2008.55,clothing,UPI,19,6,1,HDFC,2025-05-03 19:37:00,0,26.8,0.917,0.097,0,300.22,0,1,0,0,benign,none
TXN00002700,1144.79,utilities,net_banking,15,4,0,SBI,2025-04-11 15:36:00,0,36.8,0.886,0.018,3,33.57,1,1,0,0,benign,none
TXN00001700,32.13,fuel,debit_card,21,1,0,Kotak,2025-12-07 21:41:00,0,41.1,0.893,0.028,1,137.02,0,1,0,0,benign,none
TXN00002942,255.7,online_retail,UPI,18,2,0,HDFC,2025-06-10 18:55:00,0,29.6,0.932,0.027,3,159.79,0,1,0,0,benign,none
TXN00000086,105.12,restaurant,UPI,21,0,0,Paytm Payments Bank,2025-06-05 21:09:00,0,2.3,0.914,0.006,7,244.48,1,1,0,0,benign,none
TXN00002308,2499.52,online_retail,UPI,21,6,1,Union Bank,2025-08-26 21:24:00,1,31.6,0.926,0.059,0,87.13,0,1,0,0,benign,none
TXN00002677,611.3,online_retail,UPI,11,0,0,PNB,2025-08-10 11:04:00,0,50.3,0.957,0.047,5,119.23,1,1,0,0,benign,none
TXN00002594,13.53,fuel,UPI,4,5,1,Kotak,2025-06-04 04:27:00,0,8.1,0.868,0.063,4,39.34,0,1,0,0,benign,none
TXN00001029,1606.73,electronics,UPI,19,0,0,Paytm Payments Bank,2025-07-18 19:47:00,0,10.5,0.969,0.041,0,1137.88,1,1,0,0,benign,none
TXN00000136,430.23,healthcare,credit_card,12,3,0,ICICI,2025-11-24 12:17:00,0,22.5,0.989,0.09,3,336.32,0,1,0,0,benign,none
TXN00004409,11.52,entertainment,credit_card,14,1,0,SBI,2025-12-27 14:44:00,0,52.9,0.867,0.07,4,18.27,0,1,0,0,benign,none
TXN00001200,22.63,electronics,debit_card,11,2,0,Union Bank,2025-01-14 11:54:00,0,62.6,0.954,0.056,6,133.56,0,1,0,0,benign,none
TXN00000566,183.58,clothing,credit_card,9,0,0,HDFC,2025-10-05 09:05:00,0,49.1,0.893,0.063,3,122.5,0,1,0,0,benign,none
TXN00003927,18.93,fuel,UPI,23,6,1,Paytm Payments Bank,2025-11-17 23:13:00,0,67.3,0.998,0.034,7,1246.14,0,1,0,0,benign,none
TXN00002330,48.24,clothing,credit_card,10,2,0,PNB,2025-07-23 10:42:00,0,61.2,0.868,0.1,7,32.09,0,1,0,0,benign,none
TXN00003515,141.45,grocery,UPI,10,0,0,Airtel Payments Bank,2025-01-27 10:52:00,0,52.3,0.958,0.058,0,45.03,0,1,0,0,benign,none
TXN00002187,105.3,grocery,UPI,7,1,0,Union Bank,2025-10-18 07:34:00,1,44.9,0.896,0.033,4,116.5,0,1,0,0,benign,none
TXN00000195,48.89,electronics,UPI,4,0,0,SBI,2025-11-22 04:57:00,0,49.7,0.861,0.102,4,241.23,0,0,0,0,benign,none
TXN00004747,26.72,clothing,debit_card,8,4,0,Airtel Payments Bank,2025-12-04 08:36:00,0,34.4,0.861,0.089,2,11.59,0,1,0,0,benign,none
TXN00000802,455.0,fuel,debit_card,10,1,0,Axis,2025-02-28 10:31:00,0,67.2,0.949,0.097,7,65.66,1,1,0,0,benign,none
TXN00002068,636.03,fuel,credit_card,16,0,0,BOI,2025-03-01 16:52:00,0,51.4,0.867,0.015,3,234.04,0,1,0,0,benign,none
TXN00004842,15.41,utilities,credit_card,22,0,0,Axis,2025-06-03 22:13:00,0,37.0,0.993,0.0,1,122.92,0,1,0,0,benign,none
TXN00000644,133.33,travel,UPI,12,2,0,SBI,2025-02-05 12:30:00,0,10.3,0.978,0.066,1,771.87,1,1,0,0,benign,none
TXN00000120,38.77,travel,debit_card,10,2,0,Axis,2025-11-17 10:10:00,0,29.4,0.95,0.015,2,503.16,0,1,0,0,benign,none
TXN00002981,3949.79,grocery,credit_card,18,3,0,Kotak,2025-10-24 18:40:00,0,29.4,0.895,0.104,0,31.11,1,1,0,0,benign,none
TXN00003074,2396.4,clothing,UPI,14,4,0,Paytm Payments Bank,2025-08-12 14:45:00,0,44.0,0.912,0.003,5,176.8,0,1,0,0,benign,none
TXN00003278,61.6,grocery,debit_card,19,5,1,Kotak,2025-04-15 19:29:00,0,18.2,0.995,0.11,2,619.43,0,1,0,0,benign,none
TXN00002135,129.96,grocery,net_banking,12,1,0,SBI,2025-01-22 12:16:00,0,47.3,0.944,0.016,6,1387.66,1,1,0,0,benign,none
TXN00000134,17.33,entertainment,debit_card,20,2,0,Paytm Payments Bank,2025-02-02 20:47:00,1,42.7,0.965,0.014,1,140.75,0,1,0,0,benign,none
TXN00002559,3576.8,grocery,debit_card,23,5,1,Paytm Payments Bank,2025-04-19 23:27:00,0,13.5,0.949,0.027,7,86.49,0,1,0,0,benign,none
TXN00000062,327.98,healthcare,UPI,16,2,0,PNB,2025-12-18 16:08:00,1,5.5,0.905,0.016,4,47.06,0,1,0,0,benign,none
TXN00001358,116.91,travel,credit_card,11,0,0,Airtel Payments Bank,2025-04-25 11:54:00,0,5.5,0.884,0.033,1,1537.51,0,1,0,0,benign,none
TXN00002467,2645.22,fuel,UPI,15,3,0,Kotak,2025-02-13 15:11:00,0,67.3,0.913,0.075,5,65.27,0,1,0,0,benign,none
TXN00000679,181.19,travel,UPI,12,6,1,ICICI,2025-10-20 12:39:00,0,14.3,0.933,0.036,3,11.9,0,1,0,0,benign,none
TXN00000741,2075.39,grocery,credit_card,16,3,0,Union Bank,2025-01-21 16:18:00,0,37.0,0.981,0.093,6,81.0,1,1,0,0,benign,none
TXN00003641,4898.07,grocery,debit_card,10,3,0,ICICI,2025-11-19 10:57:00,0,16.0,0.988,0.051,0,277.33,0,1,0,0,benign,none
TXN00003258,50.51,restaurant,credit_card,12,0,0,HDFC,2025-12-16 12:46:00,0,33.5,0.883,0.081,4,612.46,0,1,0,0,benign,none
TXN00004663,70.08,fuel,UPI,13,4,0,SBI,2025-01-06 13:54:00,0,68.3,0.99,0.043,6,295.87,0,1,0,0,benign,none
TXN00001873,28.51,online_retail,debit_card,19,1,0,Kotak,2025-11-14 19:16:00,0,16.1,0.947,0.012,4,497.42,0,1,0,0,benign,none
TXN00002596,2271.49,travel,debit_card,19,2,0,ICICI,2025-04-19 19:46:00,1,51.1,0.858,0.089,2,9.26,0,1,0,0,benign,none
TXN00001717,94.52,utilities,credit_card,22,4,0,Union Bank,2025-12-30 22:20:00,0,60.3,0.878,0.079,4,4463.31,0,1,0,0,benign,none
TXN00002912,244.2,restaurant,credit_card,10,6,1,Paytm Payments Bank,2025-11-26 10:56:00,0,32.3,0.959,0.009,4,0.96,0,1,0,0,benign,none
TXN00002843,913.48,grocery,UPI,8,2,0,BOI,2025-03-12 08:49:00,0,36.5,0.991,0.105,3,918.58,0,1,0,0,benign,none
TXN00004027,766.99,pharmacy,debit_card,11,6,1,Kotak,2025-10-24 11:50:00,0,17.3,0.912,0.045,6,161.24,0,1,0,0,benign,none
TXN00000489,810.83,travel,UPI,5,1,0,ICICI,2025-10-01 05:24:00,0,15.5,0.979,0.074,4,42.4,0,1,0,0,benign,none
TXN00000493,553.99,restaurant,UPI,15,3,0,Paytm Payments Bank,2025-07-04 15:06:00,0,64.1,0.999,0.078,4,894.05,0,1,0,0,benign,none
TXN00000690,430.67,restaurant,credit_card,6,0,0,Kotak,2025-07-01 06:40:00,0,59.6,0.918,0.063,4,2234.98,0,1,0,0,benign,none
TXN00003821,2247.48,grocery,credit_card,6,4,0,SBI,2025-03-04 06:13:00,0,31.3,0.892,0.002,0,27.79,0,1,0,0,benign,none
TXN00000602,2426.01,healthcare,credit_card,20,0,0,Axis,2025-03-25 20:12:00,0,66.0,0.905,0.026,4,291.47,0,0,0,0,benign,none
TXN00001911,612.58,clothing,debit_card,9,0,0,PNB,2025-09-23 09:34:00,0,29.5,0.959,0.048,5,46.2,0,0,0,0,benign,none
TXN00004827,157.28,grocery,UPI,16,2,0,SBI,2025-04-24 16:34:00,0,22.4,0.91,0.005,3,201.81,0,1,0,0,benign,none
TXN00003757,24.8,pharmacy,debit_card,8,4,0,PNB,2025-05-08 08:03:00,0,31.6,0.868,0.073,4,77.41,0,1,0,0,benign,none
TXN00002366,1835.21,electronics,credit_card,2,1,0,Airtel Payments Bank,2025-02-07 02:20:00,1,64.5,0.89,0.01,3,47.15,0,1,0,0,benign,none
TXN00004370,14.9,grocery,UPI,21,6,1,Union Bank,2025-10-21 21:19:00,0,55.8,0.977,0.034,6,7.12,0,1,0,0,benign,none
TXN00001361,1273.29,grocery,debit_card,20,1,0,SBI,2025-02-16 20:48:00,1,40.1,0.925,0.11,1,59.0,0,1,0,0,benign,none
TXN00001526,2116.11,utilities,debit_card,2,2,0,Union Bank,2025-04-10 02:54:00,0,19.2,0.913,0.085,2,238.87,0,1,0,0,benign,none
TXN00001551,66.43,restaurant,debit_card,13,2,0,HDFC,2025-11-09 13:36:00,0,19.7,0.95,0.092,5,69.15,0,1,0,0,benign,none
TXN00001337,799.67,travel,debit_card,13,1,0,Airtel Payments Bank,2025-05-12 13:45:00,0,3.9,0.903,0.03,5,511.48,0,1,0,0,benign,none
TXN00003901,806.37,pharmacy,credit_card,20,1,0,Kotak,2025-03-27 20:48:00,0,63.1,0.928,0.095,4,513.01,0,1,0,0,benign,none
TXN00003010,17112.93,clothing,credit_card,20,3,0,HDFC,2025-07-28 20:31:00,1,10.0,0.877,0.107,7,59.52,0,1,0,0,benign,none
TXN00002250,37.87,clothing,debit_card,19,6,1,SBI,2025-07-31 19:56:00,0,40.3,0.943,0.1,1,47.28,0,1,0,0,benign,none
TXN00002346,178.13,grocery,net_banking,8,6,1,Kotak,2025-02-24 08:21:00,0,31.5,0.965,0.059,6,57.94,0,1,0,0,benign,none
TXN00002784,489.11,healthcare,UPI,8,1,0,SBI,2025-10-07 08:53:00,0,22.9,0.868,0.078,7,151.02,0,1,0,0,benign,none
TXN00000150,183.91,fuel,UPI,20,2,0,HDFC,2025-02-20 20:16:00,1,60.8,0.944,0.115,1,41.85,0,1,0,0,benign,none
TXN00002804,52.46,electronics,UPI,8,4,0,PNB,2025-10-19 08:23:00,0,20.6,0.876,0.044,1,156.89,0,1,0,0,benign,none
TXN00002086,206.13,utilities,UPI,4,3,0,Paytm Payments Bank,2025-06-14 04:20:00,0,38.2,0.989,0.027,5,86.48,0,1,0,0,benign,none
TXN00003751,78.47,entertainment,credit_card,1,0,0,HDFC,2025-10-30 01:53:00,0,31.6,0.886,0.093,4,28.25,1,1,0,0,benign,none
TXN00002259,659.62,grocery,UPI,11,3,0,Axis,2025-04-08 11:00:00,0,57.5,0.858,0.078,1,1068.13,0,1,0,0,benign,none
TXN00004017,1396.31,healthcare,debit_card,10,6,1,Paytm Payments Bank,2025-05-17 10:08:00,0,69.2,0.984,0.084,0,709.27,0,0,1,0,benign,none
TXN00003856,30.92,grocery,credit_card,21,4,0,Kotak,2025-10-18 21:28:00,0,26.1,0.996,0.045,7,93.72,0,1,0,0,benign,none
TXN00000859,812.27,electronics,UPI,13,6,1,Axis,2025-05-24 13:20:00,0,42.6,0.869,0.116,5,27.48,0,1,0,0,benign,none
TXN00004739,224.54,pharmacy,credit_card,8,0,0,Axis,2025-07-04 08:56:00,0,27.8,0.962,0.113,2,36.68,0,1,0,0,benign,none
TXN00004462,1729.15,restaurant,UPI,19,1,0,HDFC,2025-08-21 19:56:00,0,56.6,0.903,0.092,0,24.2,0,1,0,0,benign,none
TXN00001779,3402.41,electronics,wallet,11,3,0,PNB,2025-04-07 11:07:00,0,49.9,0.997,0.065,7,224.22,0,1,0,0,benign,none
TXN00004913,34.5,entertainment,debit_card,23,6,1,Paytm Payments Bank,2025-12-18 23:08:00,1,47.1,0.965,0.115,2,98.54,0,1,0,0,benign,none
TXN00001818,584.74,restaurant,UPI,10,1,0,Airtel Payments Bank,2025-12-05 10:42:00,1,33.6,0.892,0.023,6,1787.51,1,1,0,0,benign,none
TXN00002704,357.65,utilities,debit_card,9,0,0,SBI,2025-11-14 09:18:00,0,51.4,0.861,0.023,1,298.66,0,1,0,0,benign,none
TXN00000175,333.84,education,wallet,23,1,0,ICICI,2025-09-24 23:52:00,0,59.5,0.917,0.079,2,48.02,0,1,0,0,benign,none
TXN00002093,1068.25,grocery,debit_card,19,6,1,PNB,2025-03-05 19:39:00,0,16.8,0.897,0.12,6,47.99,1,1,0,0,benign,none
TXN00003491,43.84,restaurant,net_banking,16,2,0,PNB,2025-12-11 16:47:00,0,56.5,0.962,0.087,7,201.31,1,1,0,0,benign,none
TXN00001920,34.17,travel,debit_card,9,6,1,ICICI,2025-04-04 09:58:00,0,18.9,0.903,0.049,5,184.55,0,1,0,0,benign,none
TXN00000082,127.29,grocery,debit_card,12,2,0,HDFC,2025-06-11 12:40:00,0,55.3,0.916,0.025,2,40.49,0,1,0,0,benign,none
TXN00000816,118.68,healthcare,UPI,11,4,0,Kotak,2025-11-13 11:18:00,0,45.9,0.908,0.076,4,4577.23,0,1,0,0,benign,none
TXN00000283,554.44,entertainment,UPI,14,0,0,Paytm Payments Bank,2025-10-14 14:08:00,0,66.3,0.901,0.043,0,177.6,0,1,0,0,benign,none
TXN00002915,8105.32,pharmacy,debit_card,12,4,0,ICICI,2025-08-04 12:31:00,1,34.0,0.865,0.099,4,315.08,0,1,0,0,benign,none
TXN00001813,241.58,utilities,UPI,16,5,1,PNB,2025-05-28 16:02:00,0,68.3,0.895,0.042,6,141.42,0,1,0,0,benign,none
TXN00001271,3323.66,entertainment,debit_card,10,5,1,Paytm Payments Bank,2025-06-03 10:53:00,0,50.5,0.922,0.044,4,1299.55,0,1,0,0,benign,none
TXN00004961,755.85,education,debit_card,7,6,1,Union Bank,2025-11-10 07:24:00,0,15.3,0.913,0.02,0,34.08,0,1,0,0,benign,none
TXN00002642,42.74,utilities,net_banking,10,4,0,HDFC,2025-07-26 10:15:00,0,66.6,0.958,0.118,6,98.45,0,1,0,0,benign,none
TXN00004508,46.96,entertainment,UPI,16,1,0,BOI,2025-07-27 16:05:00,0,49.4,0.878,0.094,0,93.76,0,1,0,0,benign,none
TXN00002305,100.71,electronics,UPI,23,1,0,PNB,2025-05-30 23:28:00,0,14.4,0.87,0.11,7,174.92,0,1,0,0,benign,none
TXN00004195,53.64,restaurant,UPI,20,6,1,ICICI,2025-01-11 20:52:00,1,41.9,0.999,0.112,2,70.01,0,1,0,0,benign,none
TXN00004655,210.42,restaurant,UPI,7,5,1,SBI,2025-08-02 07:56:00,0,63.5,0.877,0.107,5,112.36,0,1,0,0,benign,none
TXN00004168,206.56,education,debit_card,6,1,0,Airtel Payments Bank,2025-03-29 06:14:00,1,61.3,0.859,0.022,5,2445.14,0,1,0,0,benign,none
TXN00003849,56.85,fuel,UPI,20,4,0,BOI,2025-10-21 20:22:00,0,55.1,0.99,0.035,1,102.94,0,1,0,0,benign,none
TXN00002414,1804.33,pharmacy,debit_card,21,2,0,Kotak,2025-03-07 21:00:00,0,66.7,0.891,0.067,2,13.6,0,1,0,0,benign,none
TXN00003554,1297.69,education,UPI,18,6,1,Axis,2025-11-28 18:44:00,0,23.2,0.895,0.068,0,2191.23,1,1,0,0,benign,none
TXN00004691,414.69,electronics,credit_card,15,2,0,Kotak,2025-09-26 15:11:00,0,62.7,0.959,0.01,7,246.17,0,1,0,0,benign,none
TXN00004498,377.19,clothing,credit_card,18,1,0,PNB,2025-08-08 18:46:00,0,26.5,0.903,0.044,3,732.19,0,1,0,0,benign,none
TXN00002195,10.0,restaurant,debit_card,20,3,0,Union Bank,2025-07-15 20:45:00,0,53.0,0.857,0.001,6,18.32,1,1,0,0,benign,none
TXN00002600,91.95,entertainment,UPI,20,6,1,Airtel Payments Bank,2025-06-24 20:38:00,0,55.2,0.89,0.05,7,19.28,0,1,0,0,benign,none
TXN00004764,2143.54,grocery,UPI,20,2,0,HDFC,2025-01-12 20:02:00,0,45.9,0.969,0.062,2,310.56,0,1,0,0,benign,none
TXN00004314,232.38,entertainment,debit_card,14,3,0,SBI,2025-07-29 14:35:00,0,31.0,0.996,0.022,3,48.93,0,1,0,0,benign,none
TXN00003366,258.27,restaurant,net_banking,5,3,0,PNB,2025-03-29 05:34:00,0,4.1,0.865,0.017,6,13.87,0,1,1,0,benign,none
TXN00002633,247.05,grocery,UPI,12,1,0,Union Bank,2025-09-02 12:09:00,0,20.1,0.924,0.006,5,804.33,0,1,0,0,benign,none
TXN00002434,158.11,grocery,net_banking,21,3,0,Kotak,2025-09-27 21:52:00,1,29.7,0.975,0.006,2,59.93,1,1,0,0,benign,none
TXN00004520,36.55,healthcare,UPI,8,0,0,SBI,2025-12-04 08:02:00,0,6.1,0.908,0.087,4,2425.19,0,1,0,0,benign,none
TXN00003545,76.07,restaurant,net_banking,12,5,1,BOI,2025-05-17 12:36:00,0,59.4,0.938,0.098,2,175.58,0,1,0,0,benign,none
TXN00004997,997.47,grocery,UPI,12,6,1,Airtel Payments Bank,2025-10-05 12:56:00,0,36.0,0.993,0.106,7,31.42,1,1,0,0,benign,none
TXN00000517,70.88,pharmacy,UPI,5,0,0,Axis,2025-02-14 05:17:00,0,6.5,0.944,0.081,5,83.9,0,1,0,0,benign,none
TXN00001415,52.78,restaurant,UPI,7,4,0,Airtel Payments Bank,2025-09-01 07:54:00,1,54.4,0.859,0.052,3,1256.04,0,1,0,0,benign,none
TXN00004664,22863.01,fuel,debit_card,16,2,0,SBI,2025-08-02 16:10:00,0,39.6,0.991,0.015,3,214.93,0,1,0,0,benign,none
TXN00004456,79.89,clothing,debit_card,17,6,1,Paytm Payments Bank,2025-12-11 17:47:00,0,13.8,0.946,0.06,4,163.97,0,1,0,0,benign,none
TXN00000127,28.8,clothing,UPI,7,0,0,ICICI,2025-10-11 07:24:00,0,8.9,0.86,0.007,1,29.14,0,1,0,0,benign,none
TXN00003474,23.19,grocery,debit_card,18,2,0,Kotak,2025-08-03 18:18:00,0,1.1,0.959,0.111,0,267.09,0,0,0,0,benign,none
TXN00004310,440.25,clothing,credit_card,9,2,0,Paytm Payments Bank,2025-10-26 09:06:00,0,20.2,0.994,0.02,4,344.43,0,0,0,0,benign,none
TXN00002438,1468.46,online_retail,UPI,20,3,0,Airtel Payments Bank,2025-12-01 20:06:00,0,6.7,0.984,0.118,6,22.03,0,1,0,0,benign,none
TXN00003765,2009.3,entertainment,credit_card,5,6,1,Kotak,2025-01-05 05:12:00,1,33.1,0.873,0.054,2,25.52,0,1,0,0,benign,none
TXN00001473,10.0,grocery,UPI,23,4,0,SBI,2025-07-22 23:01:00,0,61.1,0.905,0.107,5,141.99,0,1,0,0,benign,none
TXN00004821,72.95,electronics,UPI,19,3,0,Union Bank,2025-08-27 19:37:00,0,19.5,0.961,0.079,0,577.1,0,1,0,0,benign,none
TXN00003560,890.61,grocery,UPI,15,4,0,Axis,2025-01-08 15:44:00,0,52.4,0.9,0.021,0,251.3,0,1,0,0,benign,none
TXN00003951,17871.27,entertainment,UPI,16,2,0,Paytm Payments Bank,2025-07-23 16:42:00,0,43.4,0.938,0.023,3,569.09,0,1,0,0,benign,none
TXN00000049,276.34,clothing,UPI,17,6,1,BOI,2025-10-16 17:16:00,0,25.4,0.897,0.063,6,30.25,0,1,0,0,benign,none
TXN00000887,112.57,fuel,debit_card,19,4,0,Airtel Payments Bank,2025-06-04 19:16:00,1,20.6,0.87,0.051,1,768.6,0,1,0,0,benign,none
TXN00002616,241.38,online_retail,UPI,12,4,0,SBI,2025-04-02 12:37:00,0,54.4,0.893,0.002,7,28.28,0,1,0,0,benign,none
TXN00000516,814.84,online_retail,UPI,17,3,0,ICICI,2025-05-17 17:12:00,0,28.9,0.891,0.071,7,180.26,0,1,0,0,benign,none
TXN00003168,46.9,fuel,debit_card,9,5,1,SBI,2025-05-23 09:47:00,0,63.3,0.867,0.011,2,25.13,0,1,0,0,benign,none
TXN00002949,2007.58,pharmacy,credit_card,12,1,0,HDFC,2025-09-02 12:15:00,0,41.4,0.963,0.011,5,198.81,0,1,0,0,benign,none
TXN00001424,339.12,utilities,UPI,20,1,0,Airtel Payments Bank,2025-05-08 20:16:00,0,21.1,0.996,0.109,2,177.41,1,1,0,0,benign,none
TXN00000139,46395.25,electronics,credit_card,16,6,1,ICICI,2025-06-11 16:49:00,0,21.3,0.967,0.09,7,138.13,1,1,0,0,benign,none
TXN00001924,221.59,healthcare,debit_card,21,4,0,Axis,2025-12-30 21:33:00,0,27.6,0.935,0.007,4,527.67,1,1,0,0,benign,none
TXN00002378,264.21,grocery,debit_card,2,6,1,Paytm Payments Bank,2025-09-28 02:51:00,1,58.4,0.856,0.097,5,482.43,0,1,0,0,benign,none
TXN00003197,168.75,electronics,UPI,10,6,1,Paytm Payments Bank,2025-09-11 10:01:00,0,10.6,0.862,0.069,2,1144.11,0,1,0,0,benign,none
TXN00000112,83.98,grocery,UPI,12,3,0,Union Bank,2025-08-23 12:51:00,0,1.5,0.907,0.014,1,389.16,0,1,0,0,benign,none
TXN00004559,25.47,education,UPI,14,4,0,BOI,2025-10-05 14:43:00,0,67.7,0.953,0.067,5,470.78,1,1,0,0,benign,none
TXN00004595,1168.72,entertainment,credit_card,10,4,0,PNB,2025-09-05 10:19:00,1,23.5,0.913,0.015,0,30.14,0,1,0,0,benign,none
TXN00003250,1936.97,restaurant,UPI,14,6,1,Kotak,2025-06-29 14:57:00,0,54.1,0.956,0.071,1,12.67,0,1,0,0,benign,none
TXN00004690,1795.23,education,UPI,11,2,0,Axis,2025-10-20 11:11:00,0,48.7,0.964,0.032,7,1200.03,0,1,1,0,benign,none
TXN00004546,10.0,education,credit_card,23,3,0,ICICI,2025-10-07 23:13:00,0,8.1,0.955,0.014,5,1426.62,1,1,0,0,benign,none
TXN00003277,10.0,electronics,UPI,22,4,0,SBI,2025-01-28 22:03:00,0,61.8,0.993,0.004,0,610.74,0,1,0,0,benign,none
TXN00004408,221.44,clothing,debit_card,10,6,1,ICICI,2025-07-10 10:50:00,0,13.1,0.942,0.056,2,121.07,0,1,0,0,benign,none
TXN00003222,12.3,electronics,UPI,11,1,0,Kotak,2025-04-06 11:05:00,0,27.0,0.902,0.087,3,91.68,1,1,0,0,benign,none
TXN00000451,458.42,fuel,UPI,13,3,0,BOI,2025-09-27 13:33:00,0,65.9,0.99,0.067,1,688.34,0,1,0,0,benign,none
TXN00003731,864.74,electronics,UPI,7,0,0,Kotak,2025-08-29 07:16:00,0,5.2,0.911,0.031,2,120.58,0,1,0,0,benign,none
TXN00002763,1212.49,pharmacy,debit_card,5,3,0,Axis,2025-08-28 05:06:00,0,47.1,0.979,0.039,2,96.18,0,1,0,0,benign,none
TXN00000658,2170.11,restaurant,UPI,6,3,0,Union Bank,2025-05-02 06:33:00,0,20.0,0.955,0.042,4,605.5,0,1,0,0,benign,none
TXN00004620,33.42,electronics,UPI,11,0,0,SBI,2025-03-19 11:36:00,0,14.4,0.938,0.064,1,25.02,0,1,0,0,benign,none
TXN00000999,1077.88,grocery,UPI,5,3,0,Paytm Payments Bank,2025-05-01 05:36:00,0,32.5,0.883,0.036,7,71.22,0,1,0,0,benign,none
TXN00000389,19.24,entertainment,UPI,7,5,1,SBI,2025-10-28 07:27:00,0,44.2,0.959,0.033,2,57.19,0,1,0,0,benign,none
TXN00003407,4954.33,entertainment,UPI,18,4,0,Airtel Payments Bank,2025-10-06 18:37:00,1,26.1,0.961,0.061,6,1448.73,0,1,0,0,benign,none
TXN00001476,10644.49,pharmacy,UPI,10,0,0,Axis,2025-01-16 10:15:00,0,69.0,0.893,0.048,5,1566.05,0,0,0,0,benign,none
TXN00002240,2236.97,pharmacy,UPI,18,5,1,ICICI,2025-04-24 18:41:00,0,64.9,0.917,0.003,5,1120.9,0,1,0,0,benign,none
TXN00002386,13.52,clothing,credit_card,20,6,1,Kotak,2025-04-11 20:57:00,0,25.2,0.934,0.064,3,41.05,0,1,0,0,benign,none
TXN00000992,6184.9,healthcare,credit_card,21,1,0,Union Bank,2025-04-17 21:41:00,0,52.3,0.921,0.086,7,10.75,0,1,0,0,benign,none
TXN00003922,33.69,grocery,UPI,15,1,0,HDFC,2025-05-29 15:53:00,0,6.4,0.892,0.04,3,395.62,0,1,0,0,benign,none
TXN00002972,231.52,online_retail,debit_card,22,0,0,BOI,2025-04-22 22:28:00,1,16.6,0.928,0.06,3,179.3,0,1,0,0,benign,none
TXN00003386,234.59,education,UPI,9,0,0,SBI,2025-06-24 09:14:00,0,22.5,0.998,0.086,4,203.46,0,1,0,0,benign,none
TXN00004769,4365.88,restaurant,credit_card,15,0,0,Kotak,2025-04-27 15:32:00,0,42.5,0.949,0.024,3,185.2,1,0,0,0,benign,none
TXN00001293,10.0,entertainment,UPI,14,3,0,SBI,2025-12-09 14:59:00,0,27.7,0.904,0.084,6,499.59,0,1,0,0,benign,none
TXN00001824,50.23,clothing,debit_card,18,5,1,PNB,2025-11-12 18:20:00,0,37.2,0.926,0.069,0,181.9,0,1,0,0,benign,none
TXN00002873,10.0,restaurant,UPI,5,6,1,HDFC,2025-02-27 05:17:00,0,45.0,0.996,0.099,2,775.38,0,1,0,0,benign,none
TXN00004173,63.87,fuel,UPI,8,2,0,Axis,2025-10-22 08:41:00,1,39.2,0.953,0.024,4,116.01,0,1,0,0,benign,none
TXN00002535,1607.04,grocery,UPI,19,1,0,BOI,2025-01-22 19:19:00,0,31.1,0.936,0.007,5,24.45,0,1,0,0,benign,none
TXN00001907,319.0,electronics,UPI,15,6,1,Axis,2025-04-15 15:13:00,0,52.7,0.898,0.008,1,51.48,0,1,0,0,benign,none
TXN00000368,352.18,utilities,UPI,18,3,0,ICICI,2025-09-27 18:13:00,0,41.4,0.866,0.105,4,126.7,1,1,0,0,benign,none
TXN00001151,1384.07,restaurant,UPI,15,3,0,ICICI,2025-04-26 15:36:00,1,68.0,0.869,0.1,6,153.69,0,1,0,0,benign,none
TXN00004952,212.85,fuel,debit_card,19,6,1,HDFC,2025-09-25 19:47:00,0,12.7,0.994,0.042,2,18.17,0,1,0,0,benign,none
TXN00004160,22.27,fuel,UPI,23,1,0,Airtel Payments Bank,2025-02-03 23:51:00,0,49.5,0.95,0.106,6,80.9,0,1,0,0,benign,none
TXN00004287,71.94,electronics,net_banking,17,5,1,BOI,2025-11-30 17:27:00,1,35.0,0.869,0.038,7,765.12,1,1,0,0,benign,none
TXN00000174,24.53,pharmacy,UPI,15,6,1,BOI,2025-04-09 15:37:00,0,7.5,0.986,0.063,5,187.84,0,1,0,0,benign,none
TXN00001903,193.63,entertainment,credit_card,7,6,1,Axis,2025-01-30 07:57:00,0,41.2,0.877,0.083,5,88.94,0,1,0,0,benign,none
TXN00001099,2288.22,education,debit_card,12,1,0,Axis,2025-08-21 12:31:00,0,30.3,0.945,0.037,7,103.77,0,1,0,0,benign,none
TXN00003408,594.77,travel,UPI,10,4,0,BOI,2025-01-25 10:29:00,1,8.0,0.939,0.048,6,101.83,0,1,0,0,benign,none
TXN00001538,45.86,pharmacy,credit_card,12,5,1,ICICI,2025-12-24 12:56:00,0,23.2,0.864,0.031,7,111.82,0,1,0,0,benign,none
TXN00002292,2132.1,utilities,debit_card,15,4,0,Paytm Payments Bank,2025-05-13 15:24:00,0,47.6,0.887,0.087,2,55.62,1,1,0,0,benign,none
TXN00001363,1154.7,utilities,credit_card,22,4,0,Axis,2025-04-08 22:58:00,1,64.9,0.935,0.022,4,315.2,0,1,0,0,benign,none
TXN00000680,1064.43,grocery,net_banking,15,4,0,ICICI,2025-06-20 15:53:00,0,36.0,0.883,0.106,2,64.49,1,0,0,0,benign,none
TXN00003664,180.56,grocery,UPI,9,3,0,ICICI,2025-09-23 09:40:00,0,8.2,0.863,0.061,1,47.07,0,1,0,0,benign,none
TXN00001661,33.78,entertainment,credit_card,15,6,1,ICICI,2025-09-12 15:44:00,0,13.6,0.934,0.015,3,474.55,0,1,0,0,benign,none
TXN00000508,89.37,clothing,UPI,10,6,1,ICICI,2025-10-05 10:07:00,0,61.5,0.939,0.028,7,11.11,0,1,0,0,benign,none
TXN00000166,1308.75,grocery,UPI,14,4,0,ICICI,2025-11-10 14:46:00,0,68.0,0.955,0.037,6,316.49,0,1,0,0,benign,none
TXN00001006,817.41,restaurant,UPI,0,6,1,Kotak,2025-07-29 00:18:00,1,50.0,0.968,0.119,7,301.32,0,1,0,0,benign,none
TXN00003494,3273.0,restaurant,UPI,16,5,1,BOI,2025-10-18 16:24:00,0,58.6,0.901,0.08,2,9.29,0,1,0,0,benign,none
TXN00002536,51.54,entertainment,UPI,18,3,0,Kotak,2025-12-10 18:21:00,0,7.1,0.86,0.047,4,44.69,0,1,0,0,benign,none
TXN00001104,33.95,travel,UPI,7,0,0,Paytm Payments Bank,2025-03-18 07:59:00,0,20.3,0.935,0.048,6,174.98,0,1,0,0,benign,none
TXN00003875,504.29,clothing,credit_card,19,2,0,Kotak,2025-03-16 19:43:00,0,64.2,0.854,0.017,6,57.17,0,1,0,0,benign,none
TXN00001752,75.08,travel,UPI,11,0,0,HDFC,2025-08-20 11:07:00,0,30.2,0.952,0.003,7,306.54,0,1,1,0,benign,none
TXN00002916,4174.11,pharmacy,UPI,13,3,0,PNB,2025-09-26 13:02:00,0,36.0,0.954,0.042,5,637.8,0,1,0,0,benign,none
TXN00000152,12.01,restaurant,UPI,20,3,0,Union Bank,2025-04-01 20:01:00,0,4.4,0.972,0.018,3,212.84,1,1,0,0,benign,none
TXN00003907,37.11,entertainment,debit_card,2,3,0,Paytm Payments Bank,2025-09-21 02:04:00,1,69.1,0.922,0.001,3,115.23,0,1,0,0,benign,none
TXN00002552,112.11,fuel,wallet,12,1,0,Axis,2025-06-26 12:50:00,0,57.4,0.876,0.114,3,14.11,0,1,1,0,benign,none
TXN00002773,182.22,education,UPI,11,0,0,Airtel Payments Bank,2025-05-08 11:12:00,0,50.4,0.925,0.101,2,98.34,0,1,0,0,benign,none
TXN00003551,29.01,grocery,net_banking,22,2,0,Airtel Payments Bank,2025-07-28 22:24:00,0,61.8,0.999,0.018,3,28.59,1,1,0,0,benign,none
TXN00003722,1317.11,clothing,debit_card,15,4,0,BOI,2025-02-08 15:00:00,0,6.0,0.985,0.082,0,88.24,0,1,0,0,benign,none
TXN00004538,33.39,electronics,UPI,11,4,0,HDFC,2025-02-26 11:35:00,0,17.8,0.992,0.095,7,746.61,0,1,0,0,benign,none
TXN00001822,2206.39,clothing,debit_card,15,4,0,Airtel Payments Bank,2025-10-30 15:10:00,0,21.0,0.97,0.005,3,162.72,0,1,0,0,benign,none
TXN00004086,56.1,utilities,debit_card,12,1,0,Airtel Payments Bank,2025-12-14 12:27:00,0,34.8,0.877,0.058,7,189.23,0,1,0,0,benign,none
TXN00000309,5531.2,fuel,UPI,11,0,0,Paytm Payments Bank,2025-07-07 11:33:00,0,20.4,0.936,0.03,1,671.51,0,1,0,0,benign,none
TXN00003599,3019.86,grocery,credit_card,19,5,1,HDFC,2025-10-13 19:14:00,0,69.2,0.935,0.088,6,54.05,0,1,0,0,benign,none
TXN00003622,49.89,fuel,debit_card,18,4,0,Paytm Payments Bank,2025-02-14 18:00:00,1,8.1,0.858,0.034,4,254.98,0,1,0,0,benign,none
TXN00003450,14.21,grocery,debit_card,21,5,1,SBI,2025-11-01 21:25:00,0,52.4,0.881,0.094,6,23.31,0,1,0,0,benign,none
TXN00004591,3954.52,grocery,UPI,20,6,1,PNB,2025-07-23 20:30:00,0,20.5,0.93,0.008,6,1999.69,0,1,0,0,benign,none
TXN00000205,224.15,restaurant,debit_card,15,4,0,HDFC,2025-06-10 15:52:00,0,42.3,0.917,0.007,2,1120.63,0,1,0,0,benign,none
TXN00001135,2487.91,pharmacy,debit_card,16,3,0,Union Bank,2025-11-09 16:56:00,0,22.0,0.927,0.051,7,14.67,0,1,1,0,benign,none
TXN00002749,943.48,electronics,credit_card,3,2,0,PNB,2025-02-11 03:52:00,0,69.0,0.937,0.054,7,5.02,0,1,0,0,benign,none
TXN00003613,106.25,pharmacy,UPI,18,5,1,Paytm Payments Bank,2025-02-15 18:59:00,0,3.4,0.975,0.094,4,90.25,0,1,0,0,benign,none
TXN00000305,36.77,fuel,UPI,21,2,0,HDFC,2025-11-21 21:38:00,1,37.4,0.998,0.026,5,1360.96,0,1,0,0,benign,none
TXN00001849,804.71,fuel,UPI,18,5,1,BOI,2025-03-27 18:19:00,0,30.0,0.881,0.034,3,62.78,0,1,0,0,benign,none
TXN00001988,57.32,grocery,UPI,8,0,0,Paytm Payments Bank,2025-09-26 08:58:00,0,31.1,0.912,0.106,4,249.9,0,1,0,0,benign,none
TXN00003240,1816.36,entertainment,credit_card,20,2,0,Kotak,2025-04-07 20:52:00,0,33.3,0.995,0.067,5,731.35,0,1,0,0,benign,none
TXN00002798,686.81,education,debit_card,12,0,0,HDFC,2025-02-15 12:00:00,0,11.9,0.876,0.106,6,43.0,0,1,0,0,benign,none
TXN00004515,1364.21,online_retail,UPI,14,5,1,PNB,2025-04-08 14:39:00,0,11.5,0.889,0.03,3,324.28,0,1,0,0,benign,none
TXN00003109,56.64,entertainment,UPI,9,1,0,ICICI,2025-04-12 09:25:00,0,7.8,0.896,0.077,7,16.94,0,1,0,0,benign,none
TXN00004939,43.97,entertainment,UPI,20,4,0,BOI,2025-09-14 20:05:00,0,34.8,0.9,0.012,0,136.37,0,1,0,0,benign,none
TXN00004059,204.97,restaurant,net_banking,12,0,0,PNB,2025-03-09 12:16:00,0,19.8,0.863,0.075,7,75.49,0,1,0,0,benign,none
TXN00001987,61.5,restaurant,UPI,11,4,0,Airtel Payments Bank,2025-06-03 11:44:00,0,53.4,0.97,0.03,6,923.97,0,1,0,0,benign,none
TXN00000383,25.71,utilities,UPI,20,4,0,PNB,2025-12-16 20:25:00,0,26.6,0.904,0.058,3,429.12,1,1,0,0,benign,none
TXN00004307,10561.86,pharmacy,net_banking,17,5,1,ICICI,2025-12-08 17:08:00,0,43.8,0.865,0.078,6,528.43,1,1,0,0,benign,none
TXN00003388,15.05,entertainment,credit_card,20,6,1,ICICI,2025-10-26 20:42:00,0,72.0,0.891,0.061,4,106.63,1,1,0,0,benign,none
TXN00003156,30006.64,entertainment,UPI,18,2,0,SBI,2025-03-27 18:59:00,1,2.3,0.897,0.092,5,25.45,0,1,0,0,benign,none
TXN00002727,180.33,restaurant,debit_card,9,1,0,BOI,2025-04-08 09:27:00,0,60.7,0.961,0.042,4,468.73,1,1,0,0,benign,none
TXN00003832,177.67,pharmacy,UPI,22,2,0,HDFC,2025-12-13 22:28:00,0,67.1,0.867,0.028,5,8542.65,0,1,0,0,benign,none
TXN00004776,52.98,entertainment,UPI,19,1,0,Airtel Payments Bank,2025-06-28 19:50:00,0,62.5,0.897,0.092,4,218.15,0,1,0,0,benign,none
TXN00004276,971.78,education,UPI,20,4,0,BOI,2025-09-27 20:59:00,0,64.6,0.873,0.084,0,330.47,0,1,0,0,benign,none
TXN00000253,41.42,grocery,UPI,16,2,0,ICICI,2025-05-28 16:21:00,0,2.8,0.947,0.064,6,256.5,0,1,0,0,benign,none
TXN00000278,2088.2,fuel,debit_card,4,4,0,Airtel Payments Bank,2025-05-30 04:21:00,0,33.0,0.957,0.056,7,316.27,0,1,0,0,benign,none
TXN00003252,19.51,restaurant,net_banking,12,1,0,Axis,2025-09-08 12:39:00,0,34.9,0.951,0.03,5,18.13,0,1,0,0,benign,none
TXN00002480,6436.55,online_retail,debit_card,22,6,1,ICICI,2025-03-30 22:23:00,0,12.9,0.957,0.047,3,46.85,0,1,0,0,benign,none
TXN00000289,203.1,entertainment,debit_card,10,2,0,PNB,2025-04-24 10:30:00,0,49.8,0.884,0.005,7,17.16,0,1,0,0,benign,none
TXN00003075,52.3,fuel,wallet,15,1,0,Airtel Payments Bank,2025-11-27 15:58:00,0,44.4,0.951,0.016,4,1602.34,0,1,0,0,benign,none
TXN00000270,66.77,fuel,UPI,11,0,0,PNB,2025-06-25 11:49:00,0,4.3,0.877,0.065,7,399.36,0,1,0,0,benign,none
TXN00004570,203.43,restaurant,credit_card,8,3,0,HDFC,2025-03-15 08:30:00,1,18.1,0.952,0.025,6,1516.76,0,1,0,0,benign,none
TXN00004207,1209.39,travel,UPI,5,0,0,Axis,2025-03-02 05:45:00,0,31.0,0.939,0.024,1,515.96,0,1,0,0,benign,none
TXN00003218,13648.26,education,UPI,18,3,0,Paytm Payments Bank,2025-02-11 18:41:00,1,28.1,0.929,0.084,4,92.28,0,1,0,0,benign,none
TXN00001391,3495.77,clothing,wallet,8,5,1,PNB,2025-08-05 08:47:00,0,38.5,0.976,0.012,0,170.03,0,1,0,0,benign,none
TXN00003975,416.96,electronics,debit_card,12,2,0,Union Bank,2025-08-07 12:19:00,0,28.1,0.957,0.016,0,29.98,0,0,0,0,benign,none
TXN00004316,737.66,grocery,debit_card,18,6,1,PNB,2025-04-05 18:34:00,0,36.4,0.891,0.105,0,9.45,0,1,0,0,benign,none
TXN00000083,123.08,utilities,credit_card,8,2,0,Airtel Payments Bank,2025-06-03 08:22:00,0,0.9,0.971,0.071,3,50.58,0,1,0,0,benign,none
TXN00000873,274.08,restaurant,UPI,14,0,0,PNB,2025-04-03 14:37:00,0,7.9,0.878,0.087,3,35.45,0,1,0,0,benign,none
TXN00004557,562.45,grocery,credit_card,12,4,0,Union Bank,2025-12-04 12:51:00,0,36.0,0.917,0.077,0,189.12,0,1,1,0,benign,none
TXN00004500,16.8,healthcare,credit_card,18,5,1,SBI,2025-07-10 18:16:00,0,71.7,0.871,0.087,7,35.64,0,1,0,0,benign,none
TXN00004647,61.73,pharmacy,net_banking,17,3,0,BOI,2025-01-27 17:46:00,0,43.4,0.871,0.106,3,734.39,0,1,0,0,benign,none
TXN00002038,40.91,grocery,UPI,8,5,1,HDFC,2025-10-26 08:15:00,0,65.2,0.948,0.021,0,30.91,0,1,0,0,benign,none
TXN00002450,93.4,online_retail,UPI,21,0,0,Kotak,2025-11-21 21:53:00,0,32.1,0.953,0.043,0,302.65,0,0,0,0,benign,none
TXN00003954,256.4,restaurant,credit_card,7,0,0,Airtel Payments Bank,2025-06-10 07:19:00,0,25.9,0.853,0.049,1,285.67,0,1,0,0,benign,none
TXN00002329,1479.43,utilities,UPI,9,1,0,ICICI,2025-03-07 09:45:00,0,24.0,0.951,0.041,7,113.03,0,1,0,0,benign,none
TXN00004746,949.35,grocery,credit_card,19,5,1,PNB,2025-01-06 19:01:00,0,33.5,0.873,0.119,6,291.72,0,1,0,0,benign,none
TXN00001216,10.0,pharmacy,credit_card,11,0,0,Paytm Payments Bank,2025-09-23 11:22:00,0,63.3,0.889,0.033,4,96.79,0,1,0,0,benign,none
TXN00001064,76.72,restaurant,UPI,18,3,0,Union Bank,2025-12-22 18:10:00,0,53.3,0.878,0.075,2,675.26,0,1,0,0,benign,none
TXN00003786,135.25,online_retail,debit_card,19,3,0,Union Bank,2025-01-04 19:23:00,0,50.9,0.949,0.038,6,257.07,0,1,0,0,benign,none
TXN00004410,3200.33,fuel,debit_card,16,1,0,HDFC,2025-06-20 16:02:00,0,38.9,0.967,0.085,4,1103.01,0,1,0,0,benign,none
TXN00002161,44.74,restaurant,debit_card,8,0,0,Union Bank,2025-09-09 08:34:00,0,34.4,0.909,0.094,5,47.73,0,1,0,0,benign,none
TXN00003008,150.4,education,debit_card,12,1,0,Union Bank,2025-07-01 12:19:00,0,66.2,0.956,0.072,3,442.63,1,1,0,0,benign,none
TXN00001105,863.77,travel,debit_card,13,5,1,Axis,2025-11-15 13:27:00,0,3.8,0.862,0.112,3,187.32,1,1,0,0,benign,none
TXN00004956,282.63,utilities,UPI,8,5,1,Axis,2025-11-01 08:00:00,0,36.2,0.88,0.052,4,1048.23,0,1,0,0,benign,none
TXN00004369,920.63,grocery,UPI,11,2,0,ICICI,2025-05-18 11:24:00,0,38.5,0.932,0.03,3,221.54,0,1,0,0,benign,none
TXN00002765,70.16,education,debit_card,10,4,0,HDFC,2025-01-02 10:13:00,0,24.9,0.988,0.055,7,350.85,0,1,0,0,benign,none
TXN00003929,62.8,grocery,debit_card,6,5,1,Axis,2025-07-25 06:13:00,1,52.2,0.896,0.118,4,94.88,0,1,0,0,benign,none
TXN00002451,118.43,restaurant,UPI,6,5,1,Kotak,2025-12-05 06:10:00,1,11.2,0.985,0.008,7,408.12,0,1,0,0,benign,none
TXN00003824,135.33,utilities,UPI,17,0,0,Axis,2025-05-15 17:38:00,1,38.7,0.935,0.038,6,19.81,0,1,0,0,benign,none
TXN00002652,2479.62,restaurant,UPI,21,5,1,PNB,2025-03-08 21:40:00,0,19.9,0.992,0.015,5,92.77,0,1,0,0,benign,none
TXN00003743,762.99,electronics,debit_card,6,5,1,BOI,2025-12-01 06:19:00,0,22.6,0.964,0.046,4,1.09,0,1,0,0,benign,none
TXN00002176,581.64,grocery,debit_card,6,6,1,BOI,2025-06-18 06:07:00,0,43.1,0.983,0.07,6,109.23,0,0,0,0,benign,none
TXN00003318,1888.42,restaurant,UPI,8,5,1,Union Bank,2025-04-10 08:09:00,1,13.6,0.904,0.01,2,203.16,0,1,0,0,benign,none
TXN00002787,221.05,electronics,credit_card,13,1,0,PNB,2025-02-20 13:21:00,0,7.0,0.868,0.087,4,4416.59,0,1,0,0,benign,none
TXN00004105,988.66,utilities,debit_card,23,3,0,Union Bank,2025-08-25 23:54:00,0,32.1,0.951,0.036,0,2455.46,0,1,0,0,benign,none
TXN00001676,1450.06,clothing,credit_card,8,2,0,ICICI,2025-03-04 08:21:00,0,66.8,0.871,0.079,2,300.0,0,1,0,0,benign,none
TXN00003947,10.0,electronics,UPI,16,3,0,ICICI,2025-11-02 16:54:00,0,49.9,0.983,0.094,6,70.1,0,1,1,0,benign,none
TXN00002503,585.24,entertainment,credit_card,12,0,0,Paytm Payments Bank,2025-07-29 12:29:00,1,4.3,0.921,0.057,5,348.23,0,1,0,0,benign,none
TXN00002369,1012.35,clothing,wallet,21,4,0,Airtel Payments Bank,2025-08-28 21:54:00,1,45.3,0.955,0.08,6,215.08,1,1,0,0,benign,none
TXN00004967,33.23,fuel,debit_card,8,1,0,Paytm Payments Bank,2025-07-21 08:33:00,0,8.0,0.966,0.106,3,20.38,0,1,0,0,benign,none
TXN00002217,205.09,pharmacy,debit_card,7,5,1,PNB,2025-12-30 07:31:00,0,40.4,0.87,0.066,2,36.31,0,1,0,0,benign,none
TXN00002218,76.05,restaurant,UPI,20,1,0,BOI,2025-02-20 20:02:00,0,29.4,0.969,0.025,1,71.99,1,1,0,0,benign,none
TXN00003326,701.66,entertainment,debit_card,17,2,0,Airtel Payments Bank,2025-10-25 17:16:00,0,70.2,0.942,0.035,2,447.27,0,1,0,0,benign,none
TXN00003583,218.98,education,credit_card,13,6,1,BOI,2025-09-20 13:34:00,0,65.4,0.876,0.022,7,50.03,0,1,0,0,benign,none
TXN00000085,587.9,clothing,debit_card,5,3,0,Axis,2025-01-26 05:14:00,0,7.7,0.956,0.095,4,307.45,1,1,0,0,benign,none
TXN00002801,1401.99,entertainment,debit_card,19,0,0,Paytm Payments Bank,2025-08-04 19:32:00,0,51.5,0.994,0.02,4,82.24,0,1,0,0,benign,none
TXN00003671,631.47,grocery,UPI,10,5,1,PNB,2025-08-25 10:16:00,1,48.8,0.852,0.08,3,136.52,0,1,1,0,benign,none
TXN00003667,33.75,restaurant,credit_card,10,5,1,Kotak,2025-04-29 10:02:00,0,71.7,0.869,0.095,3,1112.66,0,1,0,0,benign,none
TXN00004590,1127.02,utilities,UPI,12,3,0,Union Bank,2025-09-17 12:47:00,1,49.2,0.995,0.101,4,14.82,0,1,0,0,benign,none
TXN00002019,577.02,restaurant,UPI,12,1,0,ICICI,2025-11-11 12:38:00,0,5.4,0.927,0.114,4,298.82,1,1,0,0,benign,none
TXN00002525,835.73,electronics,UPI,5,3,0,Paytm Payments Bank,2025-02-22 05:57:00,0,44.9,0.991,0.115,1,89.28,0,1,0,0,benign,none
TXN00002895,27.7,grocery,credit_card,18,3,0,Airtel Payments Bank,2025-04-02 18:34:00,1,18.6,0.862,0.06,3,172.67,0,1,0,0,benign,none
TXN00004714,85.6,fuel,UPI,0,5,1,ICICI,2025-04-30 00:49:00,0,71.1,0.911,0.085,0,192.66,0,1,0,0,benign,none
TXN00003425,480.81,fuel,UPI,18,3,0,Union Bank,2025-11-29 18:27:00,0,40.7,0.881,0.007,3,669.17,0,1,0,0,benign,none
TXN00002001,73.8,utilities,UPI,21,3,0,ICICI,2025-01-23 21:58:00,0,20.2,0.995,0.119,2,151.03,0,1,0,0,benign,none
TXN00000869,225.01,restaurant,net_banking,7,6,1,HDFC,2025-11-26 07:11:00,0,2.4,0.957,0.119,2,139.12,0,1,0,0,benign,none
TXN00000356,373.13,online_retail,UPI,12,6,1,PNB,2025-10-27 12:29:00,0,21.3,0.946,0.06,1,28.55,0,1,0,0,benign,none
TXN00001275,255.2,travel,wallet,19,6,1,ICICI,2025-06-20 19:23:00,0,10.4,0.875,0.011,2,6.89,0,1,0,0,benign,none
TXN00001890,1547.08,restaurant,credit_card,22,2,0,Paytm Payments Bank,2025-01-04 22:58:00,0,18.5,0.995,0.015,4,153.16,0,0,0,0,benign,none
TXN00003563,180.23,clothing,UPI,9,3,0,BOI,2025-12-11 09:01:00,0,52.8,0.952,0.058,2,75.98,0,1,0,0,benign,none
TXN00004958,732.16,utilities,credit_card,17,2,0,Union Bank,2025-04-01 17:24:00,0,11.6,0.896,0.007,2,220.35,0,1,0,0,benign,none
TXN00002380,149.51,online_retail,wallet,18,0,0,Axis,2025-11-11 18:06:00,1,43.9,0.859,0.082,5,185.45,0,1,1,0,benign,none
TXN00003823,167.45,travel,UPI,19,5,1,Kotak,2025-08-22 19:11:00,0,8.0,0.958,0.064,4,158.34,0,1,0,0,benign,none
TXN00003306,585.44,clothing,UPI,9,3,0,Axis,2025-12-10 09:41:00,0,60.8,0.968,0.041,6,61.41,0,1,0,0,benign,none
TXN00003499,713.69,grocery,net_banking,21,0,0,BOI,2025-07-25 21:17:00,0,35.5,0.918,0.117,4,22.8,0,1,0,0,benign,none
TXN00001116,1883.01,travel,UPI,16,3,0,Union Bank,2025-05-17 16:22:00,0,44.1,0.893,0.02,2,330.13,1,1,0,0,benign,none
TXN00003645,17.13,entertainment,credit_card,19,1,0,HDFC,2025-05-17 19:39:00,0,22.3,0.987,0.054,1,141.12,0,1,0,0,benign,none
TXN00002500,662.18,restaurant,credit_card,18,5,1,Kotak,2025-02-16 18:34:00,0,56.7,0.992,0.065,4,7.63,0,1,0,0,benign,none
TXN00002783,1666.96,restaurant,debit_card,21,4,0,Union Bank,2025-04-09 21:33:00,0,16.3,0.941,0.007,7,130.04,0,1,0,0,benign,none
TXN00003809,505.77,travel,debit_card,15,4,0,BOI,2025-04-18 15:45:00,0,39.6,0.927,0.062,5,787.64,0,1,0,0,benign,none
TXN00001696,105.81,grocery,UPI,8,2,0,Union Bank,2025-05-03 08:43:00,0,63.4,0.875,0.024,4,20.09,0,1,0,0,benign,none
TXN00002052,1970.63,restaurant,net_banking,16,5,1,Kotak,2025-04-26 16:27:00,0,56.9,0.874,0.043,6,132.22,0,1,0,0,benign,none
TXN00001776,21.67,grocery,UPI,1,0,0,PNB,2025-09-11 01:07:00,0,45.1,0.944,0.055,1,557.8,0,1,0,0,benign,none
TXN00003313,313.81,pharmacy,net_banking,18,2,0,ICICI,2025-03-31 18:18:00,0,56.0,0.894,0.005,0,57.5,0,1,0,0,benign,none
TXN00004781,2228.59,electronics,debit_card,17,1,0,Kotak,2025-01-14 17:29:00,0,38.4,0.99,0.035,1,56.44,0,1,0,0,benign,none
TXN00001592,178.95,pharmacy,UPI,16,4,0,BOI,2025-12-04 16:16:00,0,61.0,0.938,0.01,2,640.44,0,1,0,0,benign,none
TXN00001723,7795.51,electronics,UPI,15,1,0,PNB,2025-06-06 15:20:00,0,41.3,0.874,0.056,4,109.77,0,1,0,0,benign,none
TXN00000490,1725.92,education,UPI,17,6,1,Airtel Payments Bank,2025-05-08 17:05:00,0,46.0,0.98,0.063,0,298.93,0,1,0,0,benign,none
TXN00003483,2586.53,travel,UPI,16,5,1,Axis,2025-06-22 16:36:00,0,61.6,0.897,0.064,3,58.05,0,1,0,0,benign,none
TXN00003431,3060.23,entertainment,credit_card,19,3,0,HDFC,2025-08-26 19:58:00,0,33.7,0.953,0.037,4,193.83,0,1,0,0,benign,none
TXN00000025,129.82,pharmacy,credit_card,20,5,1,Airtel Payments Bank,2025-08-20 20:08:00,0,0.1,0.929,0.081,5,18.6,0,1,0,0,benign,none
TXN00003512,79.35,clothing,credit_card,16,1,0,SBI,2025-09-05 16:11:00,0,2.9,0.876,0.094,0,341.33,0,1,0,0,benign,none
TXN00002409,93.29,grocery,credit_card,7,2,0,BOI,2025-05-12 07:53:00,0,6.8,0.943,0.11,5,159.77,0,1,0,0,benign,none
TXN00003270,1714.04,restaurant,UPI,12,2,0,SBI,2025-11-01 12:37:00,0,27.6,0.855,0.114,6,178.31,0,1,0,0,benign,none
TXN00001552,85.88,restaurant,UPI,12,2,0,ICICI,2025-07-17 12:33:00,0,63.5,0.966,0.104,4,1659.74,0,1,0,0,benign,none
TXN00003871,38.57,education,UPI,8,2,0,Paytm Payments Bank,2025-07-02 08:32:00,0,34.7,0.914,0.006,2,481.28,0,1,0,0,benign,none
TXN00003402,67.8,travel,UPI,12,1,0,Union Bank,2025-04-01 12:38:00,0,22.9,0.994,0.028,0,2032.97,0,1,0,0,benign,none
TXN00004529,3218.46,utilities,UPI,20,2,0,Airtel Payments Bank,2025-10-23 20:52:00,1,47.9,0.949,0.084,4,246.09,0,1,0,0,benign,none
TXN00000979,543.95,education,net_banking,14,1,0,HDFC,2025-12-21 14:37:00,1,46.0,0.86,0.044,5,1752.33,0,0,0,0,benign,none
TXN00002655,85.23,restaurant,credit_card,9,4,0,Paytm Payments Bank,2025-04-11 09:11:00,0,22.0,0.855,0.014,4,176.02,0,1,0,0,benign,none
TXN00001847,32.69,travel,debit_card,15,4,0,PNB,2025-08-16 15:18:00,0,42.4,0.987,0.114,5,2.49,0,1,0,0,benign,none
TXN00001102,718.4,utilities,debit_card,8,6,1,Paytm Payments Bank,2025-08-31 08:44:00,0,67.6,0.871,0.083,0,645.19,0,0,0,0,benign,none
TXN00003276,1380.18,electronics,net_banking,18,1,0,Axis,2025-06-30 18:10:00,0,44.6,0.91,0.068,7,134.6,0,1,0,0,benign,none
TXN00003996,1511.7,pharmacy,wallet,14,4,0,Kotak,2025-09-27 14:52:00,0,27.9,0.876,0.012,3,3100.22,0,1,0,0,benign,none
TXN00000194,33.36,clothing,debit_card,11,1,0,Union Bank,2025-07-17 11:22:00,1,14.0,0.946,0.101,2,150.05,0,1,0,0,benign,none
TXN00004711,89.16,clothing,debit_card,17,4,0,ICICI,2025-07-18 17:13:00,0,50.5,0.953,0.055,3,22.07,1,1,0,0,benign,none
TXN00000643,333.46,fuel,UPI,13,6,1,HDFC,2025-09-01 13:11:00,0,19.7,0.94,0.022,3,113.45,0,1,0,0,benign,none
TXN00003285,1504.75,entertainment,UPI,8,1,0,BOI,2025-11-20 08:34:00,1,22.1,0.988,0.117,2,22.18,0,1,0,0,benign,none
TXN00003116,73.69,fuel,debit_card,14,5,1,ICICI,2025-11-27 14:57:00,0,7.5,0.991,0.101,7,309.41,0,1,0,0,benign,none
TXN00003575,10.0,restaurant,wallet,8,2,0,Kotak,2025-04-29 08:33:00,0,23.6,0.952,0.027,4,11692.21,0,1,1,0,benign,none
TXN00004320,67.45,clothing,UPI,21,6,1,Axis,2025-01-27 21:35:00,1,45.2,0.95,0.119,7,424.59,0,1,0,0,benign,none
TXN00002207,537.96,fuel,UPI,10,0,0,HDFC,2025-05-18 10:26:00,0,33.7,0.951,0.1,1,36.92,0,1,0,0,benign,none
TXN00004552,70.87,grocery,UPI,14,3,0,SBI,2025-03-23 14:15:00,0,37.7,0.879,0.094,7,76.44,0,1,0,0,benign,none
TXN00003718,555.32,restaurant,debit_card,17,4,0,BOI,2025-05-05 17:06:00,0,63.9,0.875,0.032,6,78.86,0,1,0,0,benign,none
TXN00000972,365.63,restaurant,debit_card,15,6,1,ICICI,2025-11-23 15:07:00,0,71.6,0.894,0.085,7,381.96,0,1,0,0,benign,none
TXN00000719,38.86,fuel,credit_card,11,6,1,HDFC,2025-11-11 11:06:00,0,41.1,0.939,0.107,3,110.32,0,1,0,0,benign,none
TXN00003896,20.85,entertainment,UPI,11,6,1,Union Bank,2025-04-02 11:32:00,0,6.0,0.868,0.079,3,86.2,0,1,0,0,benign,none
TXN00002803,41.79,utilities,UPI,20,6,1,BOI,2025-06-21 20:30:00,1,9.9,0.955,0.041,7,36.89,0,1,0,0,benign,none
TXN00002566,351.57,pharmacy,debit_card,16,6,1,SBI,2025-12-15 16:49:00,0,44.6,0.942,0.002,1,31.74,0,1,0,0,benign,none
TXN00004025,43.1,utilities,UPI,9,5,1,BOI,2025-08-11 09:42:00,0,3.1,0.868,0.075,6,457.84,0,1,0,0,benign,none
TXN00000032,97.32,utilities,debit_card,9,3,0,Union Bank,2025-05-10 09:39:00,0,39.4,0.947,0.077,5,20.75,0,1,0,0,benign,none
TXN00004063,78.95,grocery,UPI,18,5,1,Airtel Payments Bank,2025-01-05 18:24:00,0,19.2,0.899,0.014,6,742.55,0,1,0,0,benign,none
TXN00001697,17576.04,clothing,credit_card,7,2,0,SBI,2025-12-29 07:37:00,1,43.7,0.963,0.081,2,7285.82,0,1,0,0,benign,none
TXN00002792,59.48,education,credit_card,20,4,0,BOI,2025-05-14 20:44:00,1,55.6,0.971,0.107,5,291.0,0,1,0,0,benign,none
TXN00002222,285.66,pharmacy,debit_card,5,3,0,SBI,2025-04-11 05:36:00,1,30.0,0.871,0.016,4,2589.33,0,1,0,0,benign,none
TXN00003764,217.66,restaurant,credit_card,8,1,0,HDFC,2025-07-28 08:21:00,1,62.1,0.894,0.06,0,530.21,0,0,0,0,benign,none
TXN00003866,518.67,clothing,debit_card,22,6,1,ICICI,2025-07-06 22:59:00,0,69.1,0.858,0.065,4,10.59,0,1,0,0,benign,none
TXN00003758,500.02,healthcare,wallet,13,6,1,SBI,2025-01-06 13:20:00,0,1.0,0.943,0.045,5,476.42,0,1,0,0,benign,none
TXN00003227,218.56,grocery,wallet,2,5,1,HDFC,2025-01-09 02:59:00,0,56.2,0.934,0.079,7,132.05,0,1,0,0,benign,none
TXN00003904,13.29,electronics,UPI,14,5,1,SBI,2025-04-05 14:30:00,0,53.1,0.902,0.061,7,365.52,0,1,1,0,benign,none
TXN00002277,7296.43,grocery,debit_card,23,1,0,BOI,2025-11-18 23:02:00,1,58.4,0.961,0.038,3,1114.81,0,1,0,0,benign,none
TXN00001401,136.57,electronics,debit_card,4,0,0,ICICI,2025-03-21 04:42:00,1,57.8,0.923,0.061,5,238.2,0,1,0,0,benign,none
TXN00000739,10.0,clothing,UPI,15,1,0,PNB,2025-08-10 15:10:00,0,24.1,0.983,0.116,7,378.39,0,1,0,0,benign,none
TXN00004266,58.04,electronics,credit_card,19,1,0,BOI,2025-01-05 19:53:00,0,44.9,0.993,0.063,1,1601.74,0,1,0,0,benign,none
TXN00003851,64.35,healthcare,UPI,19,4,0,BOI,2025-08-07 19:12:00,0,46.0,0.925,0.078,6,164.86,0,0,0,0,benign,none
TXN00000674,1101.53,education,credit_card,15,6,1,PNB,2025-12-07 15:15:00,0,13.0,0.882,0.009,0,60.04,0,1,0,0,benign,none
TXN00003841,208.87,fuel,UPI,17,5,1,ICICI,2025-11-02 17:08:00,0,54.7,0.959,0.078,0,18.12,0,1,0,0,benign,none
TXN00001815,106.5,electronics,debit_card,20,3,0,ICICI,2025-10-25 20:08:00,0,15.3,0.939,0.109,3,108.36,0,1,0,0,benign,none
TXN00004653,109.23,restaurant,credit_card,18,4,0,SBI,2025-09-25 18:07:00,1,71.8,0.972,0.08,4,988.77,0,1,0,0,benign,none
TXN00002100,388.38,entertainment,UPI,9,2,0,Paytm Payments Bank,2025-11-14 09:13:00,0,26.6,0.894,0.114,5,15.65,0,1,0,0,benign,none
TXN00001673,550.07,grocery,debit_card,16,3,0,ICICI,2025-06-02 16:25:00,0,62.1,0.941,0.091,6,282.62,0,1,0,0,benign,none
TXN00002101,11.18,restaurant,UPI,14,4,0,Kotak,2025-03-29 14:43:00,0,48.1,0.938,0.032,5,2672.57,0,1,0,0,benign,none
TXN00004213,192.57,fuel,UPI,16,3,0,Kotak,2025-08-07 16:51:00,0,18.9,0.861,0.035,7,44.83,0,1,0,0,benign,none
TXN00001548,659.94,pharmacy,debit_card,20,5,1,Paytm Payments Bank,2025-10-10 20:46:00,1,39.5,0.919,0.077,7,51.95,0,1,0,0,benign,none
TXN00003323,994.16,healthcare,debit_card,20,4,0,Axis,2025-09-28 20:14:00,0,39.2,0.95,0.083,3,37.56,0,1,0,0,benign,none
TXN00000355,372.11,clothing,UPI,9,4,0,PNB,2025-11-14 09:40:00,0,3.0,0.951,0.109,0,7.78,0,1,0,0,benign,none
TXN00001461,66.4,travel,debit_card,18,2,0,Kotak,2025-09-10 18:20:00,0,32.9,0.889,0.116,1,2055.21,0,1,0,0,benign,none
TXN00003220,3192.54,grocery,credit_card,14,5,1,Kotak,2025-10-10 14:36:00,0,24.1,0.867,0.085,3,53.78,0,1,0,0,benign,none
TXN00001751,80.31,entertainment,UPI,12,2,0,BOI,2025-11-01 12:55:00,0,46.3,0.967,0.069,3,65.3,0,0,0,0,benign,none
TXN00001772,23.77,pharmacy,wallet,9,4,0,Paytm Payments Bank,2025-08-05 09:53:00,0,19.9,0.866,0.081,5,197.34,0,0,0,0,benign,none
TXN00001196,26.83,grocery,UPI,17,2,0,ICICI,2025-06-29 17:50:00,0,25.3,0.893,0.075,0,336.38,0,1,0,0,benign,none
TXN00001878,3183.04,healthcare,UPI,18,0,0,SBI,2025-01-19 18:54:00,0,14.2,0.899,0.093,1,65.61,0,1,0,0,benign,none
TXN00002668,236.08,fuel,credit_card,9,2,0,Kotak,2025-06-18 09:24:00,1,2.7,0.937,0.006,5,1041.37,0,1,0,0,benign,none
TXN00003171,845.14,healthcare,debit_card,12,3,0,Airtel Payments Bank,2025-09-22 12:56:00,0,23.0,0.878,0.052,0,346.83,0,1,0,0,benign,none
TXN00002016,232.63,utilities,UPI,9,6,1,Axis,2025-08-05 09:33:00,0,68.5,0.857,0.004,4,201.18,0,1,0,0,benign,none
TXN00002005,1846.08,travel,debit_card,10,0,0,SBI,2025-08-24 10:45:00,0,8.4,0.927,0.032,7,198.55,0,1,0,0,benign,none
TXN00003893,36.55,clothing,net_banking,22,6,1,Airtel Payments Bank,2025-07-20 22:07:00,0,5.6,0.873,0.109,1,510.03,1,1,0,0,benign,none
TXN00003237,929.18,grocery,UPI,20,4,0,Kotak,2025-02-13 20:42:00,0,4.9,0.91,0.014,4,793.87,0,1,0,0,benign,none
TXN00004424,40.17,grocery,UPI,10,1,0,Airtel Payments Bank,2025-05-29 10:59:00,0,1.2,0.953,0.12,6,63.64,0,1,0,0,benign,none
TXN00004744,174.44,restaurant,debit_card,12,6,1,Union Bank,2025-02-10 12:02:00,0,65.4,0.921,0.003,1,259.8,0,1,0,0,benign,none
TXN00002078,10.0,electronics,credit_card,17,5,1,PNB,2025-02-22 17:32:00,0,64.7,0.974,0.006,2,274.06,0,1,0,0,benign,none
TXN00000396,961.25,fuel,debit_card,8,1,0,SBI,2025-07-10 08:26:00,0,2.9,0.956,0.036,4,49.88,0,1,0,0,benign,none
TXN00002788,86.66,fuel,net_banking,11,4,0,Airtel Payments Bank,2025-05-01 11:08:00,1,3.2,0.921,0.056,0,60.1,0,1,0,0,benign,none
TXN00004072,183.36,utilities,credit_card,9,0,0,PNB,2025-02-02 09:08:00,1,6.4,0.898,0.084,0,29.1,0,1,0,0,benign,none
TXN00001519,10.0,travel,credit_card,2,0,0,BOI,2025-05-08 02:30:00,0,39.5,0.934,0.062,3,7.78,1,1,0,0,benign,none
TXN00001378,413.32,electronics,UPI,15,4,0,SBI,2025-05-09 15:27:00,0,37.7,0.96,0.032,4,103.68,0,1,0,0,benign,none
TXN00001023,741.77,clothing,debit_card,15,6,1,Union Bank,2025-01-22 15:13:00,0,17.2,0.859,0.031,2,1174.81,0,1,0,0,benign,none
TXN00002587,3097.32,restaurant,net_banking,11,6,1,SBI,2025-07-05 11:18:00,1,64.6,0.962,0.015,1,610.53,0,1,0,0,benign,none
TXN00002857,307.08,pharmacy,UPI,20,4,0,BOI,2025-06-05 20:06:00,0,26.2,0.895,0.029,7,854.6,0,1,0,0,benign,none
TXN00001629,1702.95,fuel,debit_card,1,0,0,PNB,2025-02-06 01:44:00,1,37.3,0.914,0.002,6,428.34,0,1,0,0,benign,none
TXN00004888,179.59,entertainment,UPI,10,3,0,Airtel Payments Bank,2025-09-26 10:05:00,0,13.2,0.887,0.01,3,30.05,0,1,0,0,benign,none
TXN00004526,159.95,grocery,debit_card,13,2,0,BOI,2025-01-16 13:22:00,0,67.7,0.961,0.074,3,44.59,0,1,0,0,benign,none
TXN00003523,14.1,entertainment,UPI,10,4,0,Union Bank,2025-11-09 10:43:00,0,3.0,0.939,0.051,0,176.95,0,1,0,0,benign,none
TXN00003607,3437.66,grocery,UPI,7,1,0,Airtel Payments Bank,2025-07-08 07:14:00,1,19.1,0.933,0.107,7,1253.24,0,1,0,0,benign,none
TXN00000234,65.87,restaurant,UPI,21,3,0,Airtel Payments Bank,2025-04-07 21:37:00,0,18.8,0.89,0.086,0,115.93,0,1,0,0,benign,none
TXN00003796,12.34,entertainment,UPI,9,6,1,Airtel Payments Bank,2025-04-27 09:40:00,0,32.2,0.899,0.048,7,11.8,0,1,0,0,benign,none
TXN00004118,68.62,education,UPI,21,1,0,Axis,2025-11-15 21:49:00,0,71.3,0.973,0.014,0,108.61,0,1,0,0,benign,none
TXN00003800,137.77,clothing,net_banking,18,2,0,PNB,2025-09-25 18:43:00,1,8.9,0.92,0.056,0,27.27,0,1,0,0,benign,none
TXN00001948,51.0,utilities,credit_card,17,6,1,PNB,2025-12-17 17:59:00,0,44.2,0.94,0.068,4,381.37,0,1,0,0,benign,none
TXN00000470,457.54,electronics,UPI,19,5,1,PNB,2025-06-14 19:41:00,0,21.5,0.964,0.041,2,132.05,0,1,0,0,benign,none
TXN00003492,147.29,electronics,credit_card,6,5,1,Axis,2025-05-28 06:55:00,1,24.4,0.99,0.098,4,519.95,0,0,0,0,benign,none
TXN00002671,3244.64,fuel,UPI,8,1,0,Paytm Payments Bank,2025-07-13 08:43:00,0,29.2,0.944,0.072,0,70.27,0,1,0,0,benign,none
TXN00002224,33.81,fuel,debit_card,14,6,1,Axis,2025-01-31 14:10:00,0,49.1,0.952,0.039,4,339.34,0,1,0,0,benign,none
TXN00001106,21.32,restaurant,UPI,10,3,0,Axis,2025-10-14 10:40:00,0,54.1,0.989,0.042,6,956.6,1,1,0,0,benign,none
TXN00002188,9133.16,pharmacy,UPI,11,6,1,BOI,2025-05-07 11:00:00,0,39.9,0.886,0.091,4,933.74,0,1,0,0,benign,none
TXN00000818,400.12,grocery,debit_card,19,0,0,Axis,2025-09-04 19:07:00,0,58.6,0.933,0.078,7,115.47,0,1,1,0,benign,none
TXN00004523,280.02,healthcare,net_banking,20,5,1,ICICI,2025-10-24 20:41:00,1,8.1,0.956,0.015,3,2024.16,0,1,0,0,benign,none
TXN00000888,10.0,online_retail,credit_card,20,1,0,Union Bank,2025-04-14 20:49:00,0,52.8,0.98,0.006,5,87.19,0,1,0,0,benign,none
TXN00002437,402.44,electronics,UPI,20,1,0,Union Bank,2025-12-29 20:52:00,0,15.2,0.961,0.075,6,40.11,0,1,0,0,benign,none
TXN00000817,379.7,restaurant,debit_card,16,3,0,Paytm Payments Bank,2025-04-20 16:19:00,0,9.0,0.995,0.057,0,282.11,0,1,0,0,benign,none
TXN00003414,33.43,grocery,UPI,9,6,1,SBI,2025-07-20 09:51:00,0,42.0,0.955,0.048,3,471.45,0,1,0,0,benign,none
TXN00002341,173.79,online_retail,debit_card,4,2,0,Paytm Payments Bank,2025-11-18 04:03:00,0,30.6,0.859,0.002,3,126.32,0,1,0,0,benign,none
TXN00003167,80.21,online_retail,credit_card,11,0,0,Union Bank,2025-09-27 11:28:00,0,36.4,0.861,0.118,0,46.34,0,1,0,0,benign,none
TXN00001264,223.81,travel,debit_card,20,3,0,PNB,2025-01-05 20:34:00,0,45.5,0.968,0.028,3,9.77,0,1,0,0,benign,none
TXN00004449,247.68,fuel,UPI,7,2,0,Union Bank,2025-08-25 07:59:00,0,45.6,0.951,0.015,5,127.52,0,1,1,0,benign,none
TXN00004945,7338.45,fuel,debit_card,11,2,0,Kotak,2025-10-12 11:14:00,0,33.6,0.857,0.081,0,16.28,0,1,0,0,benign,none
TXN00004045,187.02,clothing,UPI,15,1,0,PNB,2025-06-19 15:44:00,0,29.0,0.9,0.115,4,582.57,0,1,0,0,benign,none
TXN00001228,669.93,grocery,UPI,17,3,0,ICICI,2025-04-25 17:14:00,0,56.0,0.972,0.088,2,54.2,1,1,0,0,benign,none
TXN00000052,17.76,restaurant,credit_card,5,0,0,ICICI,2025-04-19 05:36:00,0,59.2,0.922,0.038,5,89.07,0,1,0,0,benign,none
TXN00000159,28.99,restaurant,UPI,21,4,0,Paytm Payments Bank,2025-07-10 21:06:00,0,29.0,0.858,0.022,4,196.99,0,1,0,0,benign,none
TXN00001587,1335.39,restaurant,UPI,15,6,1,PNB,2025-02-10 15:02:00,0,66.9,0.879,0.065,6,102.23,0,1,0,0,benign,none
TXN00001589,107.78,entertainment,debit_card,8,6,1,SBI,2025-03-27 08:47:00,0,1.0,0.857,0.11,1,60.72,0,1,0,0,benign,none
TXN00003858,117.36,grocery,net_banking,15,2,0,SBI,2025-05-04 15:21:00,0,48.7,0.95,0.077,7,58.16,1,1,0,0,benign,none
TXN00002828,12.23,fuel,debit_card,20,1,0,Paytm Payments Bank,2025-05-17 20:15:00,1,66.6,0.984,0.04,4,73.99,0,1,0,0,benign,none
TXN00000436,93.6,fuel,debit_card,10,1,0,SBI,2025-03-15 10:33:00,0,67.4,0.972,0.056,6,84.04,0,0,0,0,benign,none
TXN00003878,23.49,pharmacy,debit_card,16,0,0,HDFC,2025-06-22 16:15:00,0,8.6,0.86,0.006,0,50.12,0,1,1,0,benign,none
TXN00001588,41.55,education,UPI,8,0,0,Kotak,2025-12-15 08:13:00,0,69.1,0.873,0.01,4,463.87,1,1,0,0,benign,none
TXN00002780,3670.61,clothing,net_banking,15,2,0,Axis,2025-03-12 15:23:00,0,61.2,0.942,0.09,4,28.61,0,1,0,0,benign,none
TXN00004727,36.46,healthcare,net_banking,11,4,0,BOI,2025-06-10 11:08:00,0,12.5,0.972,0.05,1,78.1,0,1,0,0,benign,none
TXN00000973,742.68,grocery,credit_card,22,6,1,Axis,2025-07-28 22:47:00,1,29.4,0.918,0.105,1,84.09,0,1,0,0,benign,none
TXN00001238,744.52,entertainment,wallet,13,4,0,PNB,2025-03-16 13:51:00,0,26.2,0.935,0.091,7,110.48,0,1,0,0,benign,none
TXN00002951,952.18,pharmacy,UPI,9,2,0,SBI,2025-11-16 09:16:00,0,28.6,0.889,0.042,3,645.58,0,1,0,0,benign,none
TXN00002342,10.0,education,debit_card,20,5,1,Axis,2025-07-17 20:58:00,0,63.8,0.981,0.07,5,12.0,0,1,0,0,benign,none
TXN00002158,828.38,grocery,UPI,18,6,1,Axis,2025-11-10 18:00:00,0,16.9,0.863,0.051,1,36.53,0,1,0,0,benign,none
TXN00001497,30.87,electronics,UPI,9,6,1,HDFC,2025-11-03 09:41:00,0,54.9,0.905,0.067,6,449.19,0,1,0,0,benign,none
TXN00004545,254.21,electronics,UPI,22,0,0,Union Bank,2025-08-06 22:07:00,0,44.3,0.962,0.082,5,25.91,0,1,0,0,benign,none
TXN00004257,1829.2,travel,UPI,11,2,0,Airtel Payments Bank,2025-12-08 11:18:00,0,44.6,0.994,0.097,7,1349.34,0,1,0,0,benign,none
TXN00002422,3983.05,grocery,UPI,22,4,0,SBI,2025-01-23 22:30:00,0,56.3,0.907,0.076,0,22.26,0,1,0,0,benign,none
TXN00000357,398.07,healthcare,UPI,14,6,1,BOI,2025-02-28 14:08:00,0,46.3,0.878,0.107,1,96.65,0,1,0,0,benign,none
TXN00002092,310.25,restaurant,credit_card,15,0,0,BOI,2025-09-16 15:11:00,0,23.1,0.991,0.072,7,503.44,0,1,0,0,benign,none
TXN00002015,325.95,travel,UPI,7,0,0,ICICI,2025-12-11 07:44:00,0,47.5,0.873,0.098,6,376.64,0,1,1,0,benign,none
TXN00000187,27.0,restaurant,UPI,8,4,0,ICICI,2025-07-14 08:56:00,0,17.6,0.906,0.045,4,50.61,0,1,0,0,benign,none
TXN00003655,457.73,grocery,debit_card,12,3,0,PNB,2025-03-06 12:08:00,0,23.4,0.922,0.094,1,20.56,1,0,0,0,benign,none
TXN00003426,485.65,clothing,credit_card,14,3,0,Union Bank,2025-03-29 14:19:00,0,69.4,0.882,0.062,7,206.8,0,1,0,0,benign,none
TXN00001381,10.0,education,UPI,15,4,0,Union Bank,2025-04-24 15:40:00,0,7.4,0.932,0.099,4,394.25,0,1,0,0,benign,none
TXN00000413,942.92,fuel,debit_card,19,1,0,ICICI,2025-08-27 19:00:00,0,36.9,0.949,0.074,5,469.02,0,0,0,0,benign,none
TXN00004897,2343.23,restaurant,net_banking,10,3,0,Axis,2025-04-23 10:22:00,0,39.6,0.922,0.116,7,50.0,0,1,0,0,benign,none
TXN00003336,156.92,pharmacy,debit_card,20,1,0,Kotak,2025-02-27 20:39:00,0,47.3,0.961,0.046,1,880.74,0,1,0,0,benign,none
TXN00003606,12.6,restaurant,UPI,11,6,1,ICICI,2025-05-20 11:53:00,0,11.4,0.975,0.116,1,78.46,0,1,0,0,benign,none
TXN00003175,10.27,travel,UPI,16,3,0,BOI,2025-07-02 16:02:00,0,43.7,0.878,0.03,1,270.91,0,1,0,0,benign,none
TXN00000256,535.17,education,UPI,17,4,0,Axis,2025-03-16 17:10:00,1,29.3,0.943,0.008,6,4.16,0,1,0,0,benign,none
TXN00000200,449.27,grocery,debit_card,16,1,0,HDFC,2025-09-17 16:16:00,1,66.6,0.952,0.034,0,34.63,0,1,0,0,benign,none
TXN00002235,37.37,travel,credit_card,17,5,1,Paytm Payments Bank,2025-10-07 17:36:00,0,21.3,0.922,0.008,4,299.05,0,1,0,0,benign,none
TXN00004743,212.5,travel,debit_card,5,3,0,Kotak,2025-07-15 05:46:00,0,19.9,0.939,0.067,2,36.04,0,1,0,0,benign,none
TXN00001767,1114.13,restaurant,UPI,15,5,1,SBI,2025-12-23 15:20:00,0,46.0,0.853,0.026,0,18.81,0,1,0,0,benign,none
TXN00004236,353.48,grocery,UPI,16,0,0,HDFC,2025-10-15 16:45:00,1,70.8,0.993,0.007,1,54.93,0,1,0,0,benign,none
TXN00001572,452.47,utilities,net_banking,19,4,0,PNB,2025-06-17 19:53:00,0,68.5,0.938,0.085,4,33.9,0,1,0,0,benign,none
TXN00000024,113.18,grocery,wallet,19,4,0,Union Bank,2025-09-18 19:53:00,1,57.5,0.893,0.049,2,2462.62,0,0,0,0,benign,none
TXN00001088,793.01,entertainment,credit_card,20,6,1,Kotak,2025-07-16 20:09:00,0,58.6,0.888,0.09,7,380.96,0,1,0,0,benign,none
TXN00004674,401.76,pharmacy,debit_card,15,2,0,BOI,2025-03-17 15:56:00,0,65.3,0.873,0.102,1,88.34,0,1,0,0,benign,none
TXN00002694,3036.45,fuel,UPI,10,1,0,Kotak,2025-10-14 10:32:00,0,28.9,0.946,0.046,2,198.04,0,1,0,0,benign,none
TXN00003398,10.0,restaurant,UPI,7,0,0,SBI,2025-05-11 07:59:00,0,50.4,0.859,0.101,2,20.37,0,0,0,0,benign,none
TXN00003559,55.29,clothing,debit_card,7,0,0,HDFC,2025-07-27 07:55:00,1,26.6,0.899,0.002,7,61.61,0,1,0,0,benign,none
TXN00002841,1759.73,travel,UPI,17,0,0,BOI,2025-10-03 17:46:00,0,16.1,0.884,0.023,0,42.31,0,1,0,0,benign,none
TXN00002311,404.49,grocery,UPI,17,0,0,Kotak,2025-08-28 17:49:00,0,16.8,0.984,0.035,7,49.43,0,0,0,0,benign,none
TXN00003234,102.26,pharmacy,UPI,19,6,1,SBI,2025-04-13 19:54:00,1,48.3,0.901,0.061,1,110.95,0,1,0,0,benign,none
TXN00004152,481.51,restaurant,UPI,15,4,0,Kotak,2025-07-15 15:08:00,1,5.9,0.968,0.018,3,1029.91,0,1,0,0,benign,none
TXN00001309,130.9,healthcare,credit_card,12,2,0,Kotak,2025-08-05 12:50:00,0,31.6,0.917,0.025,4,173.23,0,1,0,0,benign,none
TXN00000695,59.84,grocery,UPI,10,3,0,Axis,2025-10-08 10:19:00,0,31.6,0.881,0.049,4,103.7,1,1,0,0,benign,none
TXN00003752,177.63,grocery,net_banking,18,6,1,HDFC,2025-12-21 18:38:00,0,41.5,0.97,0.027,5,34.46,0,0,0,0,benign,none
TXN00001227,86.66,education,UPI,13,1,0,Paytm Payments Bank,2025-05-09 13:52:00,1,64.0,0.851,0.03,7,230.51,0,1,0,0,benign,none
TXN00001999,13167.08,electronics,UPI,12,6,1,Airtel Payments Bank,2025-03-08 12:36:00,0,59.2,0.911,0.082,7,7.66,0,1,0,0,benign,none
TXN00000276,61.96,grocery,UPI,10,5,1,PNB,2025-02-07 10:35:00,0,28.7,0.925,0.022,3,144.42,0,1,0,0,benign,none
TXN00003637,2712.11,grocery,wallet,11,5,1,Axis,2025-07-08 11:49:00,0,55.8,0.94,0.029,5,1588.41,0,1,0,0,benign,none
TXN00004778,215.16,restaurant,wallet,21,6,1,BOI,2025-06-24 21:06:00,0,50.4,0.982,0.118,0,72.87,0,1,0,0,benign,none
TXN00004117,1414.29,grocery,wallet,19,2,0,PNB,2025-12-31 19:50:00,0,9.0,0.89,0.013,1,138.79,0,1,0,0,benign,none
TXN00001137,261.65,restaurant,UPI,13,6,1,Union Bank,2025-10-11 13:11:00,0,31.8,0.982,0.101,7,341.34,0,1,0,0,benign,none
TXN00002767,5737.42,fuel,debit_card,17,6,1,Paytm Payments Bank,2025-07-31 17:36:00,0,70.1,0.988,0.022,6,255.0,0,1,0,0,benign,none
TXN00000942,591.93,grocery,UPI,12,3,0,Axis,2025-07-01 12:22:00,0,37.3,0.869,0.108,1,153.91,0,1,0,0,benign,none
TXN00002490,1061.64,fuel,UPI,18,3,0,SBI,2025-10-16 18:22:00,0,8.1,0.995,0.109,5,167.46,0,1,0,0,benign,none
TXN00004935,73.49,electronics,UPI,1,3,0,SBI,2025-09-30 01:52:00,0,42.9,0.955,0.074,6,47.29,0,0,0,0,benign,none
TXN00003935,356.23,grocery,debit_card,16,0,0,PNB,2025-09-15 16:12:00,0,0.6,0.948,0.057,4,71.0,0,1,0,0,benign,none
TXN00002384,838.21,fuel,debit_card,18,3,0,PNB,2025-11-14 18:10:00,0,71.8,0.965,0.056,2,33.77,0,1,0,0,benign,none
TXN00000115,94.34,grocery,UPI,8,1,0,Axis,2025-08-30 08:18:00,1,29.4,0.964,0.088,7,1132.54,0,1,0,0,benign,none
TXN00003119,25.85,pharmacy,UPI,5,2,0,SBI,2025-08-20 05:33:00,0,57.0,0.973,0.073,7,102.44,0,1,0,0,benign,none
TXN00004258,3714.67,travel,UPI,8,3,0,Airtel Payments Bank,2025-01-07 08:36:00,0,11.5,0.916,0.03,1,272.06,0,1,0,0,benign,none
TXN00002819,1116.23,healthcare,UPI,8,4,0,Axis,2025-11-07 08:18:00,1,26.5,0.867,0.009,3,1429.18,0,1,0,0,benign,none
TXN00003822,218.16,entertainment,UPI,18,2,0,BOI,2025-05-19 18:49:00,0,46.5,0.918,0.066,4,234.12,1,1,0,0,benign,none
TXN00004699,248.24,utilities,credit_card,19,5,1,PNB,2025-12-19 19:01:00,0,2.8,0.906,0.021,5,50.23,0,1,0,0,benign,none
TXN00003802,164.48,entertainment,UPI,11,4,0,Kotak,2025-08-30 11:28:00,0,40.1,0.85,0.079,3,56.51,1,1,0,0,benign,none
TXN00003536,1322.85,education,net_banking,13,0,0,HDFC,2025-01-31 13:53:00,0,8.2,0.986,0.095,2,219.82,1,1,0,0,benign,none
TXN00003825,154.4,grocery,wallet,5,1,0,HDFC,2025-12-19 05:27:00,0,15.7,0.984,0.055,4,2134.4,0,1,0,0,benign,none
TXN00004810,276.14,utilities,debit_card,17,0,0,Paytm Payments Bank,2025-09-24 17:10:00,0,14.4,0.914,0.04,0,39.04,0,1,0,0,benign,none
TXN00001946,63.19,grocery,debit_card,21,3,0,HDFC,2025-03-21 21:08:00,0,55.4,0.876,0.065,3,47.56,0,1,0,0,benign,none
TXN00003488,287.47,restaurant,UPI,8,5,1,Airtel Payments Bank,2025-09-27 08:54:00,0,31.3,0.999,0.027,5,46.57,0,1,0,0,benign,none
TXN00001610,411.08,entertainment,UPI,14,2,0,Kotak,2025-08-09 14:13:00,1,59.2,0.996,0.018,5,203.29,0,1,0,0,benign,none
TXN00004677,1030.75,restaurant,debit_card,5,0,0,Paytm Payments Bank,2025-04-05 05:16:00,0,65.3,0.89,0.107,3,1452.63,0,1,0,0,benign,none
TXN00004959,48.07,grocery,wallet,13,5,1,BOI,2025-02-05 13:11:00,0,36.9,0.938,0.085,4,51.88,0,1,0,0,benign,none
TXN00004761,41917.2,pharmacy,debit_card,16,0,0,Kotak,2025-11-12 16:55:00,0,46.7,0.977,0.007,5,116.61,0,1,0,0,benign,none
TXN00002194,334.09,grocery,UPI,8,3,0,Kotak,2025-05-31 08:27:00,0,36.6,0.862,0.037,3,19.19,0,0,0,0,benign,none
TXN00000557,38.17,utilities,net_banking,18,5,1,HDFC,2025-04-04 18:14:00,0,51.8,0.897,0.095,1,26.6,0,1,0,0,benign,none
TXN00001207,50.24,electronics,UPI,12,6,1,HDFC,2025-05-13 12:24:00,0,48.6,0.955,0.079,4,716.5,1,1,0,0,benign,none
TXN00001510,276.51,utilities,UPI,5,0,0,BOI,2025-02-11 05:57:00,0,41.7,0.902,0.037,0,190.35,0,1,0,0,benign,none
TXN00003829,32.28,grocery,debit_card,10,6,1,ICICI,2025-04-20 10:45:00,0,39.6,0.971,0.112,7,11.08,0,0,0,0,benign,none
TXN00003732,41008.31,electronics,credit_card,15,3,0,Airtel Payments Bank,2025-01-19 15:53:00,0,14.1,0.873,0.12,4,20.74,0,0,0,0,benign,none
TXN00003211,219.04,grocery,UPI,6,3,0,Axis,2025-10-19 06:56:00,0,56.0,0.989,0.016,1,41.18,0,1,0,0,benign,none
TXN00003630,905.39,pharmacy,UPI,12,1,0,Paytm Payments Bank,2025-10-05 12:42:00,0,61.0,0.89,0.025,7,1338.93,0,1,0,0,benign,none
TXN00000266,323.69,travel,UPI,8,2,0,HDFC,2025-06-05 08:14:00,0,22.7,0.952,0.004,3,96.33,0,1,0,0,benign,none
TXN00001140,5398.25,grocery,UPI,7,4,0,Paytm Payments Bank,2025-03-19 07:31:00,0,19.6,0.922,0.008,3,26.05,0,1,0,0,benign,none
TXN00003162,664.23,pharmacy,wallet,13,5,1,PNB,2025-08-09 13:12:00,0,5.1,0.949,0.052,2,75.05,0,1,0,0,benign,none
TXN00003730,65.08,clothing,UPI,8,2,0,ICICI,2025-12-04 08:29:00,0,2.9,0.851,0.109,2,483.0,0,1,0,0,benign,none
TXN00001909,535.83,restaurant,debit_card,0,2,0,BOI,2025-02-10 00:12:00,0,1.3,0.856,0.025,7,399.26,0,1,0,0,benign,none
TXN00002660,39.85,clothing,net_banking,10,4,0,Union Bank,2025-10-21 10:07:00,0,9.7,0.983,0.108,7,75.77,1,1,0,0,benign,none
TXN00000656,51.2,travel,credit_card,14,6,1,Union Bank,2025-10-25 14:58:00,0,63.7,0.989,0.102,5,3293.96,0,1,0,0,benign,none
TXN00000998,309.63,utilities,credit_card,0,6,1,SBI,2025-12-22 00:42:00,0,67.6,0.94,0.095,5,2038.73,0,1,0,0,benign,none
TXN00002834,594.6,travel,debit_card,17,4,0,SBI,2025-10-01 17:56:00,0,33.7,0.99,0.109,7,5.81,0,1,0,0,benign,none
TXN00001237,683.32,restaurant,credit_card,13,2,0,BOI,2025-04-16 13:30:00,0,53.9,0.973,0.01,6,16.52,0,1,0,0,benign,none
TXN00002151,912.95,pharmacy,UPI,2,0,0,Axis,2025-06-15 02:27:00,0,2.4,0.915,0.069,0,1065.05,0,1,0,0,benign,none
TXN00002186,196.52,electronics,UPI,19,2,0,HDFC,2025-04-06 19:00:00,0,55.0,0.977,0.103,3,417.21,0,1,0,0,benign,none
TXN00001134,181.84,electronics,credit_card,21,4,0,ICICI,2025-03-02 21:51:00,0,9.8,0.982,0.117,2,63.0,1,1,0,0,benign,none
TXN00001303,950.45,grocery,UPI,6,2,0,ICICI,2025-10-11 06:40:00,0,18.7,0.929,0.027,5,130.29,1,0,0,0,benign,none
TXN00001627,4284.74,travel,debit_card,12,2,0,HDFC,2025-04-15 12:00:00,0,46.0,0.971,0.084,6,37.54,1,1,0,0,benign,none
TXN00001522,160.54,entertainment,UPI,11,6,1,ICICI,2025-01-15 11:47:00,0,55.2,0.902,0.042,7,1742.36,0,1,1,0,benign,none
TXN00000358,51.73,grocery,UPI,23,5,1,SBI,2025-02-13 23:48:00,0,9.1,0.923,0.02,5,137.91,0,1,0,0,benign,none
TXN00000138,8902.75,grocery,UPI,8,0,0,Union Bank,2025-08-13 08:24:00,0,3.3,0.929,0.078,0,38.67,0,1,0,0,benign,none
TXN00000299,441.59,restaurant,net_banking,11,4,0,PNB,2025-12-19 11:33:00,0,49.3,0.894,0.106,2,744.36,0,1,0,0,benign,none
TXN00001556,65.92,grocery,debit_card,20,6,1,BOI,2025-09-22 20:49:00,0,16.8,0.927,0.091,1,49.74,0,1,0,0,benign,none
TXN00000382,13.68,fuel,UPI,15,4,0,Airtel Payments Bank,2025-04-23 15:28:00,0,58.5,0.936,0.043,7,450.36,0,1,0,0,benign,none
TXN00004857,76.8,fuel,UPI,7,2,0,Paytm Payments Bank,2025-12-23 07:33:00,0,54.2,0.968,0.023,2,3276.7,0,1,0,0,benign,none
TXN00000946,447.88,restaurant,debit_card,9,2,0,ICICI,2025-02-07 09:08:00,1,3.1,0.855,0.055,1,56.15,0,1,0,0,benign,none
TXN00002721,2494.57,healthcare,UPI,6,4,0,Union Bank,2025-10-08 06:32:00,0,53.9,0.941,0.048,0,258.34,0,1,0,0,benign,none
TXN00001932,51.74,grocery,UPI,12,3,0,ICICI,2025-10-15 12:48:00,1,63.4,0.961,0.058,4,775.66,0,1,0,0,benign,none
TXN00003236,1763.74,restaurant,UPI,7,1,0,Airtel Payments Bank,2025-02-27 07:05:00,1,68.5,0.941,0.072,1,9.55,0,1,0,0,benign,none
TXN00003140,174.05,healthcare,UPI,6,0,0,PNB,2025-04-12 06:59:00,0,36.6,0.964,0.079,5,768.48,0,1,0,0,benign,none
TXN00004163,21.72,entertainment,debit_card,13,4,0,Axis,2025-08-31 13:31:00,0,36.0,0.907,0.036,7,10.12,0,1,0,0,benign,none
TXN00003807,325.83,education,UPI,11,4,0,PNB,2025-03-21 11:07:00,0,7.6,0.967,0.105,5,787.98,0,1,0,0,benign,none
TXN00004154,71.28,grocery,UPI,4,3,0,ICICI,2025-01-25 04:53:00,0,29.7,0.968,0.09,5,764.42,0,1,0,0,benign,none
TXN00004172,279.38,online_retail,UPI,6,0,0,Union Bank,2025-10-02 06:35:00,0,17.8,0.864,0.072,5,45.96,0,1,0,0,benign,none
TXN00000796,1468.89,travel,debit_card,18,3,0,Union Bank,2025-12-12 18:23:00,0,56.0,0.996,0.1,0,295.64,0,1,0,0,benign,none
TXN00002416,64.01,fuel,credit_card,19,6,1,Axis,2025-09-19 19:03:00,0,10.7,0.865,0.084,2,3388.34,1,1,0,0,benign,none
TXN00000785,382.92,fuel,credit_card,16,2,0,Axis,2025-08-05 16:10:00,0,30.7,0.988,0.013,1,334.37,0,1,0,0,benign,none
TXN00003158,17.77,entertainment,net_banking,10,6,1,Axis,2025-03-08 10:23:00,0,18.1,0.971,0.056,4,35.88,0,1,0,0,benign,none
TXN00000123,2825.77,pharmacy,net_banking,12,1,0,Paytm Payments Bank,2025-11-09 12:50:00,1,36.1,0.889,0.072,0,51.26,0,0,0,0,benign,none
TXN00002172,142.68,grocery,credit_card,8,6,1,PNB,2025-12-24 08:50:00,0,46.7,0.929,0.041,0,14.01,0,1,0,0,benign,none
TXN00004340,10.0,education,UPI,2,0,0,Kotak,2025-10-01 02:41:00,1,6.2,0.983,0.026,0,163.9,0,1,0,0,benign,none
TXN00000910,63.23,healthcare,net_banking,12,2,0,SBI,2025-06-17 12:04:00,0,27.5,0.979,0.061,1,14.8,0,1,0,0,benign,none
TXN00002309,391.72,online_retail,wallet,19,2,0,ICICI,2025-06-11 19:17:00,0,65.2,0.856,0.08,5,33.29,0,1,0,0,benign,none
TXN00003634,179.72,grocery,UPI,9,3,0,Airtel Payments Bank,2025-07-12 09:08:00,0,2.8,0.953,0.116,3,255.13,0,1,0,0,benign,none
TXN00001257,228.29,pharmacy,debit_card,10,1,0,SBI,2025-02-28 10:46:00,0,43.3,0.878,0.021,3,62.34,0,1,0,0,benign,none
TXN00004458,86.8,utilities,UPI,6,5,1,Kotak,2025-01-19 06:12:00,0,38.0,0.914,0.017,7,461.73,0,1,0,0,benign,none
TXN00001178,473.04,fuel,UPI,22,1,0,HDFC,2025-04-25 22:36:00,0,47.3,0.984,0.033,0,239.54,0,1,0,0,benign,none
TXN00004652,527.59,grocery,UPI,14,3,0,PNB,2025-12-17 14:39:00,0,19.8,0.875,0.003,7,582.78,0,1,0,0,benign,none
TXN00003650,3207.21,education,debit_card,22,2,0,PNB,2025-03-18 22:59:00,1,71.9,1.0,0.0,3,1045.66,0,1,0,0,benign,none
TXN00000442,469.4,fuel,credit_card,8,5,1,Paytm Payments Bank,2025-07-17 08:57:00,0,7.8,0.915,0.074,6,524.18,1,1,0,0,benign,none
TXN00001399,19.34,utilities,net_banking,22,6,1,BOI,2025-10-08 22:42:00,0,69.8,0.973,0.089,5,273.24,1,1,0,0,benign,none
TXN00001457,288.11,grocery,debit_card,22,3,0,Axis,2025-09-18 22:25:00,1,10.0,0.872,0.094,0,349.16,0,1,0,0,benign,none
TXN00001054,20.51,grocery,debit_card,22,2,0,Union Bank,2025-11-13 22:59:00,0,54.4,0.909,0.006,7,2139.05,0,1,0,0,benign,none
TXN00003275,31.89,pharmacy,UPI,14,2,0,Airtel Payments Bank,2025-02-16 14:10:00,1,45.1,0.992,0.07,5,7.13,0,1,0,0,benign,none
TXN00003699,26.89,entertainment,wallet,11,5,1,Airtel Payments Bank,2025-09-20 11:48:00,0,45.6,0.914,0.014,3,428.84,0,1,0,0,benign,none
TXN00003759,10.0,travel,debit_card,17,3,0,Union Bank,2025-04-21 17:59:00,0,17.8,0.898,0.096,1,1133.08,0,1,0,0,benign,none
TXN00000929,280.42,electronics,UPI,12,4,0,PNB,2025-12-04 12:09:00,0,25.6,0.964,0.058,2,183.79,0,1,0,0,benign,none
TXN00001829,162.78,utilities,net_banking,15,6,1,Kotak,2025-10-17 15:47:00,0,13.9,0.986,0.104,1,244.58,0,1,0,0,benign,none
TXN00002928,21.53,online_retail,debit_card,17,1,0,Airtel Payments Bank,2025-08-20 17:42:00,0,9.9,0.96,0.044,6,428.92,0,1,0,0,benign,none
TXN00004221,649.71,clothing,credit_card,19,6,1,ICICI,2025-10-07 19:17:00,0,63.1,0.887,0.059,7,51.37,0,1,0,0,benign,none
TXN00003546,4402.25,utilities,debit_card,17,6,1,Axis,2025-09-27 17:48:00,0,67.0,0.899,0.089,5,130.66,0,1,0,0,benign,none
TXN00002011,5996.49,pharmacy,debit_card,7,2,0,Kotak,2025-11-03 07:50:00,0,16.9,0.985,0.112,5,231.2,0,1,0,0,benign,none
TXN00003219,1485.19,fuel,debit_card,8,6,1,BOI,2025-12-04 08:31:00,1,31.3,0.969,0.091,1,505.51,0,1,0,0,benign,none
TXN00002606,40.97,entertainment,debit_card,10,5,1,PNB,2025-10-01 10:44:00,0,58.1,0.868,0.117,6,45.84,0,1,0,0,benign,none
TXN00003264,101.21,restaurant,UPI,11,6,1,Axis,2025-04-27 11:36:00,0,8.4,1.0,0.108,6,281.53,0,1,0,0,benign,none
TXN00004928,3612.92,clothing,debit_card,17,0,0,BOI,2025-02-22 17:09:00,0,44.5,0.938,0.073,4,280.83,0,1,0,0,benign,none
TXN00000006,308.0,healthcare,debit_card,9,2,0,Kotak,2025-10-12 09:16:00,1,8.4,0.978,0.094,4,528.25,0,1,0,0,benign,none
TXN00002980,208.2,education,UPI,8,1,0,Paytm Payments Bank,2025-08-17 08:12:00,0,24.3,0.86,0.12,7,203.99,0,1,0,0,benign,none
TXN00003361,10.0,utilities,net_banking,19,2,0,SBI,2025-03-29 19:42:00,0,7.5,0.969,0.077,2,21.09,0,1,0,0,benign,none
TXN00004774,159.71,grocery,UPI,19,2,0,BOI,2025-07-29 19:54:00,0,51.5,0.994,0.062,1,125.37,0,1,0,0,benign,none
TXN00001943,10.0,grocery,debit_card,11,4,0,BOI,2025-06-02 11:43:00,0,40.6,0.893,0.018,6,502.38,0,1,0,0,benign,none
TXN00001635,1723.53,restaurant,UPI,19,2,0,Airtel Payments Bank,2025-10-22 19:00:00,0,1.9,0.951,0.009,4,190.61,0,1,0,0,benign,none
TXN00001141,10.0,travel,debit_card,5,3,0,BOI,2025-12-11 05:16:00,0,38.2,0.903,0.025,2,59.09,0,1,0,0,benign,none
TXN00002070,132.17,education,UPI,10,5,1,PNB,2025-06-26 10:05:00,1,68.7,0.984,0.039,3,615.9,0,1,0,0,benign,none
TXN00003134,94.85,restaurant,credit_card,9,2,0,Kotak,2025-10-09 09:15:00,1,36.3,0.971,0.021,2,80.5,0,1,0,0,benign,none
TXN00002242,19.91,online_retail,credit_card,19,4,0,Airtel Payments Bank,2025-12-31 19:09:00,1,13.0,0.901,0.073,1,332.24,0,1,0,0,benign,none
TXN00001474,173.58,pharmacy,net_banking,11,5,1,Kotak,2025-08-16 11:22:00,1,52.6,0.903,0.029,6,6.69,0,1,0,0,benign,none
TXN00001889,650.11,restaurant,credit_card,6,2,0,Kotak,2025-05-04 06:57:00,0,6.9,0.881,0.061,1,421.89,0,1,0,0,benign,none
TXN00003435,630.91,utilities,credit_card,17,4,0,SBI,2025-04-24 17:53:00,0,69.8,0.943,0.05,2,1323.76,0,1,0,0,benign,none
TXN00003705,161.12,clothing,UPI,17,2,0,Paytm Payments Bank,2025-02-06 17:35:00,0,41.4,0.934,0.017,4,2872.94,0,1,0,0,benign,none
TXN00002021,59.03,restaurant,UPI,18,1,0,BOI,2025-06-17 18:39:00,0,66.8,0.853,0.054,5,72.97,0,1,0,0,benign,none
TXN00004020,347.82,restaurant,credit_card,21,0,0,PNB,2025-12-05 21:21:00,0,32.1,0.983,0.075,0,14.42,0,1,0,0,benign,none
TXN00002658,176.99,utilities,credit_card,17,2,0,Axis,2025-07-05 17:58:00,1,41.1,0.865,0.086,5,206.56,0,1,0,0,benign,none
TXN00001130,48.93,utilities,UPI,9,1,0,BOI,2025-07-11 09:31:00,0,28.3,0.985,0.109,3,308.3,0,1,0,0,benign,none
TXN00001819,153.01,grocery,UPI,17,2,0,Paytm Payments Bank,2025-04-03 17:12:00,0,29.6,0.996,0.106,3,56.73,0,1,0,0,benign,none
TXN00004318,44.44,clothing,credit_card,8,5,1,Airtel Payments Bank,2025-08-23 08:05:00,0,0.0,0.933,0.048,6,414.53,0,1,0,0,benign,none
TXN00004144,3152.81,fuel,debit_card,17,5,1,HDFC,2025-02-08 17:59:00,0,53.6,0.969,0.116,7,501.26,1,1,0,0,benign,none
TXN00004669,59.35,grocery,UPI,9,6,1,PNB,2025-12-27 09:37:00,0,11.3,0.862,0.016,5,599.34,0,1,0,0,benign,none
TXN00001236,256.69,online_retail,debit_card,21,4,0,ICICI,2025-12-17 21:18:00,0,26.2,0.877,0.028,5,107.93,0,1,0,0,benign,none
TXN00001856,180.63,pharmacy,credit_card,9,4,0,BOI,2025-06-22 09:50:00,1,1.3,0.985,0.058,7,286.5,0,1,0,0,benign,none
TXN00002282,1788.07,restaurant,credit_card,13,3,0,Axis,2025-11-22 13:22:00,0,23.3,0.894,0.066,2,117.69,0,1,0,0,benign,none
TXN00004093,28.99,entertainment,debit_card,0,6,1,Union Bank,2025-12-19 00:06:00,0,61.2,0.882,0.024,5,51.71,0,1,0,0,benign,none
TXN00003421,198.82,healthcare,credit_card,10,1,0,PNB,2025-10-05 10:11:00,0,56.1,0.997,0.085,7,12.7,0,1,0,0,benign,none
TXN00000386,539.88,fuel,UPI,12,1,0,Union Bank,2025-03-23 12:25:00,0,28.7,0.881,0.005,5,390.48,0,1,0,0,benign,none
TXN00001628,480.64,grocery,UPI,17,6,1,Airtel Payments Bank,2025-01-15 17:26:00,0,24.3,0.996,0.02,2,405.27,0,1,0,0,benign,none
TXN00003585,9492.02,restaurant,UPI,7,1,0,HDFC,2025-07-15 07:57:00,0,8.1,0.871,0.039,5,119.22,0,1,0,0,benign,none
TXN00002714,189.71,electronics,credit_card,11,4,0,Axis,2025-12-14 11:00:00,1,62.0,0.938,0.02,1,212.2,0,1,0,0,benign,none
TXN00003189,21.08,electronics,UPI,20,6,1,Paytm Payments Bank,2025-12-16 20:39:00,0,21.1,0.899,0.111,0,467.43,0,1,0,0,benign,none
TXN00004305,244.81,fuel,debit_card,7,0,0,BOI,2025-08-03 07:57:00,0,40.1,0.889,0.013,5,193.03,0,1,0,0,benign,none
TXN00000909,35.26,online_retail,debit_card,11,4,0,Axis,2025-02-06 11:47:00,1,20.2,0.879,0.061,2,81.21,1,1,0,0,benign,none
TXN00001866,167.96,electronics,debit_card,5,2,0,Kotak,2025-05-25 05:48:00,0,65.0,0.932,0.078,1,147.82,0,1,0,0,benign,none
TXN00001842,1190.49,grocery,UPI,11,0,0,Union Bank,2025-05-27 11:15:00,0,57.7,0.865,0.112,6,82.83,0,1,0,0,benign,none
TXN00002497,10.0,fuel,UPI,18,5,1,SBI,2025-09-12 18:26:00,0,47.1,0.909,0.047,6,34.46,0,1,0,0,benign,none
TXN00000201,3082.41,fuel,debit_card,20,5,1,BOI,2025-08-27 20:03:00,0,63.8,0.969,0.057,4,209.5,0,1,0,0,benign,none
TXN00004006,138.04,utilities,UPI,15,3,0,PNB,2025-09-19 15:32:00,0,27.5,0.961,0.012,7,1575.25,0,1,0,0,benign,none
TXN00002702,1100.67,fuel,UPI,9,5,1,Kotak,2025-04-24 09:04:00,0,62.1,0.868,0.054,5,81.08,0,1,0,0,benign,none
TXN00003449,228.62,healthcare,credit_card,15,3,0,Union Bank,2025-07-24 15:02:00,1,17.2,0.855,0.062,6,4.39,0,1,0,0,benign,none
TXN00000331,770.9,grocery,credit_card,18,6,1,PNB,2025-07-19 18:14:00,0,27.5,0.939,0.072,1,545.28,0,1,0,0,benign,none
TXN00002459,10.0,travel,UPI,9,0,0,SBI,2025-10-19 09:22:00,0,6.0,0.864,0.02,2,96.46,0,1,0,0,benign,none
TXN00001774,1835.55,travel,debit_card,7,5,1,Kotak,2025-12-20 07:13:00,0,24.7,0.984,0.096,3,96.69,1,1,0,0,benign,none
TXN00002686,10.36,restaurant,credit_card,11,4,0,ICICI,2025-01-23 11:50:00,0,2.6,0.979,0.118,3,9482.03,0,1,0,0,benign,none
TXN00000989,102.61,clothing,net_banking,6,2,0,HDFC,2025-11-21 06:55:00,0,18.1,0.94,0.068,1,84.03,0,1,0,0,benign,none
TXN00000173,26.95,travel,UPI,18,1,0,PNB,2025-11-18 18:11:00,1,71.4,0.909,0.042,5,27.54,0,1,0,0,benign,none
TXN00004615,4846.51,electronics,debit_card,2,6,1,PNB,2025-09-13 02:42:00,0,62.1,0.884,0.075,1,1556.1,0,1,0,0,benign,none
TXN00003321,139.26,education,UPI,10,3,0,Axis,2025-01-05 10:15:00,0,42.8,0.867,0.043,3,108.85,0,1,0,0,benign,none
TXN00003372,17.13,utilities,credit_card,20,0,0,Axis,2025-05-24 20:35:00,0,40.6,0.994,0.078,4,79.18,0,1,0,0,benign,none
TXN00003311,785.02,utilities,UPI,20,0,0,Axis,2025-06-23 20:04:00,0,35.5,0.874,0.028,2,1548.61,0,1,0,0,benign,none
TXN00004679,34.07,utilities,debit_card,5,5,1,ICICI,2025-02-17 05:15:00,1,31.6,0.876,0.107,2,9.45,0,1,0,0,benign,none
TXN00003403,1625.12,pharmacy,UPI,7,5,1,ICICI,2025-09-02 07:57:00,0,65.5,0.964,0.019,0,665.23,1,1,0,0,benign,none
TXN00000018,1189.41,healthcare,credit_card,20,6,1,Kotak,2025-01-06 20:29:00,0,53.5,0.946,0.07,4,72.0,0,0,0,0,benign,none
TXN00003691,209.75,utilities,UPI,15,5,1,BOI,2025-08-02 15:53:00,1,4.6,0.914,0.004,4,594.85,0,1,0,0,benign,none
TXN00004096,658.93,fuel,UPI,23,2,0,HDFC,2025-12-03 23:16:00,0,50.9,0.985,0.047,7,73.38,0,1,0,0,benign,none
TXN00003628,2227.18,entertainment,UPI,14,2,0,Axis,2025-01-14 14:48:00,1,65.2,0.899,0.061,4,20.01,0,1,0,0,benign,none
TXN00002174,447.23,grocery,debit_card,22,5,1,Union Bank,2025-08-30 22:38:00,0,53.9,0.944,0.115,3,155.7,0,1,0,0,benign,none
TXN00001356,124.31,utilities,UPI,12,2,0,Axis,2025-06-17 12:56:00,0,5.3,0.858,0.077,6,265.23,0,1,0,0,benign,none
TXN00003112,4486.23,utilities,UPI,15,1,0,SBI,2025-07-09 15:41:00,0,56.2,0.911,0.117,7,453.7,0,1,0,0,benign,none
TXN00000182,116.78,travel,net_banking,11,6,1,Kotak,2025-08-09 11:08:00,0,33.3,0.862,0.072,0,91.56,1,1,0,0,benign,none
TXN00001812,400.55,grocery,UPI,17,6,1,Airtel Payments Bank,2025-02-16 17:52:00,0,61.5,0.946,0.112,3,22.12,1,1,0,0,benign,none
TXN00004912,465.19,grocery,UPI,7,1,0,Kotak,2025-07-18 07:14:00,0,63.5,0.865,0.06,3,131.13,0,1,0,0,benign,none
TXN00001800,227.81,utilities,net_banking,19,2,0,Union Bank,2025-09-25 19:33:00,0,61.3,0.964,0.024,3,518.2,0,1,0,0,benign,none
TXN00002429,6500.92,restaurant,UPI,20,0,0,Axis,2025-06-08 20:50:00,0,14.9,0.916,0.041,4,256.55,0,1,0,0,benign,none
TXN00001968,112.75,fuel,UPI,10,1,0,Paytm Payments Bank,2025-02-17 10:27:00,0,60.1,0.994,0.088,6,595.2,0,1,0,0,benign,none
TXN00004987,401.88,pharmacy,UPI,20,1,0,Kotak,2025-02-16 20:42:00,0,47.0,0.911,0.104,6,197.61,0,0,0,0,benign,none
TXN00004650,44.69,restaurant,UPI,18,2,0,ICICI,2025-02-19 18:28:00,0,11.7,0.917,0.053,0,202.2,0,1,0,0,benign,none
TXN00001159,19.07,clothing,credit_card,18,5,1,Kotak,2025-03-26 18:23:00,0,10.9,0.996,0.053,6,187.87,0,1,0,0,benign,none
TXN00001213,67.73,grocery,debit_card,18,4,0,ICICI,2025-05-09 18:44:00,0,61.1,0.903,0.086,0,504.02,0,1,0,0,benign,none
TXN00001325,1396.1,travel,UPI,17,1,0,HDFC,2025-10-16 17:48:00,0,9.5,0.901,0.105,3,10.11,0,1,0,0,benign,none
TXN00004796,459.61,grocery,UPI,12,1,0,PNB,2025-03-19 12:46:00,0,60.1,0.881,0.047,1,948.51,0,1,0,0,benign,none
TXN00001455,199.22,fuel,debit_card,12,5,1,Axis,2025-12-29 12:16:00,0,33.5,0.891,0.02,7,15.68,0,1,0,0,benign,none
TXN00004962,386.91,utilities,UPI,21,1,0,Airtel Payments Bank,2025-01-02 21:20:00,0,19.5,0.865,0.032,4,610.86,0,1,0,0,benign,none
TXN00001644,16.68,education,UPI,16,3,0,Axis,2025-12-03 16:37:00,0,43.9,0.91,0.094,2,2234.16,0,1,0,0,benign,none
TXN00002140,206.24,clothing,net_banking,19,4,0,Axis,2025-11-19 19:32:00,0,31.6,0.878,0.104,6,35.98,1,1,0,0,benign,none
TXN00004536,47.17,restaurant,UPI,5,3,0,BOI,2025-01-02 05:55:00,1,54.7,0.999,0.065,5,102.2,0,1,0,0,benign,none
TXN00004457,151.1,online_retail,credit_card,7,1,0,ICICI,2025-09-18 07:49:00,0,36.0,0.888,0.052,7,212.55,0,1,0,0,benign,none
TXN00004378,104.54,fuel,net_banking,9,2,0,PNB,2025-06-28 09:33:00,0,34.4,0.936,0.081,4,65.97,0,1,0,0,benign,none
TXN00000729,32.62,fuel,debit_card,23,4,0,Airtel Payments Bank,2025-04-09 23:44:00,0,45.6,0.934,0.055,0,122.92,0,1,0,0,benign,none
TXN00004357,127.4,grocery,debit_card,10,1,0,PNB,2025-01-20 10:54:00,1,31.9,0.938,0.051,2,34.64,0,1,0,0,benign,none
TXN00001936,230.46,healthcare,UPI,8,3,0,Paytm Payments Bank,2025-06-06 08:50:00,0,70.7,0.918,0.023,5,333.03,0,1,0,0,benign,none
TXN00003793,897.81,healthcare,UPI,12,6,1,SBI,2025-07-01 12:31:00,0,44.2,0.959,0.073,2,147.61,0,1,0,0,benign,none
TXN00003736,101.65,travel,UPI,21,6,1,BOI,2025-03-24 21:20:00,0,13.8,0.92,0.088,0,280.33,0,1,0,0,benign,none
TXN00002261,59.58,grocery,credit_card,21,5,1,Union Bank,2025-07-31 21:05:00,0,22.8,0.921,0.054,5,1369.81,0,0,0,0,benign,none
TXN00001110,3559.29,grocery,UPI,13,0,0,Airtel Payments Bank,2025-04-25 13:25:00,1,67.2,0.87,0.02,0,144.19,0,1,0,0,benign,none
TXN00002998,1069.56,pharmacy,UPI,18,6,1,HDFC,2025-11-16 18:18:00,0,54.3,0.854,0.073,5,232.48,0,1,0,0,benign,none
TXN00002394,49.53,restaurant,debit_card,13,1,0,BOI,2025-12-17 13:53:00,0,49.8,0.881,0.074,6,111.39,0,1,0,0,benign,none
TXN00001185,20.54,utilities,credit_card,17,1,0,ICICI,2025-03-24 17:02:00,0,60.6,0.955,0.042,2,182.22,0,1,0,0,benign,none
TXN00002007,33.13,restaurant,debit_card,20,6,1,PNB,2025-02-27 20:42:00,0,63.9,0.898,0.088,5,122.87,0,1,0,0,benign,none
TXN00000193,3396.84,utilities,net_banking,11,0,0,Union Bank,2025-11-16 11:12:00,0,36.9,0.984,0.118,4,161.03,0,1,0,0,benign,none
TXN00000578,155.32,grocery,UPI,5,5,1,SBI,2025-04-23 05:24:00,0,39.2,0.959,0.011,2,35.98,0,1,0,0,benign,none
TXN00000771,2825.94,restaurant,credit_card,13,4,0,BOI,2025-07-12 13:46:00,0,35.8,0.879,0.073,6,2020.39,0,1,0,0,benign,none
TXN00002395,30.33,pharmacy,credit_card,20,4,0,Union Bank,2025-10-18 20:22:00,1,65.2,0.89,0.041,1,84.63,1,1,0,0,benign,none
TXN00001478,121.12,restaurant,net_banking,11,3,0,Airtel Payments Bank,2025-07-07 11:31:00,1,68.7,0.851,0.003,4,344.5,0,1,0,0,benign,none
TXN00001846,259.52,online_retail,net_banking,8,6,1,Airtel Payments Bank,2025-08-24 08:12:00,0,34.5,0.922,0.033,2,929.04,1,1,0,0,benign,none
TXN00004274,497.06,entertainment,debit_card,16,5,1,Paytm Payments Bank,2025-02-23 16:46:00,1,66.3,0.885,0.05,1,198.08,0,1,0,0,benign,none
TXN00003740,14.05,entertainment,debit_card,11,4,0,BOI,2025-12-10 11:18:00,0,27.7,0.992,0.097,1,381.1,0,1,1,0,benign,none
TXN00004600,931.4,electronics,debit_card,22,2,0,ICICI,2025-05-06 22:18:00,0,57.8,0.906,0.106,7,55.44,0,1,0,0,benign,none
TXN00004915,294.17,travel,UPI,20,1,0,BOI,2025-04-15 20:42:00,0,23.2,0.946,0.006,2,371.17,0,0,0,0,benign,none
TXN00002073,152.81,entertainment,debit_card,19,6,1,PNB,2025-11-12 19:46:00,0,56.7,0.977,0.017,4,340.74,1,1,0,0,benign,none
TXN00004754,6080.89,electronics,UPI,11,6,1,Kotak,2025-08-14 11:43:00,0,46.6,0.914,0.028,4,133.73,1,0,0,0,benign,none
TXN00001896,15.0,grocery,debit_card,2,4,0,Axis,2025-05-19 02:02:00,0,67.6,0.886,0.1,4,678.57,0,1,0,0,benign,none
TXN00003659,246.6,clothing,credit_card,15,5,1,Airtel Payments Bank,2025-05-18 15:59:00,0,57.1,0.908,0.085,6,211.0,0,1,0,0,benign,none
TXN00002379,209.33,travel,net_banking,13,2,0,HDFC,2025-03-26 13:20:00,0,19.4,0.883,0.031,4,100.52,0,1,0,0,benign,none
TXN00001447,3750.3,healthcare,UPI,15,1,0,SBI,2025-03-27 15:38:00,0,33.0,0.949,0.104,4,814.75,0,1,0,0,benign,none
TXN00000342,278.57,healthcare,UPI,18,3,0,BOI,2025-03-05 18:46:00,0,49.5,0.95,0.117,1,89.15,0,1,0,0,benign,none
TXN00003136,2388.44,clothing,net_banking,9,2,0,Airtel Payments Bank,2025-07-05 09:03:00,0,45.6,0.918,0.081,5,89.99,1,1,0,0,benign,none
TXN00002527,125.39,grocery,wallet,10,2,0,ICICI,2025-05-03 10:18:00,0,36.4,0.96,0.089,4,85.93,0,1,0,0,benign,none
TXN00000727,973.77,grocery,UPI,7,1,0,Kotak,2025-03-22 07:36:00,0,7.6,0.879,0.06,2,99.69,0,1,0,0,benign,none
TXN00004577,10.0,grocery,net_banking,8,4,0,BOI,2025-12-06 08:23:00,1,70.9,0.937,0.065,3,91.23,0,1,0,0,benign,none
TXN00000976,1787.23,restaurant,UPI,14,6,1,Paytm Payments Bank,2025-06-10 14:49:00,0,37.1,0.921,0.018,7,1344.66,0,1,0,0,benign,none
TXN00003516,546.55,education,UPI,11,4,0,BOI,2025-09-22 11:12:00,0,62.5,0.899,0.069,1,352.8,0,1,0,0,benign,none
TXN00003940,301.06,utilities,UPI,21,5,1,Kotak,2025-01-05 21:21:00,0,39.4,0.965,0.099,4,345.41,0,1,0,0,benign,none
TXN00001299,43.05,education,UPI,11,0,0,BOI,2025-08-13 11:45:00,0,14.2,0.985,0.077,2,226.38,0,0,0,0,benign,none
TXN00001348,1272.42,grocery,UPI,20,2,0,BOI,2025-03-28 20:48:00,0,67.2,0.971,0.117,7,293.82,1,1,0,0,benign,none
TXN00000660,11.64,restaurant,UPI,23,4,0,Kotak,2025-01-09 23:00:00,0,44.1,0.954,0.101,5,93.61,0,1,0,0,benign,none
TXN00001492,79.79,pharmacy,UPI,7,0,0,Kotak,2025-06-15 07:13:00,0,30.1,0.924,0.096,7,16.31,0,1,0,0,benign,none
TXN00002315,473.14,fuel,credit_card,6,2,0,SBI,2025-01-30 06:31:00,0,10.5,0.916,0.029,4,846.67,0,1,0,0,benign,none
TXN00001085,117.33,clothing,UPI,11,5,1,Airtel Payments Bank,2025-05-16 11:03:00,0,56.8,0.951,0.07,4,60.05,0,1,0,0,benign,none
TXN00002524,7387.08,travel,UPI,9,2,0,Airtel Payments Bank,2025-03-09 09:06:00,1,34.7,0.934,0.074,3,98.2,0,1,0,0,benign,none
TXN00003198,1547.76,healthcare,debit_card,12,0,0,ICICI,2025-10-19 12:43:00,0,58.4,0.876,0.005,1,36.36,0,1,0,0,benign,none
TXN00000067,106.46,entertainment,UPI,20,2,0,BOI,2025-02-18 20:08:00,0,23.0,0.917,0.06,4,58.26,0,1,0,0,benign,none
TXN00002269,107.78,clothing,UPI,10,0,0,BOI,2025-12-12 10:59:00,0,47.4,0.916,0.021,1,26.23,0,0,0,0,benign,none
TXN00004916,10.89,restaurant,debit_card,15,0,0,Kotak,2025-09-06 15:11:00,0,25.3,0.974,0.089,7,16.47,0,1,0,0,benign,none
TXN00003447,1424.34,grocery,UPI,17,3,0,BOI,2025-05-02 17:16:00,0,28.0,0.98,0.086,1,289.97,0,1,0,0,benign,none
TXN00002367,121.75,clothing,UPI,8,5,1,SBI,2025-11-21 08:28:00,0,64.4,0.939,0.099,4,1009.12,0,1,0,0,benign,none
TXN00002512,361.1,restaurant,debit_card,15,0,0,ICICI,2025-09-25 15:30:00,0,65.1,0.99,0.065,7,1206.59,0,1,0,0,benign,none
TXN00002723,338.11,utilities,debit_card,7,0,0,PNB,2025-12-27 07:31:00,0,20.0,0.96,0.079,5,23.95,0,1,0,0,benign,none
TXN00001143,92.05,fuel,UPI,12,0,0,BOI,2025-04-18 12:39:00,0,33.2,0.994,0.048,6,148.68,0,0,0,0,benign,none
TXN00004728,439.1,travel,net_banking,3,6,1,Airtel Payments Bank,2025-11-10 03:00:00,0,18.2,0.864,0.052,6,223.96,0,0,0,0,benign,none
TXN00003789,100.77,online_retail,UPI,11,0,0,Paytm Payments Bank,2025-03-14 11:09:00,0,18.7,0.929,0.038,5,95.29,0,1,0,0,benign,none
TXN00002220,289.11,online_retail,UPI,10,2,0,Union Bank,2025-06-06 10:24:00,0,71.2,0.881,0.085,7,643.43,0,1,0,0,benign,none
TXN00002331,14.96,pharmacy,UPI,12,6,1,SBI,2025-02-09 12:27:00,0,39.5,0.908,0.08,0,54.78,0,1,0,0,benign,none
TXN00004088,110.57,utilities,credit_card,18,3,0,Kotak,2025-07-22 18:32:00,0,63.8,0.969,0.045,7,455.56,0,1,0,0,benign,none
TXN00001967,208.62,restaurant,UPI,8,6,1,ICICI,2025-04-24 08:38:00,0,2.4,0.939,0.051,0,27.04,0,1,0,0,benign,none
TXN00004365,1399.31,grocery,UPI,16,3,0,BOI,2025-03-23 16:06:00,0,25.3,0.904,0.089,1,623.0,0,1,0,0,benign,none
TXN00000423,17.03,healthcare,credit_card,14,3,0,Paytm Payments Bank,2025-05-27 14:57:00,0,44.2,0.958,0.104,3,1370.69,0,1,0,0,benign,none
TXN00000280,580.71,pharmacy,UPI,9,0,0,SBI,2025-01-05 09:43:00,0,31.1,0.922,0.068,0,56.16,0,1,0,0,benign,none
TXN00001904,745.75,entertainment,debit_card,14,2,0,Union Bank,2025-07-14 14:37:00,0,56.2,0.942,0.017,5,248.33,1,1,0,0,benign,none
TXN00000595,114.15,electronics,UPI,19,0,0,PNB,2025-11-20 19:56:00,0,65.4,0.923,0.115,5,52.18,0,1,0,0,benign,none
TXN00003917,75.77,grocery,debit_card,11,2,0,PNB,2025-10-06 11:23:00,0,27.3,0.915,0.087,3,225.83,0,1,0,0,benign,none
TXN00003618,457.95,online_retail,debit_card,16,2,0,PNB,2025-12-23 16:57:00,0,60.8,0.853,0.036,4,167.85,0,1,0,0,benign,none
TXN00000839,133.66,restaurant,UPI,1,6,1,HDFC,2025-04-13 01:03:00,0,5.1,0.879,0.042,6,75.46,0,1,0,0,benign,none
TXN00004596,128.07,fuel,credit_card,6,4,0,Paytm Payments Bank,2025-01-17 06:49:00,0,38.7,0.87,0.088,1,78.97,0,1,0,0,benign,none
TXN00000141,41.22,education,credit_card,8,0,0,Paytm Payments Bank,2025-10-22 08:25:00,1,12.3,0.968,0.035,2,169.41,0,1,0,0,benign,none
TXN00002597,410.1,utilities,UPI,18,6,1,PNB,2025-07-18 18:00:00,0,48.4,0.96,0.08,0,231.56,0,1,0,0,benign,none
TXN00001377,336.66,electronics,UPI,11,6,1,Paytm Payments Bank,2025-01-16 11:14:00,0,34.4,0.946,0.063,1,25.2,0,1,0,0,benign,none
TXN00003674,21.12,electronics,credit_card,15,1,0,Paytm Payments Bank,2025-10-03 15:25:00,0,45.7,0.926,0.091,6,4191.49,0,1,0,0,benign,none
TXN00004741,200.03,restaurant,net_banking,5,1,0,Airtel Payments Bank,2025-05-28 05:12:00,0,41.6,0.906,0.046,7,247.6,0,1,0,0,benign,none
TXN00003808,204.8,grocery,debit_card,11,3,0,SBI,2025-02-05 11:01:00,0,44.2,0.965,0.05,1,502.77,0,1,0,0,benign,none
TXN00001138,208.55,restaurant,credit_card,9,5,1,Union Bank,2025-01-20 09:25:00,0,16.6,0.92,0.062,5,772.39,0,1,0,0,benign,none
TXN00002257,381.47,grocery,net_banking,12,3,0,ICICI,2025-03-10 12:05:00,0,62.3,0.858,0.047,7,317.43,0,1,0,0,benign,none
TXN00001787,13.93,electronics,credit_card,22,6,1,Kotak,2025-09-02 22:22:00,0,21.6,0.87,0.111,1,191.55,0,1,0,0,benign,none
TXN00003938,276.6,electronics,credit_card,19,0,0,HDFC,2025-08-16 19:00:00,0,2.3,0.875,0.019,6,14.25,0,1,0,0,benign,none
TXN00004646,220.12,restaurant,UPI,16,0,0,Kotak,2025-03-25 16:16:00,1,34.6,0.893,0.099,4,34.13,0,1,0,0,benign,none
TXN00000459,233.56,healthcare,debit_card,17,1,0,ICICI,2025-12-05 17:26:00,0,33.6,0.97,0.044,4,121.34,0,1,0,0,benign,none
TXN00000948,487.45,pharmacy,UPI,7,0,0,ICICI,2025-12-28 07:52:00,0,23.6,0.897,0.081,4,596.08,0,1,0,0,benign,none
TXN00003700,223.44,fuel,UPI,12,5,1,Union Bank,2025-03-23 12:39:00,1,19.7,0.898,0.118,5,1333.05,0,1,0,0,benign,none
TXN00001336,568.72,grocery,debit_card,18,5,1,SBI,2025-03-24 18:23:00,1,57.9,0.969,0.063,1,492.38,0,1,0,0,benign,none
TXN00004628,69.63,travel,debit_card,7,0,0,SBI,2025-01-16 07:48:00,0,68.9,0.934,0.075,3,27.3,0,1,0,0,benign,none
TXN00001602,2383.13,clothing,credit_card,7,0,0,SBI,2025-03-26 07:57:00,0,64.2,0.98,0.109,7,442.93,0,1,0,0,benign,none
TXN00002238,48.21,restaurant,UPI,16,0,0,Union Bank,2025-08-31 16:28:00,0,43.0,0.862,0.112,5,206.28,0,1,0,0,benign,none
TXN00000639,628.99,travel,credit_card,6,2,0,Paytm Payments Bank,2025-03-03 06:21:00,0,35.0,0.988,0.081,2,271.99,0,1,0,0,benign,none
TXN00003830,42.88,grocery,net_banking,13,3,0,SBI,2025-06-24 13:43:00,0,18.9,0.882,0.02,5,255.09,0,1,0,0,benign,none
TXN00001958,146.14,restaurant,credit_card,21,5,1,ICICI,2025-12-28 21:16:00,1,1.5,0.965,0.093,6,42.79,0,1,0,0,benign,none
TXN00001070,171.68,restaurant,credit_card,7,6,1,HDFC,2025-07-28 07:41:00,0,41.7,0.896,0.084,3,143.99,0,1,0,0,benign,none
TXN00000155,5897.44,clothing,debit_card,15,4,0,Paytm Payments Bank,2025-11-18 15:19:00,0,5.8,0.999,0.054,4,12.49,0,1,0,0,benign,none
TXN00002295,1299.76,grocery,debit_card,9,0,0,BOI,2025-09-05 09:46:00,0,28.1,0.997,0.048,7,511.02,0,1,0,0,benign,none
TXN00004578,103.67,utilities,UPI,9,5,1,ICICI,2025-01-05 09:54:00,0,23.5,0.925,0.061,3,152.81,0,1,0,0,benign,none
TXN00001089,148.7,pharmacy,credit_card,3,4,0,HDFC,2025-09-30 03:12:00,1,4.9,0.902,0.064,7,524.87,0,1,0,0,benign,none
TXN00002940,4706.92,utilities,UPI,9,1,0,ICICI,2025-05-14 09:54:00,0,46.9,0.969,0.075,3,212.03,0,1,0,0,benign,none
TXN00000723,16.54,travel,UPI,12,5,1,BOI,2025-10-05 12:09:00,1,6.3,0.877,0.048,5,1667.19,0,1,0,0,benign,none
TXN00004384,897.93,electronics,UPI,15,0,0,HDFC,2025-05-15 15:11:00,0,26.1,0.913,0.058,7,68.75,0,1,0,0,benign,none
TXN00000930,247.36,restaurant,net_banking,14,0,0,Paytm Payments Bank,2025-04-26 14:47:00,0,26.2,0.945,0.037,6,128.12,1,1,0,0,benign,none
TXN00002909,651.31,clothing,UPI,15,0,0,PNB,2025-03-03 15:57:00,0,71.1,0.869,0.018,0,411.77,0,1,1,0,benign,none
TXN00000895,1617.78,travel,UPI,8,2,0,BOI,2025-04-19 08:20:00,0,4.1,0.962,0.052,5,503.59,0,1,0,0,benign,none
TXN00003247,21.55,restaurant,UPI,11,2,0,Paytm Payments Bank,2025-09-04 11:23:00,0,11.3,0.856,0.008,4,619.67,1,1,0,0,benign,none
TXN00002326,10.0,grocery,debit_card,11,4,0,BOI,2025-06-14 11:29:00,0,41.4,0.976,0.091,3,1024.16,1,1,0,0,benign,none
TXN00004136,2948.85,pharmacy,net_banking,20,1,0,Kotak,2025-03-03 20:31:00,0,71.7,0.862,0.101,6,143.52,0,1,0,0,benign,none
TXN00001715,307.32,entertainment,UPI,5,3,0,Union Bank,2025-05-31 05:25:00,0,16.4,0.959,0.112,7,114.31,0,1,0,0,benign,none
TXN00001698,10.72,restaurant,UPI,22,0,0,Kotak,2025-08-17 22:31:00,0,23.0,0.985,0.009,3,334.66,0,1,0,0,benign,none
TXN00003831,11593.55,clothing,UPI,10,3,0,Union Bank,2025-07-17 10:12:00,1,35.1,0.857,0.021,6,540.04,0,1,0,0,benign,none
TXN00003348,645.97,grocery,net_banking,11,6,1,Union Bank,2025-01-27 11:36:00,0,45.2,0.961,0.068,6,45.8,0,1,0,0,benign,none
TXN00000985,763.24,entertainment,UPI,22,0,0,PNB,2025-08-07 22:00:00,0,20.5,0.948,0.111,2,7048.07,0,1,0,0,benign,none
TXN00001821,977.14,restaurant,UPI,14,1,0,PNB,2025-02-13 14:07:00,0,14.7,0.978,0.037,6,39.06,0,1,0,0,benign,none
TXN00004571,4702.7,grocery,credit_card,18,3,0,Airtel Payments Bank,2025-12-31 18:15:00,0,5.7,0.892,0.004,1,78.09,0,1,0,0,benign,none
TXN00000587,54.19,grocery,net_banking,5,2,0,PNB,2025-01-07 05:32:00,1,1.5,0.976,0.098,3,29.88,1,0,0,0,benign,none
TXN00003557,511.6,grocery,debit_card,18,6,1,ICICI,2025-01-13 18:17:00,0,5.9,0.946,0.024,3,380.41,0,0,0,0,benign,none
TXN00001395,6989.55,electronics,credit_card,18,1,0,ICICI,2025-11-30 18:22:00,0,38.2,0.895,0.009,6,292.78,1,1,1,0,benign,none
TXN00000264,571.79,pharmacy,debit_card,19,6,1,Axis,2025-01-23 19:50:00,1,27.0,0.893,0.07,5,3392.39,0,1,0,0,benign,none
TXN00003547,1616.66,entertainment,credit_card,15,0,0,Paytm Payments Bank,2025-07-11 15:15:00,0,38.4,0.863,0.065,7,83.55,0,1,0,0,benign,none
TXN00003069,53.43,education,debit_card,16,4,0,Kotak,2025-09-04 16:05:00,0,21.6,0.875,0.022,7,94.9,0,1,0,0,benign,none
TXN00003864,11.15,electronics,UPI,18,1,0,Kotak,2025-05-17 18:56:00,0,37.1,0.872,0.062,2,179.52,0,1,0,0,benign,none
TXN00002400,109.63,utilities,debit_card,11,3,0,ICICI,2025-02-08 11:54:00,1,55.5,0.918,0.083,0,45.73,0,1,0,0,benign,none
TXN00003711,814.65,online_retail,debit_card,6,0,0,Axis,2025-04-02 06:55:00,0,47.6,0.889,0.09,7,20.59,0,1,0,0,benign,none
TXN00000246,33.98,grocery,debit_card,19,1,0,BOI,2025-09-23 19:40:00,0,51.9,0.938,0.074,5,170.63,0,1,0,0,benign,none
TXN00001594,483.16,healthcare,UPI,19,5,1,HDFC,2025-04-17 19:19:00,0,40.7,0.989,0.074,1,244.79,0,0,0,0,benign,none
TXN00001529,743.31,fuel,UPI,16,1,0,PNB,2025-07-24 16:16:00,0,29.2,0.902,0.066,6,305.64,0,1,0,0,benign,none
TXN00000923,87.48,utilities,credit_card,14,3,0,Paytm Payments Bank,2025-09-08 14:05:00,1,60.0,0.866,0.068,4,2907.72,0,1,0,0,benign,none
TXN00004364,10.0,grocery,UPI,9,4,0,Axis,2025-07-16 09:29:00,0,38.8,0.962,0.041,5,72.02,0,1,0,0,benign,none
TXN00000669,10.0,pharmacy,UPI,19,5,1,Union Bank,2025-07-31 19:46:00,1,47.2,0.928,0.061,1,20.27,0,1,0,0,benign,none
TXN00003604,277.62,grocery,UPI,21,6,1,Paytm Payments Bank,2025-11-17 21:26:00,0,54.1,0.893,0.041,5,109.43,0,1,0,0,benign,none
TXN00001910,60.05,utilities,UPI,9,6,1,Axis,2025-04-09 09:05:00,0,71.1,0.905,0.005,0,378.3,0,1,0,0,benign,none
TXN00003958,78.88,grocery,credit_card,11,5,1,Union Bank,2025-05-11 11:02:00,0,14.1,0.907,0.038,2,561.16,0,1,0,0,benign,none
TXN00002696,596.75,clothing,UPI,16,2,0,HDFC,2025-04-16 16:03:00,0,9.9,0.864,0.003,7,465.76,0,0,0,0,benign,none
TXN00002591,11915.39,grocery,UPI,12,5,1,SBI,2025-10-29 12:37:00,0,3.6,0.915,0.02,0,403.98,0,1,0,0,benign,none
TXN00001781,290.55,entertainment,UPI,17,5,1,HDFC,2025-10-29 17:53:00,0,64.0,0.995,0.034,6,82.01,0,1,0,0,benign,none
TXN00003013,302.96,restaurant,credit_card,9,6,1,Paytm Payments Bank,2025-09-19 09:45:00,0,10.1,0.94,0.05,6,38.25,0,1,1,0,benign,none
TXN00002307,250.65,electronics,UPI,15,0,0,Kotak,2025-07-14 15:27:00,0,56.9,0.899,0.019,1,20.22,0,1,0,0,benign,none
TXN00003690,891.61,healthcare,UPI,23,6,1,BOI,2025-05-20 23:45:00,0,37.8,0.938,0.006,1,14.56,0,1,0,0,benign,none
TXN00000687,3630.31,fuel,wallet,5,1,0,SBI,2025-08-08 05:09:00,1,33.0,0.972,0.117,7,115.64,0,1,0,0,benign,none
TXN00000612,18.86,travel,UPI,20,4,0,ICICI,2025-06-16 20:39:00,0,6.9,0.975,0.02,1,212.73,0,1,0,0,benign,none
TXN00003200,87.13,grocery,UPI,14,0,0,ICICI,2025-07-10 14:19:00,0,43.8,0.956,0.054,6,14.48,0,1,0,0,benign,none
TXN00002267,166.39,restaurant,UPI,3,3,0,Paytm Payments Bank,2025-06-28 03:51:00,0,4.0,0.923,0.099,1,57.71,0,1,0,0,benign,none
TXN00001898,108.86,fuel,credit_card,14,5,1,Kotak,2025-04-30 14:37:00,1,24.7,0.916,0.059,1,14.42,0,0,0,0,benign,none
TXN00000258,192.31,pharmacy,UPI,19,0,0,Kotak,2025-09-23 19:18:00,1,1.5,0.852,0.12,7,110.23,0,1,0,0,benign,none
TXN00002924,72.44,pharmacy,debit_card,9,6,1,HDFC,2025-10-03 09:12:00,0,53.0,0.864,0.01,7,167.17,0,1,0,0,benign,none
TXN00004943,62.65,electronics,UPI,14,5,1,HDFC,2025-01-19 14:36:00,0,55.6,0.93,0.06,1,109.4,0,1,0,0,benign,none
TXN00002822,826.14,clothing,UPI,13,1,0,ICICI,2025-06-17 13:15:00,0,15.5,0.997,0.091,0,6.72,0,1,0,0,benign,none
TXN00003339,13.06,pharmacy,UPI,21,5,1,Kotak,2025-02-15 21:45:00,1,37.2,0.962,0.07,4,54.76,0,1,0,0,benign,none
TXN00003525,4116.55,grocery,UPI,17,6,1,Axis,2025-12-26 17:05:00,0,59.5,0.924,0.078,2,183.85,0,1,0,0,benign,none
TXN00004563,162.48,healthcare,UPI,8,4,0,HDFC,2025-08-01 08:33:00,1,71.0,0.894,0.016,5,162.02,0,1,0,0,benign,none
TXN00002285,470.32,electronics,UPI,21,2,0,Paytm Payments Bank,2025-09-18 21:39:00,0,8.8,0.993,0.065,7,69.4,0,1,0,0,benign,none
TXN00004654,317.95,healthcare,UPI,7,3,0,BOI,2025-06-19 07:37:00,1,0.7,0.963,0.01,4,28.5,0,1,0,0,benign,none
TXN00000484,220.92,electronics,debit_card,14,5,1,ICICI,2025-07-03 14:44:00,0,64.8,0.918,0.036,7,564.45,0,1,0,0,benign,none
TXN00002211,1426.89,electronics,credit_card,11,2,0,SBI,2025-08-28 11:52:00,0,4.0,0.873,0.031,4,22.06,0,1,0,0,benign,none
TXN00002555,123.46,electronics,debit_card,10,1,0,Axis,2025-12-11 10:16:00,0,45.5,0.953,0.107,1,75.41,0,1,0,0,benign,none
TXN00000007,138.49,education,UPI,21,1,0,HDFC,2025-10-30 21:16:00,0,11.4,0.871,0.043,1,39950.08,1,1,0,0,benign,none
TXN00003657,7690.82,clothing,credit_card,20,3,0,Union Bank,2025-08-18 20:41:00,0,70.0,0.941,0.074,7,72.09,0,1,0,0,benign,none
TXN00004874,37.56,entertainment,UPI,12,4,0,Axis,2025-06-21 12:15:00,0,63.3,0.877,0.097,4,181.63,0,1,0,0,benign,none
TXN00004402,71.23,education,credit_card,13,0,0,Paytm Payments Bank,2025-05-25 13:47:00,1,47.9,0.97,0.108,2,67.59,0,1,0,0,benign,none
TXN00002426,10855.12,grocery,UPI,5,1,0,Kotak,2025-09-11 05:20:00,1,61.8,0.99,0.094,5,12.95,0,1,0,0,benign,none
TXN00001814,332.39,entertainment,net_banking,17,2,0,SBI,2025-12-28 17:46:00,0,26.0,0.946,0.091,7,68.04,0,1,0,0,benign,none
TXN00002274,307.46,utilities,debit_card,20,0,0,BOI,2025-05-23 20:52:00,0,33.4,0.899,0.117,3,114.73,0,1,0,0,benign,none
TXN00001011,3281.8,travel,wallet,18,1,0,Union Bank,2025-04-14 18:56:00,0,53.2,0.984,0.084,1,695.75,0,1,0,0,benign,none
TXN00001067,555.04,pharmacy,net_banking,15,2,0,Kotak,2025-04-29 15:23:00,0,60.5,0.989,0.032,3,141.4,0,1,0,0,benign,none
TXN00001991,653.0,pharmacy,UPI,17,1,0,HDFC,2025-08-20 17:20:00,0,27.6,0.945,0.044,2,24.49,0,1,0,0,benign,none
TXN00003970,14.66,fuel,UPI,14,0,0,SBI,2025-09-26 14:42:00,0,47.7,0.94,0.078,6,542.36,0,1,0,0,benign,none
TXN00004542,10.0,travel,debit_card,19,2,0,Union Bank,2025-01-20 19:03:00,1,9.2,0.886,0.11,6,51.76,0,1,0,0,benign,none
TXN00003867,4893.29,grocery,UPI,3,6,1,Paytm Payments Bank,2025-07-20 03:30:00,0,24.6,0.971,0.009,1,74.15,0,1,0,0,benign,none
TXN00003048,1212.17,fuel,debit_card,11,1,0,Kotak,2025-11-26 11:19:00,1,6.0,0.923,0.037,4,1765.11,0,1,0,0,benign,none
TXN00000781,211.98,grocery,UPI,7,5,1,BOI,2025-02-09 07:21:00,1,10.3,0.931,0.028,7,81.92,0,1,0,0,benign,none
TXN00002675,472.42,restaurant,UPI,9,6,1,SBI,2025-07-10 09:06:00,0,66.4,0.886,0.008,1,136.95,0,1,0,0,benign,none
TXN00001749,1220.65,clothing,UPI,17,5,1,Axis,2025-11-10 17:38:00,0,6.5,0.91,0.082,7,688.58,0,1,0,0,benign,none
TXN00002791,201.27,pharmacy,credit_card,12,6,1,BOI,2025-01-25 12:47:00,0,3.9,0.854,0.085,1,648.31,1,1,0,0,benign,none
TXN00004979,67.88,entertainment,UPI,22,4,0,Kotak,2025-12-27 22:32:00,0,60.1,0.865,0.056,6,125.23,1,1,0,0,benign,none
TXN00001091,248.47,grocery,debit_card,11,2,0,Kotak,2025-05-10 11:58:00,0,15.6,0.974,0.006,7,628.96,0,1,0,0,benign,none
TXN00004627,1009.04,education,UPI,19,5,1,SBI,2025-03-09 19:21:00,0,68.5,0.858,0.007,5,611.74,0,1,0,0,benign,none
TXN00002324,10.0,electronics,UPI,16,4,0,Axis,2025-02-03 16:26:00,0,55.6,0.999,0.035,0,3058.19,0,1,0,0,benign,none
TXN00002608,1084.54,fuel,UPI,8,2,0,Airtel Payments Bank,2025-05-13 08:46:00,1,44.6,0.93,0.072,5,387.99,0,0,0,0,benign,none
TXN00002290,546.75,fuel,UPI,18,6,1,PNB,2025-06-27 18:24:00,0,12.0,0.964,0.09,1,28.02,0,1,0,0,benign,none
TXN00001727,94.38,utilities,UPI,9,4,0,ICICI,2025-11-22 09:58:00,1,69.6,0.934,0.064,0,586.13,0,1,0,0,benign,none
TXN00000610,38.03,restaurant,debit_card,20,3,0,BOI,2025-09-22 20:33:00,0,61.6,0.885,0.081,1,230.03,1,1,0,0,benign,none
TXN00004666,2560.08,grocery,debit_card,11,4,0,ICICI,2025-08-20 11:40:00,0,37.8,0.875,0.036,3,357.28,0,1,0,0,benign,none
TXN00000343,515.43,fuel,UPI,5,5,1,HDFC,2025-11-19 05:29:00,0,17.2,0.913,0.015,7,22.97,1,1,0,0,benign,none
TXN00003750,147.28,clothing,UPI,20,3,0,PNB,2025-04-10 20:38:00,0,30.4,0.933,0.014,5,56.61,0,1,0,0,benign,none
TXN00003215,566.45,entertainment,debit_card,19,4,0,Paytm Payments Bank,2025-03-12 19:07:00,1,55.6,0.906,0.088,5,145.49,0,1,0,0,benign,none
TXN00000097,40.65,restaurant,UPI,10,1,0,ICICI,2025-04-23 10:23:00,0,6.8,0.964,0.089,1,58.16,0,1,0,0,benign,none
TXN00001537,11.74,grocery,debit_card,19,0,0,HDFC,2025-06-04 19:44:00,0,31.0,0.875,0.097,5,92.93,0,0,1,0,benign,none
TXN00003588,58.01,grocery,credit_card,11,5,1,HDFC,2025-06-05 11:00:00,0,43.0,0.999,0.037,2,381.59,1,1,0,0,benign,none
TXN00003648,2867.86,restaurant,UPI,6,2,0,Airtel Payments Bank,2025-01-25 06:50:00,0,35.1,0.909,0.035,1,320.36,1,1,0,0,benign,none
TXN00001517,2595.79,grocery,UPI,19,5,1,Kotak,2025-01-16 19:15:00,0,60.5,0.983,0.075,2,48.85,0,1,0,0,benign,none
TXN00004624,6708.32,restaurant,debit_card,19,0,0,SBI,2025-10-04 19:19:00,0,6.6,0.966,0.068,1,217.2,0,1,0,0,benign,none
TXN00004272,497.84,grocery,debit_card,9,5,1,Union Bank,2025-09-03 09:12:00,0,34.9,0.892,0.092,2,375.77,0,1,0,0,benign,none
TXN00003669,313.05,healthcare,UPI,20,4,0,ICICI,2025-07-09 20:20:00,0,39.9,0.862,0.0,2,410.75,0,1,0,0,benign,none
TXN00002090,347.65,grocery,net_banking,19,5,1,BOI,2025-11-15 19:36:00,0,67.4,0.901,0.044,6,102.0,0,1,0,0,benign,none
TXN00000572,392.16,fuel,debit_card,20,3,0,Union Bank,2025-01-11 20:21:00,0,36.8,0.975,0.007,0,97.99,0,0,0,0,benign,none
TXN00003062,20936.65,entertainment,UPI,3,6,1,ICICI,2025-01-06 03:48:00,0,10.8,0.91,0.055,3,3911.66,0,1,0,0,benign,none
TXN00004479,493.12,utilities,UPI,14,0,0,SBI,2025-03-29 14:16:00,0,21.0,0.924,0.074,6,279.39,0,1,0,0,benign,none
TXN00004948,233.8,fuel,UPI,7,5,1,Paytm Payments Bank,2025-12-26 07:40:00,0,1.8,0.937,0.001,2,110.31,0,1,0,0,benign,none
TXN00000370,249.78,restaurant,UPI,16,0,0,BOI,2025-09-04 16:25:00,0,12.1,0.899,0.097,7,1075.81,0,1,0,0,benign,none
TXN00001938,72.31,grocery,UPI,12,4,0,Kotak,2025-08-31 12:18:00,0,57.8,0.867,0.104,3,127.97,0,1,0,0,benign,none
TXN00001753,88.4,fuel,credit_card,9,5,1,Union Bank,2025-03-20 09:10:00,0,24.7,0.892,0.054,3,179.69,0,1,0,0,benign,none
TXN00003670,588.86,pharmacy,UPI,20,3,0,BOI,2025-09-22 20:17:00,0,45.6,0.894,0.039,0,387.78,0,1,0,0,benign,none
TXN00003652,1136.63,restaurant,net_banking,18,5,1,ICICI,2025-06-13 18:39:00,0,39.6,0.967,0.038,4,3193.74,0,1,0,0,benign,none
TXN00002361,40.59,travel,debit_card,14,6,1,ICICI,2025-04-30 14:55:00,0,31.0,0.897,0.114,5,156.96,0,0,0,0,benign,none
TXN00004260,413.75,restaurant,UPI,12,6,1,Airtel Payments Bank,2025-11-23 12:02:00,1,35.5,0.992,0.109,3,250.89,1,1,0,0,benign,none
TXN00004991,217.35,fuel,UPI,10,3,0,HDFC,2025-05-13 10:15:00,0,31.9,0.893,0.092,6,95.47,0,1,0,0,benign,none
TXN00003737,3944.23,grocery,credit_card,9,4,0,SBI,2025-04-23 09:31:00,0,56.0,0.893,0.064,4,227.99,0,1,0,0,benign,none
TXN00001171,10.0,electronics,debit_card,20,6,1,Paytm Payments Bank,2025-09-05 20:15:00,0,69.6,0.855,0.077,2,220.17,0,1,0,0,benign,none
TXN00001422,494.21,fuel,UPI,13,0,0,Union Bank,2025-07-16 13:51:00,1,38.0,0.982,0.047,4,140.13,0,1,0,0,benign,none
TXN00000874,10.0,travel,UPI,11,6,1,ICICI,2025-08-20 11:25:00,0,32.5,0.979,0.031,6,60.88,0,1,0,0,benign,none
TXN00002297,63.43,grocery,UPI,12,1,0,Kotak,2025-05-31 12:49:00,1,47.7,0.969,0.067,4,8.93,0,1,0,0,benign,none
TXN00002643,43.72,travel,UPI,16,1,0,SBI,2025-06-22 16:10:00,0,17.2,0.988,0.066,3,210.44,0,1,0,0,benign,none
TXN00001719,22.0,electronics,net_banking,17,2,0,Axis,2025-02-13 17:36:00,0,8.2,0.992,0.101,0,38.83,0,1,0,0,benign,none
TXN00000840,7548.53,fuel,wallet,8,1,0,Airtel Payments Bank,2025-02-21 08:29:00,0,16.9,0.974,0.08,0,8.65,0,1,0,0,benign,none
TXN00000581,30.53,restaurant,UPI,5,0,0,PNB,2025-07-13 05:32:00,0,27.0,0.912,0.023,0,46.91,0,1,0,0,benign,none
TXN00000204,10.0,healthcare,credit_card,8,5,1,Axis,2025-12-29 08:50:00,0,29.4,0.875,0.088,3,81.12,0,1,0,0,benign,none
TXN00001641,605.16,electronics,debit_card,20,6,1,Kotak,2025-07-02 20:12:00,0,12.9,0.959,0.033,0,114.87,0,1,0,0,benign,none
TXN00002014,4282.94,utilities,UPI,17,1,0,Union Bank,2025-07-18 17:38:00,0,6.9,0.907,0.113,4,7.67,0,0,0,0,benign,none
TXN00003253,1392.75,clothing,UPI,16,1,0,Axis,2025-11-20 16:57:00,0,21.6,0.948,0.111,0,32.19,1,1,0,0,benign,none
TXN00000905,9981.98,grocery,credit_card,8,2,0,HDFC,2025-08-08 08:44:00,1,27.3,0.979,0.037,1,493.67,0,1,0,0,benign,none
TXN00000631,24071.66,clothing,UPI,18,1,0,HDFC,2025-07-03 18:24:00,0,60.1,0.95,0.018,6,363.77,0,1,0,0,benign,none
TXN00001974,21.92,utilities,debit_card,10,5,1,ICICI,2025-01-29 10:39:00,0,7.3,0.888,0.02,7,64.41,0,1,0,0,benign,none
TXN00000162,11285.18,online_retail,UPI,11,1,0,Kotak,2025-07-05 11:30:00,0,52.5,0.898,0.062,2,942.03,0,1,0,0,benign,none
TXN00004998,267.61,clothing,UPI,10,4,0,ICICI,2025-01-22 10:12:00,0,30.7,0.919,0.036,2,171.24,0,1,0,0,benign,none
TXN00004713,49.94,clothing,credit_card,20,3,0,BOI,2025-07-25 20:01:00,1,66.8,0.916,0.017,5,216.91,0,1,0,0,benign,none
TXN00000875,10.0,grocery,UPI,15,5,1,BOI,2025-04-20 15:15:00,0,10.6,0.901,0.047,3,874.5,0,0,0,0,benign,none
TXN00001431,45.96,electronics,debit_card,19,2,0,Axis,2025-06-25 19:57:00,1,0.8,0.964,0.046,0,6897.92,0,1,0,0,benign,none
TXN00004643,236.47,electronics,debit_card,12,3,0,Airtel Payments Bank,2025-05-29 12:44:00,0,17.8,0.916,0.034,5,2.35,0,1,0,0,benign,none
TXN00002856,219.24,electronics,UPI,21,1,0,HDFC,2025-12-10 21:48:00,0,25.5,0.9,0.081,3,872.92,0,1,0,0,benign,none
TXN00001861,34.73,online_retail,UPI,10,2,0,HDFC,2025-03-19 10:51:00,0,23.5,0.937,0.053,6,98.06,0,1,1,0,benign,none
TXN00002659,549.86,grocery,debit_card,18,5,1,BOI,2025-11-23 18:48:00,0,17.8,0.985,0.044,7,15.06,0,1,0,0,benign,none
TXN00003384,214.38,restaurant,UPI,10,0,0,Union Bank,2025-11-18 10:57:00,0,54.7,0.977,0.034,1,46.66,0,1,0,0,benign,none
TXN00004733,10.0,healthcare,credit_card,7,3,0,Axis,2025-11-27 07:36:00,1,57.7,0.941,0.037,3,20.38,0,1,0,0,benign,none
TXN00003331,229.88,education,credit_card,8,4,0,Union Bank,2025-09-07 08:34:00,0,11.0,0.909,0.098,7,19.69,0,1,0,0,benign,none
TXN00002096,1173.19,healthcare,debit_card,17,2,0,SBI,2025-12-20 17:44:00,0,69.6,0.997,0.042,0,641.03,0,1,0,0,benign,none
TXN00002003,385.04,grocery,UPI,10,4,0,Kotak,2025-11-24 10:59:00,1,50.4,0.907,0.082,2,192.73,0,1,0,0,benign,none
TXN00000546,352.87,travel,debit_card,20,4,0,Airtel Payments Bank,2025-07-11 20:18:00,0,44.0,0.955,0.043,7,1559.89,0,1,0,0,benign,none
TXN00001449,84.12,pharmacy,debit_card,17,6,1,ICICI,2025-06-18 17:43:00,0,60.9,0.897,0.098,3,323.12,0,1,0,0,benign,none
TXN00002610,12.15,utilities,debit_card,12,2,0,Union Bank,2025-09-26 12:53:00,0,51.1,0.892,0.068,0,103.11,0,1,0,0,benign,none
TXN00001900,90.18,online_retail,UPI,22,2,0,Kotak,2025-04-19 22:18:00,0,21.3,0.856,0.067,1,233.54,0,1,0,0,benign,none
TXN00002757,444.42,clothing,debit_card,22,2,0,Paytm Payments Bank,2025-03-25 22:21:00,0,53.2,0.905,0.095,3,130.34,0,1,0,0,benign,none
TXN00001885,395.49,travel,credit_card,19,1,0,SBI,2025-08-28 19:46:00,1,48.3,0.993,0.017,2,2010.89,0,1,0,0,benign,none
TXN00002097,57.5,online_retail,debit_card,10,5,1,Kotak,2025-11-28 10:02:00,0,4.9,0.931,0.005,7,150.3,0,1,0,0,benign,none
TXN00000499,16.59,travel,net_banking,12,1,0,SBI,2025-09-26 12:11:00,0,23.4,0.926,0.083,2,2063.22,0,1,0,0,benign,none
TXN00000836,136.01,restaurant,credit_card,6,2,0,Airtel Payments Bank,2025-01-26 06:47:00,0,58.4,0.964,0.013,0,64.73,0,1,0,0,benign,none
TXN00003471,141.77,clothing,credit_card,20,1,0,Paytm Payments Bank,2025-01-13 20:10:00,0,19.8,0.864,0.056,6,1561.02,0,1,0,0,benign,none
TXN00004697,206.64,restaurant,debit_card,12,1,0,Axis,2025-12-26 12:23:00,0,50.9,0.965,0.088,6,230.13,0,1,0,0,benign,none
TXN00002171,35.18,education,wallet,19,3,0,Paytm Payments Bank,2025-07-26 19:53:00,0,41.5,0.977,0.002,5,375.23,0,1,0,0,benign,none
TXN00000398,635.31,clothing,UPI,14,6,1,BOI,2025-05-26 14:12:00,0,0.4,0.912,0.03,7,106.3,0,1,0,0,benign,none
TXN00002010,25.12,online_retail,credit_card,16,1,0,HDFC,2025-10-23 16:02:00,0,19.0,0.989,0.087,4,215.29,0,0,0,0,benign,none
TXN00001283,1025.06,fuel,net_banking,9,1,0,HDFC,2025-12-13 09:03:00,1,35.8,0.989,0.04,3,65.78,0,1,0,0,benign,none
TXN00004256,10.73,grocery,UPI,8,4,0,PNB,2025-03-26 08:03:00,0,62.9,0.887,0.109,4,25.54,0,1,0,0,benign,none
TXN00001836,363.31,education,debit_card,14,2,0,Axis,2025-02-13 14:16:00,0,53.4,0.866,0.007,4,149.07,0,1,0,0,benign,none
TXN00001019,746.55,grocery,UPI,8,1,0,PNB,2025-01-31 08:07:00,0,35.0,0.951,0.1,5,15.16,0,1,0,0,benign,none
TXN00001326,414.59,restaurant,credit_card,13,6,1,Paytm Payments Bank,2025-09-16 13:01:00,0,54.2,0.939,0.114,1,30.22,0,1,0,0,benign,none
TXN00000475,132.87,restaurant,credit_card,20,4,0,SBI,2025-02-21 20:03:00,0,56.1,0.939,0.005,4,8.05,0,1,0,0,benign,none
TXN00002810,78.12,healthcare,UPI,14,5,1,Airtel Payments Bank,2025-12-11 14:39:00,0,70.6,0.894,0.066,4,326.08,0,1,0,0,benign,none
TXN00001651,2419.19,travel,UPI,13,6,1,SBI,2025-07-23 13:52:00,0,56.1,0.91,0.115,1,1042.43,0,1,0,0,benign,none
TXN00001169,127.17,pharmacy,credit_card,17,3,0,Kotak,2025-12-05 17:26:00,0,3.6,0.954,0.116,3,417.41,0,1,0,0,benign,none
TXN00002528,1716.83,education,UPI,17,5,1,Kotak,2025-06-28 17:56:00,0,36.6,0.869,0.013,5,1186.78,0,1,0,0,benign,none
TXN00001206,67.88,fuel,UPI,15,3,0,Paytm Payments Bank,2025-09-01 15:39:00,1,0.2,0.893,0.05,0,44.64,0,1,0,0,benign,none
TXN00000867,117.62,clothing,debit_card,21,5,1,Union Bank,2025-02-07 21:31:00,0,26.5,0.912,0.063,2,32.68,0,1,0,0,benign,none
TXN00002974,303.21,clothing,UPI,20,5,1,Union Bank,2025-10-11 20:02:00,0,9.8,0.867,0.116,2,203.45,0,1,0,0,benign,none
TXN00000541,55.3,online_retail,UPI,14,6,1,Axis,2025-05-21 14:49:00,1,54.0,0.921,0.022,4,28.36,0,1,0,0,benign,none
TXN00001132,71.2,grocery,debit_card,11,4,0,ICICI,2025-10-14 11:05:00,0,1.0,0.858,0.059,1,289.36,0,1,0,0,benign,none
TXN00003390,35.42,education,UPI,14,1,0,Paytm Payments Bank,2025-06-05 14:26:00,0,54.5,0.87,0.08,4,86.2,0,1,0,0,benign,none
TXN00002962,423.26,grocery,UPI,15,6,1,Kotak,2025-03-08 15:06:00,0,61.2,0.987,0.045,6,1261.84,0,1,0,0,benign,none
TXN00004155,89.35,grocery,debit_card,20,3,0,PNB,2025-03-29 20:40:00,0,36.0,0.909,0.041,5,35.09,0,0,0,0,benign,none
TXN00003259,133.3,pharmacy,credit_card,13,6,1,Axis,2025-03-29 13:01:00,0,64.5,0.869,0.063,0,190.91,0,1,0,0,benign,none
TXN00002583,451.08,electronics,credit_card,12,5,1,ICICI,2025-04-07 12:13:00,0,69.7,0.997,0.078,1,10.63,0,1,0,0,benign,none
TXN00002813,93.61,fuel,credit_card,15,5,1,Axis,2025-08-09 15:13:00,0,38.6,0.893,0.019,3,170.88,0,1,0,0,benign,none
TXN00002947,523.45,electronics,UPI,7,2,0,Union Bank,2025-09-19 07:21:00,0,12.5,0.853,0.005,4,20.26,0,1,0,0,benign,none
TXN00003586,38.76,travel,debit_card,4,2,0,Union Bank,2025-05-18 04:19:00,0,35.8,0.921,0.006,5,191.12,0,1,0,0,benign,none
TXN00002563,5055.8,grocery,credit_card,2,1,0,PNB,2025-05-13 02:58:00,0,37.8,0.867,0.029,6,177.88,0,1,0,0,benign,none
TXN00002630,287.8,education,debit_card,10,3,0,Kotak,2025-10-22 10:09:00,0,48.9,0.909,0.052,5,56.61,0,1,0,0,benign,none
TXN00001080,379.46,travel,UPI,13,2,0,HDFC,2025-04-07 13:18:00,0,6.4,0.895,0.099,4,257.73,0,1,0,0,benign,none
TXN00004283,106.19,restaurant,UPI,17,3,0,PNB,2025-12-22 17:16:00,0,24.9,0.864,0.108,2,83.06,0,1,0,0,benign,none
TXN00002085,991.02,travel,UPI,14,6,1,HDFC,2025-10-20 14:19:00,0,62.7,0.907,0.0,6,93.12,0,1,0,0,benign,none
TXN00002452,648.09,restaurant,debit_card,11,1,0,Axis,2025-11-04 11:37:00,1,46.9,0.951,0.055,1,50.51,0,1,0,0,benign,none
TXN00004966,117.09,clothing,debit_card,19,0,0,Union Bank,2025-10-31 19:04:00,0,49.8,0.965,0.06,3,268.02,1,1,0,0,benign,none
TXN00002023,215.8,grocery,UPI,20,1,0,ICICI,2025-03-21 20:08:00,0,49.8,0.993,0.04,7,45.43,0,1,0,0,benign,none
TXN00000226,22730.28,grocery,debit_card,18,6,1,Union Bank,2025-06-09 18:47:00,1,54.2,0.865,0.077,5,110.67,0,1,0,0,benign,none
TXN00001013,12.44,healthcare,UPI,10,0,0,Kotak,2025-06-17 10:45:00,0,25.6,0.998,0.113,0,414.06,0,1,0,0,benign,none
TXN00001929,914.49,travel,UPI,22,6,1,Kotak,2025-10-20 22:17:00,1,37.9,0.992,0.005,4,7219.21,0,1,0,0,benign,none
TXN00001404,86.04,pharmacy,UPI,23,4,0,Union Bank,2025-12-27 23:22:00,0,22.3,0.857,0.013,7,3279.29,0,1,0,0,benign,none
TXN00002179,124.94,clothing,UPI,12,4,0,ICICI,2025-05-06 12:03:00,0,51.7,0.885,0.046,3,49.25,0,1,0,0,benign,none
TXN00000697,43.18,fuel,UPI,11,1,0,HDFC,2025-06-06 11:45:00,0,55.7,0.932,0.05,0,577.85,0,1,0,0,benign,none
TXN00001124,175.65,healthcare,debit_card,6,6,1,Axis,2025-10-10 06:52:00,1,41.9,0.977,0.079,1,7.51,0,1,0,0,benign,none
TXN00003895,13.77,entertainment,credit_card,16,0,0,Paytm Payments Bank,2025-07-15 16:35:00,1,33.0,0.881,0.102,7,589.89,0,1,0,0,benign,none
TXN00001778,32.51,fuel,credit_card,21,4,0,ICICI,2025-05-30 21:42:00,0,66.3,0.958,0.051,7,270.91,0,1,1,0,benign,none
TXN00002634,1905.27,grocery,UPI,20,2,0,PNB,2025-03-13 20:04:00,0,52.2,0.96,0.025,7,6.62,0,1,0,0,benign,none
TXN00003489,159.64,grocery,UPI,8,4,0,SBI,2025-08-31 08:50:00,0,57.7,0.978,0.089,6,738.73,0,1,0,0,benign,none
TXN00001037,89.66,fuel,debit_card,0,2,0,Paytm Payments Bank,2025-12-18 00:36:00,0,39.2,0.947,0.033,0,148.68,0,1,0,0,benign,none
TXN00002256,444.79,electronics,debit_card,21,6,1,ICICI,2025-08-27 21:29:00,0,15.6,0.932,0.032,3,327.61,0,1,0,0,benign,none
TXN00002613,120.78,restaurant,UPI,19,1,0,BOI,2025-11-27 19:02:00,0,36.7,0.93,0.034,7,23.17,0,1,0,0,benign,none
TXN00000313,539.25,restaurant,debit_card,18,3,0,HDFC,2025-02-25 18:59:00,0,43.2,0.918,0.042,0,0.42,0,1,0,0,benign,none
TXN00002649,18157.12,entertainment,wallet,5,0,0,HDFC,2025-12-23 05:19:00,0,69.2,0.856,0.057,0,760.19,0,1,0,0,benign,none
TXN00002281,250.65,education,UPI,10,6,1,PNB,2025-03-27 10:05:00,1,23.2,0.903,0.039,0,49.24,0,1,1,0,benign,none
TXN00002547,9294.25,clothing,UPI,16,6,1,Union Bank,2025-06-21 16:06:00,0,53.9,0.995,0.063,6,366.61,0,1,0,0,benign,none
TXN00002159,64.14,utilities,debit_card,17,5,1,HDFC,2025-11-03 17:33:00,0,37.9,0.94,0.08,4,405.86,0,0,0,0,benign,none
TXN00003137,1666.09,restaurant,UPI,18,4,0,BOI,2025-04-09 18:42:00,0,26.3,0.887,0.08,6,238.19,0,1,0,0,benign,none
TXN00003967,37.34,utilities,UPI,14,4,0,Axis,2025-03-02 14:47:00,0,25.7,0.868,0.108,1,478.03,0,1,0,0,benign,none
TXN00001428,795.04,clothing,UPI,10,0,0,Paytm Payments Bank,2025-02-22 10:02:00,0,43.7,0.886,0.091,7,9844.86,1,1,0,0,benign,none
TXN00002520,166.1,grocery,UPI,20,3,0,Axis,2025-08-15 20:56:00,1,15.8,0.869,0.035,4,2841.82,0,1,0,0,benign,none
TXN00000448,1819.41,restaurant,debit_card,20,6,1,Kotak,2025-03-04 20:37:00,0,64.8,0.885,0.085,0,202.58,0,1,0,0,benign,none
TXN00001284,272.83,utilities,UPI,18,6,1,Axis,2025-02-03 18:56:00,0,0.1,0.852,0.021,5,40.99,0,1,0,0,benign,none
TXN00003727,763.78,fuel,UPI,19,1,0,Paytm Payments Bank,2025-08-07 19:59:00,0,54.5,0.907,0.046,2,79.14,0,1,0,0,benign,none
TXN00000361,487.9,education,credit_card,11,4,0,BOI,2025-04-05 11:44:00,0,26.0,0.9,0.039,3,682.24,1,1,0,0,benign,none
TXN00002460,25.36,electronics,UPI,20,4,0,Union Bank,2025-07-19 20:32:00,0,31.1,0.955,0.11,2,3.96,0,1,0,0,benign,none
TXN00000022,2209.62,healthcare,net_banking,21,3,0,ICICI,2025-08-09 21:16:00,1,30.4,0.923,0.014,3,115.03,0,1,0,0,benign,none
TXN00002066,1388.79,fuel,UPI,10,5,1,PNB,2025-11-12 10:35:00,0,50.0,0.968,0.119,4,848.52,0,1,0,0,benign,none
TXN00001653,122.23,grocery,debit_card,13,5,1,ICICI,2025-03-16 13:24:00,0,5.4,0.95,0.059,3,97.52,0,1,0,0,benign,none
TXN00000702,38.26,fuel,debit_card,8,0,0,Airtel Payments Bank,2025-08-16 08:59:00,0,24.4,0.85,0.036,7,662.09,0,1,0,0,benign,none
TXN00002743,10.0,restaurant,debit_card,18,0,0,Kotak,2025-01-08 18:40:00,0,54.4,0.879,0.023,3,41.63,0,1,0,0,benign,none
TXN00001376,665.76,pharmacy,credit_card,13,4,0,Axis,2025-10-12 13:27:00,0,62.2,0.887,0.103,3,17.55,0,1,0,0,benign,none
TXN00001724,1861.69,fuel,UPI,6,5,1,Union Bank,2025-12-01 06:23:00,0,1.3,0.994,0.054,5,180.11,0,1,0,0,benign,none
TXN00002468,805.53,restaurant,UPI,12,5,1,Axis,2025-02-27 12:31:00,0,4.1,0.883,0.066,5,47.34,0,0,0,0,benign,none
TXN00003754,162.49,electronics,UPI,10,2,0,ICICI,2025-02-18 10:49:00,0,5.0,0.998,0.079,2,58.37,0,1,0,0,benign,none
TXN00002325,620.21,electronics,UPI,16,0,0,Kotak,2025-04-02 16:00:00,0,35.2,0.888,0.023,1,57.53,0,1,0,0,benign,none
TXN00000460,430.54,clothing,UPI,11,2,0,Paytm Payments Bank,2025-05-29 11:25:00,0,65.3,0.943,0.047,1,66.63,0,1,0,0,benign,none
TXN00004183,16991.66,restaurant,UPI,1,4,0,Union Bank,2025-11-21 01:07:00,0,13.6,0.929,0.059,0,34.44,0,1,0,0,benign,none
TXN00004082,281.5,pharmacy,UPI,11,6,1,Kotak,2025-12-03 11:39:00,0,12.8,0.979,0.093,0,161.65,0,1,0,0,benign,none
TXN00001486,1188.57,clothing,UPI,9,2,0,BOI,2025-07-07 09:13:00,0,20.9,0.971,0.05,7,79.6,0,1,0,0,benign,none
TXN00003678,71.06,restaurant,UPI,12,0,0,PNB,2025-12-15 12:24:00,1,15.2,0.878,0.065,3,373.42,0,1,0,0,benign,none
TXN00000282,1299.05,grocery,credit_card,8,0,0,Axis,2025-07-26 08:57:00,0,25.3,0.927,0.094,1,13.71,0,1,0,0,benign,none
TXN00004558,1017.09,clothing,UPI,12,4,0,BOI,2025-12-03 12:01:00,0,62.2,0.867,0.02,0,216.55,0,1,0,0,benign,none
TXN00004308,448.2,travel,wallet,19,2,0,SBI,2025-06-20 19:09:00,0,6.0,0.866,0.039,4,309.0,0,1,0,0,benign,none
TXN00004865,285.92,grocery,credit_card,19,3,0,Union Bank,2025-04-04 19:32:00,0,17.9,0.905,0.064,5,59.73,0,1,0,0,benign,none
TXN00003537,133.9,online_retail,UPI,14,0,0,HDFC,2025-05-02 14:54:00,0,61.9,0.928,0.016,7,433.66,0,1,0,0,benign,none
TXN00002581,1397.44,healthcare,credit_card,14,0,0,SBI,2025-11-03 14:37:00,0,19.9,0.956,0.068,2,11.82,1,1,0,0,benign,none
TXN00001368,2303.4,grocery,credit_card,23,3,0,PNB,2025-08-23 23:13:00,1,69.6,0.982,0.015,5,630.41,0,1,0,0,benign,none
TXN00000597,1056.46,fuel,wallet,7,5,1,SBI,2025-05-12 07:36:00,0,22.4,0.881,0.031,0,3875.44,0,1,0,0,benign,none
TXN00004351,30.99,restaurant,wallet,2,6,1,Union Bank,2025-04-11 02:53:00,0,59.6,0.946,0.083,0,21.55,0,1,0,0,benign,none
TXN00004758,41.41,electronics,credit_card,11,6,1,SBI,2025-01-06 11:29:00,0,56.0,0.996,0.084,4,973.11,1,1,0,0,benign,none
TXN00000646,740.6,fuel,debit_card,15,6,1,SBI,2025-10-03 15:26:00,1,8.4,0.897,0.045,2,239.02,1,1,0,0,benign,none
TXN00003468,3158.77,fuel,debit_card,16,3,0,Axis,2025-01-10 16:17:00,0,56.7,0.991,0.093,7,12.2,0,1,0,0,benign,none
TXN00002990,775.35,healthcare,debit_card,10,6,1,Airtel Payments Bank,2025-08-26 10:24:00,1,43.0,0.887,0.078,2,55.87,0,1,0,0,benign,none
TXN00004875,109.97,fuel,UPI,10,4,0,ICICI,2025-04-10 10:55:00,1,69.1,0.975,0.056,6,51.72,0,1,0,0,benign,none
TXN00002544,225.43,entertainment,debit_card,12,5,1,Axis,2025-06-22 12:11:00,0,0.1,0.918,0.011,2,21.73,0,1,0,0,benign,none
TXN00004066,55.51,travel,wallet,15,4,0,ICICI,2025-01-23 15:16:00,0,24.9,0.96,0.089,7,2509.02,0,0,0,0,benign,none
TXN00003988,2108.92,pharmacy,UPI,11,6,1,Airtel Payments Bank,2025-03-16 11:51:00,0,55.3,0.962,0.029,1,2508.46,0,1,0,0,benign,none
TXN00002160,95.7,travel,UPI,6,1,0,SBI,2025-11-05 06:37:00,0,69.8,0.947,0.01,0,231.97,1,1,0,0,benign,none
TXN00000685,103.3,clothing,debit_card,17,4,0,Axis,2025-01-03 17:56:00,0,11.4,0.913,0.015,5,175.46,0,1,0,0,benign,none
TXN00003243,389.49,grocery,UPI,14,6,1,SBI,2025-12-01 14:39:00,0,0.3,0.93,0.096,4,139.99,1,1,0,0,benign,none
TXN00004083,125.57,grocery,debit_card,3,1,0,SBI,2025-12-02 03:22:00,0,26.7,0.875,0.094,7,1413.35,0,1,0,0,benign,none
TXN00002837,370.63,entertainment,debit_card,7,5,1,Kotak,2025-08-12 07:21:00,0,33.3,0.887,0.072,6,262.96,0,1,1,0,benign,none
TXN00003697,181.6,electronics,UPI,18,2,0,ICICI,2025-01-23 18:24:00,0,70.8,0.925,0.073,3,216.05,0,1,0,0,benign,none
TXN00004941,95.69,fuel,debit_card,19,6,1,BOI,2025-02-03 19:52:00,0,44.3,0.94,0.004,3,154.25,0,1,0,0,benign,none
TXN00004583,2486.22,grocery,net_banking,10,6,1,ICICI,2025-04-20 10:12:00,0,19.4,0.986,0.09,4,31.05,1,1,0,0,benign,none
TXN00004040,288.85,online_retail,UPI,20,4,0,Kotak,2025-09-30 20:59:00,1,58.6,0.944,0.091,7,239.4,0,1,0,0,benign,none
TXN00002230,585.9,utilities,debit_card,8,6,1,BOI,2025-01-28 08:44:00,0,62.2,0.869,0.034,0,70.76,0,1,0,0,benign,none
TXN00002320,520.63,travel,debit_card,19,1,0,Union Bank,2025-03-05 19:54:00,0,37.8,0.878,0.028,5,1051.11,0,1,0,0,benign,none
TXN00004878,627.28,restaurant,UPI,13,3,0,Airtel Payments Bank,2025-01-24 13:14:00,0,47.1,0.859,0.112,4,2.9,0,1,0,0,benign,none
TXN00000521,49.51,education,debit_card,19,4,0,Axis,2025-11-08 19:11:00,1,66.2,0.891,0.064,1,172.41,0,1,0,0,benign,none
TXN00000522,2709.21,grocery,debit_card,11,5,1,Paytm Payments Bank,2025-09-08 11:45:00,0,18.3,0.983,0.022,4,157.09,0,1,0,0,benign,none
TXN00001311,1041.3,clothing,debit_card,7,6,1,BOI,2025-01-19 07:34:00,1,45.7,0.945,0.07,1,5.86,1,1,0,0,benign,none
TXN00003983,20.86,fuel,UPI,18,5,1,Axis,2025-11-14 18:37:00,0,65.2,0.862,0.067,4,179.21,0,1,0,0,benign,none
TXN00000780,223.15,fuel,net_banking,2,2,0,Paytm Payments Bank,2025-03-09 02:27:00,0,51.9,0.855,0.094,3,91.18,0,1,0,0,benign,none
TXN00000651,178.84,grocery,credit_card,9,5,1,BOI,2025-08-27 09:53:00,0,6.6,0.897,0.003,4,75.35,0,1,0,0,benign,none
TXN00002196,176.88,fuel,UPI,22,5,1,Airtel Payments Bank,2025-02-11 22:56:00,0,36.3,0.904,0.023,5,87.39,0,1,0,0,benign,none
TXN00000369,1118.67,grocery,debit_card,10,4,0,PNB,2025-09-30 10:28:00,0,43.1,0.863,0.083,3,177.74,0,1,0,0,benign,none
TXN00004214,197.13,pharmacy,UPI,19,2,0,Airtel Payments Bank,2025-07-05 19:29:00,1,0.5,0.982,0.076,7,19.52,0,1,0,0,benign,none
TXN00000377,10.0,utilities,UPI,2,0,0,Kotak,2025-05-31 02:50:00,0,41.6,0.966,0.09,6,42.99,0,1,0,0,benign,none
TXN00002216,249.71,pharmacy,credit_card,13,3,0,Paytm Payments Bank,2025-04-09 13:19:00,0,5.8,0.885,0.066,6,126.39,0,1,0,0,benign,none
TXN00001613,281.88,education,UPI,7,6,1,Airtel Payments Bank,2025-04-15 07:11:00,0,48.7,0.856,0.111,0,2125.2,0,1,0,0,benign,none
TXN00001827,4047.56,education,credit_card,17,6,1,Paytm Payments Bank,2025-03-25 17:37:00,0,0.7,0.859,0.035,6,80.63,0,1,0,0,benign,none
TXN00003632,75.56,fuel,debit_card,19,6,1,PNB,2025-04-27 19:04:00,1,41.5,0.926,0.03,5,1023.95,0,1,0,0,benign,none
TXN00000962,40.28,online_retail,debit_card,6,2,0,BOI,2025-03-23 06:38:00,0,48.2,0.865,0.032,4,443.53,0,1,0,0,benign,none
TXN00002993,18077.09,restaurant,net_banking,7,1,0,HDFC,2025-12-02 07:36:00,0,11.8,0.973,0.074,0,182.22,0,1,0,0,benign,none
TXN00000359,187.63,online_retail,net_banking,2,1,0,ICICI,2025-07-14 02:12:00,0,69.1,0.905,0.074,0,343.13,1,1,0,0,benign,none
TXN00003839,180.32,grocery,debit_card,9,0,0,Union Bank,2025-05-08 09:15:00,0,8.5,0.93,0.078,7,464.09,0,1,0,0,benign,none
TXN00001246,116.53,travel,UPI,9,5,1,Kotak,2025-05-19 09:49:00,0,48.0,0.88,0.025,2,4022.28,0,1,0,0,benign,none
TXN00003694,2462.73,travel,credit_card,10,6,1,Axis,2025-06-29 10:59:00,0,60.7,0.926,0.084,7,37.88,0,0,0,0,benign,none
TXN00001573,239.06,education,UPI,12,0,0,Airtel Payments Bank,2025-07-05 12:54:00,1,27.4,0.925,0.092,1,300.16,0,1,0,0,benign,none
TXN00002567,539.76,travel,net_banking,11,4,0,BOI,2025-09-13 11:13:00,0,9.0,0.914,0.022,5,8.97,0,1,0,0,benign,none
TXN00003423,42.05,entertainment,debit_card,11,4,0,Kotak,2025-03-18 11:47:00,0,27.2,0.951,0.043,4,52.45,0,1,0,0,benign,none
TXN00002037,1471.15,restaurant,UPI,8,1,0,SBI,2025-04-07 08:20:00,1,12.2,0.994,0.023,6,155.82,0,1,0,0,benign,none
TXN00000772,387.37,healthcare,UPI,20,6,1,ICICI,2025-10-29 20:06:00,0,29.4,0.995,0.041,1,92.04,1,1,0,0,benign,none
TXN00003562,25.51,grocery,UPI,20,2,0,PNB,2025-11-15 20:02:00,0,17.7,0.979,0.089,1,412.72,0,1,0,0,benign,none
TXN00000562,268.29,utilities,credit_card,15,4,0,PNB,2025-09-05 15:11:00,0,17.6,0.887,0.052,1,204.02,0,1,0,0,benign,none
TXN00002546,139.57,grocery,debit_card,11,5,1,PNB,2025-01-21 11:39:00,0,31.7,0.921,0.062,2,508.79,0,1,0,0,benign,none
TXN00004531,412.5,restaurant,debit_card,8,1,0,SBI,2025-08-06 08:37:00,0,57.6,0.926,0.091,3,177.03,0,1,0,0,benign,none
TXN00001674,162.49,restaurant,debit_card,14,1,0,BOI,2025-01-24 14:53:00,1,70.8,0.903,0.088,4,207.22,0,1,0,0,benign,none
TXN00000365,3521.42,grocery,UPI,20,3,0,Kotak,2025-02-19 20:54:00,0,27.9,0.955,0.082,3,32.75,0,1,0,0,benign,none
TXN00004327,572.27,fuel,UPI,9,4,0,Union Bank,2025-01-15 09:13:00,0,43.8,0.934,0.004,4,13.32,0,1,0,0,benign,none
TXN00000147,189.91,restaurant,debit_card,21,0,0,BOI,2025-04-16 21:36:00,0,45.2,0.966,0.052,2,131.43,0,1,0,0,benign,none
TXN00001668,406.47,grocery,UPI,20,6,1,PNB,2025-03-16 20:22:00,0,48.5,0.862,0.051,3,8.17,0,1,0,0,benign,none
TXN00003088,322.9,electronics,credit_card,21,5,1,Kotak,2025-03-29 21:00:00,0,59.3,0.93,0.067,0,31.59,0,1,0,0,benign,none
TXN00000407,1089.13,clothing,debit_card,21,1,0,Airtel Payments Bank,2025-03-15 21:14:00,1,62.3,1.0,0.023,0,10.44,0,1,0,0,benign,none
TXN00003456,374.42,grocery,UPI,10,2,0,Union Bank,2025-10-31 10:20:00,0,6.1,0.928,0.06,3,150.86,0,1,0,0,benign,none
TXN00004182,19.09,grocery,credit_card,14,0,0,ICICI,2025-11-01 14:43:00,0,18.6,0.98,0.11,7,1264.01,0,1,0,0,benign,none
TXN00003576,450.95,entertainment,UPI,11,0,0,BOI,2025-02-19 11:15:00,0,2.1,0.98,0.028,3,20.18,0,1,0,0,benign,none
TXN00003271,136.01,grocery,net_banking,12,6,1,HDFC,2025-12-22 12:20:00,0,15.3,0.935,0.073,0,37.15,1,1,0,0,benign,none
TXN00004940,476.8,pharmacy,UPI,13,6,1,SBI,2025-09-07 13:48:00,0,66.5,0.9,0.007,1,49.36,0,1,0,0,benign,none
TXN00001031,352.48,utilities,credit_card,11,6,1,ICICI,2025-01-07 11:10:00,0,39.9,0.858,0.109,1,68.66,0,1,0,0,benign,none
TXN00000855,250.93,education,UPI,18,3,0,Axis,2025-01-20 18:27:00,0,66.6,0.861,0.022,3,31.96,0,1,0,0,benign,none
TXN00003926,1014.48,clothing,credit_card,12,6,1,SBI,2025-12-18 12:28:00,0,42.3,0.939,0.099,7,34.97,0,0,0,0,benign,none
TXN00000078,754.51,pharmacy,net_banking,14,0,0,Paytm Payments Bank,2025-12-03 14:32:00,0,54.0,0.932,0.059,4,9.7,0,1,0,0,benign,none
TXN00002247,64.05,education,UPI,20,5,1,Union Bank,2025-07-08 20:32:00,0,37.6,0.968,0.06,0,70.91,0,1,0,0,benign,none
TXN00000788,34.87,electronics,net_banking,7,3,0,Axis,2025-05-23 07:11:00,0,50.8,0.974,0.117,4,172.67,0,1,0,0,benign,none
TXN00002279,10.0,restaurant,UPI,14,3,0,BOI,2025-08-11 14:49:00,0,1.9,0.901,0.071,5,902.5,0,1,0,0,benign,none
TXN00004095,10.21,restaurant,credit_card,22,1,0,BOI,2025-11-13 22:31:00,1,62.6,0.858,0.064,0,279.98,0,1,0,0,benign,none
TXN00003897,6146.37,restaurant,wallet,17,4,0,PNB,2025-02-01 17:29:00,0,29.7,0.861,0.079,1,992.98,0,1,0,0,benign,none
TXN00003631,2086.16,utilities,UPI,19,6,1,Kotak,2025-09-15 19:27:00,0,60.0,0.944,0.082,1,371.44,0,1,0,0,benign,none
TXN00000424,49.47,grocery,net_banking,10,4,0,SBI,2025-03-09 10:46:00,0,32.0,0.921,0.105,1,113.75,0,1,0,0,benign,none
TXN00000392,104.67,grocery,credit_card,10,0,0,Paytm Payments Bank,2025-04-30 10:15:00,1,67.6,0.854,0.07,5,15.67,0,1,0,0,benign,none
TXN00000016,475.21,grocery,debit_card,4,1,0,BOI,2025-09-13 04:47:00,0,9.0,0.933,0.023,7,115.22,1,1,0,0,benign,none
TXN00004200,57.03,clothing,debit_card,10,2,0,SBI,2025-10-01 10:59:00,0,32.6,0.938,0.095,5,83.83,0,1,0,0,benign,none
TXN00002672,106.07,grocery,debit_card,12,4,0,Axis,2025-01-14 12:30:00,0,40.4,0.888,0.016,7,223.48,0,1,0,0,benign,none
TXN00002444,1069.36,electronics,debit_card,20,1,0,SBI,2025-03-16 20:38:00,0,49.8,0.938,0.104,3,33.39,0,0,0,0,benign,none
TXN00003493,377.89,clothing,UPI,7,5,1,SBI,2025-04-25 07:01:00,0,67.3,0.959,0.096,5,290.96,0,1,0,0,benign,none
TXN00001459,465.53,clothing,debit_card,19,3,0,Kotak,2025-07-28 19:29:00,0,19.7,0.973,0.015,2,42.11,0,1,0,0,benign,none
TXN00003835,406.37,travel,credit_card,16,5,1,ICICI,2025-04-02 16:47:00,0,35.5,0.872,0.037,0,202.36,1,1,0,0,benign,none
TXN00004724,381.76,utilities,credit_card,14,5,1,Kotak,2025-11-14 14:16:00,0,6.9,0.988,0.044,2,93.47,0,1,0,0,benign,none
TXN00002355,10.0,travel,debit_card,13,5,1,Kotak,2025-11-13 13:21:00,0,68.4,0.875,0.022,4,278.36,0,1,0,0,benign,none
TXN00004798,109.35,grocery,UPI,20,6,1,BOI,2025-09-30 20:32:00,0,39.5,0.986,0.013,4,1737.98,0,1,0,0,benign,none
TXN00002442,42.57,grocery,UPI,12,0,0,HDFC,2025-10-21 12:10:00,0,67.7,0.949,0.116,1,31.85,0,1,0,0,benign,none
TXN00004592,376.96,entertainment,credit_card,19,6,1,Kotak,2025-12-19 19:56:00,0,62.3,0.967,0.115,2,86.62,0,1,0,0,benign,none
TXN00000464,32.74,grocery,UPI,21,6,1,PNB,2025-03-13 21:43:00,0,68.4,0.964,0.071,7,139.14,0,1,0,0,benign,none
TXN00000163,55.78,pharmacy,UPI,9,2,0,BOI,2025-12-29 09:35:00,0,36.5,0.871,0.111,2,598.59,0,1,0,0,benign,none
TXN00000241,206.51,grocery,credit_card,8,0,0,Kotak,2025-11-01 08:14:00,0,27.8,0.931,0.073,7,3381.14,0,1,0,0,benign,none
TXN00002009,754.62,travel,credit_card,12,2,0,HDFC,2025-08-21 12:12:00,0,51.6,0.867,0.116,2,109.22,0,0,0,0,benign,none
TXN00003084,104.85,utilities,wallet,11,6,1,Union Bank,2025-12-24 11:06:00,0,14.5,0.989,0.003,2,529.07,0,0,0,0,benign,none
TXN00000900,493.46,grocery,debit_card,20,3,0,ICICI,2025-11-11 20:50:00,0,44.8,0.933,0.002,4,77.45,0,1,0,0,benign,none
TXN00004837,39.16,grocery,debit_card,12,4,0,Union Bank,2025-12-01 12:39:00,0,8.7,0.892,0.009,5,432.16,1,1,0,0,benign,none
TXN00002293,113.53,restaurant,UPI,16,4,0,HDFC,2025-08-06 16:01:00,1,70.7,0.964,0.003,7,113.69,0,1,0,0,benign,none
TXN00004481,226.91,education,credit_card,17,3,0,Union Bank,2025-01-13 17:51:00,0,69.8,0.951,0.106,6,9.73,0,1,0,0,benign,none
TXN00004605,344.24,grocery,UPI,9,0,0,Airtel Payments Bank,2025-05-27 09:24:00,0,55.2,0.927,0.083,3,18.9,0,1,0,0,benign,none
TXN00003716,976.98,pharmacy,debit_card,18,4,0,Paytm Payments Bank,2025-04-20 18:53:00,0,26.3,0.911,0.079,7,138.52,0,1,0,0,benign,none
TXN00001764,36.84,healthcare,UPI,21,1,0,BOI,2025-05-11 21:38:00,0,70.3,0.993,0.011,5,13953.75,0,1,0,0,benign,none
TXN00001549,498.66,entertainment,UPI,11,6,1,PNB,2025-03-25 11:50:00,0,45.8,0.937,0.073,7,68.99,0,1,0,0,benign,none
TXN00003029,399.94,restaurant,credit_card,13,3,0,ICICI,2025-10-03 13:37:00,0,26.3,0.971,0.035,2,306.27,0,1,0,0,benign,none
TXN00002044,20.44,restaurant,UPI,12,0,0,Paytm Payments Bank,2025-08-24 12:28:00,0,24.0,0.958,0.095,5,42.09,0,1,0,0,benign,none
TXN00000767,89.91,entertainment,UPI,20,5,1,Airtel Payments Bank,2025-12-21 20:29:00,1,26.7,0.996,0.055,5,302.31,0,0,0,0,benign,none
TXN00001508,8915.31,travel,UPI,17,1,0,Axis,2025-05-29 17:17:00,1,67.8,0.886,0.102,7,94.9,0,1,0,0,benign,none
TXN00003302,1327.37,fuel,net_banking,22,3,0,PNB,2025-04-13 22:37:00,1,65.8,0.89,0.049,2,191.15,0,1,0,0,benign,none
TXN00004517,183.59,entertainment,UPI,15,1,0,SBI,2025-11-18 15:35:00,1,29.2,0.961,0.029,0,164.82,0,1,0,0,benign,none
TXN00004219,122.05,travel,UPI,5,3,0,BOI,2025-06-08 05:18:00,0,12.1,0.949,0.107,2,49.63,0,1,0,0,benign,none
TXN00003292,100.43,entertainment,debit_card,10,0,0,Paytm Payments Bank,2025-07-23 10:38:00,0,52.1,0.989,0.073,7,86.9,0,0,0,0,benign,none
TXN00000819,31.47,online_retail,UPI,17,4,0,Kotak,2025-02-22 17:46:00,0,45.7,0.952,0.035,1,59.31,0,1,0,0,benign,none
TXN00001403,100.99,utilities,UPI,11,1,0,SBI,2025-05-01 11:33:00,0,50.7,0.863,0.019,7,61.26,0,1,0,0,benign,none
TXN00001382,138.19,restaurant,UPI,20,5,1,Paytm Payments Bank,2025-12-19 20:14:00,0,31.2,0.991,0.003,2,46.97,1,1,0,0,benign,none
TXN00002148,126.99,grocery,UPI,11,1,0,Paytm Payments Bank,2025-10-08 11:19:00,0,19.7,0.855,0.069,0,184.72,0,1,0,0,benign,none
TXN00001638,248.37,restaurant,UPI,9,0,0,HDFC,2025-09-21 09:50:00,1,29.5,0.923,0.022,1,38.72,0,1,0,0,benign,none
TXN00000608,11.77,travel,UPI,10,3,0,ICICI,2025-02-03 10:44:00,0,52.3,0.967,0.065,7,1291.62,1,1,0,0,benign,none
TXN00000399,68.83,healthcare,credit_card,12,5,1,BOI,2025-02-27 12:53:00,0,17.1,0.974,0.045,4,122.56,0,0,0,0,benign,none
TXN00000882,33.12,grocery,UPI,8,1,0,HDFC,2025-12-04 08:13:00,0,6.5,0.852,0.081,6,7.51,0,1,0,0,benign,none
TXN00003565,5003.39,entertainment,debit_card,19,1,0,Airtel Payments Bank,2025-07-10 19:35:00,0,17.9,0.999,0.11,1,119.69,0,1,0,0,benign,none
TXN00004285,5146.99,grocery,credit_card,13,1,0,SBI,2025-03-23 13:26:00,0,18.9,0.975,0.095,5,103.77,0,1,0,0,benign,none
TXN00001179,518.76,restaurant,credit_card,9,5,1,ICICI,2025-02-15 09:19:00,0,14.9,0.853,0.03,7,274.01,0,1,0,0,benign,none
TXN00004244,364.98,grocery,debit_card,10,5,1,Airtel Payments Bank,2025-12-20 10:28:00,1,53.9,0.991,0.026,7,83.96,0,1,0,0,benign,none
TXN00002130,291.9,travel,UPI,13,1,0,SBI,2025-02-22 13:16:00,0,8.3,0.942,0.066,0,60.98,0,1,0,0,benign,none
TXN00000456,1698.04,pharmacy,net_banking,17,2,0,ICICI,2025-09-22 17:46:00,0,16.3,0.863,0.047,6,1303.43,0,1,0,0,benign,none
TXN00001950,270.84,entertainment,UPI,9,2,0,Paytm Payments Bank,2025-08-03 09:19:00,0,42.4,0.9,0.063,7,7.57,0,1,0,0,benign,none
TXN00000689,113.91,restaurant,UPI,13,6,1,SBI,2025-10-02 13:34:00,0,13.5,0.867,0.057,3,53.16,0,1,0,0,benign,none
TXN00001953,75.4,utilities,UPI,19,4,0,Axis,2025-02-23 19:29:00,0,45.6,0.921,0.044,1,211.95,1,1,0,0,benign,none
TXN00002710,223.38,restaurant,debit_card,17,5,1,ICICI,2025-06-22 17:40:00,1,61.3,0.924,0.006,6,107.12,0,1,0,0,benign,none
TXN00004349,622.9,fuel,credit_card,16,5,1,Airtel Payments Bank,2025-12-16 16:45:00,0,26.2,0.874,0.003,7,25.8,0,1,0,0,benign,none
TXN00004138,39.79,utilities,UPI,12,3,0,Airtel Payments Bank,2025-11-26 12:51:00,0,69.4,0.876,0.037,3,42.01,0,1,0,0,benign,none
TXN00001884,10.0,pharmacy,net_banking,12,3,0,Paytm Payments Bank,2025-11-02 12:40:00,0,8.8,0.851,0.023,6,106.98,0,1,0,0,benign,none
TXN00004485,77.18,pharmacy,debit_card,13,4,0,Kotak,2025-09-26 13:52:00,0,27.7,0.937,0.113,4,785.51,0,1,0,0,benign,none
TXN00002494,1742.69,fuel,UPI,19,3,0,Kotak,2025-11-16 19:31:00,0,9.1,0.978,0.093,1,115.23,0,1,0,0,benign,none
TXN00003036,314.32,restaurant,UPI,9,1,0,HDFC,2025-03-14 09:46:00,0,19.2,0.901,0.027,2,44.47,0,1,0,0,benign,none
TXN00003603,3376.88,utilities,debit_card,13,5,1,Kotak,2025-07-19 13:26:00,0,40.2,0.891,0.024,7,291.74,0,1,0,0,benign,none
TXN00000845,472.41,restaurant,debit_card,18,5,1,Kotak,2025-11-08 18:12:00,0,46.7,0.907,0.112,4,38.51,1,1,1,0,benign,none
TXN00000542,382.14,entertainment,debit_card,7,4,0,Kotak,2025-02-18 07:09:00,0,52.6,0.894,0.078,5,49.11,0,1,1,0,benign,none
TXN00003724,204.1,pharmacy,net_banking,15,0,0,Airtel Payments Bank,2025-05-16 15:02:00,0,56.6,0.869,0.093,7,345.23,0,1,1,0,benign,none
TXN00004187,126.26,clothing,UPI,11,3,0,BOI,2025-07-11 11:39:00,1,5.3,0.923,0.027,5,1084.0,0,1,0,0,benign,none
TXN00003679,282.42,grocery,debit_card,8,3,0,Paytm Payments Bank,2025-09-11 08:11:00,0,49.2,0.89,0.113,5,123.99,0,1,0,0,benign,none
TXN00002964,257.49,grocery,net_banking,19,6,1,Axis,2025-01-11 19:37:00,0,51.6,0.86,0.05,6,90.17,0,1,0,0,benign,none
TXN00002529,92.24,pharmacy,UPI,19,1,0,BOI,2025-07-25 19:02:00,0,33.5,0.866,0.016,5,103.19,0,0,0,0,benign,none
TXN00001048,43.81,clothing,UPI,17,1,0,Axis,2025-01-16 17:42:00,0,2.3,0.887,0.1,1,190.48,0,1,1,0,benign,none
TXN00001960,328.91,fuel,UPI,19,3,0,BOI,2025-04-29 19:19:00,0,67.0,0.931,0.021,5,3.9,0,1,0,0,benign,none
TXN00002530,1933.06,fuel,UPI,9,2,0,ICICI,2025-04-10 09:58:00,0,43.2,0.99,0.112,7,31.69,0,1,0,0,benign,none
TXN00000237,182.58,grocery,credit_card,11,2,0,Union Bank,2025-11-06 11:47:00,0,16.5,0.998,0.1,4,1500.27,0,1,0,0,benign,none
TXN00004917,223.09,entertainment,UPI,14,3,0,HDFC,2025-07-31 14:32:00,0,28.0,0.965,0.055,4,2449.43,0,1,0,0,benign,none
TXN00001133,2942.67,grocery,debit_card,20,6,1,ICICI,2025-07-14 20:17:00,0,57.1,0.997,0.103,3,235.34,1,1,0,0,benign,none
TXN00004259,125.84,travel,UPI,13,0,0,Airtel Payments Bank,2025-01-06 13:12:00,0,55.3,0.913,0.027,6,85.31,0,1,0,0,benign,none
TXN00002978,81.6,clothing,credit_card,21,4,0,PNB,2025-07-21 21:39:00,0,27.1,0.882,0.037,7,310.22,0,1,0,0,benign,none
TXN00003919,498.35,travel,credit_card,7,6,1,ICICI,2025-10-30 07:59:00,0,32.0,0.889,0.0,5,465.88,0,1,0,0,benign,none
TXN00003138,643.8,grocery,wallet,14,4,0,ICICI,2025-10-11 14:16:00,0,25.4,0.886,0.071,3,20.59,0,1,0,0,benign,none
TXN00004073,3129.55,pharmacy,credit_card,13,5,1,Kotak,2025-09-29 13:52:00,0,24.3,0.964,0.054,4,750.29,0,1,0,0,benign,none
TXN00003287,1688.95,restaurant,UPI,20,6,1,Kotak,2025-03-17 20:22:00,1,63.9,0.947,0.099,7,72.31,0,1,0,0,benign,none
TXN00003229,17.9,fuel,UPI,20,6,1,HDFC,2025-09-08 20:20:00,0,45.9,0.878,0.035,5,66.36,0,1,0,0,benign,none
TXN00001826,1151.65,restaurant,net_banking,17,0,0,PNB,2025-08-08 17:41:00,0,5.5,0.951,0.046,2,70.85,0,1,0,0,benign,none
TXN00000593,12.51,healthcare,UPI,7,0,0,SBI,2025-03-06 07:49:00,0,6.8,0.946,0.091,0,72.15,0,1,0,0,benign,none
TXN00002725,125.55,clothing,UPI,13,4,0,PNB,2025-02-05 13:25:00,0,64.2,0.98,0.09,4,2.73,0,1,0,0,benign,none
TXN00004137,351.77,pharmacy,credit_card,11,0,0,Union Bank,2025-12-10 11:27:00,0,40.5,0.929,0.007,2,314.14,0,1,0,0,benign,none
TXN00000560,215.46,restaurant,UPI,11,6,1,PNB,2025-02-28 11:55:00,0,14.9,0.92,0.083,5,204.54,1,1,0,0,benign,none
TXN00000243,17.45,healthcare,UPI,20,1,0,SBI,2025-02-16 20:36:00,0,41.0,0.875,0.114,6,189.78,1,1,0,0,benign,none
TXN00004437,1066.91,travel,credit_card,14,4,0,HDFC,2025-09-01 14:24:00,0,32.5,0.988,0.073,4,18.92,1,1,0,0,benign,none
TXN00000405,151.64,clothing,UPI,10,4,0,Airtel Payments Bank,2025-07-07 10:22:00,0,48.9,0.953,0.033,0,64.37,0,1,0,0,benign,none
TXN00001442,20.02,online_retail,UPI,21,0,0,ICICI,2025-07-28 21:22:00,0,15.9,0.897,0.08,7,166.72,0,1,0,0,benign,none
TXN00000261,151.49,clothing,UPI,19,6,1,Kotak,2025-04-22 19:19:00,1,60.1,0.873,0.015,5,2070.88,0,1,0,0,benign,none
TXN00001689,1177.92,grocery,credit_card,8,0,0,Axis,2025-09-04 08:02:00,0,38.8,0.865,0.083,3,605.16,0,1,0,0,benign,none
TXN00001725,291.69,entertainment,debit_card,9,0,0,HDFC,2025-08-17 09:00:00,0,27.2,0.948,0.043,7,231.2,0,1,0,0,benign,none
TXN00004930,837.59,clothing,UPI,2,2,0,PNB,2025-06-14 02:08:00,0,25.3,0.919,0.035,1,10.28,0,1,0,0,benign,none
TXN00002496,196.42,grocery,debit_card,17,3,0,BOI,2025-09-21 17:55:00,0,52.1,0.884,0.065,6,1323.31,0,1,0,0,benign,none
TXN00000340,10.0,education,UPI,7,0,0,Axis,2025-11-28 07:36:00,0,9.8,0.93,0.092,7,1798.63,0,1,0,0,benign,none
TXN00001601,1879.65,restaurant,credit_card,12,4,0,ICICI,2025-04-03 12:51:00,1,51.1,0.861,0.022,3,175.73,0,1,0,0,benign,none
TXN00004576,48.6,grocery,debit_card,12,4,0,Paytm Payments Bank,2025-07-06 12:14:00,0,67.4,0.954,0.105,5,100.31,0,1,0,0,benign,none
TXN00003725,2970.8,clothing,UPI,19,1,0,Paytm Payments Bank,2025-03-22 19:25:00,0,68.5,0.889,0.008,3,160.99,0,1,0,0,benign,none
TXN00002556,10.0,entertainment,UPI,22,2,0,Union Bank,2025-07-02 22:02:00,0,44.9,0.858,0.006,5,127.23,0,1,0,0,benign,none
TXN00002785,290.05,clothing,credit_card,15,0,0,Paytm Payments Bank,2025-07-27 15:14:00,0,29.7,0.944,0.035,6,232.5,0,1,0,0,benign,none
TXN00001523,174.32,travel,UPI,15,5,1,BOI,2025-05-28 15:34:00,0,54.2,0.958,0.103,5,398.44,0,1,0,0,benign,none
TXN00002831,1429.69,grocery,debit_card,20,3,0,Paytm Payments Bank,2025-02-19 20:53:00,0,68.5,0.932,0.029,1,17.11,0,1,0,0,benign,none
TXN00001012,99.35,grocery,UPI,10,5,1,Paytm Payments Bank,2025-11-10 10:05:00,0,47.1,0.917,0.04,4,22.36,0,1,0,0,benign,none
TXN00004895,207.99,electronics,UPI,16,6,1,HDFC,2025-08-22 16:34:00,0,35.3,0.902,0.104,5,34.82,1,0,0,0,benign,none
TXN00001766,27.38,pharmacy,debit_card,10,5,1,ICICI,2025-05-27 10:24:00,0,10.0,0.953,0.019,5,14.73,0,0,1,0,benign,none
TXN00004551,72.27,healthcare,net_banking,21,1,0,Kotak,2025-07-04 21:21:00,0,17.4,0.927,0.02,3,132.89,0,1,0,0,benign,none
TXN00004037,237.06,electronics,wallet,9,5,1,ICICI,2025-11-17 09:37:00,0,47.3,0.997,0.001,1,160.57,1,1,0,0,benign,none
TXN00000285,104.72,electronics,debit_card,11,1,0,Paytm Payments Bank,2025-04-09 11:45:00,0,51.9,0.924,0.051,6,88.85,1,1,0,0,benign,none
TXN00000363,36.4,electronics,net_banking,20,4,0,Kotak,2025-12-30 20:23:00,0,45.7,0.921,0.008,3,17.95,0,1,0,0,benign,none
TXN00004725,1868.83,travel,net_banking,19,5,1,BOI,2025-02-13 19:39:00,1,71.4,0.883,0.087,0,71.74,0,1,0,0,benign,none
TXN00004443,39.0,travel,credit_card,16,0,0,Paytm Payments Bank,2025-03-31 16:52:00,0,17.1,0.956,0.118,5,36.03,0,1,0,0,benign,none
TXN00002562,2672.27,healthcare,UPI,20,5,1,Paytm Payments Bank,2025-12-05 20:36:00,0,41.6,0.959,0.048,7,249.92,0,1,0,0,benign,none
TXN00003083,95.55,electronics,UPI,10,2,0,Union Bank,2025-10-03 10:37:00,0,43.5,0.945,0.114,7,947.89,0,1,0,0,benign,none
TXN00002959,8198.43,grocery,debit_card,9,5,1,Union Bank,2025-12-13 09:04:00,0,35.6,0.9,0.081,4,2508.34,0,1,0,0,benign,none
TXN00002102,67.7,fuel,debit_card,7,6,1,ICICI,2025-11-17 07:36:00,1,39.4,0.873,0.029,0,1238.76,0,1,1,0,benign,none
TXN00000632,117.98,restaurant,debit_card,18,1,0,Paytm Payments Bank,2025-01-01 18:14:00,0,66.0,0.955,0.018,4,699.48,0,1,0,0,benign,none
TXN00002493,62.08,travel,UPI,12,5,1,Axis,2025-07-14 12:02:00,0,34.0,0.854,0.015,3,14.13,0,1,0,0,benign,none
TXN00002665,303.03,utilities,debit_card,17,0,0,ICICI,2025-06-25 17:56:00,0,55.6,0.879,0.053,2,715.73,0,1,0,0,benign,none
TXN00004406,93.7,restaurant,UPI,6,5,1,Kotak,2025-01-12 06:15:00,1,58.1,0.997,0.11,5,127.32,0,1,0,0,benign,none
TXN00002334,101.01,education,debit_card,14,6,1,Paytm Payments Bank,2025-01-29 14:22:00,0,30.9,0.881,0.0,6,34.89,0,1,0,0,benign,none
TXN00003619,151.72,grocery,debit_card,0,5,1,HDFC,2025-02-04 00:32:00,0,0.7,0.998,0.112,1,66.01,0,1,0,0,benign,none
TXN00003883,2262.92,fuel,debit_card,0,4,0,Airtel Payments Bank,2025-07-13 00:26:00,0,47.4,0.995,0.043,2,27.86,0,1,0,0,benign,none
TXN00004211,420.36,electronics,UPI,11,0,0,HDFC,2025-07-04 11:07:00,0,57.0,0.99,0.103,2,42.42,0,1,0,0,benign,none
TXN00001494,129.48,grocery,credit_card,7,1,0,SBI,2025-02-03 07:03:00,0,56.9,0.913,0.068,4,207.93,0,0,0,0,benign,none
TXN00002401,1428.45,restaurant,credit_card,12,2,0,Axis,2025-12-13 12:45:00,1,7.8,0.991,0.107,7,491.58,0,1,0,0,benign,none
TXN00003874,24.49,restaurant,credit_card,21,6,1,Axis,2025-05-16 21:15:00,0,45.7,0.993,0.077,7,7025.85,0,1,1,0,benign,none
TXN00001232,29.04,travel,UPI,12,6,1,Union Bank,2025-09-25 12:21:00,0,49.8,0.965,0.043,6,939.82,0,1,0,0,benign,none
TXN00002661,69.4,travel,UPI,13,6,1,Kotak,2025-09-29 13:56:00,0,63.0,0.943,0.072,7,403.72,0,1,1,0,benign,none
TXN00002817,996.02,fuel,UPI,9,4,0,Axis,2025-07-01 09:57:00,0,60.8,0.866,0.087,7,22.12,0,1,0,0,benign,none
TXN00002774,113.34,online_retail,debit_card,16,6,1,Kotak,2025-04-23 16:55:00,0,4.1,0.913,0.002,6,354.07,0,1,0,0,benign,none
TXN00004153,54.06,fuel,debit_card,15,1,0,Union Bank,2025-05-13 15:29:00,0,42.8,0.922,0.012,5,14.5,0,1,0,0,benign,none
TXN00003061,350.24,pharmacy,debit_card,13,3,0,Union Bank,2025-07-15 13:01:00,0,20.2,0.9,0.005,2,45.0,0,1,0,0,benign,none
TXN00000066,130.62,restaurant,net_banking,14,3,0,PNB,2025-01-06 14:17:00,0,9.1,0.872,0.072,3,276.47,1,1,1,0,benign,none
TXN00001735,1269.43,restaurant,net_banking,9,1,0,BOI,2025-07-11 09:08:00,0,50.0,0.885,0.032,7,56.98,0,0,1,0,benign,none
TXN00002823,38.24,restaurant,debit_card,15,0,0,Union Bank,2025-05-31 15:54:00,0,71.9,0.852,0.075,1,154.04,0,1,0,0,benign,none
TXN00002475,261.3,utilities,debit_card,10,1,0,BOI,2025-12-16 10:42:00,0,71.6,0.893,0.063,1,137.86,0,1,0,0,benign,none
TXN00002564,1882.63,utilities,credit_card,19,2,0,PNB,2025-07-26 19:27:00,0,5.5,0.851,0.063,3,6.45,0,1,0,0,benign,none
TXN00003713,282.9,healthcare,credit_card,11,3,0,SBI,2025-11-24 11:44:00,0,65.5,0.996,0.014,7,159.39,0,1,0,0,benign,none
TXN00000707,668.74,restaurant,UPI,14,2,0,Union Bank,2025-12-26 14:03:00,0,28.7,0.931,0.097,0,557.12,0,1,1,0,benign,none
TXN00003046,586.13,online_retail,credit_card,22,0,0,Union Bank,2025-07-28 22:58:00,0,23.0,0.885,0.013,5,243.06,0,1,0,0,benign,none
TXN00000072,46.76,clothing,UPI,16,0,0,ICICI,2025-03-14 16:17:00,0,22.4,0.949,0.006,1,136.39,0,1,0,0,benign,none
TXN00004448,3043.18,restaurant,UPI,16,3,0,Axis,2025-05-13 16:10:00,0,13.7,0.995,0.1,5,62.81,0,1,0,0,benign,none
TXN00004839,505.96,electronics,debit_card,12,2,0,Union Bank,2025-12-30 12:48:00,0,53.2,0.885,0.057,2,602.08,0,1,0,0,benign,none
TXN00004131,61.58,healthcare,debit_card,17,0,0,HDFC,2025-04-25 17:20:00,0,59.7,0.875,0.084,2,349.91,0,1,0,0,benign,none
TXN00001190,3855.29,entertainment,credit_card,20,0,0,BOI,2025-09-15 20:42:00,0,60.2,0.879,0.095,6,559.75,0,1,0,0,benign,none
TXN00002601,3103.76,fuel,UPI,5,0,0,Axis,2025-09-05 05:40:00,0,35.3,0.898,0.072,3,288.52,0,1,0,0,benign,none
TXN00001125,150.46,fuel,UPI,21,5,1,Airtel Payments Bank,2025-03-19 21:51:00,0,67.7,0.948,0.098,4,13.76,0,1,0,0,benign,none
TXN00001241,40.35,education,credit_card,14,5,1,HDFC,2025-02-22 14:26:00,0,66.5,0.945,0.062,4,120.09,0,1,0,0,benign,none
TXN00003602,20.06,education,UPI,18,6,1,PNB,2025-03-14 18:49:00,0,59.8,0.858,0.095,7,124.31,0,1,0,0,benign,none
TXN00002349,942.96,healthcare,debit_card,8,5,1,HDFC,2025-03-16 08:44:00,0,17.2,0.853,0.051,6,321.39,0,1,0,0,benign,none
TXN00003351,521.43,pharmacy,UPI,12,3,0,Union Bank,2025-02-01 12:42:00,0,35.6,0.879,0.089,5,176.25,0,1,0,0,benign,none
TXN00004008,54.14,grocery,net_banking,16,1,0,PNB,2025-04-29 16:01:00,0,4.9,0.972,0.113,4,118.34,0,1,0,0,benign,none
TXN00001577,1559.01,travel,UPI,17,6,1,Union Bank,2025-02-26 17:56:00,0,66.1,0.974,0.012,0,153.39,0,1,0,0,benign,none
TXN00003906,13.86,utilities,debit_card,19,0,0,ICICI,2025-11-02 19:05:00,0,5.4,0.98,0.105,6,240.04,0,1,0,0,benign,none
TXN00003729,381.69,grocery,UPI,11,2,0,Union Bank,2025-02-01 11:01:00,1,44.6,0.853,0.063,5,25.19,0,1,0,0,benign,none
TXN00004358,109.27,restaurant,debit_card,17,3,0,Kotak,2025-09-05 17:56:00,0,23.2,0.911,0.047,6,12.06,1,1,0,0,benign,none
TXN00001343,94.81,pharmacy,debit_card,14,3,0,BOI,2025-08-12 14:50:00,0,4.6,0.986,0.103,4,985.78,0,1,0,0,benign,none
TXN00000440,174.05,grocery,debit_card,11,3,0,SBI,2025-12-03 11:56:00,0,27.3,0.903,0.07,5,966.6,0,1,0,0,benign,none
TXN00001100,1870.91,entertainment,wallet,9,4,0,ICICI,2025-01-11 09:14:00,1,21.5,0.932,0.007,5,509.6,0,1,0,0,benign,none
TXN00002637,166.48,grocery,debit_card,11,5,1,BOI,2025-04-12 11:11:00,0,23.0,0.983,0.119,7,2.2,0,1,0,0,benign,none
TXN00000649,121.17,grocery,UPI,19,0,0,Airtel Payments Bank,2025-09-14 19:18:00,0,43.3,0.891,0.04,3,89.59,0,1,0,0,benign,none
TXN00001546,10.0,pharmacy,credit_card,13,1,0,HDFC,2025-08-09 13:45:00,1,30.0,0.908,0.101,2,457.34,0,1,0,0,benign,none
TXN00002852,2873.38,healthcare,UPI,1,4,0,SBI,2025-08-05 01:53:00,0,8.5,0.895,0.02,7,53.81,1,1,0,0,benign,none
TXN00003503,28.71,education,credit_card,11,4,0,PNB,2025-03-08 11:37:00,0,14.3,0.868,0.069,5,104.67,0,1,0,0,benign,none
TXN00000630,4445.67,grocery,wallet,11,1,0,HDFC,2025-07-24 11:00:00,0,26.5,0.959,0.021,0,9.98,0,1,0,0,benign,none
TXN00004768,16.5,utilities,UPI,20,2,0,PNB,2025-09-29 20:58:00,0,9.9,0.865,0.025,6,4.37,0,1,0,0,benign,none
TXN00001249,14.78,fuel,debit_card,20,3,0,BOI,2025-03-15 20:21:00,0,30.9,0.979,0.066,2,642.05,1,1,0,0,benign,none
TXN00000482,288.51,fuel,credit_card,20,5,1,BOI,2025-01-03 20:43:00,0,21.5,0.86,0.041,1,278.88,0,1,0,0,benign,none
TXN00001584,197.38,entertainment,net_banking,13,6,1,ICICI,2025-03-13 13:06:00,0,29.7,0.929,0.056,1,113.93,0,1,0,0,benign,none
TXN00004676,486.73,healthcare,UPI,10,4,0,Axis,2025-05-01 10:23:00,0,2.2,0.964,0.057,2,40.23,0,1,0,0,benign,none
TXN00001462,52.63,restaurant,UPI,8,0,0,ICICI,2025-08-12 08:22:00,0,15.9,0.978,0.04,6,686.2,0,1,0,0,benign,none
TXN00003040,2362.49,restaurant,credit_card,14,3,0,Union Bank,2025-02-15 14:35:00,0,67.5,0.886,0.049,7,277.03,0,1,0,0,benign,none
TXN00003273,124.1,pharmacy,credit_card,5,2,0,Union Bank,2025-02-26 05:46:00,0,18.2,0.851,0.026,4,151.4,0,1,0,0,benign,none
TXN00003683,109.19,clothing,UPI,19,5,1,Union Bank,2025-08-23 19:52:00,0,0.8,0.917,0.005,1,258.43,0,1,0,0,benign,none
TXN00004145,10.0,fuel,debit_card,13,2,0,SBI,2025-02-02 13:07:00,0,25.3,0.88,0.005,1,54.76,0,1,0,0,benign,none
TXN00004954,1847.49,electronics,credit_card,18,3,0,SBI,2025-01-07 18:31:00,0,46.0,0.975,0.112,7,2014.71,0,1,0,0,benign,none
TXN00003225,84.3,electronics,UPI,15,0,0,SBI,2025-09-02 15:18:00,0,24.2,0.866,0.017,5,81.54,0,1,0,0,benign,none
TXN00001072,161.95,pharmacy,UPI,13,0,0,Axis,2025-07-21 13:13:00,1,50.7,0.85,0.074,4,2.23,0,1,0,0,benign,none
TXN00004815,10.0,restaurant,UPI,10,4,0,Axis,2025-06-20 10:29:00,1,47.9,0.93,0.105,2,383.42,0,1,0,0,benign,none
TXN00002631,41.46,restaurant,net_banking,20,2,0,SBI,2025-11-21 20:52:00,0,18.5,0.913,0.0,7,157.07,0,1,0,0,benign,none
TXN00001660,17970.98,pharmacy,UPI,11,6,1,Paytm Payments Bank,2025-03-11 11:10:00,0,59.1,0.879,0.026,7,1001.69,0,1,0,0,benign,none
TXN00002425,1883.38,utilities,UPI,14,2,0,HDFC,2025-06-07 14:05:00,0,62.1,0.932,0.012,5,32.57,0,1,0,0,benign,none
TXN00003097,75.06,online_retail,UPI,12,4,0,Airtel Payments Bank,2025-01-15 12:29:00,0,27.2,0.926,0.055,6,286.32,0,1,0,0,benign,none
TXN00003976,429.61,fuel,UPI,11,0,0,Paytm Payments Bank,2025-12-27 11:10:00,1,17.8,0.941,0.002,0,34.27,0,1,0,0,benign,none
TXN00001243,94.09,entertainment,wallet,20,0,0,ICICI,2025-03-09 20:09:00,1,61.4,0.914,0.011,2,31.25,0,1,0,0,benign,none
TXN00001300,269.42,grocery,credit_card,14,3,0,Axis,2025-06-09 14:30:00,0,65.7,0.974,0.053,1,51.57,1,1,1,0,benign,none
TXN00001408,240.85,utilities,UPI,6,1,0,Kotak,2025-01-06 06:45:00,1,3.3,0.904,0.03,4,263.53,1,1,0,0,benign,none
TXN00001845,10.0,restaurant,UPI,14,1,0,Airtel Payments Bank,2025-06-27 14:07:00,0,50.1,0.989,0.11,3,350.7,0,1,0,0,benign,none
TXN00001798,88.74,utilities,credit_card,15,4,0,HDFC,2025-06-29 15:12:00,0,55.9,0.969,0.047,4,29.91,0,1,0,0,benign,none
TXN00003957,1436.31,electronics,credit_card,3,4,0,BOI,2025-03-21 03:27:00,0,60.7,0.926,0.007,7,76.81,0,1,0,0,benign,none
TXN00001475,182.54,pharmacy,net_banking,9,4,0,BOI,2025-04-16 09:47:00,0,9.5,0.963,0.029,6,36.65,0,1,0,0,benign,none
TXN00000035,1867.12,clothing,UPI,10,2,0,PNB,2025-03-04 10:11:00,0,35.7,0.902,0.014,5,5.78,0,1,0,0,benign,none
TXN00000444,132.02,travel,debit_card,9,6,1,Kotak,2025-01-10 09:00:00,0,15.4,0.871,0.098,7,21.86,0,1,0,0,benign,none
TXN00002359,4139.81,grocery,UPI,13,3,0,Axis,2025-04-16 13:01:00,0,22.7,0.96,0.095,2,14.66,0,1,0,0,benign,none
TXN00003654,751.39,utilities,net_banking,8,4,0,SBI,2025-05-23 08:07:00,0,67.5,0.864,0.012,4,570.99,0,0,0,0,benign,none
TXN00003179,484.95,grocery,wallet,17,4,0,SBI,2025-08-17 17:43:00,1,20.8,0.85,0.041,6,1570.26,0,1,0,0,benign,none
TXN00001286,22.48,restaurant,credit_card,9,0,0,BOI,2025-07-17 09:26:00,0,6.5,0.892,0.072,1,198.97,0,1,0,0,benign,none
TXN00004445,35.17,healthcare,credit_card,9,6,1,Airtel Payments Bank,2025-05-14 09:17:00,1,56.6,0.895,0.056,5,901.55,0,1,0,0,benign,none
TXN00003416,301.04,entertainment,UPI,21,4,0,HDFC,2025-04-19 21:18:00,0,58.2,0.851,0.065,1,20.35,0,1,0,0,benign,none
TXN00002137,1122.54,travel,UPI,17,2,0,BOI,2025-07-28 17:01:00,0,63.4,0.864,0.041,0,639.45,0,1,0,0,benign,none
TXN00002636,135.29,fuel,UPI,3,6,1,HDFC,2025-03-14 03:11:00,0,39.4,0.909,0.118,5,296.25,0,1,0,0,benign,none
TXN00004016,3698.55,travel,wallet,15,4,0,Union Bank,2025-08-05 15:48:00,0,19.5,0.896,0.047,1,182.21,0,1,0,0,benign,none
TXN00004097,1066.23,pharmacy,net_banking,19,4,0,Airtel Payments Bank,2025-03-01 19:37:00,1,8.2,0.968,0.028,5,362.68,0,1,0,0,benign,none
TXN00001681,38.64,utilities,UPI,13,1,0,HDFC,2025-05-03 13:37:00,1,42.5,0.857,0.027,3,52.69,0,1,0,0,benign,none
TXN00001692,20.34,electronics,debit_card,7,3,0,Kotak,2025-03-17 07:28:00,0,10.0,0.907,0.053,1,43.32,0,1,0,0,benign,none
TXN00003635,23.97,grocery,credit_card,10,2,0,Airtel Payments Bank,2025-09-08 10:37:00,0,35.7,0.909,0.113,3,714.61,0,1,0,0,benign,none
TXN00000372,1143.93,restaurant,UPI,10,2,0,BOI,2025-02-27 10:11:00,1,66.1,0.948,0.114,2,250.84,0,1,0,0,benign,none
TXN00004882,78.97,travel,credit_card,3,6,1,Axis,2025-12-02 03:34:00,0,0.7,0.874,0.017,0,47.76,0,1,0,0,benign,none
TXN00004565,302.65,restaurant,credit_card,20,2,0,Axis,2025-10-24 20:19:00,0,57.1,0.883,0.06,4,207.86,0,1,0,0,benign,none
TXN00000140,515.91,pharmacy,net_banking,15,4,0,Union Bank,2025-07-22 15:33:00,0,63.5,0.896,0.075,3,104.21,0,1,0,0,benign,none
TXN00004884,541.56,entertainment,net_banking,8,1,0,BOI,2025-10-29 08:38:00,1,47.2,0.909,0.051,2,402.1,0,0,0,0,benign,none
TXN00004419,2820.67,fuel,net_banking,22,1,0,SBI,2025-06-06 22:27:00,0,56.3,0.985,0.063,2,3694.38,0,1,0,0,benign,none
TXN00000714,167.46,pharmacy,UPI,7,5,1,SBI,2025-06-23 07:22:00,0,26.9,0.969,0.118,4,10.14,1,1,0,0,benign,none
TXN00003188,128.62,grocery,debit_card,22,5,1,HDFC,2025-05-04 22:11:00,1,31.4,0.867,0.01,5,454.14,0,1,0,0,benign,none
TXN00004431,12.43,pharmacy,UPI,15,0,0,BOI,2025-10-10 15:41:00,0,49.0,0.971,0.065,2,3570.76,1,1,0,0,benign,none
TXN00000406,198.03,grocery,credit_card,9,2,0,Union Bank,2025-02-17 09:28:00,1,7.0,0.94,0.043,3,291.69,1,1,0,0,benign,none
TXN00000020,175.43,education,UPI,14,5,1,HDFC,2025-07-29 14:30:00,1,41.8,0.899,0.077,3,2115.93,1,1,0,0,benign,none
TXN00001004,246.01,restaurant,net_banking,10,3,0,Airtel Payments Bank,2025-04-19 10:36:00,0,27.2,0.873,0.095,2,330.0,0,1,0,0,benign,none
TXN00004986,493.7,healthcare,UPI,21,5,1,Union Bank,2025-07-02 21:07:00,0,61.5,0.884,0.028,6,10.13,0,1,0,0,benign,none
TXN00002411,4172.29,entertainment,debit_card,11,4,0,BOI,2025-09-17 11:10:00,0,1.0,0.989,0.027,7,550.14,0,1,0,0,benign,none
TXN00002545,101.82,grocery,credit_card,18,2,0,ICICI,2025-03-27 18:11:00,0,6.3,0.917,0.012,5,61.49,0,1,0,0,benign,none
TXN00002390,10.0,utilities,UPI,14,0,0,Kotak,2025-03-05 14:18:00,1,15.2,0.935,0.107,1,30.23,0,1,0,0,benign,none
TXN00000042,73.85,travel,UPI,12,4,0,Paytm Payments Bank,2025-02-11 12:42:00,0,5.6,0.942,0.101,6,1810.82,0,1,0,0,benign,none
TXN00002830,47.12,pharmacy,UPI,15,3,0,Airtel Payments Bank,2025-07-22 15:39:00,0,39.4,0.924,0.083,5,127.71,0,1,0,0,benign,none
TXN00003371,15.41,grocery,UPI,12,4,0,BOI,2025-05-06 12:06:00,0,59.3,0.978,0.007,3,5080.24,0,1,1,0,benign,none
TXN00003022,504.45,clothing,debit_card,11,1,0,HDFC,2025-05-30 11:00:00,0,44.0,0.859,0.08,4,158.49,0,1,0,0,benign,none
TXN00003364,586.54,electronics,net_banking,19,6,1,Axis,2025-11-11 19:09:00,0,4.6,0.995,0.049,2,35.92,0,1,0,0,benign,none
TXN00004399,25.03,grocery,UPI,20,3,0,HDFC,2025-04-17 20:37:00,0,34.7,0.987,0.019,0,291.82,0,1,0,0,benign,none
TXN00000011,992.3,grocery,UPI,9,0,0,HDFC,2025-10-15 09:57:00,0,13.7,0.967,0.073,7,2.53,1,1,0,0,benign,none
TXN00004760,337.82,restaurant,credit_card,7,2,0,Union Bank,2025-03-26 07:29:00,0,15.1,0.954,0.02,4,11.53,1,1,0,0,benign,none
TXN00001177,319.75,education,UPI,10,4,0,Union Bank,2025-08-20 10:10:00,0,16.1,0.961,0.016,3,14.05,0,1,0,0,benign,none
TXN00001947,47.64,education,UPI,12,0,0,Axis,2025-01-29 12:16:00,0,65.3,0.868,0.027,5,135.11,0,1,0,0,benign,none
TXN00002501,383.0,online_retail,net_banking,7,3,0,Axis,2025-03-21 07:08:00,0,43.7,0.954,0.06,3,22.58,0,1,0,0,benign,none
TXN00002863,60304.15,entertainment,UPI,18,4,0,SBI,2025-01-20 18:06:00,0,9.9,0.915,0.072,3,465.47,0,0,0,0,benign,none
TXN00003865,34.24,travel,credit_card,10,3,0,BOI,2025-05-11 10:37:00,0,67.4,0.978,0.108,2,37.63,0,1,0,0,benign,none
TXN00001026,10.0,healthcare,wallet,10,0,0,ICICI,2025-10-04 10:45:00,0,64.0,0.965,0.107,7,960.94,0,1,0,0,benign,none
TXN00003848,1163.82,grocery,debit_card,14,0,0,Union Bank,2025-12-31 14:16:00,0,44.9,0.946,0.065,1,172.4,0,1,0,0,benign,none
TXN00002989,2953.35,electronics,credit_card,10,1,0,Paytm Payments Bank,2025-07-21 10:08:00,1,19.0,0.879,0.05,7,342.39,0,1,0,0,benign,none
TXN00000961,309.78,restaurant,UPI,14,5,1,Union Bank,2025-12-13 14:39:00,0,38.8,0.851,0.075,0,1733.06,0,1,0,0,benign,none
TXN00002889,134.51,grocery,credit_card,22,3,0,Kotak,2025-12-25 22:05:00,1,63.0,0.895,0.074,6,157.03,0,1,0,0,benign,none
TXN00003015,88.23,grocery,debit_card,14,2,0,Paytm Payments Bank,2025-03-24 14:43:00,0,62.2,0.983,0.12,4,69.47,0,1,0,0,benign,none
TXN00003338,35.09,healthcare,UPI,14,3,0,Union Bank,2025-05-31 14:07:00,1,1.5,0.895,0.046,6,25.9,0,1,0,0,benign,none
TXN00000735,325.26,grocery,debit_card,15,6,1,Paytm Payments Bank,2025-05-04 15:12:00,0,48.4,0.868,0.072,4,126.23,0,1,0,0,benign,none
TXN00004400,224.24,grocery,net_banking,15,2,0,Airtel Payments Bank,2025-09-27 15:02:00,1,38.7,0.94,0.054,3,410.23,0,1,0,0,benign,none
TXN00001440,73.97,utilities,credit_card,11,2,0,PNB,2025-12-06 11:12:00,0,24.8,0.883,0.063,1,635.19,0,1,0,0,benign,none
TXN00002875,10.0,healthcare,UPI,7,5,1,SBI,2025-01-28 07:43:00,0,1.4,0.927,0.093,5,49.25,0,1,0,0,benign,none
TXN00003986,32.36,education,debit_card,12,6,1,Kotak,2025-08-04 12:16:00,0,28.9,0.876,0.061,2,1021.72,0,1,0,0,benign,none
TXN00000916,3246.53,entertainment,UPI,10,5,1,Airtel Payments Bank,2025-01-27 10:54:00,0,66.5,0.98,0.094,0,257.36,0,1,0,0,benign,none
TXN00004089,951.8,entertainment,UPI,21,0,0,Union Bank,2025-05-19 21:09:00,0,18.7,0.961,0.034,3,1846.0,0,1,0,0,benign,none
TXN00002772,157.62,electronics,debit_card,8,3,0,SBI,2025-11-04 08:33:00,1,39.0,0.977,0.073,7,922.74,0,1,0,0,benign,none
TXN00001624,345.97,grocery,debit_card,7,0,0,Paytm Payments Bank,2025-04-26 07:36:00,0,16.4,0.956,0.066,7,77.23,0,0,0,0,benign,none
TXN00000821,3255.17,grocery,wallet,8,0,0,HDFC,2025-04-07 08:23:00,0,63.1,0.882,0.117,6,258.41,0,1,0,0,benign,none
TXN00001367,2674.55,pharmacy,debit_card,2,3,0,PNB,2025-10-25 02:50:00,0,48.9,0.909,0.095,2,250.18,0,1,0,0,benign,none
TXN00003712,187.78,education,net_banking,14,6,1,Axis,2025-10-05 14:46:00,0,32.5,0.884,0.065,2,34.99,0,1,0,0,benign,none
TXN00001388,448.33,travel,credit_card,15,4,0,Kotak,2025-05-24 15:38:00,0,61.0,0.858,0.088,2,110.35,0,1,0,0,benign,none
TXN00000850,127.57,entertainment,UPI,5,2,0,Airtel Payments Bank,2025-10-30 05:43:00,0,61.8,0.904,0.11,1,616.73,0,0,0,0,benign,none
TXN00001000,219.93,utilities,UPI,11,4,0,Axis,2025-08-12 11:33:00,1,59.6,0.869,0.102,1,111.56,1,1,0,0,benign,none
TXN00004114,57.08,electronics,credit_card,10,5,1,SBI,2025-08-13 10:56:00,0,0.8,0.96,0.01,6,316.48,0,1,0,0,benign,none
TXN00001637,1412.16,education,UPI,12,6,1,Kotak,2025-09-10 12:24:00,0,30.5,0.957,0.011,3,469.68,1,1,0,0,benign,none
TXN00001667,245.57,restaurant,net_banking,18,6,1,HDFC,2025-06-17 18:20:00,0,60.3,0.889,0.072,0,149.67,0,1,0,0,benign,none
TXN00004589,107.22,restaurant,UPI,19,6,1,Axis,2025-05-26 19:46:00,0,30.2,0.988,0.0,1,91.55,0,1,0,0,benign,none
TXN00003173,262.63,grocery,net_banking,17,0,0,Axis,2025-11-26 17:23:00,0,3.6,0.9,0.117,7,40.57,1,1,0,0,benign,none
TXN00001347,65.49,pharmacy,debit_card,21,1,0,Kotak,2025-01-26 21:13:00,0,14.0,0.862,0.086,3,2306.89,0,1,0,0,benign,none
TXN00003230,109.07,utilities,UPI,20,0,0,Kotak,2025-12-10 20:15:00,0,0.2,0.993,0.018,6,319.45,0,1,0,0,benign,none
TXN00004783,429.96,fuel,UPI,15,1,0,Paytm Payments Bank,2025-01-12 15:17:00,0,12.0,0.943,0.009,0,484.18,0,1,0,0,benign,none
TXN00003232,35.32,electronics,credit_card,9,0,0,Airtel Payments Bank,2025-07-21 09:25:00,0,65.5,0.936,0.006,7,99.8,0,1,0,0,benign,none
TXN00000703,220.85,fuel,UPI,11,5,1,Airtel Payments Bank,2025-03-22 11:39:00,0,30.1,0.9,0.118,5,233.85,0,1,0,0,benign,none
TXN00003291,403.11,pharmacy,debit_card,16,4,0,ICICI,2025-11-12 16:16:00,0,24.6,0.954,0.102,7,496.68,0,1,0,0,benign,none
TXN00003673,10.0,electronics,credit_card,14,0,0,Airtel Payments Bank,2025-07-23 14:25:00,0,40.3,0.94,0.102,2,54.79,0,1,0,0,benign,none
TXN00002408,10.0,restaurant,UPI,8,1,0,Airtel Payments Bank,2025-04-28 08:35:00,0,65.8,0.94,0.085,1,909.99,0,1,0,0,benign,none
TXN00001327,14.01,clothing,UPI,17,6,1,Axis,2025-11-19 17:56:00,0,30.2,0.954,0.079,4,723.18,0,1,0,0,benign,none
TXN00004909,206.29,entertainment,debit_card,15,2,0,Airtel Payments Bank,2025-09-25 15:40:00,0,11.4,0.957,0.088,7,8.19,1,1,0,0,benign,none
TXN00004440,445.7,restaurant,credit_card,8,6,1,SBI,2025-10-15 08:08:00,0,16.4,0.879,0.098,3,75.06,0,1,0,0,benign,none
TXN00001863,1545.93,restaurant,UPI,10,6,1,Union Bank,2025-03-26 10:30:00,0,31.5,0.895,0.025,5,418.49,0,1,0,0,benign,none
TXN00000986,19.54,travel,UPI,7,3,0,ICICI,2025-09-03 07:58:00,0,37.1,0.866,0.02,1,33.72,0,1,0,0,benign,none
TXN00003952,217.21,restaurant,UPI,17,4,0,Airtel Payments Bank,2025-06-27 17:09:00,0,17.8,0.896,0.053,5,369.55,0,1,0,0,benign,none
TXN00004049,273.1,fuel,debit_card,8,0,0,Airtel Payments Bank,2025-03-29 08:57:00,0,65.8,0.955,0.089,2,18.92,0,1,0,0,benign,none
TXN00003485,1713.81,online_retail,UPI,9,5,1,Airtel Payments Bank,2025-09-17 09:09:00,1,61.1,0.983,0.071,5,46.12,0,1,0,0,benign,none
TXN00002474,47.76,grocery,credit_card,20,2,0,Paytm Payments Bank,2025-03-02 20:57:00,0,67.5,0.859,0.082,6,370.04,0,1,0,0,benign,none
TXN00003873,27.62,grocery,net_banking,12,6,1,Axis,2025-06-07 12:06:00,0,55.3,0.943,0.068,1,112.4,0,1,0,0,benign,none
TXN00001198,3543.44,entertainment,credit_card,15,0,0,HDFC,2025-01-04 15:48:00,0,12.0,0.856,0.087,0,204.14,0,1,0,0,benign,none
TXN00004181,282.19,entertainment,UPI,9,0,0,Airtel Payments Bank,2025-11-27 09:12:00,1,52.1,0.989,0.111,6,50.78,0,1,0,0,benign,none
TXN00001518,138.75,travel,credit_card,11,6,1,Paytm Payments Bank,2025-11-07 11:47:00,0,67.7,0.981,0.05,2,539.84,0,1,0,0,benign,none
TXN00001799,110.23,utilities,net_banking,18,3,0,Airtel Payments Bank,2025-03-09 18:55:00,0,2.9,0.98,0.039,4,109.79,1,1,0,0,benign,none
TXN00001014,37.3,entertainment,credit_card,9,2,0,Axis,2025-06-28 09:12:00,0,26.5,0.99,0.063,7,733.12,0,1,0,0,benign,none
TXN00000128,77.36,fuel,UPI,19,5,1,Kotak,2025-02-28 19:20:00,0,53.3,0.861,0.035,0,337.99,0,1,0,0,benign,none
TXN00001364,123.54,pharmacy,UPI,20,1,0,SBI,2025-10-10 20:22:00,0,70.7,0.959,0.047,1,758.95,0,1,0,0,benign,none
TXN00004470,418.33,education,debit_card,7,3,0,BOI,2025-06-10 07:55:00,1,9.5,0.966,0.041,6,14.18,0,1,1,0,benign,none
TXN00000891,89.67,online_retail,debit_card,1,1,0,Axis,2025-05-11 01:45:00,0,34.2,0.974,0.065,2,18.88,1,1,0,0,benign,none
TXN00002793,96.61,restaurant,credit_card,20,3,0,Airtel Payments Bank,2025-06-28 20:14:00,0,26.0,0.886,0.118,0,206.36,0,1,0,0,benign,none
TXN00001969,1026.37,grocery,debit_card,13,1,0,BOI,2025-09-04 13:55:00,1,4.3,0.865,0.038,3,100.63,0,1,0,0,benign,none
TXN00004403,3963.02,electronics,net_banking,6,0,0,Paytm Payments Bank,2025-09-10 06:07:00,0,47.8,0.874,0.022,5,111.91,0,1,0,0,benign,none
TXN00003923,811.19,grocery,UPI,10,2,0,Airtel Payments Bank,2025-05-19 10:55:00,0,49.3,0.992,0.044,6,66.28,0,1,0,0,benign,none
TXN00003249,341.89,restaurant,net_banking,12,6,1,HDFC,2025-05-11 12:13:00,0,8.6,0.901,0.061,2,52.43,0,1,0,0,benign,none
TXN00001208,14867.59,fuel,UPI,9,4,0,HDFC,2025-01-30 09:00:00,0,22.8,0.866,0.047,0,184.4,0,1,0,0,benign,none
TXN00003868,431.42,education,UPI,11,5,1,Axis,2025-06-20 11:22:00,0,12.4,0.92,0.117,3,68.15,0,1,0,0,benign,none
TXN00004065,516.72,entertainment,debit_card,18,3,0,ICICI,2025-11-09 18:57:00,0,26.5,0.933,0.087,5,146.13,0,1,1,0,benign,none
TXN00001239,3997.34,travel,UPI,11,6,1,HDFC,2025-02-07 11:27:00,0,53.2,0.967,0.105,7,80.23,0,1,0,0,benign,none
TXN00002289,14.23,grocery,debit_card,18,0,0,HDFC,2025-09-04 18:15:00,1,55.0,0.983,0.017,1,48.43,0,1,0,0,benign,none
TXN00002740,52.71,restaurant,debit_card,4,4,0,SBI,2025-10-14 04:28:00,0,59.3,0.856,0.044,4,90.54,0,1,0,0,benign,none
TXN00000275,490.06,education,UPI,10,2,0,PNB,2025-06-12 10:16:00,0,62.7,0.922,0.061,6,180.02,0,1,0,0,benign,none
TXN00004585,567.76,fuel,UPI,18,6,1,HDFC,2025-04-04 18:53:00,0,17.8,0.911,0.06,0,32.87,0,1,0,0,benign,none
TXN00001035,244.08,utilities,credit_card,12,3,0,Axis,2025-08-04 12:57:00,0,7.6,0.971,0.009,0,50.72,0,1,0,0,benign,none
TXN00001229,677.99,restaurant,UPI,18,3,0,ICICI,2025-10-31 18:29:00,0,51.0,0.9,0.037,6,123.87,0,1,0,0,benign,none
TXN00001008,954.56,entertainment,UPI,7,1,0,SBI,2025-07-14 07:27:00,0,32.5,0.969,0.034,2,60.63,0,1,0,0,benign,none
TXN00003828,373.73,pharmacy,credit_card,8,5,1,PNB,2025-05-31 08:16:00,1,22.3,0.872,0.041,3,159.62,0,1,0,0,benign,none
TXN00002532,380.1,utilities,UPI,4,4,0,SBI,2025-12-05 04:12:00,0,58.0,0.999,0.067,3,73.01,0,1,0,0,benign,none
TXN00004293,2456.27,grocery,net_banking,20,1,0,Union Bank,2025-11-25 20:45:00,1,57.8,0.951,0.096,5,311.49,0,1,0,0,benign,none
TXN00001058,302.79,electronics,UPI,12,3,0,Union Bank,2025-10-30 12:03:00,0,18.9,0.862,0.077,6,723.37,0,1,0,0,benign,none
TXN00000281,10.59,online_retail,UPI,11,6,1,Axis,2025-06-28 11:47:00,0,56.6,0.853,0.049,7,27.27,0,1,0,0,benign,none
TXN00001043,293.97,fuel,UPI,20,5,1,BOI,2025-12-27 20:46:00,0,69.3,0.862,0.023,6,274.85,0,1,0,0,benign,none
TXN00001316,169.81,utilities,UPI,10,1,0,HDFC,2025-06-28 10:19:00,0,9.0,0.972,0.007,2,184.99,1,1,0,0,benign,none
TXN00000968,1291.87,grocery,UPI,18,4,0,Airtel Payments Bank,2025-03-15 18:31:00,0,24.0,0.923,0.113,2,77.55,0,1,0,0,benign,none
TXN00002381,1014.97,grocery,credit_card,8,4,0,HDFC,2025-02-09 08:18:00,1,24.7,0.929,0.014,1,141.63,0,1,0,0,benign,none
TXN00001939,57.81,grocery,debit_card,8,3,0,PNB,2025-07-06 08:31:00,0,61.8,0.975,0.11,6,273.23,0,1,0,0,benign,none
TXN00001274,79.64,fuel,debit_card,18,4,0,BOI,2025-04-16 18:45:00,0,37.6,0.987,0.102,1,116.83,0,1,0,0,benign,none
TXN00000619,3334.65,fuel,net_banking,17,0,0,BOI,2025-08-17 17:07:00,0,38.4,0.858,0.04,5,179.89,0,1,0,0,benign,none
TXN00001742,609.02,restaurant,UPI,10,4,0,Paytm Payments Bank,2025-05-18 10:34:00,0,9.1,0.896,0.078,5,438.7,0,1,0,0,benign,none
TXN00001390,73.01,electronics,UPI,8,4,0,Union Bank,2025-04-27 08:26:00,0,21.0,0.93,0.029,4,217.04,0,1,0,0,benign,none
TXN00002203,726.78,restaurant,net_banking,18,0,0,Kotak,2025-03-29 18:28:00,0,61.3,0.911,0.02,4,59.03,0,1,1,0,benign,none
TXN00001579,455.92,travel,net_banking,9,4,0,Union Bank,2025-07-28 09:32:00,0,68.1,0.861,0.059,3,173.8,0,1,0,0,benign,none
TXN00001655,14.57,grocery,net_banking,11,3,0,PNB,2025-11-07 11:41:00,0,71.7,0.964,0.108,3,79.57,0,1,0,0,benign,none
TXN00003568,591.75,entertainment,net_banking,19,3,0,BOI,2025-06-14 19:10:00,0,23.4,0.905,0.041,6,573.11,0,1,0,0,benign,none
TXN00002352,228.82,entertainment,UPI,12,4,0,PNB,2025-10-25 12:50:00,0,21.9,0.97,0.044,6,107.01,0,1,0,0,benign,none
TXN00002212,2502.48,restaurant,UPI,16,5,1,PNB,2025-02-03 16:13:00,0,4.2,0.853,0.107,6,111.65,0,1,0,0,benign,none
TXN00003178,756.57,restaurant,UPI,11,0,0,Union Bank,2025-03-22 11:54:00,0,15.7,0.929,0.111,2,11.36,0,1,0,0,benign,none
TXN00003192,285.79,restaurant,credit_card,10,3,0,SBI,2025-11-19 10:58:00,0,11.7,0.939,0.096,3,15.33,0,1,0,0,benign,none
TXN00001307,2251.21,entertainment,credit_card,13,1,0,BOI,2025-03-11 13:42:00,1,59.6,0.972,0.064,3,232.3,0,1,0,0,benign,none
TXN00000575,17.84,grocery,UPI,7,4,0,Kotak,2025-12-28 07:52:00,1,5.5,0.896,0.045,7,6.87,1,1,0,0,benign,none
TXN00002360,4129.85,pharmacy,debit_card,20,3,0,PNB,2025-06-15 20:43:00,0,5.9,0.927,0.117,2,39.29,0,1,0,0,benign,none
TXN00001280,2097.53,restaurant,UPI,9,6,1,SBI,2025-01-27 09:41:00,0,54.8,0.86,0.021,4,54.2,0,1,0,0,benign,none
TXN00004957,10.0,grocery,debit_card,17,2,0,BOI,2025-06-08 17:37:00,0,8.9,0.983,0.046,0,302.61,0,1,0,0,benign,none
TXN00001993,1390.34,restaurant,wallet,19,2,0,SBI,2025-06-09 19:49:00,0,58.8,0.964,0.054,2,925.64,0,1,0,0,benign,none
TXN00002639,85.34,entertainment,UPI,11,2,0,Kotak,2025-04-12 11:18:00,0,61.6,0.989,0.031,4,8911.73,0,1,0,0,benign,none
TXN00000269,244.73,grocery,debit_card,14,2,0,ICICI,2025-10-06 14:42:00,0,13.4,0.912,0.052,5,53.66,0,1,0,0,benign,none
TXN00000629,10.0,restaurant,UPI,3,6,1,Axis,2025-04-01 03:45:00,0,42.2,0.928,0.048,6,264.36,0,1,0,0,benign,none
TXN00003081,33.25,clothing,credit_card,9,2,0,Paytm Payments Bank,2025-10-21 09:18:00,0,0.7,0.856,0.077,1,2644.18,0,1,0,0,benign,none
TXN00003466,2842.46,restaurant,UPI,12,1,0,Airtel Payments Bank,2025-09-08 12:00:00,0,61.5,0.99,0.116,1,57.41,0,1,0,0,benign,none
TXN00004396,275.55,restaurant,credit_card,11,4,0,SBI,2025-12-04 11:29:00,0,57.6,0.914,0.078,0,137.75,0,1,0,0,benign,none
TXN00004023,15.23,grocery,credit_card,5,2,0,BOI,2025-02-06 05:38:00,0,25.7,0.937,0.094,7,11.18,0,0,1,0,benign,none
TXN00002046,803.35,restaurant,debit_card,9,5,1,SBI,2025-12-12 09:49:00,0,59.2,0.889,0.07,4,33.37,0,1,0,0,benign,none
TXN00004356,1117.77,grocery,debit_card,18,3,0,Paytm Payments Bank,2025-05-03 18:44:00,0,71.8,0.962,0.091,7,16.83,0,1,0,0,benign,none
TXN00002113,349.83,electronics,UPI,15,4,0,SBI,2025-03-01 15:40:00,0,68.7,0.866,0.018,2,1417.31,0,1,0,0,benign,none
TXN00000027,472.39,fuel,UPI,20,3,0,Axis,2025-01-19 20:11:00,0,15.5,0.91,0.078,5,62.68,1,1,0,0,benign,none
TXN00002040,1287.88,healthcare,debit_card,12,0,0,HDFC,2025-05-12 12:28:00,0,10.9,0.986,0.069,2,44.02,0,1,0,0,benign,none
TXN00003928,18.51,clothing,credit_card,11,1,0,Paytm Payments Bank,2025-05-08 11:28:00,0,53.1,0.976,0.019,4,9.36,0,1,0,0,benign,none
TXN00002938,118.84,restaurant,UPI,20,5,1,Union Bank,2025-09-04 20:57:00,1,32.2,0.927,0.05,6,40.4,1,1,0,0,benign,none
TXN00003216,22.86,clothing,debit_card,7,0,0,PNB,2025-02-23 07:52:00,1,46.2,0.864,0.017,2,44.77,0,1,0,0,benign,none
TXN00004933,642.48,grocery,UPI,19,3,0,BOI,2025-06-22 19:06:00,0,32.6,0.972,0.075,7,17.9,0,1,0,0,benign,none
TXN00003814,1934.76,utilities,UPI,21,3,0,Paytm Payments Bank,2025-02-22 21:42:00,0,70.9,0.908,0.055,7,35.7,0,1,0,0,benign,none
TXN00000129,46.16,pharmacy,credit_card,13,0,0,Union Bank,2025-04-02 13:54:00,1,4.9,0.895,0.01,1,152.98,0,1,0,0,benign,none
TXN00002278,91.49,restaurant,credit_card,18,5,1,HDFC,2025-05-02 18:36:00,0,7.0,0.941,0.1,2,103.45,0,1,0,0,benign,none
TXN00004599,7352.72,restaurant,UPI,18,2,0,SBI,2025-10-05 18:46:00,0,42.1,0.87,0.035,0,544.33,0,1,0,0,benign,none
TXN00000013,1861.31,online_retail,debit_card,20,6,1,Union Bank,2025-03-26 20:05:00,0,36.4,0.935,0.075,6,192.56,0,1,0,0,benign,none
TXN00004476,389.11,online_retail,debit_card,11,2,0,HDFC,2025-04-17 11:31:00,0,71.1,0.873,0.082,4,33.45,1,1,0,0,benign,none
TXN00001525,1706.13,travel,UPI,6,6,1,Union Bank,2025-02-19 06:21:00,0,3.2,0.903,0.057,1,83.87,0,0,0,0,benign,none
TXN00002365,3512.83,entertainment,debit_card,10,5,1,Paytm Payments Bank,2025-09-18 10:51:00,0,51.4,0.978,0.043,6,45.5,0,1,0,0,benign,none
TXN00004648,332.3,fuel,UPI,6,5,1,Kotak,2025-05-14 06:44:00,0,34.4,0.957,0.021,1,59.2,0,1,0,0,benign,none
TXN00003052,48.12,grocery,wallet,14,2,0,Paytm Payments Bank,2025-04-12 14:32:00,1,64.1,0.856,0.077,1,87.16,0,1,0,0,benign,none
TXN00004005,140.67,fuel,UPI,9,6,1,Union Bank,2025-08-31 09:15:00,0,31.1,0.986,0.025,7,168.53,0,1,0,0,benign,none
TXN00002340,3508.81,grocery,UPI,14,1,0,Paytm Payments Bank,2025-06-02 14:08:00,0,19.5,0.977,0.005,3,4.81,1,1,0,0,benign,none
TXN00000374,663.42,grocery,UPI,9,1,0,BOI,2025-06-04 09:22:00,0,13.7,0.851,0.039,4,9.81,0,1,0,0,benign,none
TXN00000525,110.33,entertainment,UPI,15,5,1,HDFC,2025-06-13 15:57:00,1,35.7,0.866,0.087,6,119.48,0,1,0,0,benign,none
TXN00000939,1162.98,fuel,UPI,16,0,0,Union Bank,2025-02-08 16:01:00,0,30.5,0.935,0.007,1,233.1,0,1,0,0,benign,none
TXN00003369,306.27,restaurant,credit_card,9,4,0,Airtel Payments Bank,2025-12-13 09:12:00,0,12.3,0.957,0.041,7,78.12,0,1,0,0,benign,none
TXN00004573,537.97,grocery,UPI,14,1,0,ICICI,2025-08-13 14:09:00,0,43.4,0.944,0.118,7,119.69,0,1,0,0,benign,none
TXN00002147,1320.58,entertainment,debit_card,20,4,0,Airtel Payments Bank,2025-09-25 20:11:00,0,61.8,0.963,0.037,1,20.47,0,1,0,0,benign,none
TXN00003591,2766.07,restaurant,credit_card,19,5,1,Union Bank,2025-07-08 19:12:00,0,36.6,0.928,0.025,1,5.73,0,1,0,0,benign,none
TXN00002958,340.99,fuel,credit_card,22,1,0,Kotak,2025-04-09 22:27:00,0,56.4,0.954,0.099,0,35.94,0,1,0,0,benign,none
TXN00003623,1625.77,clothing,debit_card,14,0,0,Airtel Payments Bank,2025-06-19 14:15:00,0,54.8,0.857,0.031,3,71.87,0,0,0,0,benign,none
TXN00000529,4090.79,travel,UPI,20,2,0,PNB,2025-03-04 20:44:00,0,61.0,0.888,0.084,6,165.17,0,1,0,0,benign,none
TXN00003714,59.91,healthcare,UPI,6,5,1,PNB,2025-12-16 06:19:00,0,23.3,0.927,0.078,3,939.68,1,1,0,0,benign,none
TXN00004732,13839.86,healthcare,debit_card,8,4,0,SBI,2025-03-24 08:07:00,0,1.6,0.927,0.088,0,496.32,0,1,0,0,benign,none
TXN00001269,712.23,grocery,debit_card,7,3,0,Airtel Payments Bank,2025-07-26 07:55:00,0,14.8,0.893,0.052,1,126.87,0,0,0,0,benign,none
TXN00004281,10.0,entertainment,UPI,14,3,0,HDFC,2025-02-04 14:31:00,0,32.6,0.935,0.111,2,37.26,0,1,0,0,benign,none
TXN00001394,10.0,pharmacy,wallet,13,0,0,BOI,2025-07-28 13:24:00,0,49.7,0.949,0.023,3,14.14,0,1,0,0,benign,none
TXN00004850,137.22,restaurant,UPI,7,3,0,Kotak,2025-06-30 07:17:00,1,68.5,0.872,0.009,3,17.84,0,1,0,0,benign,none
TXN00004009,1996.84,grocery,UPI,7,5,1,SBI,2025-09-19 07:00:00,0,65.5,0.85,0.079,4,535.07,0,1,0,0,benign,none
TXN00004390,339.78,pharmacy,UPI,12,1,0,ICICI,2025-11-15 12:09:00,0,29.2,0.887,0.054,3,138.0,0,1,0,0,benign,none
TXN00001797,187.44,restaurant,debit_card,10,4,0,HDFC,2025-08-25 10:24:00,0,50.7,0.991,0.115,0,751.54,0,1,0,0,benign,none
TXN00002979,15358.05,electronics,credit_card,9,0,0,Airtel Payments Bank,2025-05-18 09:16:00,0,45.7,0.921,0.078,6,33.58,0,1,0,0,benign,none
TXN00001441,468.28,pharmacy,UPI,7,4,0,Union Bank,2025-05-24 07:45:00,0,47.5,0.967,0.003,6,25.63,0,0,0,0,benign,none
TXN00002625,185.07,restaurant,credit_card,14,5,1,BOI,2025-01-23 14:48:00,0,70.1,0.851,0.049,2,1658.79,0,1,0,0,benign,none
TXN00003811,141.35,grocery,UPI,8,6,1,Paytm Payments Bank,2025-06-04 08:49:00,0,44.0,0.918,0.058,7,116.65,0,1,0,0,benign,none
TXN00001273,478.9,healthcare,debit_card,15,3,0,HDFC,2025-03-20 15:10:00,0,2.3,0.89,0.088,1,677.93,0,0,0,0,benign,none
TXN00004703,396.65,electronics,wallet,11,1,0,HDFC,2025-09-29 11:16:00,0,64.9,0.922,0.012,5,58.83,0,1,0,0,benign,none
TXN00001712,775.71,fuel,UPI,22,6,1,SBI,2025-08-23 22:02:00,0,5.7,0.938,0.111,2,68.06,0,1,0,0,benign,none
TXN00000955,2884.12,electronics,debit_card,15,0,0,Paytm Payments Bank,2025-10-30 15:24:00,0,63.0,0.889,0.079,6,51.5,0,1,0,0,benign,none
TXN00000403,120.45,utilities,debit_card,10,1,0,Paytm Payments Bank,2025-07-16 10:06:00,0,55.7,0.988,0.005,6,63.49,1,1,0,0,benign,none
TXN00002071,19.44,travel,UPI,14,6,1,Paytm Payments Bank,2025-10-07 14:43:00,0,10.6,0.977,0.05,2,18.28,0,0,0,0,benign,none
TXN00001977,361.8,clothing,debit_card,9,2,0,Paytm Payments Bank,2025-08-11 09:31:00,0,41.1,0.909,0.016,2,132.03,0,1,0,0,benign,none
TXN00000158,99.61,restaurant,debit_card,18,5,1,PNB,2025-08-17 18:46:00,0,41.4,0.945,0.056,2,1.55,0,1,0,0,benign,none
TXN00003888,152.66,healthcare,credit_card,3,1,0,HDFC,2025-08-07 03:06:00,0,21.9,0.95,0.104,6,266.18,0,1,0,0,benign,none
TXN00000902,187.65,grocery,debit_card,20,4,0,ICICI,2025-07-19 20:13:00,0,7.3,0.961,0.04,6,234.23,0,1,0,0,benign,none
TXN00000352,87.56,healthcare,UPI,9,6,1,BOI,2025-08-07 09:50:00,0,32.7,0.854,0.051,2,123.45,0,1,0,0,benign,none
TXN00004540,1642.71,clothing,UPI,18,2,0,Airtel Payments Bank,2025-01-04 18:38:00,0,58.0,0.925,0.048,5,214.44,0,1,0,0,benign,none
TXN00004130,1526.78,pharmacy,credit_card,11,0,0,Airtel Payments Bank,2025-07-26 11:30:00,0,60.7,0.933,0.023,1,581.49,0,1,0,0,benign,none
TXN00000754,6083.3,clothing,debit_card,13,5,1,PNB,2025-08-26 13:54:00,0,33.6,0.946,0.029,7,60.02,1,1,0,0,benign,none
TXN00002971,222.31,clothing,UPI,10,4,0,HDFC,2025-09-22 10:32:00,0,28.5,0.977,0.058,2,293.92,0,1,0,0,benign,none
TXN00001082,533.08,restaurant,UPI,8,3,0,Airtel Payments Bank,2025-08-08 08:31:00,0,18.3,0.868,0.113,5,59.56,0,1,0,0,benign,none
TXN00002920,66.71,fuel,credit_card,12,6,1,Paytm Payments Bank,2025-06-22 12:30:00,0,1.2,0.887,0.025,4,834.91,0,1,0,0,benign,none
TXN00000311,539.35,grocery,debit_card,16,5,1,Airtel Payments Bank,2025-05-13 16:28:00,0,23.8,0.876,0.1,4,100.08,0,1,0,0,benign,none
TXN00004644,226.75,healthcare,UPI,14,5,1,Airtel Payments Bank,2025-10-21 14:33:00,0,27.8,0.944,0.039,3,113.87,0,1,0,0,benign,none
TXN00000661,237.08,education,debit_card,13,6,1,Axis,2025-06-14 13:59:00,0,57.0,0.859,0.062,2,139.34,0,1,0,0,benign,none
TXN00001989,21.15,grocery,UPI,21,3,0,Paytm Payments Bank,2025-10-15 21:00:00,0,69.1,0.854,0.048,1,88.1,0,1,0,0,benign,none
TXN00003665,14.19,travel,debit_card,15,6,1,SBI,2025-10-23 15:27:00,0,26.1,0.867,0.01,3,3.43,0,1,0,0,benign,none
TXN00000306,134.02,healthcare,credit_card,19,3,0,HDFC,2025-07-28 19:03:00,0,34.3,0.984,0.029,3,939.43,0,1,0,0,benign,none
TXN00002335,284.97,grocery,UPI,18,3,0,Axis,2025-11-14 18:10:00,0,63.4,0.933,0.007,0,570.59,0,1,0,0,benign,none
TXN00004790,10.96,utilities,UPI,16,6,1,SBI,2025-01-25 16:57:00,0,21.8,0.861,0.119,0,31.26,0,1,0,0,benign,none
TXN00002356,320.58,restaurant,UPI,10,2,0,Paytm Payments Bank,2025-09-28 10:33:00,0,55.7,0.969,0.005,3,20.4,0,1,0,0,benign,none
TXN00003702,64.47,grocery,UPI,18,4,0,PNB,2025-12-17 18:36:00,0,27.2,0.923,0.107,0,86.18,0,1,0,0,benign,none
TXN00003804,1435.47,clothing,debit_card,13,5,1,Axis,2025-07-11 13:07:00,0,48.4,0.876,0.112,3,46.43,0,1,0,0,benign,none
TXN00001927,39.21,clothing,credit_card,13,2,0,Union Bank,2025-04-16 13:05:00,0,4.5,0.925,0.064,6,48.19,0,1,0,0,benign,none
TXN00003427,629.66,grocery,debit_card,18,1,0,PNB,2025-02-21 18:54:00,0,36.1,0.948,0.074,1,3.53,0,1,0,0,benign,none
TXN00000749,49.03,electronics,UPI,16,6,1,BOI,2025-08-26 16:01:00,0,67.3,0.904,0.016,5,242.16,0,1,0,0,benign,none
TXN00003638,375.11,restaurant,debit_card,8,1,0,Union Bank,2025-05-24 08:48:00,1,19.3,0.88,0.07,2,271.24,1,1,0,0,benign,none
TXN00001266,54.33,grocery,UPI,7,5,1,BOI,2025-07-06 07:53:00,0,33.3,0.868,0.115,6,132.06,0,0,0,0,benign,none
TXN00002956,636.64,travel,debit_card,9,5,1,Kotak,2025-03-21 09:02:00,1,19.6,0.919,0.027,5,26.67,0,1,0,0,benign,none
TXN00003595,21740.45,restaurant,UPI,9,6,1,ICICI,2025-10-21 09:39:00,1,9.6,0.913,0.109,6,114.57,0,1,0,0,benign,none
TXN00002134,58.1,electronics,UPI,5,3,0,HDFC,2025-07-06 05:48:00,0,13.1,0.982,0.087,3,736.77,0,1,0,0,benign,none
TXN00004109,258.19,clothing,UPI,6,2,0,PNB,2025-12-30 06:06:00,0,67.9,0.991,0.083,4,19.52,0,1,1,0,benign,none
TXN00004969,450.91,grocery,credit_card,16,5,1,Axis,2025-07-26 16:42:00,0,12.4,0.851,0.067,0,106.65,0,1,0,0,benign,none
TXN00004904,10842.54,clothing,credit_card,7,0,0,HDFC,2025-09-01 07:24:00,0,13.1,0.932,0.0,5,644.86,0,1,0,0,benign,none
TXN00000514,1015.82,grocery,UPI,16,6,1,ICICI,2025-08-05 16:55:00,0,49.7,0.951,0.113,5,86.17,0,1,0,0,benign,none
TXN00000894,139.61,entertainment,UPI,5,6,1,Axis,2025-02-16 05:51:00,0,37.4,0.923,0.102,2,21.73,0,1,0,0,benign,none
TXN00000409,23.72,restaurant,wallet,11,0,0,SBI,2025-05-28 11:00:00,1,68.8,0.94,0.037,5,2522.16,0,1,0,0,benign,none
TXN00003461,19.24,restaurant,debit_card,14,1,0,HDFC,2025-05-10 14:41:00,0,17.1,0.915,0.051,7,406.97,0,1,0,0,benign,none
TXN00000899,15.42,fuel,debit_card,22,3,0,Airtel Payments Bank,2025-07-31 22:36:00,0,23.3,0.863,0.096,0,896.74,0,1,0,0,benign,none
TXN00000207,27.28,pharmacy,debit_card,12,5,1,Paytm Payments Bank,2025-05-12 12:44:00,0,13.8,0.88,0.091,1,118.47,0,1,0,0,benign,none
TXN00000458,445.65,online_retail,UPI,18,3,0,Paytm Payments Bank,2025-12-02 18:59:00,0,69.5,0.933,0.002,7,1770.81,0,1,0,0,benign,none
TXN00002054,473.24,grocery,UPI,0,1,0,SBI,2025-04-24 00:05:00,0,25.5,0.902,0.056,6,142.73,0,1,0,0,benign,none
TXN00002430,15.8,electronics,wallet,16,0,0,SBI,2025-03-18 16:50:00,0,16.4,0.944,0.025,3,54.71,1,1,0,0,benign,none
TXN00000250,126.11,healthcare,debit_card,23,6,1,ICICI,2025-03-13 23:07:00,0,35.7,0.865,0.063,5,482.19,0,1,0,0,benign,none
TXN00001107,58.54,pharmacy,UPI,12,6,1,SBI,2025-10-10 12:01:00,0,38.0,0.97,0.065,6,65.13,0,1,0,0,benign,none
TXN00003389,97.56,clothing,credit_card,10,5,1,SBI,2025-09-13 10:21:00,0,69.9,0.928,0.074,3,79.98,0,1,0,0,benign,none
TXN00001713,199.6,entertainment,debit_card,12,1,0,HDFC,2025-11-04 12:03:00,0,68.8,0.851,0.107,3,144.43,0,1,0,0,benign,none
TXN00003911,19156.67,electronics,UPI,12,3,0,Airtel Payments Bank,2025-12-03 12:48:00,0,4.7,0.991,0.058,5,217.13,0,1,0,0,benign,none
TXN00000715,27.42,restaurant,credit_card,20,1,0,PNB,2025-12-26 20:06:00,0,55.1,0.852,0.057,7,109.53,0,1,0,0,benign,none
TXN00000552,417.19,healthcare,debit_card,14,2,0,Kotak,2025-02-21 14:28:00,0,7.2,0.893,0.084,0,196.77,0,1,0,0,benign,none
TXN00001439,1839.99,fuel,UPI,12,5,1,BOI,2025-05-21 12:09:00,0,22.4,0.95,0.078,7,467.09,0,1,0,0,benign,none
TXN00002270,517.73,entertainment,credit_card,1,5,1,Kotak,2025-06-16 01:21:00,0,45.7,0.879,0.061,5,433.4,0,1,0,0,benign,none
TXN00003144,119.58,online_retail,UPI,22,4,0,Paytm Payments Bank,2025-12-22 22:17:00,0,2.0,0.992,0.027,7,454.89,0,1,0,0,benign,none
TXN00002056,100.77,clothing,credit_card,22,3,0,Kotak,2025-06-22 22:43:00,0,42.1,0.886,0.038,4,357.9,1,1,0,0,benign,none
TXN00001925,28.61,clothing,UPI,11,4,0,Kotak,2025-09-21 11:30:00,0,50.5,0.876,0.047,0,318.53,0,1,0,0,benign,none
TXN00000634,139.93,restaurant,credit_card,15,3,0,Kotak,2025-01-26 15:00:00,0,62.8,0.912,0.006,6,97.3,0,1,0,0,benign,none
TXN00000316,275.83,electronics,UPI,9,5,1,Airtel Payments Bank,2025-05-09 09:19:00,0,4.9,0.992,0.003,3,96.02,0,1,0,0,benign,none
TXN00000427,5417.48,electronics,credit_card,16,1,0,Kotak,2025-09-05 16:58:00,0,37.2,0.958,0.079,1,11.89,0,1,0,0,benign,none
TXN00000105,169.05,restaurant,UPI,7,1,0,Union Bank,2025-05-29 07:52:00,0,21.9,0.855,0.042,7,517.23,1,1,0,0,benign,none
TXN00003041,197.5,pharmacy,debit_card,9,0,0,Paytm Payments Bank,2025-05-05 09:54:00,0,20.9,0.915,0.085,2,45.7,0,1,0,0,benign,none
TXN00004238,212.36,education,credit_card,6,3,0,PNB,2025-10-11 06:48:00,0,71.8,0.935,0.02,3,821.44,0,1,0,0,benign,none
TXN00002169,80.71,grocery,credit_card,11,1,0,Union Bank,2025-01-16 11:45:00,0,67.8,0.995,0.119,0,541.76,0,1,0,0,benign,none
TXN00001709,182.16,travel,UPI,13,1,0,Kotak,2025-06-14 13:13:00,0,52.8,0.867,0.002,6,18.77,0,1,0,0,benign,none
TXN00000089,546.62,education,debit_card,12,6,1,Airtel Payments Bank,2025-03-11 12:39:00,0,52.0,0.895,0.102,0,14584.79,0,1,0,0,benign,none
TXN00002241,57.35,healthcare,credit_card,20,0,0,SBI,2025-03-04 20:18:00,0,53.6,0.892,0.045,6,53.09,0,1,0,0,benign,none
TXN00003174,990.54,fuel,credit_card,12,2,0,HDFC,2025-10-25 12:41:00,0,69.7,0.976,0.066,5,1209.27,0,1,0,0,benign,none
TXN00001949,8970.83,online_retail,debit_card,16,5,1,BOI,2025-01-30 16:58:00,0,49.9,0.885,0.001,4,9.24,1,1,0,0,benign,none
TXN00004044,43.26,grocery,UPI,11,0,0,ICICI,2025-03-18 11:06:00,0,50.8,0.953,0.015,1,1592.21,0,1,0,0,benign,none
TXN00002848,1007.43,grocery,credit_card,4,5,1,ICICI,2025-03-16 04:10:00,0,0.6,0.869,0.027,7,2606.25,0,1,0,0,benign,none
TXN00000001,37.64,utilities,UPI,12,1,0,PNB,2025-05-27 12:46:00,1,56.7,0.963,0.105,1,350.9,1,1,0,0,benign,none
TXN00004337,104.83,grocery,credit_card,15,2,0,Kotak,2025-04-13 15:46:00,0,3.9,0.904,0.018,4,618.96,1,1,0,0,benign,none
TXN00000935,707.11,electronics,debit_card,7,0,0,Kotak,2025-05-27 07:31:00,0,27.6,0.988,0.031,5,1276.7,0,1,0,0,benign,none
TXN00000713,239.43,restaurant,UPI,14,3,0,BOI,2025-02-21 14:29:00,0,65.5,0.863,0.04,4,18.42,1,1,0,0,benign,none
TXN00002720,335.71,entertainment,UPI,10,3,0,Union Bank,2025-01-27 10:58:00,0,5.4,0.968,0.025,0,79.34,0,1,0,0,benign,none
TXN00000591,383.09,restaurant,debit_card,22,3,0,Paytm Payments Bank,2025-09-30 22:29:00,0,18.9,0.879,0.096,3,93.51,0,1,0,0,benign,none
TXN00002936,10.17,travel,credit_card,10,5,1,Paytm Payments Bank,2025-04-04 10:14:00,0,11.3,0.895,0.042,2,43.71,0,1,0,0,benign,none
TXN00002448,976.66,grocery,UPI,22,5,1,SBI,2025-12-19 22:27:00,0,15.6,0.926,0.026,7,13.39,0,1,0,0,benign,none
TXN00001576,258.0,clothing,credit_card,7,6,1,Axis,2025-03-27 07:18:00,0,32.9,0.992,0.093,1,20.87,0,1,0,0,benign,none
TXN00003762,422.2,grocery,net_banking,2,6,1,HDFC,2025-01-21 02:05:00,0,1.0,0.931,0.032,6,534.69,0,1,0,0,benign,none
TXN00000213,102.36,electronics,wallet,11,0,0,Kotak,2025-11-16 11:16:00,0,38.7,0.946,0.105,5,296.77,0,1,0,0,benign,none
TXN00000778,272.79,fuel,UPI,5,0,0,Union Bank,2025-11-27 05:12:00,0,17.5,0.854,0.031,6,325.56,0,1,0,0,benign,none
TXN00003496,1489.59,restaurant,UPI,17,6,1,Union Bank,2025-01-27 17:59:00,0,18.9,0.915,0.068,0,49.07,0,1,0,0,benign,none
TXN00002043,61.92,restaurant,credit_card,21,5,1,Paytm Payments Bank,2025-02-26 21:00:00,0,3.2,0.877,0.089,4,57.5,1,1,0,0,benign,none
TXN00001567,327.57,electronics,net_banking,14,1,0,Paytm Payments Bank,2025-10-24 14:44:00,0,65.3,0.888,0.074,2,36.96,0,1,0,0,benign,none
TXN00000165,48.17,fuel,UPI,19,3,0,Axis,2025-06-28 19:42:00,0,7.4,0.939,0.097,1,166.59,0,1,1,0,benign,none
TXN00004702,10.0,grocery,wallet,12,4,0,Union Bank,2025-09-20 12:06:00,0,14.6,0.866,0.043,2,56.85,0,1,0,0,benign,none
TXN00003566,890.01,utilities,UPI,9,6,1,Paytm Payments Bank,2025-08-23 09:47:00,0,30.1,0.877,0.091,7,92.24,0,0,0,0,benign,none
TXN00002013,240.24,entertainment,UPI,10,1,0,Airtel Payments Bank,2025-11-30 10:09:00,0,3.6,0.937,0.06,5,56.42,0,1,0,0,benign,none
TXN00000273,10590.4,grocery,UPI,12,2,0,Airtel Payments Bank,2025-03-14 12:37:00,0,66.7,0.917,0.008,4,568.94,0,1,0,0,benign,none
TXN00003860,27.48,entertainment,debit_card,14,4,0,Airtel Payments Bank,2025-02-02 14:49:00,0,9.6,0.955,0.07,4,271.58,0,1,0,0,benign,none
TXN00004167,38.72,utilities,UPI,12,3,0,BOI,2025-09-09 12:44:00,0,69.2,0.858,0.028,1,215.22,0,1,0,0,benign,none
TXN00003788,6040.3,pharmacy,debit_card,9,3,0,Paytm Payments Bank,2025-02-19 09:28:00,0,32.6,0.927,0.009,0,2155.36,1,1,0,0,benign,none
TXN00000394,865.68,clothing,debit_card,22,2,0,BOI,2025-10-02 22:10:00,0,35.3,0.931,0.063,4,4.73,0,1,0,0,benign,none
TXN00000583,35.52,grocery,credit_card,14,0,0,Paytm Payments Bank,2025-10-24 14:24:00,0,66.6,0.95,0.012,3,39.62,0,1,0,0,benign,none
TXN00000116,371.97,travel,UPI,7,4,0,SBI,2025-02-23 07:56:00,1,59.8,0.994,0.066,2,31.07,0,1,0,0,benign,none
TXN00000520,42.68,pharmacy,debit_card,19,3,0,SBI,2025-10-28 19:00:00,0,70.0,0.876,0.079,3,1281.68,0,1,0,0,benign,none
TXN00001763,36.49,grocery,debit_card,21,6,1,Union Bank,2025-12-21 21:02:00,1,64.1,0.891,0.091,6,3072.24,0,1,0,0,benign,none
TXN00001875,10.0,grocery,UPI,18,6,1,Paytm Payments Bank,2025-03-29 18:59:00,1,67.9,0.94,0.109,4,9.79,0,1,0,0,benign,none
TXN00003965,57.54,pharmacy,debit_card,10,4,0,PNB,2025-04-25 10:43:00,0,61.1,0.929,0.112,5,32.1,0,1,0,0,benign,none
TXN00003344,17.41,electronics,credit_card,13,5,1,Kotak,2025-04-14 13:48:00,0,8.8,0.906,0.08,1,433.0,0,1,0,0,benign,none
TXN00002253,10.0,grocery,wallet,14,3,0,Kotak,2025-03-19 14:25:00,0,69.1,0.957,0.006,5,184.72,1,1,0,0,benign,none
TXN00003224,387.28,travel,UPI,13,3,0,SBI,2025-01-20 13:19:00,0,43.4,0.951,0.068,3,13.16,0,1,0,0,benign,none
TXN00000526,3357.94,utilities,credit_card,6,2,0,PNB,2025-02-27 06:09:00,0,30.8,0.956,0.119,5,346.2,0,1,0,0,benign,none
TXN00002946,4359.38,clothing,UPI,12,4,0,Kotak,2025-10-21 12:31:00,0,48.2,0.983,0.07,1,11.8,0,1,0,0,benign,none
TXN00004473,1207.48,entertainment,debit_card,13,1,0,Kotak,2025-02-18 13:52:00,0,39.4,0.916,0.079,4,97.82,0,0,1,0,benign,none
TXN00003899,436.1,healthcare,credit_card,10,4,0,Kotak,2025-07-26 10:51:00,0,63.4,0.92,0.061,7,46.15,0,1,0,0,benign,none
TXN00000692,1357.9,restaurant,debit_card,17,6,1,Union Bank,2025-08-06 17:46:00,0,28.4,0.931,0.094,7,607.53,0,1,0,0,benign,none
TXN00000959,510.03,restaurant,UPI,8,5,1,PNB,2025-03-05 08:22:00,0,60.4,0.942,0.037,6,843.72,0,1,0,0,benign,none
TXN00004444,293.64,pharmacy,UPI,14,4,0,Axis,2025-06-13 14:17:00,0,13.7,1.0,0.119,4,275.51,0,1,0,0,benign,none
TXN00003633,194.6,clothing,credit_card,7,6,1,BOI,2025-01-13 07:10:00,0,56.4,0.907,0.004,6,42.06,0,1,0,0,benign,none
TXN00001050,26.18,electronics,UPI,12,6,1,HDFC,2025-05-02 12:55:00,0,56.1,0.933,0.018,6,29.26,0,1,0,0,benign,none
TXN00000590,27.11,entertainment,debit_card,14,6,1,Union Bank,2025-10-20 14:21:00,0,2.7,0.886,0.101,1,48.25,0,1,0,0,benign,none
TXN00000519,4592.07,electronics,credit_card,11,4,0,Airtel Payments Bank,2025-04-22 11:42:00,1,66.2,0.997,0.103,2,102.59,0,1,0,0,benign,none
TXN00003380,367.44,travel,wallet,18,6,1,Kotak,2025-11-30 18:21:00,0,71.9,0.992,0.016,7,2456.9,0,1,0,0,benign,none
TXN00003676,37.15,restaurant,UPI,15,3,0,ICICI,2025-10-27 15:57:00,1,68.9,0.922,0.079,1,797.46,0,1,0,0,benign,none
TXN00001607,347.75,travel,UPI,18,2,0,Kotak,2025-11-10 18:46:00,0,7.3,0.999,0.051,5,133.6,1,1,0,0,benign,none
TXN00003610,781.49,restaurant,UPI,14,5,1,Paytm Payments Bank,2025-12-27 14:51:00,0,7.1,0.996,0.052,4,268.05,0,1,0,0,benign,none
TXN00001809,1379.29,restaurant,debit_card,9,5,1,Union Bank,2025-12-15 09:20:00,0,63.9,0.978,0.06,1,817.85,0,1,0,0,benign,none
TXN00000791,25.78,online_retail,credit_card,14,0,0,PNB,2025-02-19 14:44:00,0,32.4,0.988,0.076,2,118.65,0,1,0,0,benign,none
TXN00000792,614.13,grocery,UPI,10,2,0,SBI,2025-12-02 10:16:00,0,8.4,0.854,0.102,2,1130.73,0,1,0,0,benign,none
TXN00003056,110.49,electronics,debit_card,14,2,0,Paytm Payments Bank,2025-06-27 14:00:00,0,15.5,0.925,0.01,0,22.09,0,1,0,0,benign,none
TXN00001855,70.42,travel,debit_card,19,2,0,BOI,2025-07-30 19:27:00,0,15.4,0.967,0.078,1,13.97,0,1,0,0,benign,none
TXN00001980,332.66,online_retail,UPI,9,5,1,ICICI,2025-11-28 09:52:00,0,54.2,0.989,0.09,4,839.34,0,0,0,0,benign,none
TXN00003233,1170.95,electronics,debit_card,14,5,1,Paytm Payments Bank,2025-08-03 14:58:00,0,62.8,0.878,0.048,3,93.34,0,1,0,0,benign,none
TXN00003598,10.03,fuel,net_banking,4,4,0,Axis,2025-07-28 04:34:00,0,64.0,0.981,0.054,6,116.57,0,1,0,0,benign,none
TXN00000933,4747.19,utilities,debit_card,2,6,1,Kotak,2025-11-03 02:55:00,0,44.4,0.899,0.032,0,21.32,0,1,0,0,benign,none
TXN00003963,107.86,grocery,UPI,2,2,0,HDFC,2025-05-29 02:58:00,0,2.1,0.86,0.022,5,32.41,0,1,0,0,benign,none
TXN00001682,92.94,education,UPI,11,6,1,Airtel Payments Bank,2025-08-02 11:16:00,0,36.2,0.906,0.07,4,1588.93,0,1,0,0,benign,none
TXN00004179,59.49,clothing,net_banking,19,5,1,BOI,2025-12-15 19:27:00,0,65.9,0.898,0.027,7,242.29,0,0,0,0,benign,none
TXN00004026,76.79,grocery,credit_card,12,1,0,Kotak,2025-12-06 12:17:00,1,53.1,0.856,0.115,5,119.64,0,1,0,0,benign,none
TXN00004116,1860.31,grocery,credit_card,17,3,0,Kotak,2025-05-01 17:57:00,0,34.8,0.924,0.066,0,247.48,0,1,0,0,benign,none
TXN00000988,141.92,education,credit_card,15,0,0,SBI,2025-08-08 15:17:00,0,61.0,0.878,0.063,7,932.9,0,1,0,0,benign,none
TXN00003453,896.24,grocery,credit_card,21,3,0,ICICI,2025-02-17 21:40:00,0,65.0,0.953,0.109,1,104.7,0,1,0,0,benign,none
TXN00002896,1424.98,online_retail,wallet,17,5,1,Kotak,2025-02-16 17:34:00,0,49.9,0.978,0.024,5,774.89,0,1,0,0,benign,none
TXN00003778,215.27,grocery,UPI,8,4,0,ICICI,2025-05-02 08:34:00,1,31.4,0.991,0.086,0,60.5,0,1,0,0,benign,none
TXN00003093,59.65,entertainment,debit_card,9,6,1,Paytm Payments Bank,2025-12-19 09:36:00,0,18.2,0.963,0.005,1,54.55,0,1,0,0,benign,none
TXN00003155,60.48,clothing,credit_card,12,5,1,PNB,2025-03-10 12:04:00,0,23.0,0.905,0.04,1,51.06,0,1,0,0,benign,none
TXN00003201,1986.82,travel,debit_card,5,3,0,Airtel Payments Bank,2025-06-16 05:31:00,0,1.1,0.902,0.096,5,366.87,0,1,0,0,benign,none
TXN00001823,780.71,grocery,credit_card,11,6,1,Axis,2025-03-21 11:36:00,0,39.7,0.853,0.004,5,291.62,0,1,0,0,benign,none
TXN00001098,1411.76,grocery,debit_card,12,5,1,PNB,2025-02-22 12:05:00,1,47.7,0.87,0.014,0,284.28,0,1,0,0,benign,none
TXN00002844,73.98,travel,UPI,19,4,0,Paytm Payments Bank,2025-04-07 19:03:00,0,6.3,0.874,0.109,5,149.3,1,1,0,0,benign,none
TXN00000886,2300.55,restaurant,UPI,20,4,0,ICICI,2025-05-25 20:46:00,0,37.4,0.94,0.07,6,110.2,0,1,0,0,benign,none
TXN00003342,5103.06,grocery,UPI,20,6,1,BOI,2025-08-18 20:58:00,0,71.4,0.968,0.043,5,3889.82,0,1,0,0,benign,none
TXN00000515,455.03,restaurant,credit_card,10,3,0,Kotak,2025-01-18 10:06:00,0,13.2,0.932,0.086,6,228.39,0,1,0,0,benign,none
TXN00003356,79.95,clothing,debit_card,12,3,0,Airtel Payments Bank,2025-01-09 12:52:00,0,15.2,0.903,0.019,7,29.56,0,1,0,0,benign,none
TXN00004833,56.78,grocery,credit_card,17,3,0,Kotak,2025-07-25 17:16:00,0,70.4,0.926,0.027,5,99.92,0,1,0,0,benign,none
TXN00001453,120.13,grocery,UPI,12,0,0,Axis,2025-10-13 12:27:00,0,34.6,0.954,0.093,1,141.55,1,1,0,0,benign,none
TXN00003553,11.39,grocery,credit_card,7,1,0,Paytm Payments Bank,2025-03-19 07:54:00,0,56.0,0.889,0.037,3,24.3,0,1,0,0,benign,none
TXN00003609,228.14,grocery,UPI,9,2,0,SBI,2025-12-11 09:08:00,0,27.8,0.86,0.048,5,17.96,0,1,0,0,benign,none
TXN00004665,1205.0,entertainment,UPI,9,4,0,Paytm Payments Bank,2025-12-15 09:33:00,0,24.8,0.971,0.088,6,181.41,0,1,0,0,benign,none
TXN00002506,3785.98,clothing,debit_card,20,5,1,Axis,2025-09-24 20:11:00,0,71.4,0.858,0.032,1,237.45,0,1,0,0,benign,none
TXN00002994,102.13,restaurant,wallet,21,6,1,BOI,2025-04-06 21:45:00,0,3.0,0.966,0.004,1,378.34,0,1,0,0,benign,none
TXN00003999,25.64,entertainment,UPI,15,2,0,ICICI,2025-01-17 15:41:00,0,12.8,0.93,0.11,0,24.97,0,1,0,0,benign,none
TXN00000906,163.08,restaurant,UPI,7,4,0,Kotak,2025-07-04 07:06:00,0,38.4,0.902,0.094,1,99.66,0,1,0,0,benign,none
TXN00000028,514.36,entertainment,UPI,10,1,0,Airtel Payments Bank,2025-12-31 10:25:00,0,50.0,0.878,0.019,0,205.57,1,1,0,0,benign,none
TXN00002507,466.77,grocery,debit_card,5,0,0,SBI,2025-10-26 05:10:00,0,68.5,0.95,0.044,2,616.89,0,1,0,0,benign,none
TXN00002428,237.39,electronics,debit_card,0,3,0,Axis,2025-12-15 00:58:00,1,24.9,0.99,0.01,2,70.59,0,1,0,0,benign,none
TXN00000762,927.07,clothing,UPI,21,6,1,PNB,2025-09-15 21:01:00,0,71.8,0.947,0.025,3,52.99,0,1,0,0,benign,none
TXN00003747,1236.45,fuel,UPI,12,1,0,BOI,2025-06-08 12:24:00,0,39.5,0.98,0.073,6,199.75,0,1,0,0,benign,none
TXN00004811,121.99,healthcare,debit_card,13,4,0,Union Bank,2025-11-11 13:10:00,0,7.4,0.944,0.062,6,42.69,1,1,0,0,benign,none
TXN00000284,33.16,grocery,debit_card,18,0,0,PNB,2025-02-12 18:53:00,0,5.3,0.986,0.057,2,327.04,0,1,0,0,benign,none
TXN00000686,1015.81,restaurant,debit_card,19,5,1,HDFC,2025-11-22 19:10:00,0,24.6,0.929,0.032,0,1556.19,0,1,0,0,benign,none
TXN00004799,113.64,clothing,UPI,9,2,0,BOI,2025-02-21 09:33:00,0,60.4,0.971,0.055,3,23.43,0,1,0,0,benign,none
TXN00002353,349.18,grocery,UPI,11,6,1,Axis,2025-10-26 11:05:00,0,35.3,0.962,0.028,6,320.44,0,1,0,0,benign,none
TXN00003191,55.74,grocery,debit_card,3,2,0,Paytm Payments Bank,2025-09-25 03:19:00,0,50.5,0.977,0.086,0,7.07,0,1,0,0,benign,none
TXN00004569,546.03,electronics,UPI,12,5,1,SBI,2025-05-09 12:38:00,0,69.6,0.944,0.104,4,12.35,0,1,0,0,benign,none
TXN00000021,71.83,pharmacy,UPI,10,0,0,Axis,2025-07-21 10:19:00,0,65.0,0.952,0.102,4,634.09,0,1,0,0,benign,none
TXN00002752,13.27,pharmacy,UPI,6,3,0,Axis,2025-08-30 06:19:00,0,24.0,0.971,0.109,0,193.77,0,1,0,0,benign,none
TXN00000885,411.6,entertainment,credit_card,16,1,0,ICICI,2025-02-23 16:08:00,0,64.3,0.929,0.1,6,1788.69,0,1,0,0,benign,none
TXN00000917,634.57,electronics,net_banking,9,0,0,Airtel Payments Bank,2025-03-26 09:15:00,0,41.1,0.851,0.094,5,30.03,0,1,0,0,benign,none
TXN00001040,43.88,grocery,credit_card,14,4,0,Union Bank,2025-01-21 14:33:00,0,71.9,0.942,0.068,4,891.25,0,1,0,0,benign,none
TXN00001265,198.76,clothing,debit_card,10,1,0,ICICI,2025-07-27 10:59:00,0,31.8,0.996,0.038,5,66.26,0,1,0,0,benign,none
TXN00004579,962.66,utilities,debit_card,5,4,0,HDFC,2025-01-17 05:53:00,1,56.3,0.924,0.007,4,41.57,0,1,0,0,benign,none
TXN00000277,33.04,entertainment,UPI,17,6,1,Paytm Payments Bank,2025-02-21 17:47:00,0,5.2,0.997,0.064,6,228.58,0,1,0,0,benign,none
TXN00002084,1541.23,electronics,UPI,12,5,1,BOI,2025-08-13 12:01:00,0,10.1,0.965,0.005,7,1930.13,0,1,0,0,benign,none
TXN00001245,276.55,grocery,credit_card,12,5,1,BOI,2025-05-10 12:36:00,0,52.7,0.961,0.115,3,802.61,0,1,0,0,benign,none
TXN00002382,15.5,restaurant,UPI,12,6,1,Airtel Payments Bank,2025-08-09 12:48:00,0,47.3,0.866,0.047,3,423.98,0,1,0,0,benign,none
TXN00000571,216.51,restaurant,UPI,14,5,1,Paytm Payments Bank,2025-09-24 14:10:00,0,20.6,0.904,0.101,4,414.34,0,1,0,0,benign,none
TXN00001435,210.56,clothing,UPI,20,0,0,SBI,2025-12-28 20:31:00,0,6.7,0.984,0.107,2,103.37,1,1,0,0,benign,none
TXN00003902,15.8,online_retail,credit_card,13,3,0,Paytm Payments Bank,2025-12-16 13:03:00,0,70.4,0.938,0.071,6,75.53,0,1,0,0,benign,none
TXN00001247,10.0,grocery,UPI,14,5,1,Axis,2025-09-09 14:08:00,0,70.8,0.99,0.01,2,231.48,0,1,0,0,benign,none
TXN00004681,293.43,grocery,debit_card,17,2,0,HDFC,2025-01-13 17:31:00,0,6.8,0.886,0.072,3,36.76,0,1,0,0,benign,none
TXN00003526,489.07,fuel,UPI,9,5,1,Kotak,2025-01-06 09:11:00,0,29.2,1.0,0.102,7,148.84,0,1,0,0,benign,none
TXN00002514,305.74,restaurant,debit_card,0,0,0,Airtel Payments Bank,2025-03-26 00:33:00,0,28.7,0.875,0.037,0,390.46,0,1,0,0,benign,none
TXN00001007,124.62,grocery,UPI,14,3,0,SBI,2025-02-05 14:53:00,0,59.1,0.91,0.053,6,332.2,0,1,0,0,benign,none
TXN00004770,350.73,healthcare,UPI,13,4,0,Airtel Payments Bank,2025-06-26 13:20:00,0,64.6,0.975,0.041,4,100.79,0,1,0,0,benign,none
TXN00004543,42.94,restaurant,UPI,6,5,1,BOI,2025-10-07 06:43:00,0,25.2,0.886,0.052,7,312.95,0,1,0,0,benign,none
TXN00004455,20838.4,utilities,wallet,8,6,1,SBI,2025-12-09 08:04:00,0,11.0,0.875,0.107,4,40.96,0,1,0,0,benign,none
TXN00002064,140.3,grocery,debit_card,12,5,1,Axis,2025-05-18 12:55:00,1,49.7,0.896,0.073,5,1164.07,0,1,0,0,benign,none
TXN00001690,93.44,utilities,wallet,10,3,0,BOI,2025-09-12 10:10:00,0,29.8,0.989,0.052,6,15.94,0,1,0,0,benign,none
TXN00003117,185.71,entertainment,credit_card,16,2,0,PNB,2025-07-07 16:07:00,1,37.6,0.953,0.085,7,779.42,0,1,0,0,benign,none
TXN00001985,145.22,education,credit_card,16,2,0,Axis,2025-10-17 16:13:00,0,18.7,0.986,0.025,4,262.73,0,1,0,0,benign,none
TXN00000294,159.76,fuel,UPI,13,3,0,Airtel Payments Bank,2025-03-17 13:56:00,0,29.5,0.924,0.074,0,544.95,0,1,0,0,benign,none
TXN00001547,57.64,utilities,UPI,8,4,0,Union Bank,2025-03-30 08:32:00,0,53.3,0.998,0.082,7,94.28,0,1,0,0,benign,none
TXN00002012,800.98,grocery,credit_card,12,0,0,Axis,2025-09-08 12:48:00,0,46.2,0.891,0.076,6,16.61,0,1,0,0,benign,none
TXN00000588,373.83,grocery,credit_card,15,4,0,PNB,2025-09-16 15:54:00,0,25.5,0.939,0.101,1,47.46,0,1,0,0,benign,none
TXN00003329,152.89,online_retail,UPI,21,0,0,Union Bank,2025-03-14 21:34:00,0,24.8,0.872,0.079,4,885.89,0,1,0,0,benign,none
TXN00002403,69.71,utilities,credit_card,8,3,0,Airtel Payments Bank,2025-11-13 08:48:00,0,22.2,0.962,0.036,3,45.34,0,1,0,0,benign,none
TXN00002129,1674.44,grocery,UPI,14,2,0,SBI,2025-08-10 14:11:00,0,7.5,0.881,0.098,5,21.6,0,1,0,0,benign,none
TXN00003998,76.0,restaurant,debit_card,20,4,0,SBI,2025-02-17 20:46:00,0,30.9,0.902,0.104,3,14.35,0,1,0,0,benign,none
TXN00001574,17.88,pharmacy,debit_card,10,5,1,BOI,2025-04-02 10:46:00,0,38.0,0.999,0.028,0,42.89,0,1,0,0,benign,none
TXN00003741,62.57,travel,UPI,20,1,0,HDFC,2025-05-11 20:53:00,0,52.4,0.951,0.092,6,428.87,0,1,0,0,benign,none
TXN00003508,653.66,grocery,UPI,20,3,0,Union Bank,2025-09-19 20:27:00,0,41.4,0.885,0.073,1,36.71,0,1,0,0,benign,none
TXN00002719,34.64,fuel,credit_card,20,4,0,Kotak,2025-01-22 20:12:00,0,53.1,0.993,0.022,3,1068.45,0,1,0,0,benign,none
TXN00004521,434.0,education,credit_card,20,2,0,SBI,2025-02-08 20:31:00,0,22.9,0.906,0.032,6,31.17,0,1,0,0,benign,none
TXN00002808,403.83,grocery,UPI,17,0,0,BOI,2025-01-09 17:47:00,0,69.9,0.941,0.042,7,3.09,0,1,0,0,benign,none
TXN00000556,63.03,fuel,UPI,15,4,0,BOI,2025-12-08 15:21:00,1,47.8,0.99,0.032,2,217.57,0,1,0,0,benign,none
TXN00004795,50.13,healthcare,debit_card,14,0,0,PNB,2025-01-21 14:06:00,0,69.1,0.975,0.026,1,610.74,0,1,0,0,benign,none
TXN00002469,251.9,entertainment,debit_card,11,1,0,Axis,2025-06-14 11:19:00,0,44.4,0.854,0.118,0,17.93,0,1,0,0,benign,none
TXN00003738,72.87,grocery,credit_card,9,5,1,ICICI,2025-12-20 09:55:00,0,8.2,0.923,0.016,2,143.04,0,0,0,0,benign,none
TXN00004286,67.66,pharmacy,UPI,7,2,0,BOI,2025-12-29 07:53:00,0,5.8,0.959,0.078,7,194.68,0,1,0,0,benign,none
TXN00001716,85.57,education,debit_card,16,6,1,ICICI,2025-07-17 16:49:00,1,13.0,0.977,0.007,5,66.15,0,1,0,0,benign,none
TXN00002604,2042.88,utilities,wallet,11,6,1,Paytm Payments Bank,2025-05-01 11:18:00,0,57.6,0.923,0.113,3,131.61,1,1,0,0,benign,none
TXN00000362,1479.83,entertainment,debit_card,11,2,0,Axis,2025-11-22 11:36:00,0,49.0,0.984,0.026,1,255.26,0,1,0,0,benign,none
TXN00001704,374.76,grocery,credit_card,14,6,1,Airtel Payments Bank,2025-09-25 14:38:00,0,65.3,0.875,0.08,1,8.28,0,1,0,0,benign,none
TXN00002139,2359.98,entertainment,UPI,20,2,0,BOI,2025-11-24 20:22:00,0,9.3,0.854,0.002,0,21.1,0,1,1,0,benign,none
TXN00003239,30.79,restaurant,UPI,8,4,0,SBI,2025-01-03 08:22:00,0,45.2,0.97,0.119,2,65.76,0,0,0,0,benign,none
TXN00002383,96.48,clothing,debit_card,14,3,0,SBI,2025-07-25 14:29:00,0,42.6,0.912,0.056,0,906.25,0,1,0,0,benign,none
TXN00004311,261.96,entertainment,credit_card,15,6,1,Paytm Payments Bank,2025-04-09 15:20:00,0,0.2,0.943,0.008,2,16.23,0,1,0,0,benign,none
TXN00001285,384.06,grocery,credit_card,21,5,1,Union Bank,2025-11-20 21:24:00,0,53.2,0.883,0.025,4,310.98,0,1,0,0,benign,none
TXN00001312,72.59,entertainment,debit_card,20,0,0,PNB,2025-11-19 20:28:00,0,43.7,0.908,0.061,5,372.23,0,1,0,0,benign,none
TXN00001996,422.8,fuel,debit_card,17,6,1,SBI,2025-08-12 17:42:00,1,43.1,0.957,0.036,2,28.59,1,1,0,0,benign,none
TXN00003930,36.55,travel,debit_card,15,0,0,PNB,2025-04-25 15:37:00,0,21.9,0.864,0.005,3,1702.65,0,0,0,0,benign,none
TXN00001591,19.34,online_retail,UPI,10,2,0,BOI,2025-12-27 10:05:00,0,20.0,0.961,0.017,2,158.07,0,1,0,0,benign,none
TXN00002162,2545.51,restaurant,UPI,7,5,1,BOI,2025-09-26 07:48:00,0,68.4,0.988,0.097,5,1385.1,0,1,0,0,benign,none
TXN00002396,110.45,fuel,UPI,16,5,1,ICICI,2025-04-20 16:51:00,1,37.6,0.872,0.034,6,52.59,1,1,0,0,benign,none
TXN00000317,69.73,fuel,debit_card,21,6,1,Paytm Payments Bank,2025-06-09 21:45:00,0,69.8,0.889,0.053,7,274.96,0,1,0,0,benign,none
TXN00003111,2181.72,utilities,UPI,21,2,0,HDFC,2025-01-01 21:10:00,1,57.3,0.937,0.107,4,48.15,0,1,0,0,benign,none
TXN00004036,12809.29,pharmacy,wallet,7,4,0,HDFC,2025-07-08 07:12:00,0,44.5,0.992,0.112,0,338.07,0,1,0,0,benign,none
TXN00000795,196.21,restaurant,UPI,19,4,0,SBI,2025-02-05 19:52:00,0,12.3,0.863,0.03,4,133.36,0,1,0,0,benign,none
TXN00003020,26.96,online_retail,debit_card,10,0,0,Airtel Payments Bank,2025-06-24 10:24:00,0,36.5,0.983,0.024,0,2781.39,0,1,0,0,benign,none
TXN00001711,10.0,travel,net_banking,9,3,0,Airtel Payments Bank,2025-11-10 09:04:00,0,67.2,0.949,0.056,7,1487.27,0,1,0,0,benign,none
TXN00003387,99.37,clothing,debit_card,21,3,0,Airtel Payments Bank,2025-12-26 21:31:00,0,7.3,0.859,0.011,7,34.94,0,0,0,0,benign,none
TXN00000036,199.32,fuel,UPI,15,6,1,Paytm Payments Bank,2025-02-11 15:43:00,0,2.5,0.858,0.085,6,63.94,0,1,0,0,benign,none
TXN00004549,56.02,education,credit_card,10,2,0,Axis,2025-07-20 10:41:00,0,32.6,0.964,0.118,3,29.7,0,1,0,0,benign,none
TXN00000913,79.85,restaurant,net_banking,23,2,0,SBI,2025-02-08 23:34:00,0,40.0,0.897,0.086,4,1231.8,0,1,0,0,benign,none
TXN00003972,373.26,pharmacy,credit_card,9,0,0,ICICI,2025-11-13 09:13:00,0,63.0,0.893,0.089,5,332.71,0,1,0,0,benign,none
TXN00004133,215.21,electronics,UPI,19,1,0,Paytm Payments Bank,2025-06-21 19:36:00,0,7.8,0.912,0.029,2,257.09,0,1,0,0,benign,none
TXN00000974,40.47,grocery,UPI,11,5,1,BOI,2025-10-28 11:28:00,0,19.7,0.921,0.002,0,187.13,0,1,0,0,benign,none
TXN00000983,919.7,pharmacy,debit_card,12,6,1,SBI,2025-02-08 12:11:00,1,18.2,0.918,0.092,5,88.64,0,1,0,0,benign,none
TXN00000954,67.91,pharmacy,credit_card,14,0,0,SBI,2025-11-14 14:49:00,0,51.6,0.903,0.052,1,108.44,0,1,0,0,benign,none
TXN00001418,1405.36,entertainment,UPI,18,0,0,Axis,2025-05-16 18:18:00,0,26.4,0.996,0.039,2,1443.34,0,1,0,0,benign,none
TXN00001560,120.82,clothing,debit_card,20,3,0,Airtel Payments Bank,2025-10-01 20:50:00,0,47.9,0.99,0.059,7,335.56,0,1,0,0,benign,none
TXN00004135,81.75,healthcare,UPI,14,1,0,PNB,2025-07-25 14:15:00,0,57.5,0.981,0.104,5,451.5,0,1,0,0,benign,none
TXN00004265,103.58,healthcare,UPI,20,0,0,Paytm Payments Bank,2025-08-04 20:41:00,0,10.6,0.926,0.097,1,212.04,0,0,0,0,benign,none
TXN00001355,566.3,grocery,net_banking,19,6,1,Airtel Payments Bank,2025-02-27 19:15:00,0,52.3,0.89,0.103,0,1183.36,0,1,0,0,benign,none
TXN00000987,444.02,online_retail,debit_card,11,4,0,ICICI,2025-12-03 11:23:00,0,39.4,0.941,0.059,0,17.17,0,1,0,0,benign,none
TXN00002682,1468.71,education,UPI,13,6,1,Axis,2025-09-07 13:14:00,0,29.3,0.854,0.088,4,153.78,0,1,0,0,benign,none
TXN00001640,17.32,clothing,credit_card,15,1,0,HDFC,2025-04-12 15:36:00,0,8.2,0.888,0.117,4,330.92,0,1,0,0,benign,none
TXN00001290,332.11,restaurant,wallet,18,3,0,Airtel Payments Bank,2025-05-26 18:00:00,0,66.6,0.859,0.051,6,26.35,0,0,0,0,benign,none
TXN00003681,672.35,clothing,UPI,7,1,0,Airtel Payments Bank,2025-11-23 07:26:00,0,53.5,0.999,0.062,1,26.52,0,1,0,0,benign,none
TXN00001380,2223.55,online_retail,debit_card,10,3,0,HDFC,2025-12-18 10:42:00,0,38.1,0.95,0.048,0,50.0,0,1,0,0,benign,none
TXN00001933,2510.7,restaurant,wallet,7,4,0,ICICI,2025-07-18 07:36:00,0,21.1,0.94,0.028,0,561.12,0,1,0,0,benign,none
TXN00004675,2637.64,utilities,debit_card,1,5,1,SBI,2025-01-07 01:25:00,0,56.7,0.936,0.089,5,288.49,0,1,0,0,benign,none
TXN00002376,606.68,utilities,debit_card,13,1,0,ICICI,2025-12-28 13:06:00,0,15.8,0.855,0.085,4,337.95,0,1,0,0,benign,none
TXN00003160,223.0,clothing,UPI,15,4,0,Axis,2025-03-30 15:35:00,0,0.4,0.983,0.037,2,437.69,0,1,0,0,benign,none
TXN00002030,2578.19,restaurant,credit_card,18,4,0,BOI,2025-09-02 18:06:00,0,35.7,0.885,0.112,0,2873.27,0,1,0,0,benign,none
TXN00000892,117.32,restaurant,UPI,15,5,1,Kotak,2025-04-30 15:30:00,0,35.5,0.942,0.021,5,546.98,0,1,0,0,benign,none
TXN00004876,1321.53,electronics,debit_card,8,3,0,ICICI,2025-04-17 08:46:00,0,57.6,0.944,0.118,7,180.85,0,0,0,0,benign,none
TXN00004069,10.0,grocery,UPI,13,0,0,BOI,2025-09-15 13:09:00,0,59.7,0.998,0.033,2,287.97,0,1,0,0,benign,none
TXN00004255,1430.72,travel,credit_card,23,3,0,Airtel Payments Bank,2025-12-08 23:40:00,0,2.4,0.97,0.077,6,75.46,0,1,0,0,benign,none
TXN00000002,944.65,electronics,UPI,14,2,0,Airtel Payments Bank,2025-04-30 14:35:00,0,16.8,0.903,0.026,2,6.23,0,1,1,0,benign,none
TXN00002109,357.99,electronics,credit_card,10,3,0,Airtel Payments Bank,2025-05-10 10:44:00,0,61.9,0.877,0.069,1,18.81,0,1,0,0,benign,none
TXN00000849,1399.96,fuel,UPI,11,5,1,BOI,2025-09-04 11:39:00,0,64.9,0.922,0.05,4,3038.08,0,1,0,0,benign,none
TXN00002737,160.25,restaurant,debit_card,19,5,1,Paytm Payments Bank,2025-12-26 19:40:00,0,66.0,0.902,0.001,0,169.54,0,1,0,0,benign,none
TXN00002466,110.73,grocery,wallet,23,0,0,ICICI,2025-05-26 23:46:00,0,66.9,0.969,0.012,4,24.95,0,1,0,0,benign,none
TXN00001914,2085.05,utilities,UPI,15,0,0,SBI,2025-02-14 15:36:00,0,0.6,0.925,0.088,1,61.48,0,1,0,0,benign,none
TXN00001596,435.95,travel,debit_card,19,0,0,SBI,2025-02-11 19:39:00,0,68.4,0.871,0.064,3,800.59,1,1,0,0,benign,none
TXN00001913,10.0,education,debit_card,8,3,0,PNB,2025-12-06 08:54:00,0,41.6,0.922,0.012,6,303.27,0,1,0,0,benign,none
TXN00002736,44.7,online_retail,debit_card,9,0,0,ICICI,2025-07-03 09:18:00,1,5.2,0.859,0.025,1,68.83,0,1,0,0,benign,none
TXN00000726,406.94,travel,wallet,9,5,1,BOI,2025-04-19 09:46:00,0,23.4,0.899,0.031,7,155.46,0,1,0,0,benign,none
TXN00000053,137.63,travel,UPI,8,0,0,PNB,2025-12-29 08:18:00,0,57.7,0.904,0.015,7,153.53,0,1,0,0,benign,none
TXN00001796,135.75,restaurant,UPI,16,5,1,Kotak,2025-04-06 16:44:00,1,41.6,0.937,0.046,3,117.3,0,0,0,0,benign,none
TXN00003845,10.0,entertainment,credit_card,13,0,0,Union Bank,2025-03-14 13:41:00,0,28.9,0.906,0.031,5,29.27,0,1,0,0,benign,none
TXN00002553,10.0,clothing,UPI,13,5,1,SBI,2025-11-15 13:03:00,0,18.5,0.866,0.015,4,999.21,0,1,0,0,benign,none
TXN00002800,153.35,pharmacy,credit_card,11,4,0,HDFC,2025-06-14 11:12:00,1,45.1,0.909,0.071,1,80.12,0,1,0,0,benign,none
TXN00000936,30.83,restaurant,UPI,14,6,1,Union Bank,2025-03-02 14:59:00,1,18.0,0.856,0.062,2,16.05,0,1,0,0,benign,none
TXN00002265,1013.19,restaurant,debit_card,14,1,0,PNB,2025-01-08 14:33:00,0,64.3,0.92,0.107,0,91.5,0,1,0,0,benign,none
TXN00000824,10.0,grocery,UPI,10,2,0,Union Bank,2025-03-15 10:17:00,0,7.9,0.934,0.092,4,752.64,0,1,0,0,benign,none
TXN00004321,293.02,fuel,UPI,17,6,1,Axis,2025-07-17 17:13:00,0,38.0,0.906,0.017,2,39.28,0,1,0,0,benign,none
TXN00003401,1080.19,grocery,UPI,22,2,0,Airtel Payments Bank,2025-04-24 22:56:00,0,37.5,0.85,0.021,1,727.1,0,1,0,0,benign,none
TXN00001389,47.06,grocery,wallet,19,0,0,SBI,2025-03-03 19:53:00,0,33.2,0.944,0.021,5,166.44,0,1,0,0,benign,none
TXN00003564,2940.4,restaurant,UPI,7,2,0,Union Bank,2025-05-13 07:08:00,0,22.4,0.911,0.047,5,679.22,0,0,0,0,benign,none
TXN00000884,34.19,electronics,credit_card,13,5,1,HDFC,2025-03-05 13:39:00,0,59.5,0.889,0.012,3,415.39,0,1,0,0,benign,none
TXN00004867,134.47,travel,UPI,11,6,1,Union Bank,2025-11-30 11:33:00,0,13.7,0.928,0.005,5,85.18,1,1,0,0,benign,none
TXN00001868,125.54,healthcare,UPI,5,6,1,SBI,2025-10-18 05:05:00,0,64.0,0.921,0.093,3,1052.33,0,1,0,0,benign,none
TXN00000010,1191.44,utilities,credit_card,8,2,0,SBI,2025-08-25 08:43:00,0,57.5,0.983,0.032,0,3799.3,0,1,0,0,benign,none
TXN00003415,275.33,clothing,UPI,7,1,0,Axis,2025-09-10 07:13:00,0,25.6,0.998,0.017,2,89.1,1,1,0,0,benign,none
TXN00001463,559.74,utilities,UPI,13,4,0,Kotak,2025-11-08 13:42:00,0,44.6,0.936,0.001,0,898.71,1,1,0,0,benign,none
TXN00000806,192.86,education,UPI,19,2,0,SBI,2025-02-22 19:28:00,0,49.1,0.91,0.011,6,94.75,0,1,0,0,benign,none
TXN00004805,22.4,entertainment,UPI,16,1,0,Airtel Payments Bank,2025-02-04 16:28:00,1,58.3,0.932,0.01,0,427.67,0,1,0,0,benign,none
TXN00004068,206.6,pharmacy,credit_card,16,4,0,SBI,2025-10-14 16:43:00,0,33.0,0.922,0.001,5,83.27,0,1,0,0,benign,none
TXN00002108,58.17,travel,UPI,22,2,0,Paytm Payments Bank,2025-01-17 22:29:00,0,59.3,0.981,0.007,3,99.66,0,1,0,0,benign,none
TXN00002041,802.77,pharmacy,debit_card,14,2,0,HDFC,2025-08-31 14:47:00,0,50.7,0.869,0.014,7,29.21,0,1,0,0,benign,none
TXN00002234,46.42,grocery,credit_card,11,5,1,Union Bank,2025-08-10 11:36:00,1,34.7,0.86,0.04,1,154.91,0,1,0,0,benign,none
TXN00000963,200.84,fuel,UPI,7,6,1,Airtel Payments Bank,2025-09-15 07:31:00,0,45.7,0.968,0.053,6,118.4,1,1,0,0,benign,none
TXN00004494,438.01,restaurant,UPI,12,1,0,Kotak,2025-07-10 12:49:00,1,15.8,0.944,0.08,5,57.26,0,1,0,0,benign,none
TXN00002632,221.35,grocery,UPI,20,3,0,HDFC,2025-11-13 20:14:00,0,61.6,0.978,0.083,3,204.57,0,1,0,0,benign,none
TXN00000704,1617.3,electronics,UPI,8,4,0,Union Bank,2025-02-19 08:35:00,0,13.2,0.967,0.01,3,267.26,0,1,0,0,benign,none
TXN00000431,575.05,online_retail,credit_card,11,4,0,Airtel Payments Bank,2025-03-13 11:08:00,1,66.0,0.946,0.05,3,199.34,0,1,0,0,benign,none
TXN00004388,13.04,healthcare,credit_card,6,5,1,Airtel Payments Bank,2025-06-27 06:17:00,0,37.3,0.906,0.044,0,385.55,0,1,0,0,benign,none
TXN00000145,115.86,fuel,credit_card,10,3,0,Airtel Payments Bank,2025-02-10 10:06:00,0,5.8,0.977,0.088,7,1458.69,1,1,0,0,benign,none
TXN00002033,119.77,pharmacy,credit_card,19,6,1,ICICI,2025-11-11 19:04:00,0,47.6,0.912,0.017,3,148.46,0,1,0,0,benign,none
TXN00000375,16151.62,electronics,UPI,22,4,0,Union Bank,2025-11-09 22:53:00,0,18.4,0.946,0.087,4,1928.56,0,1,0,0,benign,none
TXN00001165,51.96,travel,debit_card,13,4,0,SBI,2025-10-06 13:33:00,0,33.8,0.963,0.014,2,13.79,0,0,0,0,benign,none
TXN00003500,157.85,restaurant,UPI,15,1,0,Kotak,2025-09-02 15:57:00,0,56.1,0.899,0.101,7,214.27,0,1,0,0,benign,none
TXN00002050,972.98,restaurant,credit_card,14,3,0,SBI,2025-08-24 14:11:00,0,15.8,0.929,0.034,7,27.76,0,1,0,0,benign,none
TXN00003760,110.01,electronics,UPI,21,4,0,SBI,2025-04-06 21:19:00,0,67.8,0.888,0.095,2,528.13,0,1,0,0,benign,none
TXN00002624,90.59,grocery,credit_card,15,1,0,ICICI,2025-01-22 15:57:00,0,43.0,0.898,0.035,5,912.34,1,1,0,0,benign,none
TXN00004484,272.15,utilities,debit_card,21,5,1,Kotak,2025-09-30 21:30:00,0,64.6,0.926,0.048,5,637.89,1,1,0,0,benign,none
TXN00004435,1125.71,education,UPI,11,5,1,Paytm Payments Bank,2025-07-23 11:49:00,1,12.1,0.876,0.048,5,25.01,0,1,0,0,benign,none
TXN00004361,450.42,online_retail,UPI,23,3,0,ICICI,2025-03-30 23:09:00,0,56.2,0.854,0.108,0,151.66,0,1,0,0,benign,none
TXN00002424,293.44,clothing,wallet,10,6,1,Airtel Payments Bank,2025-03-03 10:53:00,0,62.5,0.887,0.085,2,6.49,0,1,0,0,benign,none
TXN00001262,1024.95,clothing,UPI,18,6,1,Kotak,2025-09-10 18:21:00,0,38.4,0.972,0.109,1,1197.37,0,1,0,0,benign,none
TXN00001771,278.56,pharmacy,UPI,5,5,1,ICICI,2025-09-10 05:26:00,0,28.1,0.915,0.104,5,576.63,1,1,0,0,benign,none
TXN00003511,19.91,restaurant,credit_card,0,5,1,Kotak,2025-10-26 00:20:00,0,36.0,0.972,0.102,4,71.6,0,1,0,0,benign,none
TXN00000271,432.55,online_retail,debit_card,22,6,1,Axis,2025-03-12 22:16:00,0,61.2,0.867,0.054,1,138.06,1,1,0,0,benign,none
TXN00004792,915.52,utilities,UPI,9,1,0,Kotak,2025-08-15 09:14:00,0,66.0,0.967,0.068,5,137.68,0,1,0,0,benign,none
TXN00004843,31.49,grocery,wallet,1,0,0,SBI,2025-10-19 01:37:00,0,17.7,0.873,0.002,1,476.29,0,1,0,0,benign,none
TXN00000244,11300.98,clothing,debit_card,21,5,1,ICICI,2025-08-29 21:52:00,0,4.9,0.871,0.002,1,173.68,0,1,0,0,benign,none
TXN00004572,428.58,grocery,UPI,5,6,1,BOI,2025-11-18 05:18:00,0,70.3,0.916,0.073,7,123.18,0,1,0,0,benign,none
TXN00002032,801.97,healthcare,debit_card,15,3,0,Paytm Payments Bank,2025-11-05 15:36:00,0,24.0,0.907,0.039,0,43.04,0,1,0,0,benign,none
TXN00000813,98.78,utilities,debit_card,10,4,0,HDFC,2025-08-04 10:49:00,1,56.4,0.972,0.054,3,147.71,0,1,0,0,benign,none
TXN00003810,396.06,utilities,net_banking,10,5,1,ICICI,2025-11-12 10:13:00,0,6.9,0.932,0.12,5,939.22,0,1,0,0,benign,none
TXN00003212,869.11,pharmacy,UPI,15,6,1,Airtel Payments Bank,2025-12-29 15:36:00,0,44.0,0.853,0.084,7,15.5,0,1,0,0,benign,none
TXN00001804,288.95,grocery,debit_card,8,5,1,Airtel Payments Bank,2025-10-20 08:26:00,0,34.3,0.948,0.042,2,149.09,0,1,0,0,benign,none
TXN00004346,48.97,restaurant,UPI,15,1,0,BOI,2025-09-03 15:23:00,1,13.8,0.953,0.043,0,482.86,0,1,1,0,benign,none
TXN00002461,23.02,travel,debit_card,8,2,0,Airtel Payments Bank,2025-12-23 08:19:00,1,65.9,0.857,0.103,1,80.77,0,1,0,0,benign,none
TXN00000545,183.73,online_retail,UPI,9,3,0,Union Bank,2025-09-26 09:11:00,0,32.4,0.982,0.096,1,249.71,0,1,0,0,benign,none
TXN00003241,52.73,grocery,debit_card,13,2,0,Paytm Payments Bank,2025-02-14 13:24:00,0,54.3,0.88,0.116,3,10900.94,0,1,0,0,benign,none
TXN00000738,13.25,grocery,UPI,9,6,1,HDFC,2025-05-28 09:05:00,0,64.8,0.9,0.079,7,37.1,0,1,0,0,benign,none
TXN00000310,2037.22,fuel,credit_card,12,1,0,PNB,2025-05-26 12:34:00,0,27.6,0.924,0.119,1,367.69,0,1,0,0,benign,none
TXN00003521,263.12,healthcare,UPI,5,5,1,Airtel Payments Bank,2025-12-16 05:11:00,0,29.5,0.885,0.054,4,139.99,0,1,0,0,benign,none
TXN00001131,152.39,healthcare,net_banking,12,5,1,PNB,2025-07-22 12:53:00,0,9.1,0.869,0.043,3,1474.21,0,1,0,0,benign,none
TXN00000492,146.17,restaurant,UPI,16,2,0,Paytm Payments Bank,2025-12-30 16:03:00,0,56.7,0.89,0.07,6,1496.32,0,1,0,0,benign,none
TXN00004111,668.69,healthcare,UPI,15,3,0,PNB,2025-04-14 15:39:00,0,14.0,0.923,0.017,4,345.54,0,1,0,0,benign,none
TXN00002769,978.3,clothing,credit_card,14,2,0,Paytm Payments Bank,2025-08-28 14:28:00,0,7.2,0.926,0.042,5,381.32,0,1,0,0,benign,none
TXN00000920,138.07,travel,UPI,0,6,1,Paytm Payments Bank,2025-11-08 00:58:00,0,21.9,0.898,0.099,7,678.14,0,1,0,0,benign,none
TXN00003587,352.75,travel,debit_card,3,6,1,BOI,2025-10-01 03:38:00,0,42.4,0.905,0.019,6,45.44,0,1,0,0,benign,none
TXN00003959,55.04,fuel,net_banking,13,1,0,Kotak,2025-05-01 13:46:00,0,6.1,0.876,0.078,6,99.79,0,1,0,0,benign,none
TXN00000038,55.48,grocery,credit_card,10,6,1,Paytm Payments Bank,2025-05-25 10:13:00,1,69.8,0.96,0.025,7,116.07,0,1,0,0,benign,none
TXN00004459,358.46,travel,UPI,17,6,1,HDFC,2025-01-01 17:47:00,0,38.7,0.978,0.028,7,62.26,0,1,0,0,benign,none
TXN00004278,123.85,entertainment,credit_card,16,4,0,Airtel Payments Bank,2025-11-22 16:26:00,0,1.4,0.853,0.096,0,1054.77,1,1,0,0,benign,none
TXN00002983,390.22,pharmacy,UPI,17,1,0,Paytm Payments Bank,2025-08-02 17:33:00,0,68.6,0.994,0.041,1,88.89,0,1,0,0,benign,none
TXN00000130,121.31,restaurant,debit_card,5,4,0,PNB,2025-03-06 05:07:00,0,38.0,0.952,0.017,0,3.79,0,1,0,0,benign,none
TXN00002667,150.13,entertainment,UPI,14,5,1,HDFC,2025-12-11 14:46:00,0,60.2,0.904,0.007,2,428.17,0,1,0,0,benign,none
TXN00003223,10.0,fuel,credit_card,19,6,1,BOI,2025-08-06 19:55:00,0,71.1,0.993,0.102,7,77.15,0,1,0,0,benign,none
TXN00001182,57.95,fuel,debit_card,8,3,0,Paytm Payments Bank,2025-01-10 08:33:00,0,47.0,0.984,0.062,3,116.45,0,1,0,0,benign,none
TXN00000614,57.29,travel,UPI,21,2,0,ICICI,2025-11-30 21:12:00,0,53.8,0.976,0.081,5,207.53,0,1,0,0,benign,none
TXN00001466,24.16,clothing,credit_card,22,3,0,BOI,2025-01-22 22:05:00,0,17.5,0.896,0.017,6,121.68,0,1,0,0,benign,none
TXN00004497,10.0,utilities,debit_card,15,1,0,Airtel Payments Bank,2025-09-09 15:57:00,0,3.3,0.94,0.111,5,30.12,0,0,0,0,benign,none
TXN00003042,49.32,restaurant,credit_card,9,0,0,Airtel Payments Bank,2025-03-31 09:38:00,0,62.6,0.927,0.057,4,87.46,1,1,0,0,benign,none
TXN00000934,427.23,utilities,wallet,4,4,0,BOI,2025-11-12 04:07:00,0,20.0,0.868,0.002,6,104.05,0,1,0,0,benign,none
TXN00002419,10.0,healthcare,UPI,21,4,0,Airtel Payments Bank,2025-10-19 21:24:00,0,36.9,0.987,0.004,3,423.83,0,1,0,0,benign,none
TXN00003294,85.68,fuel,UPI,19,4,0,HDFC,2025-03-27 19:03:00,0,39.1,0.94,0.104,1,84.59,0,1,0,0,benign,none
TXN00001500,88.29,restaurant,UPI,10,6,1,Union Bank,2025-02-21 10:16:00,0,43.2,0.923,0.05,5,2880.31,0,1,0,0,benign,none
TXN00004822,3447.84,utilities,wallet,14,1,0,Axis,2025-11-17 14:42:00,0,13.8,0.865,0.081,1,645.21,0,1,0,0,benign,none
TXN00000826,258.7,grocery,UPI,16,1,0,Axis,2025-12-09 16:07:00,0,23.8,0.995,0.075,3,13.73,0,1,0,0,benign,none
TXN00001521,10.0,restaurant,credit_card,9,5,1,Paytm Payments Bank,2025-12-11 09:38:00,1,24.2,0.901,0.023,6,9.51,0,1,0,0,benign,none
TXN00002930,63.88,pharmacy,UPI,18,4,0,HDFC,2025-09-03 18:22:00,0,27.2,0.899,0.07,0,175.74,0,1,0,0,benign,none
TXN00004232,43.39,fuel,net_banking,18,4,0,Kotak,2025-01-21 18:37:00,0,38.1,0.86,0.015,5,414.34,0,1,0,0,benign,none
TXN00000628,37.6,restaurant,credit_card,22,3,0,Paytm Payments Bank,2025-07-22 22:08:00,0,43.6,0.988,0.0,7,534.47,0,1,0,0,benign,none
TXN00004430,222.36,restaurant,credit_card,7,1,0,BOI,2025-12-14 07:16:00,0,56.3,0.939,0.013,3,191.24,0,1,0,0,benign,none
TXN00003853,130.7,clothing,debit_card,10,2,0,BOI,2025-10-20 10:30:00,1,51.9,0.93,0.1,3,363.8,0,1,0,0,benign,none
TXN00000390,10.0,utilities,UPI,14,2,0,SBI,2025-12-14 14:36:00,0,2.4,0.89,0.004,0,23.61,0,1,0,0,benign,none
TXN00004345,466.49,electronics,UPI,9,4,0,BOI,2025-05-14 09:23:00,0,39.2,0.917,0.022,4,296.3,0,1,0,0,benign,none
TXN00003990,407.56,grocery,credit_card,11,0,0,Paytm Payments Bank,2025-01-08 11:20:00,0,60.7,0.947,0.02,5,44.13,0,1,0,0,benign,none
TXN00000400,177.1,utilities,debit_card,9,5,1,Paytm Payments Bank,2025-10-01 09:26:00,0,49.2,0.915,0.093,5,160.5,0,1,0,0,benign,none
TXN00004806,8591.73,healthcare,UPI,3,1,0,HDFC,2025-03-08 03:01:00,0,52.8,0.946,0.039,3,246.17,0,1,0,0,benign,none
TXN00003359,329.67,online_retail,credit_card,2,5,1,SBI,2025-07-09 02:02:00,0,54.1,0.983,0.024,6,1.04,0,1,0,0,benign,none
TXN00000046,1174.47,pharmacy,credit_card,18,4,0,HDFC,2025-08-05 18:41:00,0,45.8,0.951,0.006,1,383.5,0,1,0,0,benign,none
TXN00000488,52.84,utilities,UPI,17,5,1,Kotak,2025-08-31 17:07:00,0,50.5,0.905,0.07,3,223.29,0,1,0,0,benign,none
TXN00003993,70.63,pharmacy,UPI,12,5,1,HDFC,2025-12-31 12:21:00,1,49.0,0.962,0.073,2,75.62,0,1,1,0,benign,none
TXN00003642,207.98,grocery,UPI,16,2,0,Axis,2025-02-09 16:02:00,0,13.6,0.974,0.016,7,363.75,0,1,0,0,benign,none
TXN00003726,369.16,education,UPI,15,3,0,HDFC,2025-05-10 15:49:00,0,28.8,0.957,0.088,0,161.97,0,1,0,0,benign,none
TXN00000709,784.83,grocery,UPI,16,0,0,BOI,2025-09-08 16:15:00,0,65.3,0.997,0.079,2,75.57,0,1,0,0,benign,none
TXN00002421,147.63,education,debit_card,16,6,1,Paytm Payments Bank,2025-02-12 16:06:00,0,15.6,0.926,0.054,2,918.94,0,1,0,0,benign,none
TXN00001750,60.7,education,UPI,14,3,0,ICICI,2025-11-22 14:20:00,0,18.5,0.974,0.115,4,316.99,0,1,0,0,benign,none
TXN00004062,75.66,utilities,UPI,22,1,0,Union Bank,2025-08-26 22:37:00,1,26.0,0.868,0.093,1,1127.25,0,1,0,0,benign,none
TXN00000338,1957.77,clothing,net_banking,5,1,0,BOI,2025-09-30 05:50:00,0,57.6,0.963,0.046,7,274.37,1,1,0,0,benign,none
TXN00000215,1487.67,grocery,net_banking,17,0,0,Paytm Payments Bank,2025-06-11 17:56:00,1,54.1,0.986,0.034,4,9.74,0,1,0,0,benign,none
TXN00003663,431.19,entertainment,UPI,18,0,0,BOI,2025-09-25 18:43:00,0,58.3,0.942,0.044,4,448.91,0,1,0,0,benign,none
TXN00001341,528.5,entertainment,debit_card,17,5,1,SBI,2025-08-09 17:52:00,0,7.3,0.912,0.058,0,147.03,0,1,0,0,benign,none
TXN00003894,757.1,clothing,UPI,20,0,0,Airtel Payments Bank,2025-04-13 20:36:00,0,5.4,0.971,0.037,2,181.86,1,1,0,0,benign,none
TXN00003640,14.87,fuel,debit_card,7,4,0,HDFC,2025-08-26 07:53:00,0,15.3,0.888,0.107,0,4.34,0,1,0,0,benign,none
TXN00000329,96.26,online_retail,credit_card,0,1,0,Union Bank,2025-12-17 00:23:00,0,52.6,0.908,0.03,6,90.37,0,1,0,0,benign,none
TXN00003004,151.77,grocery,UPI,11,6,1,BOI,2025-08-22 11:32:00,0,68.1,0.902,0.024,6,223.69,0,1,1,0,benign,none
TXN00004090,14731.89,utilities,credit_card,11,0,0,Axis,2025-12-30 11:29:00,0,32.3,0.922,0.012,4,1319.21,0,1,0,0,benign,none
TXN00003115,941.87,travel,debit_card,21,3,0,Paytm Payments Bank,2025-10-11 21:20:00,0,71.9,0.994,0.035,6,138.29,0,1,0,0,benign,none
TXN00002322,1905.42,restaurant,UPI,8,3,0,BOI,2025-10-15 08:10:00,0,1.0,0.993,0.032,5,144.0,0,1,0,0,benign,none
TXN00004197,12.8,grocery,UPI,18,4,0,BOI,2025-11-16 18:54:00,0,51.3,0.944,0.049,1,207.12,0,1,0,0,benign,none
TXN00003549,680.75,fuel,UPI,6,1,0,Paytm Payments Bank,2025-12-20 06:47:00,0,10.5,0.958,0.111,0,123.07,0,1,0,0,benign,none
TXN00001458,6084.95,fuel,debit_card,21,1,0,Union Bank,2025-05-21 21:34:00,0,21.1,0.87,0.018,3,48.71,0,1,0,0,benign,none
TXN00000171,546.17,restaurant,UPI,20,3,0,Union Bank,2025-03-12 20:29:00,0,65.6,0.865,0.09,5,30.7,1,1,0,0,benign,none
TXN00004203,11116.05,grocery,debit_card,13,4,0,SBI,2025-12-05 13:00:00,0,39.6,0.877,0.107,4,18.02,0,1,0,0,benign,none
TXN00003569,1131.78,healthcare,debit_card,13,5,1,Paytm Payments Bank,2025-02-26 13:16:00,0,18.7,0.997,0.103,0,4.46,0,1,0,0,benign,none
TXN00004226,500.21,grocery,wallet,19,2,0,Axis,2025-05-24 19:06:00,0,39.3,0.984,0.058,3,20.72,0,1,0,0,benign,none
TXN00004120,76.55,travel,credit_card,13,0,0,Union Bank,2025-08-22 13:38:00,0,13.2,0.956,0.06,3,182.65,0,1,0,0,benign,none
TXN00001639,169.56,pharmacy,credit_card,4,4,0,Union Bank,2025-12-22 04:32:00,0,31.0,0.893,0.094,4,35.95,0,1,0,0,benign,none
TXN00000938,1329.45,entertainment,UPI,20,4,0,SBI,2025-04-05 20:42:00,0,7.3,0.93,0.072,0,28.36,0,1,0,0,benign,none
TXN00000060,11.83,fuel,UPI,11,5,1,BOI,2025-11-20 11:18:00,0,66.4,0.897,0.096,0,154.43,0,1,0,0,benign,none
TXN00001240,2437.1,grocery,UPI,16,6,1,Airtel Payments Bank,2025-03-10 16:49:00,0,70.0,0.924,0.05,6,75.95,0,1,0,0,benign,none
TXN00002343,174.26,restaurant,credit_card,21,1,0,Kotak,2025-05-03 21:32:00,0,13.4,0.996,0.045,5,8858.09,0,1,0,0,benign,none
TXN00002120,664.65,entertainment,UPI,10,5,1,HDFC,2025-02-22 10:30:00,0,14.4,0.988,0.066,4,280.36,0,1,0,0,benign,none
TXN00001524,113.97,healthcare,debit_card,7,5,1,PNB,2025-11-09 07:50:00,0,31.4,0.972,0.073,3,9.34,0,1,0,0,benign,none
TXN00000153,101.97,entertainment,debit_card,11,4,0,Axis,2025-04-08 11:28:00,0,41.6,0.865,0.024,2,109.14,0,1,0,0,benign,none
TXN00000481,3228.54,grocery,credit_card,20,3,0,ICICI,2025-11-27 20:24:00,0,51.9,0.928,0.02,4,5.4,0,1,0,0,benign,none
TXN00004460,486.41,grocery,UPI,5,5,1,PNB,2025-05-10 05:21:00,1,70.7,0.945,0.119,2,115.49,0,1,0,0,benign,none
TXN00003920,437.71,restaurant,credit_card,8,1,0,Kotak,2025-07-02 08:29:00,1,4.7,0.881,0.082,5,100.96,0,1,0,0,benign,none
TXN00001762,78.72,travel,debit_card,19,5,1,Paytm Payments Bank,2025-07-07 19:06:00,0,3.1,0.97,0.036,4,29.54,0,1,0,0,benign,none
TXN00000750,249.79,restaurant,debit_card,10,2,0,Paytm Payments Bank,2025-11-17 10:30:00,0,47.6,0.974,0.054,3,319.9,0,1,0,0,benign,none
TXN00001785,2171.54,utilities,UPI,18,2,0,PNB,2025-10-15 18:18:00,0,49.3,0.993,0.087,5,559.35,0,1,0,0,benign,none
TXN00004501,1726.92,utilities,credit_card,21,1,0,Union Bank,2025-03-23 21:35:00,0,26.1,0.966,0.083,1,12.1,0,1,1,0,benign,none
TXN00004853,10.26,travel,UPI,16,1,0,Airtel Payments Bank,2025-10-08 16:28:00,0,64.3,0.922,0.011,1,1061.15,0,1,0,0,benign,none
TXN00002711,872.85,fuel,net_banking,6,1,0,Paytm Payments Bank,2025-06-02 06:00:00,0,37.1,0.988,0.036,1,72.86,0,1,0,0,benign,none
TXN00004150,119.98,restaurant,UPI,18,3,0,Axis,2025-08-06 18:55:00,0,3.9,0.992,0.02,3,87.38,0,1,0,0,benign,none
TXN00004193,40.21,pharmacy,net_banking,8,2,0,Kotak,2025-05-15 08:55:00,0,28.5,0.965,0.054,6,157.0,0,1,0,0,benign,none
TXN00001333,397.89,electronics,debit_card,16,0,0,PNB,2025-10-31 16:58:00,0,31.4,0.985,0.026,1,122.52,0,1,0,0,benign,none
TXN00001250,1395.68,grocery,credit_card,5,0,0,BOI,2025-05-25 05:25:00,0,60.3,0.987,0.104,0,197.48,0,1,0,0,benign,none
TXN00002854,55.73,travel,UPI,20,2,0,BOI,2025-05-24 20:31:00,0,70.3,0.971,0.081,3,10.91,0,1,0,0,benign,none
TXN00000186,340.3,utilities,net_banking,10,1,0,HDFC,2025-03-22 10:55:00,0,18.6,0.867,0.073,4,79.48,0,1,0,0,benign,none
TXN00001136,273.44,restaurant,UPI,7,2,0,PNB,2025-05-24 07:25:00,0,71.1,0.967,0.071,5,302.39,0,1,1,0,benign,none
TXN00002058,82.69,restaurant,net_banking,10,4,0,Union Bank,2025-11-11 10:38:00,1,19.2,0.941,0.109,7,910.15,0,1,0,0,benign,none
TXN00003850,709.1,electronics,wallet,11,3,0,SBI,2025-12-08 11:46:00,0,68.8,0.856,0.026,1,198.39,0,1,0,0,benign,none
TXN00000148,1666.97,clothing,debit_card,13,2,0,SBI,2025-05-26 13:08:00,0,14.2,0.989,0.085,0,109.36,0,1,0,0,benign,none
TXN00004124,938.54,education,UPI,15,0,0,Union Bank,2025-12-02 15:34:00,0,33.9,0.854,0.088,3,83.95,0,1,0,0,benign,none
TXN00004889,2044.29,fuel,net_banking,18,1,0,SBI,2025-11-27 18:49:00,0,20.8,0.971,0.094,5,63.63,0,1,0,0,benign,none
TXN00003363,46.02,fuel,UPI,18,4,0,BOI,2025-09-07 18:15:00,0,6.7,0.904,0.117,5,685.48,0,1,0,0,benign,none
TXN00004788,8657.32,pharmacy,net_banking,20,3,0,HDFC,2025-12-06 20:43:00,0,52.2,0.984,0.074,4,57.31,0,1,0,0,benign,none
TXN00002866,612.93,restaurant,UPI,21,6,1,Airtel Payments Bank,2025-02-05 21:36:00,0,35.8,0.993,0.116,5,14.23,0,1,0,0,benign,none
TXN00003776,47.87,restaurant,credit_card,10,0,0,Axis,2025-04-27 10:34:00,1,68.0,0.876,0.073,2,132.98,0,1,0,0,benign,none
TXN00001386,2316.39,clothing,credit_card,5,4,0,Airtel Payments Bank,2025-08-26 05:58:00,0,22.5,0.873,0.043,6,268.66,0,1,1,0,benign,none
TXN00003067,535.64,electronics,UPI,15,1,0,PNB,2025-11-16 15:15:00,0,1.1,0.939,0.102,1,34.34,0,1,0,0,benign,none
TXN00003629,761.61,restaurant,UPI,18,4,0,Airtel Payments Bank,2025-11-30 18:10:00,0,9.2,0.918,0.049,5,38.02,0,1,0,0,benign,none
TXN00004797,1122.27,grocery,UPI,7,1,0,PNB,2025-05-31 07:02:00,0,48.3,0.872,0.099,5,36.02,1,1,0,0,benign,none
TXN00003028,53.85,grocery,UPI,7,5,1,Union Bank,2025-07-22 07:10:00,0,45.5,0.973,0.038,6,154.83,0,1,0,0,benign,none
TXN00002969,230.8,fuel,credit_card,11,0,0,Union Bank,2025-01-02 11:31:00,0,5.2,0.884,0.112,7,358.57,1,1,0,0,benign,none
TXN00001708,1548.22,online_retail,debit_card,18,3,0,Union Bank,2025-12-19 18:11:00,0,29.6,0.995,0.064,4,178.53,0,1,0,0,benign,none
TXN00002953,10.0,fuel,UPI,22,3,0,Axis,2025-07-04 22:30:00,1,51.8,0.892,0.032,5,9.46,0,1,0,0,benign,none
TXN00000454,277.24,entertainment,wallet,7,4,0,ICICI,2025-09-15 07:52:00,0,5.5,0.998,0.055,3,108.77,0,1,0,0,benign,none
TXN00000609,644.49,grocery,UPI,10,3,0,SBI,2025-10-04 10:27:00,0,2.6,0.9,0.001,4,92.8,0,1,0,0,benign,none
TXN00004263,1166.77,restaurant,UPI,13,5,1,PNB,2025-06-23 13:31:00,0,28.4,0.915,0.084,6,113.62,0,1,0,0,benign,none
TXN00004826,108.34,utilities,UPI,9,4,0,ICICI,2025-05-11 09:17:00,0,51.0,0.927,0.014,3,910.78,0,1,0,0,benign,none
TXN00000645,189.5,fuel,debit_card,11,4,0,ICICI,2025-11-12 11:37:00,1,29.1,0.969,0.03,2,798.29,0,1,0,0,benign,none
TXN00002074,270.88,restaurant,UPI,21,3,0,ICICI,2025-04-19 21:42:00,0,56.3,0.864,0.083,3,17.26,0,1,0,0,benign,none
TXN00004052,501.89,grocery,debit_card,8,5,1,Kotak,2025-04-04 08:22:00,0,37.6,0.963,0.067,4,31.64,0,1,0,0,benign,none
TXN00000341,423.21,fuel,UPI,7,5,1,Kotak,2025-03-28 07:47:00,0,8.9,0.937,0.043,2,45.41,0,1,0,0,benign,none
TXN00001622,964.24,entertainment,UPI,0,4,0,Airtel Payments Bank,2025-12-10 00:14:00,0,46.3,0.969,0.026,7,201.06,0,1,0,0,benign,none
TXN00004683,79.96,entertainment,UPI,9,0,0,Axis,2025-02-02 09:52:00,0,41.5,0.997,0.063,4,118.07,0,1,0,0,benign,none
TXN00002081,491.13,electronics,UPI,0,5,1,Union Bank,2025-07-06 00:35:00,0,31.7,0.887,0.074,3,127.89,0,1,0,0,benign,none
TXN00000040,932.49,restaurant,debit_card,21,2,0,SBI,2025-08-04 21:19:00,1,62.1,0.996,0.069,2,13.6,0,1,0,0,benign,none
TXN00002089,567.97,fuel,credit_card,13,4,0,PNB,2025-12-28 13:10:00,1,67.3,0.942,0.027,7,1412.09,0,1,0,0,benign,none
TXN00003924,250.27,grocery,UPI,6,0,0,Union Bank,2025-02-28 06:29:00,0,22.3,0.936,0.074,7,38.04,0,1,0,0,benign,none
TXN00002175,268.56,travel,UPI,17,5,1,ICICI,2025-10-16 17:28:00,0,42.6,0.87,0.085,5,50.01,1,1,0,0,benign,none
TXN00000074,316.2,healthcare,debit_card,22,2,0,PNB,2025-01-26 22:48:00,1,60.9,0.889,0.088,1,524.88,0,1,0,0,benign,none
TXN00003798,1108.28,education,UPI,18,6,1,HDFC,2025-09-17 18:08:00,0,33.2,0.853,0.076,2,52.94,0,1,0,0,benign,none
TXN00002657,44.21,grocery,net_banking,9,3,0,Union Bank,2025-09-02 09:51:00,1,68.8,0.937,0.065,0,19.85,0,1,0,0,benign,none
TXN00003180,41.4,online_retail,debit_card,11,6,1,BOI,2025-08-27 11:33:00,0,20.0,0.965,0.106,1,1074.34,0,1,0,0,benign,none
TXN00002076,229.97,grocery,wallet,20,2,0,PNB,2025-08-31 20:49:00,0,69.3,0.853,0.098,4,764.16,1,1,0,0,benign,none
TXN00000441,442.12,utilities,credit_card,7,6,1,Paytm Payments Bank,2025-04-05 07:35:00,0,58.3,0.85,0.034,2,1100.87,0,1,0,0,benign,none
TXN00002051,26.99,healthcare,debit_card,18,0,0,PNB,2025-05-25 18:32:00,0,64.5,0.933,0.049,2,139.86,0,1,0,0,benign,none
TXN00002541,509.75,fuel,credit_card,16,3,0,PNB,2025-02-08 16:44:00,1,24.4,0.955,0.091,7,338.73,0,1,0,0,benign,none
TXN00001301,10.0,healthcare,debit_card,16,2,0,BOI,2025-06-12 16:25:00,0,7.7,0.968,0.047,6,3462.43,0,1,0,0,benign,none
TXN00003430,13.61,restaurant,UPI,16,6,1,Paytm Payments Bank,2025-05-01 16:26:00,0,29.9,0.919,0.018,2,911.91,0,1,0,0,benign,none
TXN00001304,155.71,grocery,debit_card,2,6,1,Airtel Payments Bank,2025-01-05 02:30:00,0,19.1,0.993,0.028,1,215.65,0,1,0,0,benign,none
TXN00000236,10.0,electronics,credit_card,12,4,0,ICICI,2025-03-26 12:04:00,0,64.9,0.877,0.032,5,163.24,0,1,0,0,benign,none
TXN00002599,1585.92,grocery,debit_card,9,5,1,SBI,2025-07-29 09:11:00,0,4.5,0.924,0.021,5,333.93,0,0,0,0,benign,none
TXN00004616,10.0,grocery,UPI,8,4,0,Airtel Payments Bank,2025-02-07 08:31:00,0,28.6,0.989,0.065,1,28.43,0,1,0,0,benign,none
TXN00002573,340.1,pharmacy,credit_card,9,2,0,Union Bank,2025-07-11 09:35:00,0,59.5,0.877,0.097,4,2004.74,0,1,0,0,benign,none
TXN00003280,5644.97,pharmacy,UPI,8,6,1,HDFC,2025-08-12 08:19:00,0,12.1,0.937,0.12,4,1564.1,0,1,0,0,benign,none
TXN00003186,41.85,online_retail,debit_card,16,5,1,Airtel Payments Bank,2025-01-27 16:01:00,0,35.4,0.919,0.054,5,53.17,0,1,0,0,benign,none
TXN00003953,117.46,entertainment,UPI,18,0,0,Airtel Payments Bank,2025-01-30 18:54:00,1,42.1,0.924,0.005,1,608.85,0,1,0,0,benign,none
TXN00002768,1081.7,pharmacy,credit_card,16,1,0,HDFC,2025-03-03 16:07:00,1,49.9,0.887,0.067,6,5.15,0,1,0,0,benign,none
TXN00004831,10.0,grocery,UPI,19,2,0,SBI,2025-10-07 19:56:00,0,53.5,0.891,0.008,7,15.78,0,1,0,0,benign,none
TXN00004223,28.6,travel,UPI,16,1,0,Axis,2025-12-05 16:48:00,0,36.1,0.91,0.014,2,432.82,0,1,0,0,benign,none
TXN00002106,3046.01,restaurant,credit_card,10,6,1,BOI,2025-06-06 10:06:00,0,39.0,0.908,0.045,7,205.34,0,1,0,0,benign,none
TXN00002679,554.02,education,debit_card,9,3,0,ICICI,2025-05-21 09:07:00,0,68.9,0.869,0.019,3,13.12,0,1,0,0,benign,none
TXN00002761,13.32,grocery,UPI,10,3,0,Paytm Payments Bank,2025-03-27 10:53:00,0,46.8,0.944,0.024,4,71.79,0,1,0,0,benign,none
TXN00004688,172.26,electronics,UPI,18,4,0,Union Bank,2025-08-25 18:55:00,0,71.4,0.918,0.048,7,50.04,0,1,0,0,benign,none
TXN00001387,34.61,grocery,UPI,15,0,0,Airtel Payments Bank,2025-12-03 15:57:00,0,35.7,0.93,0.048,5,1674.6,0,1,0,0,benign,none
TXN00002901,19.46,pharmacy,debit_card,21,6,1,Paytm Payments Bank,2025-09-07 21:25:00,0,39.6,0.963,0.042,3,18.01,0,1,0,0,benign,none
TXN00003577,342.03,clothing,credit_card,8,4,0,BOI,2025-12-22 08:11:00,0,5.4,0.951,0.009,3,560.3,0,1,0,0,benign,none
TXN00001279,165.26,travel,UPI,8,1,0,HDFC,2025-08-24 08:20:00,0,31.6,0.945,0.08,7,170.66,0,1,0,0,benign,none
TXN00000804,2482.93,grocery,UPI,8,5,1,Kotak,2025-02-16 08:20:00,0,25.2,0.927,0.074,7,1062.79,0,1,0,0,benign,none
TXN00001555,78.96,travel,UPI,12,0,0,BOI,2025-11-05 12:32:00,0,15.7,0.991,0.093,0,48.08,0,1,0,0,benign,none
TXN00003190,18.92,healthcare,UPI,10,5,1,BOI,2025-01-16 10:37:00,0,64.2,0.914,0.027,2,122.96,0,1,0,0,benign,none
TXN00004566,10.0,pharmacy,debit_card,20,4,0,HDFC,2025-09-22 20:58:00,0,24.9,0.87,0.056,6,14.87,0,1,0,0,benign,none
TXN00004802,238.46,pharmacy,credit_card,4,3,0,BOI,2025-09-30 04:01:00,0,46.0,0.915,0.023,6,258.41,0,1,0,0,benign,none
TXN00004841,40.25,pharmacy,UPI,8,3,0,BOI,2025-12-20 08:57:00,1,26.4,0.879,0.108,2,1072.95,0,1,0,0,benign,none
TXN00003594,124.23,travel,UPI,2,5,1,ICICI,2025-10-14 02:39:00,1,32.0,0.973,0.075,4,489.05,0,1,0,0,benign,none
TXN00004177,448.51,grocery,UPI,16,1,0,Paytm Payments Bank,2025-03-03 16:25:00,0,68.9,0.939,0.023,4,1593.05,0,1,1,0,benign,none
TXN00001308,10.0,fuel,UPI,7,0,0,HDFC,2025-04-25 07:35:00,0,9.0,0.98,0.026,6,16.82,0,0,0,0,benign,none
TXN00003452,8051.07,utilities,debit_card,12,2,0,Axis,2025-03-06 12:19:00,0,46.1,0.902,0.031,7,1417.18,0,1,0,0,benign,none
TXN00003695,59.05,restaurant,credit_card,20,3,0,Paytm Payments Bank,2025-08-28 20:42:00,1,49.0,0.897,0.066,5,187.31,0,1,0,0,benign,none
TXN00004242,37.06,restaurant,debit_card,13,0,0,Union Bank,2025-08-25 13:06:00,0,33.8,0.944,0.081,0,90.74,0,1,0,0,benign,none
TXN00002198,166.12,education,wallet,10,3,0,ICICI,2025-03-18 10:21:00,0,65.6,0.986,0.099,6,4721.23,0,1,0,0,benign,none
TXN00004425,906.47,restaurant,UPI,16,2,0,Axis,2025-12-09 16:05:00,0,63.1,0.945,0.003,4,27.93,0,1,0,0,benign,none
TXN00000943,2122.93,clothing,credit_card,10,4,0,Axis,2025-04-17 10:40:00,0,17.8,0.958,0.089,0,163.8,0,1,0,0,benign,none
TXN00000822,30.21,clothing,UPI,19,5,1,PNB,2025-01-13 19:50:00,0,39.1,0.997,0.104,0,227.2,0,1,0,0,benign,none
TXN00004547,2291.8,online_retail,debit_card,21,0,0,Kotak,2025-02-08 21:43:00,0,31.0,1.0,0.092,2,512.48,0,1,0,0,benign,none
TXN00002538,739.51,utilities,credit_card,14,5,1,Kotak,2025-03-13 14:08:00,0,37.6,0.989,0.068,0,96.72,1,1,0,0,benign,none
TXN00003054,108.62,electronics,debit_card,20,2,0,Axis,2025-02-18 20:09:00,0,12.2,0.863,0.027,2,443.41,0,1,0,0,benign,none
TXN00003675,8538.48,fuel,net_banking,13,5,1,Axis,2025-10-21 13:09:00,0,65.0,0.998,0.112,3,35.38,0,1,0,0,benign,none
TXN00003300,658.82,grocery,UPI,20,1,0,Axis,2025-06-08 20:44:00,0,13.9,0.863,0.106,7,2373.96,0,1,0,0,benign,none
TXN00003310,98.39,healthcare,UPI,2,6,1,BOI,2025-07-20 02:29:00,0,70.2,0.868,0.113,2,636.02,0,1,0,0,benign,none
TXN00000832,32.14,utilities,credit_card,4,1,0,Union Bank,2025-04-06 04:32:00,1,55.4,0.981,0.015,1,267.07,0,1,0,0,benign,none
TXN00003462,22.94,healthcare,UPI,0,1,0,Airtel Payments Bank,2025-01-15 00:51:00,0,59.9,0.935,0.051,5,91.72,0,1,0,0,benign,none
TXN00000054,104.93,restaurant,UPI,5,2,0,PNB,2025-01-22 05:10:00,0,38.8,0.921,0.071,2,175.56,0,1,0,0,benign,none
TXN00003451,869.17,utilities,UPI,19,5,1,Kotak,2025-03-21 19:27:00,0,58.3,0.981,0.029,0,247.82,1,1,0,0,benign,none
TXN00001481,674.49,electronics,debit_card,10,5,1,Kotak,2025-06-24 10:54:00,0,39.6,0.932,0.11,6,39.47,0,1,0,0,benign,none
TXN00004873,28.27,online_retail,debit_card,11,2,0,BOI,2025-06-12 11:30:00,0,10.5,0.956,0.046,4,455.87,0,1,0,0,benign,none
TXN00003335,147.46,grocery,debit_card,21,5,1,ICICI,2025-04-08 21:43:00,0,24.5,0.892,0.12,5,205.22,0,1,0,0,benign,none
TXN00004926,2106.48,grocery,UPI,12,2,0,SBI,2025-03-12 12:46:00,0,19.4,0.881,0.07,1,154.45,0,1,0,0,benign,none
TXN00000768,24.44,utilities,credit_card,6,3,0,Kotak,2025-05-06 06:59:00,0,16.5,0.937,0.074,2,963.61,0,1,0,0,benign,none
TXN00002065,179.26,pharmacy,credit_card,10,5,1,SBI,2025-11-02 10:13:00,0,22.0,0.902,0.1,3,147.06,0,1,0,0,benign,none
TXN00004524,1588.68,restaurant,UPI,13,6,1,Paytm Payments Bank,2025-11-05 13:56:00,0,71.5,0.854,0.077,0,415.79,0,1,0,0,benign,none
TXN00002717,327.49,clothing,net_banking,18,5,1,ICICI,2025-01-22 18:53:00,0,55.9,0.896,0.019,0,1383.5,0,1,0,0,benign,none
TXN00002079,47.12,grocery,UPI,11,1,0,Paytm Payments Bank,2025-09-06 11:58:00,0,14.7,0.856,0.072,7,35.77,0,1,0,0,benign,none
TXN00000951,551.8,fuel,credit_card,1,1,0,PNB,2025-05-17 01:57:00,0,63.4,0.933,0.088,1,908.74,0,1,0,0,benign,none
TXN00002482,361.91,education,UPI,14,4,0,Kotak,2025-07-08 14:01:00,0,4.5,0.87,0.072,6,189.04,0,1,0,0,benign,none
TXN00001759,277.76,grocery,debit_card,5,5,1,HDFC,2025-12-13 05:33:00,0,0.4,0.998,0.068,6,553.44,0,1,0,0,benign,none
TXN00004422,18.93,grocery,debit_card,14,2,0,BOI,2025-08-04 14:02:00,0,63.5,0.872,0.076,3,115.52,0,1,0,0,benign,none
TXN00003701,49.17,electronics,UPI,16,1,0,ICICI,2025-03-24 16:12:00,1,59.6,0.931,0.106,4,989.4,0,1,0,0,benign,none
TXN00004243,63.2,travel,debit_card,18,3,0,BOI,2025-04-05 18:52:00,0,64.2,0.989,0.012,5,383.99,0,1,0,0,benign,none
TXN00000688,107.13,restaurant,debit_card,18,3,0,Paytm Payments Bank,2025-07-26 18:19:00,0,0.5,0.942,0.086,1,14.54,0,1,0,0,benign,none
TXN00003432,132.47,electronics,UPI,17,6,1,SBI,2025-07-23 17:42:00,0,41.8,0.898,0.094,6,238.73,1,1,0,0,benign,none
TXN00004944,183.06,grocery,debit_card,21,5,1,SBI,2025-06-15 21:22:00,0,28.3,0.997,0.022,6,391.87,0,1,0,0,benign,none
TXN00000966,154.39,grocery,debit_card,9,5,1,ICICI,2025-03-21 09:47:00,0,39.8,0.991,0.027,3,47.58,1,1,0,0,benign,none
TXN00002713,31.43,grocery,credit_card,15,5,1,SBI,2025-01-08 15:13:00,0,2.3,0.938,0.063,5,337.07,0,1,0,0,benign,none
TXN00004757,1138.98,fuel,net_banking,8,1,0,HDFC,2025-09-17 08:44:00,0,67.5,0.853,0.11,1,2.98,0,1,0,0,benign,none
TXN00003572,470.54,pharmacy,UPI,3,6,1,Kotak,2025-03-02 03:46:00,0,33.6,0.901,0.031,5,54.98,0,1,0,0,benign,none
TXN00001990,494.38,utilities,credit_card,15,2,0,Paytm Payments Bank,2025-05-05 15:19:00,1,2.9,0.964,0.024,4,79.35,0,1,0,0,benign,none
TXN00001205,72.71,clothing,debit_card,20,1,0,PNB,2025-02-16 20:20:00,0,41.9,0.906,0.017,6,76.99,0,1,0,0,benign,none
TXN00004971,19.21,grocery,UPI,8,4,0,HDFC,2025-01-28 08:06:00,0,67.6,0.975,0.112,0,55.49,0,1,0,0,benign,none
TXN00003600,1398.06,restaurant,UPI,13,6,1,HDFC,2025-04-26 13:31:00,0,12.2,0.907,0.067,5,56.12,1,1,0,0,benign,none
TXN00001625,1877.5,grocery,debit_card,15,3,0,Airtel Payments Bank,2025-09-05 15:35:00,0,11.9,0.907,0.017,0,91.76,0,1,0,0,benign,none
TXN00000536,92.78,travel,debit_card,19,6,1,PNB,2025-06-15 19:26:00,0,6.5,0.994,0.084,4,58.99,0,1,0,0,benign,none
TXN00004212,663.13,restaurant,UPI,15,5,1,Airtel Payments Bank,2025-05-26 15:49:00,0,66.9,0.954,0.004,3,4039.61,0,1,0,0,benign,none
TXN00003507,547.79,fuel,UPI,12,3,0,ICICI,2025-09-20 12:23:00,0,13.2,0.888,0.095,5,73.84,0,1,0,0,benign,none
TXN00002708,421.6,entertainment,credit_card,8,2,0,HDFC,2025-12-20 08:15:00,0,8.3,0.955,0.084,3,14.47,0,1,0,0,benign,none
TXN00004662,678.95,electronics,UPI,9,3,0,BOI,2025-11-14 09:00:00,1,9.5,0.89,0.062,3,41.05,0,1,0,0,benign,none
TXN00004021,469.31,clothing,UPI,9,1,0,Axis,2025-03-27 09:29:00,0,55.9,0.865,0.08,5,280.89,1,1,0,0,benign,none
TXN00001854,575.49,utilities,debit_card,2,0,0,Paytm Payments Bank,2025-01-22 02:47:00,0,34.3,0.956,0.004,3,128.58,0,1,0,0,benign,none
TXN00002872,35.43,education,UPI,20,2,0,Union Bank,2025-11-19 20:24:00,1,51.1,0.965,0.102,7,311.63,0,1,0,0,benign,none
TXN00003030,204.44,fuel,credit_card,14,1,0,PNB,2025-03-18 14:45:00,0,28.0,0.861,0.025,6,1765.86,1,1,0,0,benign,none
TXN00001645,269.41,education,UPI,19,3,0,Airtel Payments Bank,2025-12-24 19:49:00,0,9.3,0.945,0.068,4,337.96,0,1,0,0,benign,none
TXN00003417,1339.36,grocery,UPI,7,0,0,HDFC,2025-09-26 07:31:00,1,46.8,0.889,0.095,3,1092.49,0,1,0,0,benign,none
TXN00003476,10.0,pharmacy,UPI,16,5,1,Kotak,2025-07-17 16:04:00,0,44.4,0.957,0.083,2,70.61,0,1,0,0,benign,none
TXN00001792,400.58,pharmacy,debit_card,18,6,1,BOI,2025-12-09 18:46:00,0,32.0,0.994,0.025,6,174.08,1,1,0,0,benign,none
TXN00003797,36.61,fuel,credit_card,20,1,0,Airtel Payments Bank,2025-09-03 20:26:00,0,34.8,0.941,0.104,4,35.64,0,1,0,0,benign,none
TXN00003368,422.24,grocery,UPI,17,2,0,ICICI,2025-10-27 17:27:00,0,47.1,0.906,0.048,1,2021.5,0,1,0,0,benign,none
TXN00000126,3408.22,travel,debit_card,9,2,0,PNB,2025-12-25 09:20:00,0,67.1,0.974,0.052,1,930.21,1,1,0,0,benign,none
TXN00003876,32.4,restaurant,wallet,13,3,0,Kotak,2025-06-24 13:47:00,1,53.0,0.884,0.002,1,217.54,0,1,0,0,benign,none
TXN00004451,156.9,travel,credit_card,12,1,0,Axis,2025-07-07 12:01:00,0,16.8,0.992,0.028,7,113.66,0,1,0,0,benign,none
TXN00003531,174.83,utilities,UPI,22,6,1,Kotak,2025-12-21 22:22:00,0,12.8,0.999,0.105,2,39.94,0,1,0,0,benign,none
TXN00000827,198.01,fuel,debit_card,11,1,0,HDFC,2025-03-14 11:53:00,1,15.6,0.889,0.046,0,34.01,1,1,0,0,benign,none
TXN00000984,480.05,grocery,UPI,22,0,0,Axis,2025-10-12 22:39:00,0,30.4,0.876,0.022,3,99.32,0,1,0,0,benign,none
TXN00002443,926.53,pharmacy,credit_card,10,2,0,SBI,2025-08-30 10:30:00,1,35.8,0.916,0.09,2,167.38,0,1,0,0,benign,none
TXN00000345,10.0,healthcare,debit_card,19,2,0,PNB,2025-11-18 19:35:00,0,54.0,0.875,0.117,4,20.26,0,1,0,0,benign,none
TXN00000814,79.0,electronics,UPI,14,0,0,Union Bank,2025-03-01 14:29:00,0,52.5,0.997,0.1,7,6.41,0,1,0,0,benign,none
TXN00002116,273.93,education,UPI,15,5,1,Airtel Payments Bank,2025-10-22 15:30:00,1,1.6,0.985,0.017,3,1533.78,0,1,0,0,benign,none
TXN00000793,494.86,grocery,credit_card,10,4,0,SBI,2025-08-22 10:14:00,1,13.1,0.907,0.117,1,637.16,0,1,0,0,benign,none
TXN00002674,158.97,restaurant,debit_card,18,0,0,Paytm Payments Bank,2025-09-06 18:11:00,0,66.6,0.958,0.113,7,25.84,0,1,0,0,benign,none
TXN00000094,11.74,electronics,debit_card,12,6,1,Kotak,2025-10-23 12:15:00,0,2.0,0.91,0.013,0,12.98,0,1,0,0,benign,none
TXN00004225,520.0,grocery,UPI,12,0,0,Airtel Payments Bank,2025-09-02 12:15:00,0,46.2,0.951,0.089,6,1225.74,0,1,0,0,benign,none
TXN00003756,171.08,grocery,debit_card,17,2,0,SBI,2025-06-05 17:18:00,0,65.6,0.891,0.005,3,448.73,0,1,0,0,benign,none
TXN00002891,522.65,electronics,debit_card,17,3,0,ICICI,2025-11-17 17:59:00,0,41.0,0.964,0.118,0,36.4,0,1,0,0,benign,none
TXN00002371,159.3,electronics,UPI,18,1,0,SBI,2025-07-06 18:10:00,0,26.7,0.901,0.046,2,38.05,0,1,0,0,benign,none
TXN00003228,741.04,restaurant,net_banking,5,6,1,Union Bank,2025-06-29 05:56:00,0,58.0,0.878,0.082,4,278.58,0,0,0,0,benign,none
TXN00001865,324.74,travel,credit_card,15,2,0,Union Bank,2025-05-29 15:10:00,0,24.5,0.957,0.035,1,118.76,0,1,0,0,benign,none
TXN00004612,114.34,electronics,debit_card,8,1,0,Kotak,2025-08-31 08:44:00,0,71.4,0.941,0.106,1,164.17,1,1,0,0,benign,none
TXN00002645,184.65,grocery,wallet,18,0,0,Axis,2025-06-10 18:21:00,0,58.5,0.961,0.005,4,88.22,0,1,0,0,benign,none
TXN00002243,1334.98,utilities,UPI,8,3,0,SBI,2025-07-30 08:09:00,0,56.5,0.925,0.073,4,219.28,0,1,0,0,benign,none
TXN00002336,35645.73,restaurant,UPI,19,0,0,SBI,2025-10-04 19:19:00,0,12.0,0.9,0.016,0,143.77,0,1,0,0,benign,none
TXN00000950,11.0,electronics,credit_card,5,5,1,Axis,2025-01-21 05:03:00,0,37.0,0.897,0.111,0,10.75,0,1,0,0,benign,none
TXN00001120,550.36,grocery,credit_card,8,3,0,PNB,2025-08-22 08:35:00,0,52.7,0.995,0.025,6,101.3,0,1,0,0,benign,none
TXN00002204,1712.21,clothing,UPI,11,5,1,Airtel Payments Bank,2025-05-13 11:45:00,1,19.1,0.887,0.113,4,86.36,0,1,0,0,benign,none
TXN00000419,2797.42,grocery,UPI,21,2,0,Paytm Payments Bank,2025-05-18 21:58:00,0,55.8,0.927,0.039,0,158.89,0,1,0,0,benign,none
TXN00000922,303.26,clothing,credit_card,23,2,0,PNB,2025-02-25 23:15:00,0,12.2,0.946,0.032,7,17.34,0,1,0,0,benign,none
TXN00001202,521.34,pharmacy,UPI,7,4,0,SBI,2025-01-13 07:50:00,1,54.9,0.984,0.098,4,10.51,0,0,0,0,benign,none
TXN00001970,160.05,online_retail,UPI,14,1,0,HDFC,2025-06-09 14:58:00,0,47.9,0.856,0.097,4,528.69,0,1,0,0,benign,none
TXN00004018,137.31,clothing,UPI,8,0,0,SBI,2025-03-27 08:25:00,0,50.4,0.888,0.097,3,121.27,0,1,0,0,benign,none
TXN00003687,528.2,education,UPI,20,1,0,PNB,2025-12-03 20:57:00,0,31.0,0.874,0.099,3,708.87,0,1,1,0,benign,none
TXN00001997,207.52,restaurant,UPI,9,4,0,HDFC,2025-07-20 09:24:00,0,5.7,0.851,0.096,3,618.73,0,1,0,0,benign,none
TXN00004033,714.02,grocery,credit_card,13,5,1,Kotak,2025-11-11 13:05:00,1,11.6,0.985,0.038,0,19.92,0,1,0,0,benign,none
TXN00001248,179.68,grocery,debit_card,17,6,1,Airtel Payments Bank,2025-10-26 17:54:00,0,41.4,0.974,0.034,7,1352.29,0,1,0,0,benign,none
TXN00002192,40.51,grocery,UPI,15,6,1,BOI,2025-08-03 15:00:00,0,51.9,0.975,0.104,1,236.73,0,1,0,0,benign,none
TXN00002712,213.88,restaurant,UPI,17,6,1,HDFC,2025-04-14 17:33:00,0,4.9,0.964,0.106,4,91.66,0,1,0,0,benign,none
TXN00002190,904.13,online_retail,UPI,10,2,0,Union Bank,2025-06-25 10:16:00,1,46.1,0.91,0.038,5,163.19,0,1,0,0,benign,none
TXN00004670,10.0,travel,UPI,7,1,0,Kotak,2025-09-10 07:11:00,0,60.8,0.861,0.025,3,149.69,0,1,0,0,benign,none
TXN00002136,383.02,restaurant,UPI,20,3,0,HDFC,2025-12-06 20:53:00,0,16.8,0.89,0.109,3,96.53,1,1,0,0,benign,none
TXN00001065,219.54,grocery,wallet,17,1,0,SBI,2025-12-27 17:30:00,0,65.9,0.899,0.036,0,224.79,0,1,0,0,benign,none
TXN00000600,618.77,entertainment,net_banking,5,4,0,SBI,2025-11-17 05:40:00,0,25.8,0.939,0.058,1,36.24,0,1,0,0,benign,none
TXN00004227,8186.57,restaurant,UPI,17,6,1,SBI,2025-10-10 17:09:00,0,56.0,0.998,0.114,0,31.19,0,1,0,0,benign,none
TXN00000077,325.5,travel,UPI,18,5,1,BOI,2025-11-24 18:46:00,0,71.7,0.872,0.087,1,87.29,0,1,0,0,benign,none
TXN00002898,51.78,travel,UPI,15,1,0,Kotak,2025-07-25 15:45:00,0,47.7,0.903,0.048,0,395.46,0,1,0,0,benign,none
TXN00004820,104.82,healthcare,debit_card,9,3,0,Kotak,2025-09-25 09:14:00,0,57.9,0.9,0.1,5,115.94,0,1,0,0,benign,none
TXN00003391,10.94,utilities,credit_card,13,4,0,Union Bank,2025-08-08 13:43:00,0,27.8,0.903,0.111,0,9.98,0,1,0,0,benign,none
TXN00002560,466.9,travel,UPI,16,6,1,SBI,2025-02-25 16:48:00,1,60.8,0.863,0.048,1,300.25,0,1,0,0,benign,none
TXN00002635,2150.31,entertainment,UPI,7,5,1,HDFC,2025-06-29 07:42:00,0,8.0,0.986,0.096,5,146.04,0,1,0,0,benign,none
TXN00003530,4064.86,online_retail,UPI,21,5,1,Axis,2025-07-11 21:07:00,1,56.8,0.93,0.082,1,445.76,0,0,0,0,benign,none
TXN00001908,105.04,electronics,net_banking,20,2,0,Axis,2025-08-23 20:09:00,0,70.3,0.971,0.036,6,760.17,0,0,0,0,benign,none
TXN00000235,75.38,travel,UPI,15,2,0,Airtel Payments Bank,2025-03-30 15:02:00,0,10.6,0.918,0.096,2,308.39,0,1,0,0,benign,none
TXN00001604,139.46,clothing,debit_card,11,3,0,ICICI,2025-08-11 11:58:00,0,15.8,0.889,0.007,6,1410.02,0,1,0,0,benign,none
TXN00003490,27.6,clothing,debit_card,18,5,1,BOI,2025-03-03 18:31:00,0,44.0,0.933,0.045,4,33.7,0,1,0,0,benign,none
TXN00001994,286.62,restaurant,debit_card,20,0,0,Union Bank,2025-05-15 20:02:00,1,34.5,0.872,0.054,3,753.33,1,1,0,0,benign,none
TXN00002824,248.77,fuel,debit_card,9,5,1,SBI,2025-12-04 09:20:00,0,39.8,0.86,0.026,5,2003.73,0,1,0,0,benign,none
TXN00001342,539.25,grocery,credit_card,10,6,1,BOI,2025-05-17 10:29:00,0,41.2,0.975,0.025,3,169.22,0,1,0,0,benign,none
TXN00001619,62.28,travel,credit_card,15,1,0,ICICI,2025-05-08 15:03:00,0,50.0,0.925,0.081,2,93.09,1,1,1,0,benign,none
TXN00002060,18.09,healthcare,credit_card,12,2,0,Airtel Payments Bank,2025-04-22 12:47:00,0,33.3,0.879,0.069,5,18.48,0,1,0,0,benign,none
TXN00002219,16.88,restaurant,debit_card,14,0,0,SBI,2025-05-22 14:03:00,0,43.1,0.905,0.021,2,331.26,0,1,0,0,benign,none
TXN00000260,159.38,restaurant,net_banking,17,0,0,Kotak,2025-06-16 17:41:00,1,13.3,0.936,0.082,2,85.67,0,1,0,0,benign,none
TXN00003744,37776.97,utilities,UPI,13,4,0,Airtel Payments Bank,2025-08-16 13:02:00,0,35.7,0.887,0.059,5,834.46,0,1,0,0,benign,none
TXN00002026,676.73,restaurant,credit_card,18,2,0,Kotak,2025-05-06 18:50:00,0,34.6,0.88,0.016,7,30.77,0,1,0,0,benign,none
TXN00004234,2236.76,utilities,UPI,10,6,1,BOI,2025-10-20 10:23:00,0,55.2,0.89,0.02,3,419.7,1,1,0,0,benign,none
TXN00001917,1549.41,grocery,UPI,20,5,1,Kotak,2025-08-01 20:57:00,0,55.4,0.86,0.112,7,20.87,0,1,0,0,benign,none
TXN00001828,50.55,online_retail,net_banking,20,1,0,HDFC,2025-01-02 20:43:00,1,33.3,0.855,0.097,2,53.91,0,1,0,0,benign,none
TXN00004208,1844.25,pharmacy,debit_card,15,3,0,PNB,2025-09-11 15:39:00,0,70.8,0.999,0.029,3,49.65,0,1,0,0,benign,none
TXN00000224,287.98,fuel,debit_card,6,4,0,Union Bank,2025-06-22 06:32:00,0,47.6,0.862,0.038,5,488.75,0,1,0,0,benign,none
TXN00000846,74752.4,grocery,credit_card,10,4,0,HDFC,2025-02-14 10:44:00,0,22.0,0.855,0.063,3,42.27,0,1,0,0,benign,none
TXN00004289,515.39,electronics,debit_card,11,0,0,Union Bank,2025-03-30 11:27:00,0,0.4,0.915,0.027,1,34.67,0,1,0,0,benign,none
TXN00002551,201.38,electronics,debit_card,21,5,1,Kotak,2025-09-13 21:22:00,0,34.7,0.985,0.024,3,90.22,0,1,0,0,benign,none
TXN00000117,254.51,pharmacy,UPI,12,4,0,HDFC,2025-05-31 12:20:00,0,70.2,0.96,0.047,1,89.63,0,1,0,0,benign,none
TXN00000005,23.48,fuel,UPI,12,0,0,Axis,2025-06-14 12:31:00,0,35.0,0.937,0.064,7,339.82,0,1,0,0,benign,none
TXN00004324,45.61,utilities,credit_card,10,3,0,Union Bank,2025-06-22 10:50:00,0,8.9,0.982,0.055,3,272.43,0,1,0,0,benign,none
TXN00001063,1878.11,healthcare,debit_card,9,5,1,Airtel Payments Bank,2025-02-27 09:19:00,0,41.5,0.914,0.059,7,475.99,0,1,0,0,benign,none
TXN00002590,54.61,travel,wallet,19,4,0,SBI,2025-03-27 19:14:00,0,3.1,0.946,0.087,2,50.73,0,1,0,0,benign,none
TXN00003735,109.6,healthcare,credit_card,20,6,1,Kotak,2025-06-04 20:45:00,0,46.6,0.989,0.083,3,903.94,1,1,0,0,benign,none
TXN00003517,219.61,grocery,debit_card,14,4,0,Axis,2025-04-14 14:10:00,0,54.6,0.885,0.023,3,183.22,1,1,0,0,benign,none
TXN00001605,2820.35,grocery,UPI,3,2,0,PNB,2025-10-07 03:00:00,0,49.4,0.953,0.017,4,291.28,0,1,0,0,benign,none
TXN00001733,18.25,online_retail,wallet,8,6,1,Union Bank,2025-01-31 08:55:00,0,13.3,0.955,0.06,7,2011.28,0,1,0,0,benign,none
TXN00003812,94.79,restaurant,credit_card,21,1,0,Paytm Payments Bank,2025-09-16 21:54:00,0,13.1,0.854,0.023,2,2456.21,0,1,1,0,benign,none
TXN00001761,60.36,fuel,debit_card,11,0,0,Union Bank,2025-10-03 11:42:00,0,3.9,0.912,0.11,5,21.25,0,1,0,0,benign,none
TXN00002739,2998.08,grocery,credit_card,15,0,0,Kotak,2025-11-23 15:50:00,1,49.1,0.854,0.028,6,347.9,0,1,0,0,benign,none
TXN00002472,441.4,grocery,UPI,19,3,0,Airtel Payments Bank,2025-09-01 19:47:00,0,64.6,0.91,0.087,5,18.32,0,1,1,0,benign,none
TXN00004206,248.62,grocery,net_banking,5,4,0,Axis,2025-07-07 05:00:00,0,51.9,0.995,0.068,3,80.22,0,1,0,0,benign,none
TXN00000232,431.85,restaurant,UPI,16,0,0,SBI,2025-03-21 16:14:00,0,68.6,0.855,0.05,6,46.26,0,1,0,0,benign,none
TXN00003596,113.34,entertainment,credit_card,5,4,0,Airtel Payments Bank,2025-10-12 05:26:00,1,23.5,0.935,0.083,4,26.12,0,0,0,0,benign,none
TXN00004632,48.74,utilities,wallet,2,5,1,Airtel Payments Bank,2025-09-23 02:12:00,0,5.9,0.868,0.062,6,1176.31,0,1,0,0,benign,none
TXN00000125,465.15,education,UPI,13,0,0,Kotak,2025-09-11 13:51:00,0,7.7,0.97,0.049,1,448.72,0,1,0,0,benign,none
TXN00001296,14.35,travel,UPI,9,1,0,Kotak,2025-04-19 09:33:00,0,47.7,0.933,0.076,2,71.12,0,1,1,0,benign,none
TXN00001976,10.0,restaurant,credit_card,11,0,0,BOI,2025-11-17 11:16:00,0,45.7,0.946,0.077,7,53.52,0,1,0,0,benign,none
TXN00003086,30.23,grocery,UPI,11,1,0,ICICI,2025-01-27 11:58:00,0,9.8,0.881,0.027,3,144.44,0,1,0,0,benign,none
TXN00003345,161.05,clothing,credit_card,11,1,0,SBI,2025-06-03 11:33:00,0,5.0,0.943,0.114,3,21.63,0,1,0,0,benign,none
TXN00002797,153.92,restaurant,UPI,21,3,0,Axis,2025-03-02 21:19:00,0,69.4,0.921,0.047,5,75.89,0,1,0,0,benign,none
TXN00000918,2847.43,restaurant,credit_card,12,1,0,HDFC,2025-11-20 12:54:00,0,29.8,0.871,0.113,0,1649.68,0,1,0,0,benign,none
TXN00001646,197.45,fuel,debit_card,13,2,0,SBI,2025-03-28 13:50:00,0,58.6,0.856,0.066,4,25.07,0,1,0,0,benign,none
TXN00004621,226.91,grocery,debit_card,15,5,1,SBI,2025-06-03 15:06:00,0,28.2,0.909,0.108,4,18.54,0,1,0,0,benign,none
TXN00000364,195.39,restaurant,net_banking,20,6,1,BOI,2025-05-02 20:41:00,0,12.0,0.914,0.031,2,3.25,0,1,1,0,benign,none
TXN00002125,346.45,electronics,UPI,20,6,1,ICICI,2025-10-02 20:21:00,0,3.8,0.879,0.087,7,79.95,0,1,0,0,benign,none
TXN00000055,77.48,utilities,UPI,8,2,0,Airtel Payments Bank,2025-05-31 08:05:00,0,6.7,0.97,0.098,1,16.39,0,1,0,0,benign,none
TXN00000638,694.51,travel,UPI,5,0,0,Union Bank,2025-09-03 05:53:00,1,38.5,0.932,0.051,5,611.74,0,1,0,0,benign,none
TXN00000302,1158.51,pharmacy,debit_card,0,5,1,BOI,2025-03-11 00:12:00,0,2.8,0.862,0.044,1,100.74,0,1,0,0,benign,none
TXN00001276,83.13,healthcare,net_banking,8,2,0,SBI,2025-06-20 08:20:00,0,4.0,0.95,0.017,2,1837.46,0,1,0,0,benign,none
TXN00004432,633.9,restaurant,credit_card,7,6,1,ICICI,2025-02-23 07:17:00,0,59.7,0.891,0.039,2,1852.49,0,1,0,0,benign,none
TXN00003644,149.43,fuel,wallet,12,2,0,Union Bank,2025-12-31 12:16:00,0,35.9,0.962,0.014,5,45.07,0,1,0,0,benign,none
TXN00004143,123.33,entertainment,UPI,8,0,0,SBI,2025-10-07 08:55:00,0,38.6,0.989,0.085,2,48.02,0,1,0,0,benign,none
TXN00002878,54.8,restaurant,credit_card,21,2,0,Union Bank,2025-09-12 21:09:00,1,71.2,0.929,0.118,5,3.7,0,1,0,0,benign,none
TXN00002593,883.06,entertainment,UPI,10,3,0,Axis,2025-04-22 10:16:00,0,12.0,0.97,0.062,0,8.36,0,1,0,0,benign,none
TXN00002393,426.6,grocery,UPI,17,0,0,BOI,2025-11-28 17:26:00,0,58.0,0.991,0.03,0,503.09,0,1,0,0,benign,none
TXN00000523,173.4,entertainment,credit_card,15,0,0,SBI,2025-11-05 15:24:00,0,44.7,0.979,0.045,6,322.81,0,1,0,0,benign,none
TXN00003900,777.57,education,credit_card,23,5,1,PNB,2025-06-18 23:09:00,1,15.9,0.91,0.081,1,1258.03,0,1,0,0,benign,none
TXN00000671,399.52,healthcare,credit_card,7,3,0,SBI,2025-05-03 07:39:00,0,35.4,0.993,0.104,2,525.47,0,1,0,0,benign,none
TXN00004188,66.05,restaurant,debit_card,16,1,0,Airtel Payments Bank,2025-03-16 16:21:00,0,37.8,0.984,0.01,5,36.35,0,1,0,0,benign,none
TXN00000666,13.35,utilities,UPI,19,0,0,Airtel Payments Bank,2025-03-13 19:58:00,1,67.9,0.881,0.022,2,269.9,0,1,0,0,benign,none
TXN00003266,10.0,restaurant,debit_card,15,2,0,Axis,2025-06-29 15:05:00,1,12.2,0.872,0.056,6,363.23,0,1,0,0,benign,none
TXN00001887,350.49,restaurant,credit_card,0,1,0,Kotak,2025-08-22 00:37:00,0,53.1,0.87,0.078,5,12.37,0,1,0,0,benign,none
TXN00000760,2320.17,grocery,credit_card,9,4,0,BOI,2025-05-07 09:27:00,1,14.1,0.903,0.096,4,62.0,0,1,0,0,benign,none
TXN00001906,259.37,travel,debit_card,9,4,0,HDFC,2025-08-31 09:53:00,0,59.7,0.852,0.052,0,98.53,0,1,0,0,benign,none
TXN00003818,4058.76,pharmacy,UPI,21,4,0,Airtel Payments Bank,2025-07-31 21:22:00,1,66.0,0.926,0.008,6,105.29,0,1,0,0,benign,none
TXN00004300,110.16,restaurant,debit_card,3,3,0,Airtel Payments Bank,2025-07-16 03:41:00,0,17.2,0.864,0.031,5,2866.15,1,1,0,0,benign,none
TXN00004164,163.04,utilities,debit_card,7,3,0,Airtel Payments Bank,2025-06-26 07:33:00,1,54.8,0.912,0.119,5,7.88,0,1,0,0,benign,none
TXN00003579,22.03,grocery,credit_card,10,6,1,SBI,2025-06-19 10:14:00,0,36.0,0.872,0.06,7,16.81,0,1,0,0,benign,none
TXN00002832,1403.74,fuel,UPI,5,2,0,Union Bank,2025-04-03 05:06:00,0,26.8,0.969,0.039,5,120.96,0,1,0,0,benign,none
TXN00003472,1758.01,travel,UPI,12,2,0,Union Bank,2025-11-28 12:01:00,0,67.6,0.935,0.078,0,759.89,0,1,0,0,benign,none
TXN00000137,1106.14,restaurant,debit_card,12,1,0,Kotak,2025-07-10 12:22:00,0,27.1,0.966,0.003,3,47.46,0,1,0,0,benign,none
TXN00004892,33.65,entertainment,debit_card,8,5,1,BOI,2025-08-18 08:20:00,0,9.3,0.988,0.052,2,227.24,0,1,0,0,benign,none
TXN00002180,11137.33,clothing,UPI,16,5,1,SBI,2025-01-16 16:40:00,0,40.7,0.994,0.092,4,174.96,0,1,0,0,benign,none
TXN00003177,336.57,pharmacy,UPI,0,4,0,BOI,2025-02-05 00:00:00,0,56.2,0.944,0.009,2,10.3,0,1,0,0,benign,none
TXN00004854,160.39,pharmacy,credit_card,7,2,0,PNB,2025-09-07 07:39:00,0,2.5,0.945,0.119,1,780.77,0,1,0,0,benign,none
TXN00004637,37.37,grocery,credit_card,6,2,0,ICICI,2025-11-26 06:20:00,0,38.4,0.853,0.042,6,265.74,0,1,0,0,benign,none
TXN00004261,1834.19,travel,credit_card,13,0,0,SBI,2025-10-02 13:37:00,0,36.8,0.868,0.072,5,89.57,0,1,0,0,benign,none
TXN00001331,35.35,education,UPI,13,5,1,BOI,2025-12-19 13:54:00,0,25.8,0.985,0.089,0,2169.78,0,1,0,0,benign,none
TXN00004530,1255.71,utilities,credit_card,19,2,0,Paytm Payments Bank,2025-08-31 19:04:00,0,19.3,0.985,0.082,0,1001.1,0,1,0,0,benign,none
TXN00004673,321.41,restaurant,debit_card,8,2,0,Union Bank,2025-09-20 08:00:00,0,65.5,0.891,0.099,1,99.77,0,1,0,0,benign,none
TXN00001252,58.3,clothing,UPI,17,2,0,Paytm Payments Bank,2025-08-26 17:53:00,0,9.0,0.984,0.041,2,568.43,0,1,1,0,benign,none
TXN00003374,241.07,electronics,UPI,14,4,0,BOI,2025-12-07 14:34:00,0,28.9,0.872,0.087,0,5.81,0,0,0,0,benign,none
TXN00002814,247.89,pharmacy,net_banking,10,6,1,Kotak,2025-02-07 10:22:00,1,44.2,0.967,0.097,4,24.17,0,1,0,0,benign,none
TXN00004719,323.31,grocery,credit_card,15,6,1,Kotak,2025-05-09 15:34:00,0,39.0,0.893,0.047,5,40.36,0,1,0,0,benign,none
TXN00004858,94.42,pharmacy,UPI,7,2,0,Airtel Payments Bank,2025-07-13 07:36:00,0,60.2,0.885,0.003,6,412.13,0,1,0,0,benign,none
TXN00001077,38429.46,fuel,debit_card,12,3,0,HDFC,2025-07-12 12:14:00,0,32.5,0.966,0.097,1,286.89,0,1,0,0,benign,none
TXN00004363,83.64,grocery,net_banking,18,6,1,PNB,2025-06-06 18:34:00,0,29.3,0.93,0.067,0,144.53,1,0,0,0,benign,none
TXN00000770,5498.29,restaurant,UPI,15,2,0,Axis,2025-03-08 15:52:00,0,52.9,0.952,0.005,2,37.84,0,1,0,0,benign,none
TXN00000249,29.7,healthcare,net_banking,8,5,1,Axis,2025-07-15 08:54:00,0,16.9,0.975,0.024,6,1431.68,0,1,0,0,benign,none
TXN00003419,2233.02,clothing,UPI,8,0,0,Axis,2025-01-28 08:57:00,1,63.2,0.96,0.007,6,184.14,0,1,0,0,benign,none
TXN00004976,319.49,education,net_banking,22,1,0,SBI,2025-10-30 22:56:00,0,35.8,0.874,0.07,7,321.22,1,1,0,0,benign,none
TXN00004544,676.19,restaurant,UPI,18,1,0,ICICI,2025-11-23 18:42:00,0,7.6,0.906,0.07,0,22.21,0,1,0,0,benign,none
TXN00000716,14.67,travel,UPI,13,6,1,HDFC,2025-11-29 13:52:00,0,23.5,0.98,0.006,7,503.18,0,1,0,0,benign,none
TXN00002048,294.14,grocery,UPI,2,2,0,Axis,2025-01-06 02:13:00,0,21.6,0.893,0.006,7,140.3,0,1,0,0,benign,none
TXN00004178,10.0,restaurant,wallet,7,5,1,Union Bank,2025-02-24 07:29:00,0,17.8,0.892,0.054,2,294.78,0,1,0,0,benign,none
TXN00004809,217.36,fuel,UPI,6,1,0,Airtel Payments Bank,2025-06-29 06:10:00,0,28.1,0.893,0.051,6,55.66,0,1,0,0,benign,none
TXN00001460,1384.82,restaurant,net_banking,15,1,0,SBI,2025-04-05 15:06:00,0,27.7,0.975,0.117,4,308.87,0,1,0,0,benign,none
TXN00002000,108.47,travel,UPI,0,0,0,Union Bank,2025-11-12 00:31:00,0,43.7,0.926,0.023,7,11154.42,0,1,0,0,benign,none
TXN00000404,625.22,education,UPI,20,5,1,SBI,2025-09-07 20:04:00,0,23.9,0.906,0.005,3,123.01,0,1,0,0,benign,none
TXN00000384,13.7,entertainment,net_banking,11,3,0,PNB,2025-11-03 11:34:00,0,10.5,0.969,0.04,6,192.55,0,1,0,0,benign,none
TXN00001633,237.3,restaurant,debit_card,12,4,0,HDFC,2025-01-16 12:54:00,0,37.4,0.951,0.091,7,401.9,0,1,0,0,benign,none
TXN00004784,276.54,entertainment,debit_card,17,1,0,SBI,2025-01-24 17:36:00,0,17.4,0.993,0.103,6,2386.44,0,1,0,0,benign,none
TXN00003925,1210.81,education,UPI,10,4,0,Paytm Payments Bank,2025-06-28 10:18:00,0,57.8,0.86,0.093,0,298.06,0,1,0,0,benign,none
TXN00004158,1626.79,fuel,UPI,21,3,0,SBI,2025-10-06 21:02:00,0,57.3,0.932,0.016,2,18.95,0,1,0,0,benign,none
TXN00002193,261.45,travel,credit_card,10,2,0,BOI,2025-03-13 10:05:00,0,1.7,0.989,0.056,3,1218.63,1,1,0,0,benign,none
TXN00001015,38.94,entertainment,UPI,21,5,1,ICICI,2025-01-17 21:00:00,0,39.5,0.852,0.038,3,221.15,0,1,0,0,benign,none
TXN00002871,72.28,fuel,wallet,7,1,0,Paytm Payments Bank,2025-04-01 07:53:00,0,65.1,0.959,0.001,1,55.88,0,1,0,0,benign,none
TXN00000009,52.7,clothing,debit_card,10,2,0,Paytm Payments Bank,2025-09-16 10:20:00,0,24.8,0.884,0.073,5,24.47,0,1,0,0,benign,none
TXN00001838,3501.34,restaurant,credit_card,20,3,0,Union Bank,2025-04-26 20:21:00,0,27.8,0.865,0.099,0,3027.38,0,1,0,0,benign,none
TXN00004804,106.54,utilities,UPI,22,4,0,SBI,2025-01-28 22:55:00,0,55.8,0.998,0.095,6,220.5,0,0,0,0,benign,none
TXN00000255,991.49,grocery,UPI,9,0,0,HDFC,2025-11-03 09:47:00,0,69.6,0.962,0.119,3,122.39,0,1,0,0,benign,none
TXN00003324,1259.14,clothing,UPI,2,0,0,Paytm Payments Bank,2025-04-01 02:12:00,0,31.1,0.932,0.035,0,83.92,0,1,0,0,benign,none
TXN00001581,185.78,restaurant,debit_card,22,4,0,PNB,2025-12-20 22:52:00,0,71.6,0.964,0.11,7,57.68,0,1,0,0,benign,none
TXN00000924,181.44,electronics,debit_card,11,5,1,SBI,2025-08-23 11:48:00,0,69.6,0.862,0.088,1,60.03,1,1,0,0,benign,none
TXN00002779,39.66,restaurant,UPI,11,1,0,Union Bank,2025-08-04 11:17:00,0,10.5,0.957,0.034,1,337.66,0,1,0,0,benign,none
TXN00003775,45.36,grocery,credit_card,9,5,1,BOI,2025-04-12 09:25:00,0,43.8,0.958,0.037,7,140.46,0,1,0,0,benign,none
TXN00004835,65.27,grocery,UPI,18,5,1,Axis,2025-10-28 18:44:00,0,5.0,0.908,0.032,6,58.78,0,1,0,0,benign,none
TXN00004964,76.0,pharmacy,debit_card,19,5,1,Union Bank,2025-08-30 19:59:00,0,10.2,0.947,0.045,0,2086.06,1,1,0,0,benign,none
TXN00000539,59.39,entertainment,UPI,12,4,0,Kotak,2025-01-22 12:01:00,0,38.8,0.953,0.002,1,66.55,0,1,0,0,benign,none
TXN00002745,1974.69,grocery,net_banking,1,1,0,BOI,2025-09-24 01:48:00,0,35.0,0.999,0.068,0,19.32,0,1,0,0,benign,none
TXN00003719,405.67,utilities,credit_card,8,3,0,ICICI,2025-03-28 08:32:00,1,14.9,0.997,0.081,3,42.96,0,1,0,0,benign,none
TXN00004468,19302.73,entertainment,debit_card,7,4,0,BOI,2025-07-24 07:40:00,0,47.8,0.902,0.097,2,165.19,0,1,0,0,benign,none
TXN00000667,582.73,grocery,UPI,19,2,0,ICICI,2025-12-14 19:34:00,1,32.7,0.897,0.06,2,140.55,0,1,0,0,benign,none
TXN00001353,461.61,clothing,credit_card,7,2,0,PNB,2025-11-20 07:10:00,0,63.3,0.885,0.079,3,17.98,1,1,0,0,benign,none
TXN00002703,2069.49,healthcare,credit_card,22,0,0,BOI,2025-12-22 22:55:00,0,57.3,0.891,0.112,1,1373.72,0,1,0,0,benign,none
TXN00003330,253.2,healthcare,credit_card,6,0,0,SBI,2025-01-21 06:10:00,0,12.9,0.999,0.107,6,100.24,0,1,0,0,benign,none
TXN00003584,426.75,clothing,UPI,12,1,0,SBI,2025-04-20 12:31:00,0,7.3,0.907,0.093,1,28.92,0,1,0,0,benign,none
TXN00003376,753.99,entertainment,UPI,20,5,1,Union Bank,2025-12-09 20:20:00,0,53.6,0.874,0.014,6,262.14,0,1,0,0,benign,none
TXN00001256,986.43,grocery,credit_card,20,2,0,Paytm Payments Bank,2025-12-17 20:16:00,0,67.8,0.86,0.04,6,723.23,0,1,0,0,benign,none
TXN00004175,97.56,utilities,UPI,7,2,0,Kotak,2025-07-27 07:33:00,0,53.8,0.855,0.009,7,553.55,0,1,0,0,benign,none
TXN00004910,60.6,entertainment,UPI,18,4,0,Paytm Payments Bank,2025-01-02 18:45:00,0,31.5,0.918,0.052,3,65.21,0,1,0,0,benign,none
TXN00001852,142.76,grocery,debit_card,21,4,0,ICICI,2025-06-08 21:01:00,0,62.5,0.885,0.047,7,2648.22,0,1,0,0,benign,none
TXN00002105,97.35,electronics,UPI,2,6,1,Paytm Payments Bank,2025-11-24 02:31:00,0,28.8,0.936,0.12,0,18.59,0,1,0,0,benign,none
TXN00000133,164.02,fuel,UPI,18,2,0,Axis,2025-07-01 18:55:00,0,5.4,0.881,0.112,3,1565.74,0,1,0,0,benign,none
TXN00000928,161.08,travel,UPI,13,1,0,Kotak,2025-04-05 13:16:00,0,44.7,0.867,0.029,6,367.27,0,1,0,0,benign,none
TXN00000823,10.0,utilities,UPI,4,2,0,PNB,2025-02-12 04:24:00,0,68.9,0.904,0.109,3,815.79,0,1,0,0,benign,none
TXN00001531,427.05,grocery,wallet,16,3,0,HDFC,2025-04-19 16:54:00,0,26.4,0.956,0.018,5,454.49,0,1,0,0,benign,none
TXN00001214,10.0,travel,debit_card,11,2,0,Paytm Payments Bank,2025-05-02 11:47:00,0,19.8,0.927,0.054,5,3590.83,0,1,0,0,benign,none
TXN00000504,10.0,pharmacy,UPI,15,0,0,Union Bank,2025-12-31 15:11:00,0,51.4,0.895,0.026,0,467.25,0,1,0,0,benign,none
TXN00003072,14.47,utilities,credit_card,21,3,0,PNB,2025-01-07 21:47:00,0,64.8,0.918,0.081,5,50.83,0,1,0,0,benign,none
TXN00003709,148.29,travel,wallet,5,1,0,Kotak,2025-01-27 05:15:00,1,68.5,0.97,0.116,3,472.51,0,1,0,0,benign,none
TXN00004849,255.75,grocery,UPI,18,5,1,Airtel Payments Bank,2025-12-17 18:57:00,1,63.5,0.854,0.011,7,60.69,0,1,0,0,benign,none
TXN00004748,36.92,healthcare,wallet,21,0,0,SBI,2025-09-14 21:16:00,0,40.8,0.902,0.118,1,95.57,0,1,0,0,benign,none
TXN00004268,1967.16,healthcare,credit_card,1,2,0,Airtel Payments Bank,2025-04-06 01:47:00,0,32.0,0.856,0.077,5,486.09,0,1,0,0,benign,none
TXN00004186,502.27,pharmacy,UPI,21,2,0,Axis,2025-08-03 21:02:00,0,20.4,0.865,0.048,6,216.34,0,1,0,0,benign,none
TXN00002923,76.71,grocery,UPI,21,2,0,SBI,2025-11-07 21:48:00,0,12.8,0.927,0.052,2,6787.6,0,1,0,0,benign,none
TXN00001810,10.0,healthcare,UPI,18,3,0,ICICI,2025-09-19 18:41:00,0,35.0,0.911,0.051,4,1124.05,0,0,0,0,benign,none
TXN00003486,915.28,fuel,UPI,18,5,1,HDFC,2025-02-15 18:41:00,0,4.6,0.993,0.045,1,74.32,0,1,0,0,benign,none
TXN00003141,57364.01,restaurant,UPI,19,5,1,SBI,2025-08-26 19:23:00,0,44.6,0.918,0.088,5,37.5,0,1,0,0,benign,none
TXN00001324,369.37,utilities,UPI,8,6,1,Union Bank,2025-06-05 08:47:00,0,38.6,0.94,0.115,1,58.42,1,1,1,0,benign,none
TXN00004312,264.6,restaurant,UPI,12,4,0,Kotak,2025-02-12 12:31:00,1,37.4,0.868,0.006,2,324.79,0,1,0,0,benign,none
TXN00001540,152.99,entertainment,UPI,20,0,0,PNB,2025-07-06 20:37:00,1,62.0,0.89,0.117,7,97.62,0,1,0,0,benign,none
TXN00002681,164.21,pharmacy,credit_card,11,2,0,Kotak,2025-08-04 11:48:00,0,44.4,0.934,0.092,7,61.16,0,1,0,0,benign,none
TXN00001191,1500.45,healthcare,UPI,21,3,0,Paytm Payments Bank,2025-12-06 21:41:00,0,65.4,0.96,0.027,4,67.12,0,1,0,0,benign,none
TXN00001542,374.85,grocery,UPI,20,5,1,Airtel Payments Bank,2025-07-14 20:42:00,0,61.3,0.915,0.027,0,74.68,1,1,0,0,benign,none
TXN00002539,762.22,fuel,net_banking,12,2,0,BOI,2025-10-19 12:07:00,0,0.1,0.918,0.081,1,628.28,0,1,0,0,benign,none
TXN00000953,30.19,clothing,UPI,19,3,0,Axis,2025-05-24 19:32:00,0,14.8,0.964,0.104,1,28.41,0,1,0,0,benign,none
TXN00004846,1241.73,grocery,UPI,15,2,0,Union Bank,2025-08-09 15:21:00,0,4.2,0.957,0.107,6,132.92,0,1,0,0,benign,none
TXN00004330,6676.91,restaurant,UPI,9,2,0,PNB,2025-05-19 09:49:00,0,18.0,0.871,0.119,2,511.53,1,1,0,0,benign,none
TXN00004729,135.92,grocery,debit_card,9,4,0,HDFC,2025-06-26 09:16:00,0,24.5,0.99,0.108,3,169.75,0,1,0,0,benign,none
TXN00002156,445.22,restaurant,net_banking,16,1,0,BOI,2025-05-12 16:14:00,0,60.7,0.878,0.092,7,138.39,0,1,0,0,benign,none
TXN00001062,107.59,pharmacy,UPI,16,1,0,HDFC,2025-05-08 16:43:00,1,25.1,0.99,0.029,5,14.22,0,1,0,0,benign,none
TXN00001167,6267.52,online_retail,UPI,11,1,0,Axis,2025-04-01 11:08:00,0,41.0,0.974,0.053,7,1028.72,0,1,0,0,benign,none
TXN00003636,152.25,online_retail,UPI,8,5,1,Kotak,2025-05-06 08:05:00,0,69.6,0.971,0.026,4,353.89,0,1,0,0,benign,none
TXN00004491,48.12,grocery,UPI,16,6,1,Kotak,2025-08-20 16:03:00,0,50.0,0.878,0.03,1,170.86,0,1,0,0,benign,none
TXN00004980,703.35,electronics,credit_card,18,6,1,Axis,2025-08-28 18:14:00,0,37.8,0.936,0.067,3,1785.54,0,1,0,0,benign,none
TXN00004946,2960.48,restaurant,UPI,21,6,1,ICICI,2025-01-22 21:29:00,0,14.1,0.926,0.058,7,395.06,0,1,0,0,benign,none
TXN00002782,603.02,restaurant,credit_card,16,6,1,PNB,2025-08-06 16:41:00,0,57.5,0.865,0.047,3,34.87,0,1,0,0,benign,none
TXN00000717,840.8,entertainment,credit_card,13,6,1,Airtel Payments Bank,2025-01-09 13:42:00,1,68.0,0.969,0.031,6,435.37,0,1,0,0,benign,none
TXN00002502,1503.58,travel,net_banking,7,5,1,BOI,2025-04-11 07:47:00,0,31.4,0.946,0.093,2,102.09,0,1,0,0,benign,none
TXN00004360,461.48,fuel,UPI,11,4,0,BOI,2025-03-25 11:12:00,0,71.8,0.918,0.007,3,145.85,0,1,0,0,benign,none
TXN00004171,729.75,entertainment,debit_card,17,2,0,Airtel Payments Bank,2025-01-14 17:25:00,0,38.1,0.968,0.113,2,143.81,0,1,0,0,benign,none
TXN00000395,313.82,healthcare,UPI,8,6,1,Axis,2025-11-14 08:41:00,0,14.4,0.955,0.062,2,165.09,0,1,0,0,benign,none
TXN00004492,65.14,restaurant,credit_card,9,5,1,HDFC,2025-07-14 09:47:00,0,3.4,0.854,0.095,7,69.89,0,1,0,0,benign,none
TXN00001365,482.27,grocery,credit_card,9,0,0,SBI,2025-06-24 09:03:00,0,16.9,0.857,0.039,2,257.99,0,1,0,0,benign,none
TXN00004968,134.48,pharmacy,UPI,13,6,1,ICICI,2025-02-06 13:08:00,0,25.7,0.938,0.025,5,402.71,0,1,0,0,benign,none
TXN00002914,465.57,fuel,UPI,20,0,0,ICICI,2025-06-29 20:06:00,0,50.7,0.952,0.022,1,153.25,0,1,0,0,benign,none
TXN00003766,1292.66,travel,wallet,15,3,0,BOI,2025-08-13 15:22:00,0,0.4,0.878,0.081,0,132.72,0,1,0,0,benign,none
TXN00003440,8673.85,fuel,UPI,9,1,0,Paytm Payments Bank,2025-10-19 09:11:00,0,57.7,0.914,0.07,2,482.51,0,1,0,0,benign,none
TXN00002143,497.52,fuel,UPI,14,4,0,HDFC,2025-09-04 14:12:00,0,24.4,0.89,0.023,7,2902.62,0,1,0,0,benign,none
TXN00001571,164.7,fuel,UPI,20,4,0,Union Bank,2025-05-05 20:43:00,0,34.9,0.894,0.09,2,126.93,0,1,0,0,benign,none
TXN00004079,97.71,grocery,UPI,8,0,0,SBI,2025-10-18 08:22:00,0,7.6,0.886,0.026,3,1563.46,1,1,0,0,benign,none
TXN00001122,63.46,education,UPI,19,3,0,Airtel Payments Bank,2025-11-26 19:42:00,0,62.4,0.978,0.102,4,698.07,0,1,0,0,benign,none
TXN00002786,249.5,travel,net_banking,19,6,1,Paytm Payments Bank,2025-09-18 19:10:00,0,32.7,1.0,0.069,6,291.83,0,0,0,0,benign,none
TXN00002967,71.74,grocery,debit_card,12,1,0,Airtel Payments Bank,2025-07-07 12:08:00,1,68.0,0.919,0.095,1,414.7,0,1,0,0,benign,none
TXN00002504,2190.54,education,UPI,5,1,0,SBI,2025-08-05 05:33:00,0,29.7,0.923,0.05,1,329.14,0,1,0,0,benign,none
TXN00000728,31.43,restaurant,UPI,19,6,1,BOI,2025-12-02 19:43:00,0,66.2,0.957,0.039,0,62.11,1,1,1,0,benign,none
TXN00000412,72.18,healthcare,UPI,11,2,0,Axis,2025-12-06 11:07:00,0,38.9,0.969,0.03,7,142.84,0,1,0,0,benign,none
TXN00000825,257.86,pharmacy,UPI,5,5,1,Airtel Payments Bank,2025-01-17 05:56:00,0,0.3,0.887,0.008,0,285.96,0,1,0,0,benign,none
TXN00003267,228.13,fuel,UPI,12,4,0,ICICI,2025-09-26 12:57:00,0,38.8,0.934,0.068,1,211.35,0,1,0,0,benign,none
TXN00003974,73.48,restaurant,debit_card,15,1,0,HDFC,2025-05-23 15:22:00,0,19.4,0.89,0.103,2,901.14,0,0,0,0,benign,none
TXN00000417,2670.0,utilities,UPI,11,6,1,Paytm Payments Bank,2025-11-03 11:05:00,0,43.2,0.893,0.095,1,89.96,0,1,0,0,benign,none
TXN00002082,30.67,grocery,credit_card,22,2,0,Kotak,2025-02-03 22:01:00,0,25.9,0.975,0.093,6,422.1,0,1,0,0,benign,none
TXN00003373,85.54,fuel,debit_card,15,3,0,SBI,2025-08-18 15:28:00,0,6.6,0.907,0.105,1,54.67,1,1,0,0,benign,none
TXN00004107,2434.87,travel,wallet,19,6,1,Union Bank,2025-06-24 19:52:00,0,31.7,0.873,0.088,7,115.52,0,1,0,0,benign,none
TXN00004380,8107.72,restaurant,UPI,16,6,1,Union Bank,2025-02-02 16:07:00,1,27.6,0.857,0.066,5,264.63,0,1,0,0,benign,none
TXN00001066,35.53,travel,UPI,10,4,0,ICICI,2025-09-22 10:19:00,0,33.8,0.973,0.015,4,130.29,0,1,0,0,benign,none
TXN00003913,22.72,pharmacy,credit_card,12,6,1,Airtel Payments Bank,2025-02-22 12:17:00,0,66.6,0.853,0.083,5,121.91,0,1,0,0,benign,none
TXN00002738,20431.61,utilities,UPI,18,6,1,HDFC,2025-10-09 18:17:00,1,13.1,0.886,0.01,4,16.75,0,1,0,0,benign,none
TXN00004000,385.97,grocery,wallet,21,3,0,Paytm Payments Bank,2025-03-18 21:27:00,0,61.5,0.937,0.067,3,198.01,0,1,0,0,benign,none
TXN00002427,86.63,grocery,credit_card,7,0,0,Paytm Payments Bank,2025-04-06 07:39:00,0,28.9,0.941,0.007,2,9.42,0,1,0,0,benign,none
TXN00001687,382.34,electronics,net_banking,12,3,0,Axis,2025-10-21 12:25:00,0,28.5,0.914,0.097,1,65.63,0,1,0,0,benign,none
TXN00000851,101.34,utilities,wallet,14,4,0,Paytm Payments Bank,2025-09-14 14:03:00,1,54.0,0.903,0.037,7,247.02,0,1,0,0,benign,none
TXN00002839,280.26,entertainment,UPI,8,5,1,Airtel Payments Bank,2025-07-02 08:40:00,0,13.9,0.976,0.035,2,97.41,0,1,0,0,benign,none
TXN00004611,8811.18,utilities,wallet,23,4,0,SBI,2025-04-04 23:50:00,0,58.4,0.999,0.105,7,449.48,0,1,0,0,benign,none
TXN00002489,243.7,healthcare,credit_card,18,6,1,BOI,2025-10-31 18:12:00,0,2.3,0.887,0.099,4,185.48,0,1,0,0,benign,none
TXN00002849,1417.67,travel,net_banking,16,4,0,Airtel Payments Bank,2025-08-21 16:13:00,0,71.0,0.858,0.072,2,130.77,1,1,0,0,benign,none
TXN00004452,21.77,travel,credit_card,17,3,0,Axis,2025-05-31 17:16:00,0,9.6,0.959,0.09,2,738.73,0,1,0,0,benign,none
TXN00002479,147.8,grocery,debit_card,23,5,1,ICICI,2025-03-16 23:37:00,0,31.1,0.938,0.068,5,2204.77,0,1,0,0,benign,none
TXN00002141,134.57,clothing,UPI,14,0,0,Axis,2025-02-19 14:33:00,0,11.1,0.951,0.114,7,40.58,0,1,0,0,benign,none
TXN00002744,1533.21,utilities,debit_card,13,6,1,BOI,2025-04-02 13:53:00,0,31.9,0.98,0.115,3,140.65,0,1,0,0,benign,none
TXN00003506,176.58,pharmacy,UPI,20,4,0,Axis,2025-02-16 20:18:00,1,65.7,0.997,0.041,4,93.84,0,1,0,0,benign,none
TXN00001679,147.66,travel,debit_card,12,1,0,Kotak,2025-07-02 12:57:00,0,65.5,0.86,0.11,7,156.51,0,1,0,0,benign,none
TXN00004249,3422.71,entertainment,UPI,20,3,0,Kotak,2025-09-01 20:56:00,0,30.5,0.865,0.046,3,267.97,0,1,0,0,benign,none
TXN00003147,199.33,grocery,wallet,18,2,0,Paytm Payments Bank,2025-12-31 18:28:00,0,32.2,0.947,0.086,6,259.7,0,1,0,0,benign,none
TXN00000580,10.0,restaurant,debit_card,7,5,1,PNB,2025-02-23 07:00:00,0,65.6,0.96,0.083,6,152.87,0,1,0,0,benign,none
TXN00004070,164.8,pharmacy,UPI,10,2,0,SBI,2025-09-05 10:47:00,0,68.6,0.88,0.04,0,831.51,0,1,0,0,benign,none
TXN00003343,1000.08,travel,credit_card,16,4,0,Paytm Payments Bank,2025-08-19 16:20:00,0,24.7,0.995,0.059,7,85.51,0,1,0,0,benign,none
TXN00003672,679.19,grocery,UPI,18,0,0,BOI,2025-12-27 18:38:00,0,8.7,0.96,0.117,6,130.3,0,1,0,0,benign,none
TXN00000559,49.41,fuel,debit_card,20,6,1,Union Bank,2025-08-25 20:27:00,0,9.3,0.915,0.062,6,17.82,0,1,0,0,benign,none
TXN00000512,292.67,fuel,debit_card,6,2,0,Kotak,2025-12-14 06:30:00,0,63.5,0.998,0.023,7,241.84,0,1,0,0,benign,none
TXN00001081,186.37,education,debit_card,14,4,0,Axis,2025-07-31 14:05:00,1,43.6,0.896,0.091,5,250.33,0,1,0,0,benign,none
TXN00001664,2089.13,utilities,UPI,13,3,0,ICICI,2025-12-21 13:09:00,0,18.5,0.908,0.011,2,392.01,0,1,0,0,benign,none
TXN00001931,118.34,clothing,net_banking,11,5,1,Union Bank,2025-01-13 11:25:00,0,40.4,0.993,0.051,0,10.59,0,1,0,0,benign,none
TXN00001150,340.8,fuel,UPI,9,3,0,Axis,2025-11-28 09:23:00,0,39.9,0.94,0.031,7,307.82,0,1,0,0,benign,none
TXN00002838,2107.82,utilities,wallet,21,6,1,ICICI,2025-11-16 21:28:00,1,12.8,0.95,0.039,7,682.84,0,1,0,0,benign,none
TXN00000830,499.04,education,UPI,12,1,0,Union Bank,2025-07-23 12:37:00,1,49.5,0.992,0.022,1,1406.01,0,1,0,0,benign,none
TXN00004752,607.58,restaurant,credit_card,9,2,0,Airtel Payments Bank,2025-11-14 09:29:00,0,23.1,0.937,0.104,4,102.85,1,1,0,0,benign,none
TXN00000635,146.17,pharmacy,UPI,8,6,1,ICICI,2025-05-07 08:27:00,0,65.4,0.868,0.1,6,188.4,0,0,0,0,benign,none
TXN00004465,645.03,restaurant,net_banking,10,4,0,Paytm Payments Bank,2025-12-02 10:29:00,0,53.0,0.996,0.053,7,370.63,0,1,0,0,benign,none
TXN00004142,408.8,grocery,debit_card,20,4,0,Paytm Payments Bank,2025-07-26 20:02:00,0,60.4,0.941,0.036,5,2890.78,0,1,0,0,benign,none
TXN00000876,239.33,electronics,UPI,19,1,0,Axis,2025-07-10 19:25:00,0,6.2,0.859,0.097,2,87.44,1,1,0,0,benign,none
TXN00004869,290.69,travel,credit_card,10,2,0,ICICI,2025-05-30 10:44:00,0,65.2,0.974,0.051,1,149.09,0,1,0,0,benign,none
TXN00000004,10.0,travel,UPI,4,0,0,BOI,2025-09-24 04:35:00,0,42.6,0.977,0.049,5,125.08,0,1,0,0,benign,none
TXN00003051,45.53,online_retail,UPI,15,4,0,Kotak,2025-11-09 15:37:00,0,35.7,0.903,0.061,7,445.73,0,1,0,0,benign,none
TXN00003124,378.71,online_retail,credit_card,8,6,1,BOI,2025-08-23 08:10:00,0,7.5,0.87,0.061,1,159.43,0,1,0,0,benign,none
TXN00002491,69.19,fuel,debit_card,16,1,0,Airtel Payments Bank,2025-11-29 16:59:00,0,16.3,0.855,0.009,3,916.12,0,1,0,0,benign,none
TXN00003854,288.52,grocery,debit_card,6,4,0,PNB,2025-11-17 06:46:00,0,57.9,0.978,0.011,7,53.53,0,1,0,0,benign,none
TXN00004777,23.32,clothing,debit_card,17,4,0,Paytm Payments Bank,2025-11-15 17:48:00,0,12.3,0.984,0.038,6,200.48,0,1,0,0,benign,none
TXN00001148,1531.92,healthcare,net_banking,3,4,0,PNB,2025-09-12 03:21:00,0,71.6,0.938,0.001,5,1705.31,0,1,0,0,benign,none
TXN00000574,344.37,fuel,UPI,10,6,1,ICICI,2025-10-22 10:30:00,0,68.5,0.954,0.097,7,236.23,0,1,0,0,benign,none
TXN00003769,944.6,restaurant,net_banking,19,1,0,BOI,2025-12-10 19:50:00,0,20.6,0.92,0.058,5,6333.32,1,1,0,0,benign,none
TXN00004146,289.97,restaurant,debit_card,20,2,0,Airtel Payments Bank,2025-10-06 20:41:00,0,44.3,0.945,0.039,2,153.25,0,1,0,0,benign,none
TXN00000853,258.77,electronics,UPI,22,2,0,SBI,2025-04-03 22:26:00,0,5.4,0.951,0.089,2,1005.86,0,1,0,0,benign,none
TXN00004495,20.67,pharmacy,UPI,1,3,0,Paytm Payments Bank,2025-08-02 01:25:00,0,57.6,0.898,0.013,1,50.34,1,1,0,0,benign,none
TXN00002368,49.91,fuel,UPI,2,1,0,BOI,2025-01-06 02:50:00,0,41.4,0.893,0.027,7,264.06,0,1,0,0,benign,none
TXN00004780,130.7,pharmacy,UPI,9,6,1,PNB,2025-05-05 09:45:00,0,63.0,0.904,0.073,6,318.24,0,1,0,0,benign,none
TXN00002950,29.8,grocery,UPI,14,6,1,HDFC,2025-10-25 14:57:00,0,55.3,0.9,0.02,2,43.61,0,1,0,0,benign,none
TXN00001841,249.58,pharmacy,debit_card,15,2,0,HDFC,2025-12-29 15:39:00,0,49.6,0.928,0.103,2,219.54,0,1,0,0,benign,none
TXN00000537,1931.52,online_retail,UPI,7,1,0,Axis,2025-06-24 07:53:00,0,64.3,0.961,0.029,5,506.89,0,1,0,0,benign,none
TXN00002806,5470.02,utilities,UPI,12,3,0,Axis,2025-05-31 12:43:00,0,22.9,0.925,0.106,1,60.44,0,1,0,0,benign,none
TXN00000784,249.79,travel,UPI,20,0,0,Airtel Payments Bank,2025-01-16 20:29:00,0,44.8,0.987,0.108,6,163.48,0,1,0,0,benign,none
TXN00001409,616.32,electronics,debit_card,10,4,0,ICICI,2025-02-05 10:23:00,0,39.0,0.938,0.066,2,58.99,0,1,0,0,benign,none
TXN00000154,222.11,restaurant,UPI,18,6,1,Paytm Payments Bank,2025-10-08 18:03:00,0,27.1,0.986,0.044,1,264.21,0,1,0,0,benign,none
TXN00003009,926.43,restaurant,UPI,16,2,0,Axis,2025-08-01 16:38:00,0,37.7,0.995,0.111,1,454.75,0,1,0,0,benign,none
TXN00001686,92.85,grocery,net_banking,21,5,1,PNB,2025-03-22 21:59:00,0,36.1,0.973,0.053,6,259.12,0,1,0,0,benign,none
TXN00004014,332.86,grocery,UPI,17,6,1,Kotak,2025-01-31 17:24:00,0,51.1,0.904,0.086,5,533.58,0,1,0,0,benign,none
TXN00003863,4707.54,clothing,UPI,15,0,0,HDFC,2025-03-22 15:58:00,0,3.7,0.87,0.108,2,18.08,0,1,0,0,benign,none
TXN00002733,106.46,grocery,debit_card,10,6,1,HDFC,2025-02-02 10:05:00,0,20.6,0.989,0.013,5,1002.86,0,1,0,0,benign,none
TXN00001895,85.9,grocery,wallet,11,2,0,SBI,2025-04-17 11:36:00,0,10.5,0.981,0.04,4,44.28,1,1,1,0,benign,none
TXN00000569,343.21,education,UPI,14,1,0,SBI,2025-10-18 14:16:00,0,40.8,0.89,0.086,1,18.25,0,0,0,0,benign,none
TXN00001816,809.03,electronics,UPI,14,0,0,PNB,2025-10-01 14:41:00,0,68.0,0.949,0.001,1,170.26,0,1,0,0,benign,none
TXN00003394,699.81,restaurant,debit_card,14,6,1,BOI,2025-09-02 14:12:00,0,51.9,0.875,0.104,3,802.91,0,1,0,0,benign,none
TXN00003327,274.64,grocery,UPI,7,4,0,PNB,2025-06-28 07:14:00,0,21.3,0.912,0.027,5,9724.25,0,1,0,0,benign,none
TXN00002975,433.72,healthcare,debit_card,6,0,0,SBI,2025-10-15 06:02:00,0,22.6,0.87,0.083,7,72.25,0,1,0,0,benign,none
TXN00000980,563.44,restaurant,debit_card,9,5,1,HDFC,2025-03-09 09:03:00,0,28.7,0.977,0.113,0,149.12,0,1,1,0,benign,none
TXN00000190,5445.79,healthcare,debit_card,9,0,0,Axis,2025-01-29 09:39:00,0,38.5,0.867,0.097,5,216.47,1,1,0,0,benign,none
TXN00000699,170.38,healthcare,debit_card,17,1,0,HDFC,2025-01-28 17:11:00,1,37.9,0.94,0.096,4,60.46,0,1,0,0,benign,none
TXN00000606,966.1,fuel,UPI,10,6,1,Airtel Payments Bank,2025-11-14 10:32:00,0,23.1,0.961,0.044,6,29.46,0,1,0,0,benign,none
TXN00000301,15.47,education,credit_card,19,5,1,SBI,2025-07-07 19:10:00,0,28.5,0.897,0.118,3,238.31,0,1,0,0,benign,none
TXN00003420,248.24,fuel,UPI,0,6,1,Union Bank,2025-07-04 00:29:00,0,58.2,0.96,0.089,6,125.68,0,1,0,0,benign,none
TXN00001060,185.56,electronics,UPI,14,2,0,Union Bank,2025-03-18 14:08:00,0,65.5,0.855,0.012,7,141.7,0,1,0,0,benign,none
TXN00003444,1791.5,travel,UPI,11,4,0,PNB,2025-01-13 11:56:00,0,45.3,0.958,0.05,1,264.83,1,1,0,0,benign,none
TXN00001069,212.89,restaurant,UPI,19,1,0,Paytm Payments Bank,2025-11-23 19:00:00,0,14.7,0.855,0.09,1,160.77,0,1,0,0,benign,none
TXN00002205,144.05,online_retail,UPI,22,3,0,Airtel Payments Bank,2025-10-22 22:50:00,0,10.1,0.867,0.048,1,248.0,0,1,0,0,benign,none
TXN00004642,1194.71,entertainment,UPI,10,3,0,SBI,2025-03-09 10:34:00,0,69.3,0.89,0.005,0,174.25,0,0,0,0,benign,none
TXN00004893,54.57,pharmacy,debit_card,21,2,0,Paytm Payments Bank,2025-02-07 21:36:00,0,61.8,0.956,0.07,7,56.15,0,1,0,0,benign,none
TXN00000225,369.01,education,credit_card,18,1,0,Axis,2025-07-06 18:25:00,0,64.5,0.941,0.094,5,357.48,0,1,0,0,benign,none
TXN00003354,131.46,entertainment,debit_card,9,4,0,BOI,2025-02-04 09:37:00,0,15.1,0.936,0.104,1,164.55,0,1,0,0,benign,none
TXN00003436,75.76,restaurant,UPI,18,5,1,HDFC,2025-06-14 18:44:00,0,56.1,0.972,0.008,0,336.74,0,1,0,0,benign,none
TXN00001693,93.94,fuel,debit_card,13,6,1,Union Bank,2025-12-03 13:57:00,0,20.7,0.877,0.037,1,7.29,0,1,0,0,benign,none
TXN00001045,52.11,restaurant,debit_card,15,6,1,SBI,2025-10-06 15:34:00,0,63.2,0.955,0.118,7,195.53,0,1,0,0,benign,none
TXN00003446,114.62,grocery,credit_card,12,2,0,Axis,2025-03-24 12:49:00,0,25.3,0.912,0.094,1,98.45,0,0,0,0,benign,none
TXN00004735,243.07,electronics,credit_card,16,6,1,Airtel Payments Bank,2025-11-27 16:35:00,0,58.9,0.873,0.084,0,84.89,0,1,0,0,benign,none
TXN00004496,103.4,education,credit_card,6,3,0,Kotak,2025-03-09 06:02:00,0,69.6,0.931,0.048,4,31.54,0,1,0,0,benign,none
TXN00001218,28.46,pharmacy,UPI,17,3,0,Union Bank,2025-02-17 17:30:00,0,43.6,0.991,0.077,5,117.89,0,1,0,0,benign,none
TXN00003987,540.16,pharmacy,debit_card,19,4,0,Paytm Payments Bank,2025-04-12 19:01:00,0,44.8,0.871,0.039,1,1055.62,0,1,0,0,benign,none
TXN00004911,602.35,entertainment,credit_card,18,2,0,SBI,2025-03-12 18:11:00,0,47.0,0.945,0.013,4,1696.29,0,1,0,0,benign,none
TXN00004493,42.71,electronics,credit_card,5,1,0,SBI,2025-11-19 05:16:00,0,53.9,0.945,0.09,2,482.28,0,0,0,0,benign,none
TXN00000956,102.39,grocery,UPI,11,1,0,HDFC,2025-01-18 11:59:00,0,51.4,0.932,0.101,4,592.88,0,1,0,0,benign,none
TXN00002869,685.42,grocery,credit_card,14,3,0,Kotak,2025-05-17 14:42:00,0,66.0,0.877,0.087,2,274.21,0,1,1,0,benign,none
TXN00004433,483.15,education,UPI,8,3,0,PNB,2025-08-16 08:28:00,0,49.4,0.88,0.027,3,37.76,0,1,0,0,benign,none
TXN00004973,10.0,fuel,net_banking,20,6,1,Airtel Payments Bank,2025-10-01 20:54:00,0,63.3,0.982,0.078,2,150.63,0,1,0,0,benign,none
TXN00002961,232.9,grocery,debit_card,6,0,0,HDFC,2025-06-16 06:41:00,0,61.4,0.859,0.088,5,90.76,0,1,0,0,benign,none
TXN00002200,92.65,grocery,UPI,3,2,0,PNB,2025-06-26 03:35:00,0,5.9,0.893,0.033,5,322.43,1,1,0,0,benign,none
TXN00000098,502.5,fuel,debit_card,7,2,0,BOI,2025-08-06 07:13:00,0,0.2,0.891,0.007,5,1153.21,0,1,0,0,benign,none
TXN00002557,1109.01,restaurant,UPI,20,6,1,BOI,2025-02-10 20:33:00,0,29.2,0.897,0.093,2,1405.46,0,1,0,0,benign,none
TXN00004199,433.95,grocery,UPI,18,5,1,BOI,2025-08-11 18:18:00,0,18.2,0.978,0.066,1,225.29,0,1,0,0,benign,none
TXN00001648,177.4,grocery,debit_card,11,2,0,HDFC,2025-03-15 11:32:00,0,44.1,0.91,0.084,6,648.2,0,1,0,0,benign,none
TXN00004499,99.45,clothing,UPI,8,6,1,BOI,2025-09-05 08:20:00,0,51.5,0.913,0.002,6,86.77,0,1,0,0,benign,none
TXN00001154,859.26,fuel,UPI,18,2,0,Paytm Payments Bank,2025-10-02 18:22:00,0,66.9,0.91,0.06,5,23.18,0,1,0,0,benign,none
TXN00002255,29.12,education,UPI,6,1,0,Paytm Payments Bank,2025-04-10 06:55:00,0,24.7,0.943,0.099,6,35.57,0,1,0,0,benign,none
TXN00003170,1661.67,clothing,credit_card,21,0,0,HDFC,2025-05-19 21:53:00,0,39.6,0.961,0.025,2,29.72,0,1,0,0,benign,none
TXN00003108,23.85,pharmacy,credit_card,16,3,0,SBI,2025-03-02 16:59:00,0,28.1,0.889,0.056,5,556.19,0,1,0,0,benign,none
TXN00004548,312.93,fuel,debit_card,20,1,0,HDFC,2025-08-03 20:08:00,0,48.1,0.863,0.002,3,277.32,0,1,0,0,benign,none
TXN00002049,32.42,grocery,credit_card,13,4,0,ICICI,2025-02-06 13:27:00,0,53.0,0.968,0.076,1,11.75,1,1,0,0,benign,none
TXN00000262,371.63,grocery,UPI,8,5,1,BOI,2025-06-18 08:51:00,0,68.6,0.986,0.042,7,165.3,0,0,0,0,benign,none
TXN00004061,1659.57,pharmacy,credit_card,12,6,1,Paytm Payments Bank,2025-07-09 12:21:00,1,57.1,0.925,0.112,2,1425.29,0,1,0,0,benign,none
TXN00001802,141.46,education,debit_card,13,4,0,Kotak,2025-04-02 13:56:00,0,65.2,0.871,0.044,5,48.08,0,1,0,0,benign,none
TXN00004736,59.98,restaurant,credit_card,15,5,1,Axis,2025-10-17 15:31:00,0,46.6,0.894,0.078,5,439.59,0,1,0,0,benign,none
TXN00002385,81.02,electronics,UPI,22,1,0,HDFC,2025-11-26 22:18:00,1,22.4,0.966,0.033,2,2077.97,0,1,0,0,benign,none
TXN00001959,85.21,restaurant,debit_card,19,6,1,SBI,2025-11-09 19:46:00,0,42.4,0.972,0.112,3,58.54,0,1,0,0,benign,none
TXN00002976,59.64,pharmacy,net_banking,14,2,0,HDFC,2025-08-26 14:20:00,0,61.1,0.913,0.041,4,123.38,0,1,0,0,benign,none
TXN00001843,16.52,grocery,UPI,7,5,1,Airtel Payments Bank,2025-01-17 07:46:00,1,38.0,0.959,0.082,7,30.91,0,1,0,0,benign,none
TXN00001734,96.57,grocery,UPI,11,2,0,Axis,2025-08-10 11:46:00,0,38.2,0.918,0.014,2,17.8,0,1,0,0,benign,none
TXN00002911,7319.25,fuel,UPI,14,2,0,SBI,2025-02-11 14:05:00,0,45.1,0.992,0.003,6,467.05,0,1,0,0,benign,none
TXN00001986,349.7,education,UPI,14,2,0,Airtel Payments Bank,2025-04-07 14:31:00,0,21.5,0.964,0.003,0,121.4,0,1,0,0,benign,none
TXN00002811,126.98,electronics,UPI,6,0,0,Paytm Payments Bank,2025-12-26 06:55:00,0,7.5,0.898,0.042,7,239.79,0,1,0,0,benign,none
TXN00000659,136.62,grocery,debit_card,23,3,0,Kotak,2025-04-18 23:18:00,0,59.6,0.968,0.103,4,57.64,0,1,0,0,benign,none
TXN00002511,5282.64,utilities,UPI,20,6,1,PNB,2025-07-02 20:47:00,0,49.1,0.979,0.033,1,186.54,0,1,0,0,benign,none
TXN00004282,1028.8,healthcare,UPI,13,4,0,Axis,2025-07-25 13:51:00,1,45.8,0.862,0.114,7,373.76,0,0,0,0,benign,none
TXN00001930,11.08,grocery,UPI,9,1,0,Paytm Payments Bank,2025-09-28 09:03:00,0,18.0,0.999,0.001,3,4.77,0,1,0,0,benign,none
TXN00000197,120.27,fuel,credit_card,12,4,0,BOI,2025-10-08 12:17:00,1,70.8,0.973,0.054,7,16.37,0,0,1,0,benign,none
TXN00002931,1170.77,pharmacy,debit_card,20,5,1,BOI,2025-06-06 20:35:00,0,57.4,0.901,0.08,6,322.52,0,1,0,0,benign,none
TXN00002327,3449.16,restaurant,net_banking,13,6,1,Axis,2025-05-07 13:48:00,0,69.2,0.858,0.097,5,19.2,0,1,0,0,benign,none
TXN00004389,4335.75,fuel,debit_card,15,2,0,Paytm Payments Bank,2025-04-26 15:03:00,1,69.9,0.888,0.039,2,99.82,0,1,0,0,benign,none
TXN00004218,5401.31,online_retail,UPI,10,1,0,Paytm Payments Bank,2025-05-30 10:52:00,0,69.4,0.957,0.033,3,227.9,0,1,0,0,benign,none
TXN00000202,288.03,utilities,wallet,4,4,0,PNB,2025-08-20 04:38:00,0,34.9,0.903,0.015,2,205.62,0,1,0,0,benign,none
TXN00003510,613.56,fuel,net_banking,13,6,1,SBI,2025-08-11 13:51:00,0,11.3,0.934,0.039,7,566.72,0,1,0,0,benign,none
TXN00004931,47.45,pharmacy,debit_card,17,0,0,HDFC,2025-11-24 17:21:00,0,36.8,0.912,0.039,1,15.48,0,1,1,0,benign,none
TXN00001707,390.59,restaurant,debit_card,15,4,0,Axis,2025-10-12 15:57:00,1,71.3,0.853,0.099,1,42.56,0,1,0,0,benign,none
TXN00000854,404.01,restaurant,UPI,9,1,0,HDFC,2025-04-16 09:35:00,0,35.2,0.972,0.082,3,77.82,0,0,0,0,benign,none
TXN00004737,1236.06,electronics,UPI,14,1,0,Union Bank,2025-03-28 14:37:00,0,34.6,0.865,0.051,1,217.27,0,1,0,0,benign,none
TXN00000698,47.12,grocery,UPI,12,5,1,HDFC,2025-08-13 12:02:00,1,39.9,0.858,0.115,6,526.74,0,1,0,0,benign,none
TXN00003696,69.5,pharmacy,UPI,19,1,0,Kotak,2025-08-17 19:35:00,0,8.6,0.872,0.094,7,120.0,0,1,0,0,benign,none
TXN00001636,10.2,pharmacy,credit_card,20,1,0,ICICI,2025-10-22 20:27:00,0,41.5,0.943,0.068,5,160.47,0,1,0,0,benign,none
TXN00003581,9879.14,entertainment,debit_card,9,5,1,Union Bank,2025-08-14 09:18:00,0,54.9,0.969,0.018,1,17.6,0,1,1,0,benign,none
TXN00001291,111.02,online_retail,credit_card,12,1,0,SBI,2025-03-05 12:52:00,0,28.8,0.915,0.096,5,145.55,0,1,0,0,benign,none
TXN00001853,820.41,restaurant,debit_card,14,3,0,PNB,2025-02-21 14:24:00,0,53.5,0.871,0.075,7,50.56,0,1,0,0,benign,none
TXN00003763,708.09,fuel,debit_card,13,0,0,BOI,2025-02-04 13:27:00,0,67.4,0.931,0.021,1,268.39,0,1,0,0,benign,none
TXN00003304,63533.46,healthcare,UPI,14,6,1,Paytm Payments Bank,2025-05-04 14:51:00,1,2.1,0.865,0.005,2,575.43,0,1,1,0,benign,none
TXN00001495,33.54,electronics,UPI,12,4,0,PNB,2025-07-11 12:51:00,0,50.2,0.919,0.041,5,442.58,1,1,0,0,benign,none
TXN00001998,94.12,travel,UPI,16,4,0,HDFC,2025-07-03 16:08:00,0,56.4,0.966,0.08,6,282.51,0,1,0,0,benign,none
TXN00000663,132.13,entertainment,UPI,9,5,1,Paytm Payments Bank,2025-04-07 09:58:00,0,65.8,0.914,0.071,7,48.44,0,1,0,0,benign,none
TXN00003748,66.12,online_retail,UPI,16,2,0,PNB,2025-01-07 16:16:00,0,5.4,0.998,0.013,5,233.63,0,1,0,0,benign,none
TXN00004413,63.2,fuel,debit_card,21,1,0,Paytm Payments Bank,2025-05-24 21:21:00,1,62.4,0.956,0.028,2,193.98,0,1,0,0,benign,none
TXN00001306,40.71,clothing,net_banking,11,5,1,Airtel Payments Bank,2025-07-20 11:19:00,0,13.1,0.913,0.039,5,21.47,0,1,0,0,benign,none
TXN00001663,6228.67,restaurant,UPI,16,2,0,HDFC,2025-12-31 16:31:00,1,60.5,0.942,0.047,0,396.37,1,1,0,0,benign,none
TXN00003627,46.2,restaurant,UPI,19,6,1,PNB,2025-07-21 19:23:00,0,60.0,0.927,0.086,4,72.04,0,1,0,0,benign,none
TXN00002693,126.69,education,debit_card,14,2,0,BOI,2025-04-27 14:24:00,0,71.6,0.969,0.066,7,12.74,0,1,0,0,benign,none
TXN00003157,152.28,restaurant,credit_card,21,5,1,Union Bank,2025-02-11 21:34:00,0,51.5,0.93,0.03,0,260.09,0,1,0,0,benign,none
TXN00001059,544.85,education,net_banking,3,5,1,PNB,2025-02-10 03:10:00,0,38.2,0.858,0.065,7,38.93,0,1,0,0,benign,none
TXN00004636,10.0,restaurant,UPI,14,6,1,SBI,2025-06-24 14:19:00,0,37.9,0.887,0.096,5,253.82,0,1,0,0,benign,none
TXN00003242,390.4,grocery,UPI,11,5,1,HDFC,2025-11-13 11:58:00,0,45.6,0.912,0.059,2,15.64,1,1,0,0,benign,none
TXN00001678,66.23,healthcare,credit_card,8,2,0,BOI,2025-02-13 08:33:00,0,70.1,0.931,0.104,7,103.87,0,1,0,0,benign,none
TXN00001757,14497.91,electronics,UPI,17,6,1,BOI,2025-02-20 17:54:00,0,27.9,0.865,0.045,3,317.74,0,1,0,0,benign,none
TXN00002790,3509.62,grocery,net_banking,8,3,0,HDFC,2025-09-05 08:43:00,0,48.0,0.991,0.026,3,130.93,0,1,0,0,benign,none
TXN00000863,284.62,entertainment,debit_card,16,6,1,HDFC,2025-11-12 16:23:00,0,66.3,0.859,0.086,3,166.51,0,1,0,0,benign,none
TXN00001484,991.97,grocery,debit_card,7,2,0,PNB,2025-03-03 07:19:00,0,7.5,0.932,0.117,3,66.69,0,1,0,0,benign,none
TXN00000206,53.63,fuel,UPI,21,5,1,Airtel Payments Bank,2025-12-15 21:09:00,0,18.3,0.962,0.079,2,205.39,0,1,0,0,benign,none
TXN00004488,528.34,entertainment,UPI,11,1,0,Union Bank,2025-06-17 11:35:00,0,0.3,0.92,0.042,6,82.3,0,1,0,0,benign,none
TXN00000502,67.02,restaurant,credit_card,15,3,0,PNB,2025-10-31 15:55:00,0,64.1,0.887,0.019,0,17.51,0,1,0,0,benign,none
TXN00001028,242.66,grocery,UPI,18,3,0,Airtel Payments Bank,2025-12-30 18:27:00,0,17.5,0.876,0.106,7,241.53,0,1,0,0,benign,none
TXN00003840,20.31,utilities,debit_card,11,4,0,Paytm Payments Bank,2025-06-24 11:53:00,0,41.6,0.979,0.05,1,317.19,0,1,0,0,benign,none
TXN00002731,23.49,restaurant,credit_card,15,6,1,BOI,2025-12-24 15:53:00,0,32.4,0.858,0.037,0,2469.0,0,1,0,0,benign,none
TXN00002454,116.87,online_retail,debit_card,22,3,0,Axis,2025-06-23 22:37:00,0,69.4,0.959,0.078,7,114.26,0,1,0,0,benign,none
TXN00003104,215.45,electronics,UPI,7,2,0,HDFC,2025-04-11 07:14:00,0,40.5,0.891,0.115,4,102.58,0,1,0,0,benign,none
TXN00003099,709.37,restaurant,UPI,10,3,0,PNB,2025-01-25 10:51:00,1,67.4,0.885,0.091,0,46.34,1,1,0,0,benign,none
TXN00003561,300.09,entertainment,debit_card,18,2,0,SBI,2025-06-25 18:28:00,0,45.0,0.899,0.039,4,123.01,0,1,0,0,benign,none
TXN00000391,269.84,pharmacy,credit_card,13,2,0,PNB,2025-11-20 13:59:00,1,4.6,0.872,0.067,7,281.99,0,1,0,0,benign,none
TXN00002695,1363.52,healthcare,UPI,14,5,1,Paytm Payments Bank,2025-06-20 14:44:00,0,9.9,0.969,0.006,2,401.43,0,1,0,0,benign,none
TXN00002027,10.0,fuel,debit_card,18,5,1,Union Bank,2025-05-12 18:53:00,0,67.6,0.964,0.018,1,1038.26,1,1,0,0,benign,none
TXN00002568,10.0,pharmacy,UPI,11,6,1,Airtel Payments Bank,2025-12-05 11:10:00,0,66.3,0.94,0.002,7,9.91,0,1,0,0,benign,none
TXN00000064,880.25,fuel,credit_card,20,1,0,Axis,2025-02-14 20:27:00,0,56.4,0.87,0.017,5,242.93,0,0,0,0,benign,none
TXN00002062,399.88,restaurant,credit_card,11,2,0,BOI,2025-06-20 11:43:00,0,20.5,0.878,0.109,3,22.12,0,1,0,0,benign,none
TXN00004859,163.71,healthcare,net_banking,10,3,0,PNB,2025-07-24 10:24:00,0,44.6,0.969,0.103,1,362.12,0,1,0,0,benign,none
TXN00004887,4302.33,travel,debit_card,8,2,0,BOI,2025-03-16 08:47:00,0,44.6,0.969,0.104,2,260.08,0,1,0,0,benign,none
TXN00000878,203.13,clothing,debit_card,19,3,0,BOI,2025-11-18 19:42:00,0,34.3,0.97,0.006,6,393.21,0,1,0,0,benign,none
TXN00001016,268.79,entertainment,credit_card,8,4,0,BOI,2025-03-07 08:15:00,1,13.9,0.935,0.099,1,745.34,0,0,0,0,benign,none
TXN00000995,461.69,grocery,UPI,11,6,1,ICICI,2025-10-25 11:04:00,0,47.7,0.925,0.004,0,2561.38,0,1,0,0,benign,none
TXN00004297,74.66,restaurant,debit_card,14,1,0,Axis,2025-07-19 14:00:00,0,58.0,0.855,0.083,0,13.34,0,1,0,0,benign,none
TXN00000161,66.33,restaurant,wallet,22,5,1,ICICI,2025-08-22 22:35:00,1,45.7,0.86,0.049,6,27.12,0,1,0,0,benign,none
TXN00003843,6841.99,grocery,debit_card,11,6,1,Paytm Payments Bank,2025-08-13 11:18:00,0,36.2,0.973,0.091,5,13.89,0,1,0,0,benign,none
TXN00001021,432.2,travel,wallet,7,2,0,HDFC,2025-01-19 07:24:00,0,38.1,0.893,0.021,6,45.18,0,1,1,0,benign,none
TXN00003073,979.71,electronics,UPI,20,4,0,Airtel Payments Bank,2025-09-08 20:53:00,1,37.7,0.945,0.042,4,124.63,0,1,0,0,benign,none
TXN00003943,867.35,travel,debit_card,9,2,0,Union Bank,2025-05-04 09:58:00,0,55.8,0.877,0.119,2,25.05,0,1,0,0,benign,none
TXN00001585,13.23,grocery,debit_card,8,4,0,PNB,2025-10-30 08:45:00,0,17.9,0.892,0.092,0,20.04,0,1,0,0,benign,none
TXN00003152,519.72,healthcare,UPI,18,6,1,Airtel Payments Bank,2025-10-20 18:07:00,0,63.4,0.987,0.075,2,18.62,0,1,0,0,benign,none
TXN00000775,352.49,pharmacy,UPI,7,0,0,BOI,2025-01-11 07:08:00,0,5.4,0.948,0.113,3,13.67,0,1,0,0,benign,none
TXN00002612,82.65,electronics,debit_card,9,6,1,Kotak,2025-06-21 09:30:00,0,24.2,0.973,0.112,5,639.34,0,1,1,0,benign,none
TXN00003890,27.44,pharmacy,debit_card,17,3,0,Paytm Payments Bank,2025-08-07 17:09:00,0,57.6,0.913,0.002,0,17.93,1,1,0,0,benign,none
TXN00003556,167.2,utilities,UPI,16,5,1,BOI,2025-02-16 16:40:00,0,36.8,0.976,0.028,6,13.67,0,1,0,0,benign,none
TXN00001528,10.0,grocery,debit_card,10,6,1,Union Bank,2025-01-22 10:48:00,0,42.3,0.959,0.01,1,139.03,0,1,0,0,benign,none
TXN00001267,805.73,travel,credit_card,22,4,0,Airtel Payments Bank,2025-05-08 22:41:00,0,71.8,0.922,0.002,2,274.02,0,1,0,0,benign,none
TXN00001899,35.29,grocery,UPI,22,6,1,BOI,2025-11-18 22:18:00,0,2.5,0.982,0.108,1,49.29,1,1,0,0,benign,none
TXN00004658,80.01,online_retail,debit_card,19,3,0,HDFC,2025-07-28 19:01:00,0,45.2,0.92,0.101,2,13.19,0,1,0,0,benign,none
TXN00003005,106.43,grocery,UPI,12,4,0,ICICI,2025-08-29 12:27:00,1,69.6,0.92,0.037,2,21.58,0,1,0,0,benign,none
TXN00002734,233.66,grocery,wallet,19,3,0,BOI,2025-10-17 19:24:00,1,66.1,0.96,0.088,4,1444.55,0,1,0,0,benign,none
TXN00000189,4777.49,utilities,net_banking,12,3,0,Union Bank,2025-07-24 12:43:00,0,28.8,0.888,0.01,4,1675.71,0,1,0,0,benign,none
TXN00002747,105.03,online_retail,UPI,15,4,0,HDFC,2025-11-12 15:17:00,0,18.3,0.885,0.051,1,27.94,0,1,0,0,benign,none
TXN00002047,599.6,travel,debit_card,14,0,0,HDFC,2025-12-08 14:06:00,0,22.4,0.912,0.089,6,101.62,0,1,0,0,benign,none
TXN00002558,3238.97,travel,UPI,22,6,1,HDFC,2025-03-17 22:13:00,0,0.9,0.968,0.041,7,657.85,1,1,0,0,benign,none
TXN00003385,526.91,restaurant,net_banking,14,6,1,ICICI,2025-10-26 14:47:00,0,62.1,0.921,0.054,5,24.58,0,1,0,0,benign,none
TXN00004555,4548.06,entertainment,UPI,15,0,0,BOI,2025-07-11 15:36:00,1,34.0,0.92,0.005,3,6.66,0,1,0,0,benign,none
TXN00001184,240.05,clothing,UPI,6,5,1,SBI,2025-05-28 06:01:00,0,5.7,0.899,0.07,0,62.81,0,1,0,0,benign,none
TXN00002433,294.26,utilities,UPI,17,3,0,HDFC,2025-01-27 17:51:00,0,43.6,0.986,0.056,0,183.2,0,1,0,0,benign,none
TXN00000769,5050.64,grocery,UPI,22,5,1,Paytm Payments Bank,2025-09-23 22:47:00,0,64.5,0.904,0.094,0,175.62,0,1,0,0,benign,none
TXN00001685,774.63,restaurant,UPI,14,4,0,BOI,2025-10-18 14:16:00,1,38.0,0.873,0.114,6,132.18,0,1,0,0,benign,none
TXN00004426,332.68,restaurant,credit_card,17,0,0,ICICI,2025-11-19 17:51:00,1,5.1,0.926,0.091,0,38.52,0,1,0,0,benign,none
TXN00000466,144.35,healthcare,credit_card,10,1,0,PNB,2025-01-24 10:07:00,0,50.2,0.877,0.04,1,255.06,0,1,0,0,benign,none
TXN00000860,41.78,fuel,net_banking,14,1,0,BOI,2025-07-20 14:09:00,0,29.1,0.923,0.062,2,211.27,0,1,0,0,benign,none
