transaction_id,amount,merchant_category,payment_method,hour,day_of_week,is_weekend,bank,transaction_date,is_agent_transaction,mandate_freshness_hours,scope_match_score,agent_drift_score,prior_txn_count_24h,avg_txn_amount_30d,new_recipient,device_fingerprint_match,geo_anomaly,label,attack_category,fraud_type
B2_00000205,4982.46,crypto,wallet,18,4,0,Paytm Payments Bank,2025-02-23 18:34:00,1,58.5,0.078,0.918,1,54.06,1,1,0,1,B2,B2
B1_00000109,2591.05,unknown,debit_card,7,0,0,HDFC,2025-10-07 07:32:00,1,1.0,0.019,0.769,0,187.55,1,1,0,1,B1,B1
B1_00000257,2818.96,unknown,UPI,10,2,0,Axis,2025-05-12 10:53:00,1,33.9,0.005,0.854,1,44.66,1,1,0,1,B1,B1
D1_00000328,72.62,fuel,UPI,19,3,0,Kotak,2025-03-02 19:50:00,1,2.0,0.806,0.327,3,4929.48,0,1,0,1,D1,D1
B1_00000240,4077.27,unknown,credit_card,13,4,0,Airtel Payments Bank,2025-12-24 13:40:00,1,58.5,0.019,0.736,1,164.35,1,1,0,1,B1,B1
B3_00000177,18673.74,unknown,debit_card,20,2,0,HDFC,2025-01-29 20:16:00,1,63.3,0.073,0.85,18,764.54,1,1,0,1,B3,B3
B2_00000080,521.48,unknown,UPI,10,2,0,SBI,2025-02-07 10:56:00,1,41.3,0.006,0.747,0,1834.86,1,1,0,1,B2,B2
B1_00000103,1868.29,unknown,net_banking,12,1,0,Union Bank,2025-05-21 12:10:00,1,5.8,0.095,0.926,2,16.52,1,1,0,1,B1,B1
A1_00000296,49998.15026538975,unknown,debit_card,21,4,0,Paytm Payments Bank,2025-09-18 08:28:00,0,0.8,0.143,0.869,7,581.92,1,1,1,1,A1,A1
C1_00000206,147.40139382475718,fuel,debit_card,12,5,1,BOI,2025-09-17 12:47:00,1,17.1,0.966,0.062,0,85.89,0,1,0,1,C1,C1
B2_00000136,2084.68,crypto,net_banking,14,2,0,Axis,2025-11-01 14:17:00,1,18.3,0.064,0.83,2,88.29,1,1,0,1,B2,B2
E2_00000268,3658.16,fuel,debit_card,14,6,1,Kotak,2025-09-13 14:00:00,1,192.5,0.192,0.771,2,2472.04,0,1,1,1,E2,E2
B2_00000305,1877.72,unknown,wallet,6,2,0,Kotak,2025-06-17 06:00:00,1,59.9,0.018,0.863,1,1232.97,1,1,0,1,B2,B2
B1_00000037,867.0,unknown,debit_card,20,2,0,Kotak,2025-12-05 20:11:00,1,46.7,0.028,0.711,2,932.87,1,1,0,1,B1,B1
C1_00000162,147.40139382475718,travel,UPI,15,5,1,Airtel Payments Bank,2025-04-03 15:36:00,0,53.1,0.941,0.024,0,435.43,0,1,0,1,C1,C1
D1_00000119,370.69,pharmacy,UPI,12,1,0,Paytm Payments Bank,2025-02-06 12:47:00,0,16.9,0.717,0.246,2,91.73,1,1,0,1,D1,D1
B3_00000068,20234.99,unknown,wallet,10,6,1,BOI,2025-03-28 10:49:00,1,52.9,0.079,0.838,5,138.62,1,1,0,1,B3,B3
C2_00000165,15449.13348660162,pharmacy,credit_card,11,5,1,Union Bank,2025-09-23 11:44:00,0,34.6,0.934,0.034,1,37.82,1,1,0,1,C2,C2
A3_00000090,99998.51691040257,unknown,credit_card,20,1,0,SBI,2025-11-07 08:08:00,0,0.5,0.233,0.91,6,59.81,1,0,1,1,A3,A3
B1_00000274,4866.34,unknown,debit_card,13,2,0,Kotak,2025-10-24 13:43:00,1,20.8,0.123,0.94,1,60.1,1,1,0,1,B1,B1
A3_00000308,9999.27071060682,unknown,UPI,20,0,0,Paytm Payments Bank,2025-05-20 11:29:00,0,0.9,0.116,0.851,7,149.76,1,1,1,1,A3,A3
A2_00000313,9998.942675011827,crypto,UPI,9,2,0,Kotak,2025-07-16 20:30:00,0,0.5,0.147,0.721,4,240.15,1,1,0,1,A2,A2
A3_00000098,19998.328724513893,unknown,UPI,10,0,0,BOI,2025-06-25 06:16:00,0,0.5,0.252,0.937,5,135.78,1,1,1,1,A3,A3
E1_00000322,942.36,online_retail,wallet,15,6,1,Airtel Payments Bank,2025-11-15 15:05:00,1,167.2,0.354,0.475,6,27.75,0,1,0,1,E1,E1
C2_00000343,15449.13348660162,fuel,debit_card,11,5,1,Kotak,2025-02-03 11:13:00,0,16.4,0.994,0.025,0,53.95,0,1,0,1,C2,C2
A3_00000212,9999.880122317823,crypto,UPI,9,1,0,BOI,2025-02-03 17:30:00,0,0.4,0.209,0.823,5,306.41,1,1,1,1,A3,A3
B1_00000342,1096.76,unknown,credit_card,11,5,1,Paytm Payments Bank,2025-10-09 11:12:00,1,68.6,0.057,0.95,1,21.12,1,1,0,1,B1,B1
A2_00000072,4999.294624761179,online_retail,UPI,20,2,0,HDFC,2025-11-08 19:24:00,0,0.1,0.139,0.885,0,5.04,1,1,0,1,A2,A2
E1_00000097,54.07,travel,credit_card,11,4,0,BOI,2025-11-06 11:30:00,1,89.9,0.138,0.567,1,205.84,0,1,0,1,E1,E1
B3_00000149,9169.82,unknown,UPI,11,6,1,Union Bank,2025-12-23 11:49:00,1,42.3,0.003,0.9,6,174.19,1,1,0,1,B3,B3
B3_00000314,48445.28,unknown,debit_card,19,6,1,Kotak,2025-03-06 19:50:00,1,34.2,0.064,0.808,11,29.96,1,1,1,1,B3,B3
D1_00000017,23.74,utilities,debit_card,22,6,1,PNB,2025-03-03 22:31:00,0,34.8,0.658,0.295,7,471.53,0,1,0,1,D1,D1
E1_00000062,23.35,grocery,credit_card,20,2,0,SBI,2025-06-29 20:10:00,1,126.5,0.366,0.678,5,380.46,0,1,0,1,E1,E1
A2_00000137,19999.072459769002,crypto,UPI,9,0,0,Axis,2025-02-14 19:40:00,1,0.1,0.116,0.87,3,320.11,1,1,0,1,A2,A2
E1_00000286,1304.51,restaurant,credit_card,11,0,0,ICICI,2025-12-25 11:44:00,1,101.8,0.234,0.568,5,179.53,0,1,0,1,E1,E1
B2_00000339,3031.8,crypto,debit_card,17,4,0,Paytm Payments Bank,2025-07-26 17:35:00,1,41.9,0.001,0.984,0,178.14,1,1,0,1,B2,B2
A1_00000282,998.7753484239114,online_retail,wallet,14,3,0,ICICI,2025-04-15 09:14:00,1,0.6,0.12,0.783,1,632.93,1,1,1,1,A1,A1
A2_00000267,999.0916701853284,unknown,UPI,21,6,1,ICICI,2025-04-16 02:10:00,0,0.3,0.163,0.873,4,501.07,1,0,0,1,A2,A2
A2_00000088,4999.855389391435,crypto,wallet,15,3,0,Kotak,2025-07-25 10:17:00,0,0.5,0.176,0.758,0,496.79,1,1,1,1,A2,A2
C1_00000147,147.40139382475718,electronics,net_banking,2,2,0,Union Bank,2025-07-26 02:51:00,1,48.8,0.951,0.119,1,26.22,1,0,0,1,C1,C1
D2_00000010,3010.98,education,debit_card,14,3,0,Union Bank,2025-01-13 14:35:00,0,19.3,0.673,0.177,3,1593.51,1,1,0,1,D2,D2
B2_00000221,1939.34,crypto,credit_card,18,4,0,BOI,2025-09-25 18:45:00,1,28.8,0.057,0.803,2,218.21,1,1,0,1,B2,B2
A3_00000175,19998.244400737945,unknown,credit_card,20,1,0,HDFC,2025-05-11 15:38:00,0,0.0,0.119,0.842,5,46.85,1,0,1,1,A3,A3
A2_00000075,9999.460799088038,crypto,UPI,21,5,1,ICICI,2025-06-28 20:53:00,0,0.9,0.2,0.939,5,115.16,1,1,0,1,A2,A2
E2_00000011,24.17,travel,credit_card,17,6,1,PNB,2025-06-27 17:39:00,1,153.9,0.384,0.551,6,26.69,0,1,0,1,E2,E2
A3_00000322,49999.96341123593,unknown,credit_card,14,5,1,HDFC,2025-10-05 11:59:00,1,0.4,0.124,0.647,0,47.04,1,1,1,1,A3,A3
E1_00000299,45.19,clothing,UPI,10,0,0,Union Bank,2025-05-05 10:49:00,1,54.9,0.105,0.587,1,18.13,1,1,0,1,E1,E1
A1_00000288,49999.2725673072,crypto,credit_card,21,4,0,Paytm Payments Bank,2025-01-20 07:16:00,1,0.4,0.166,0.835,1,1502.82,1,1,0,1,A1,A1
B1_00000338,1851.38,unknown,UPI,19,4,0,BOI,2025-03-21 19:16:00,1,17.4,0.085,0.841,1,4627.78,1,1,0,1,B1,B1
A3_00000093,99998.58355920762,unknown,debit_card,10,6,1,Axis,2025-12-31 11:54:00,1,0.4,0.101,0.929,3,202.98,1,1,1,1,A3,A3
B3_00000166,26549.44,unknown,debit_card,23,5,1,HDFC,2025-10-20 23:24:00,1,31.4,0.14,0.899,13,206.29,1,1,0,1,B3,B3
E2_00000328,427.53,restaurant,debit_card,9,3,0,Axis,2025-08-26 09:33:00,1,107.9,0.16,0.622,4,112.18,0,1,0,1,E2,E2
B2_00000296,1976.59,crypto,UPI,10,2,0,Union Bank,2025-11-30 10:36:00,1,29.3,0.113,0.87,2,97.0,1,1,0,1,B2,B2
B1_00000053,902.59,crypto,credit_card,15,0,0,SBI,2025-06-16 15:34:00,1,10.0,0.003,0.853,2,93.08,1,1,0,1,B1,B1
E1_00000000,2747.72,fuel,debit_card,9,6,1,Union Bank,2025-08-12 09:23:00,1,127.3,0.306,0.464,2,161.77,0,1,0,1,E1,E1
B3_00000112,23430.47,unknown,credit_card,6,6,1,ICICI,2025-12-16 06:38:00,1,71.7,0.184,0.826,16,62.56,1,1,0,1,B3,B3
A3_00000006,9998.597360125961,unknown,debit_card,21,1,0,BOI,2025-07-13 12:33:00,0,0.7,0.19,0.832,2,1093.46,1,0,0,1,A3,A3
A3_00000141,19999.04358332985,crypto,UPI,20,4,0,HDFC,2025-09-08 17:01:00,0,0.4,0.17,0.634,5,1336.44,1,1,0,1,A3,A3
B2_00000189,3248.81,unknown,debit_card,22,3,0,BOI,2025-06-16 22:39:00,1,37.4,0.121,0.808,2,278.58,1,1,0,1,B2,B2
B3_00000222,79123.82,unknown,debit_card,18,2,0,Paytm Payments Bank,2025-12-24 18:45:00,1,58.8,0.11,0.924,16,9.81,1,1,0,1,B3,B3
E2_00000253,73.72,travel,debit_card,12,1,0,PNB,2025-01-26 12:04:00,1,107.6,0.295,0.698,4,245.62,0,1,0,1,E2,E2
A3_00000119,4998.496450738186,unknown,net_banking,20,4,0,ICICI,2025-05-22 11:57:00,0,0.0,0.246,0.671,4,852.82,1,1,1,1,A3,A3
B2_00000162,2751.25,crypto,UPI,10,3,0,Airtel Payments Bank,2025-06-11 10:42:00,1,18.7,0.001,0.827,0,18.77,1,1,0,1,B2,B2
D2_00000162,3111.04,restaurant,UPI,12,4,0,Airtel Payments Bank,2025-08-28 12:09:00,0,61.4,0.611,0.322,2,6.92,0,1,0,1,D2,D2
E2_00000262,109.97,pharmacy,debit_card,19,2,0,Axis,2025-04-21 19:45:00,1,53.1,0.263,0.7,7,12905.38,0,1,0,1,E2,E2
B2_00000289,3574.39,unknown,credit_card,9,5,1,SBI,2025-12-09 09:29:00,1,47.9,0.136,0.859,2,22.64,1,1,0,1,B2,B2
E2_00000127,145.43,restaurant,credit_card,19,2,0,PNB,2025-07-15 19:25:00,1,128.3,0.163,0.572,1,445.0,0,1,0,1,E2,E2
E1_00000126,17401.23,clothing,UPI,18,3,0,Axis,2025-02-04 18:47:00,1,111.9,0.102,0.703,6,26.21,0,1,0,1,E1,E1
B2_00000215,574.92,unknown,UPI,18,6,1,PNB,2025-10-30 18:26:00,1,52.5,0.014,0.975,0,87.47,1,1,0,1,B2,B2
C1_00000130,147.40139382475718,electronics,credit_card,11,5,1,HDFC,2025-01-22 11:48:00,0,23.8,0.894,0.025,1,1121.36,1,1,0,1,C1,C1
E1_00000302,3208.93,restaurant,debit_card,19,6,1,BOI,2025-07-08 19:23:00,1,199.9,0.304,0.782,2,438.12,0,1,0,1,E1,E1
B2_00000286,1065.82,unknown,UPI,7,5,1,HDFC,2025-05-11 07:07:00,1,24.1,0.13,0.934,2,374.59,1,1,0,1,B2,B2
D2_00000247,408.91,grocery,UPI,8,5,1,Paytm Payments Bank,2025-04-19 08:42:00,0,30.2,0.808,0.299,0,186.99,1,1,0,1,D2,D2
E1_00000311,528.96,pharmacy,credit_card,10,5,1,Airtel Payments Bank,2025-06-05 10:41:00,1,83.1,0.113,0.662,4,108.12,0,1,0,1,E1,E1
B1_00000260,1716.6,unknown,UPI,11,1,0,PNB,2025-07-12 11:18:00,1,32.7,0.136,0.82,1,1468.58,1,1,0,1,B1,B1
C1_00000204,147.40139382475718,restaurant,debit_card,18,4,0,Union Bank,2025-06-01 18:46:00,0,2.3,0.857,0.081,1,357.0,1,1,0,1,C1,C1
A1_00000274,49998.31227096278,crypto,UPI,11,1,0,Kotak,2025-05-01 11:41:00,0,0.1,0.119,0.856,2,106.28,1,1,0,1,A1,A1
D1_00000331,225.17,grocery,UPI,19,3,0,BOI,2025-04-10 19:59:00,0,55.9,0.655,0.188,7,49.73,1,1,0,1,D1,D1
A1_00000039,4998.175535773519,crypto,UPI,16,0,0,BOI,2025-04-12 14:01:00,0,0.9,0.25,0.68,1,106.08,1,1,1,1,A1,A1
D2_00000293,35.08,grocery,credit_card,16,2,0,PNB,2025-02-07 16:23:00,0,45.6,0.635,0.169,4,319.48,1,1,0,1,D2,D2
E1_00000156,499.72,education,UPI,17,5,1,Paytm Payments Bank,2025-05-05 17:00:00,1,150.4,0.31,0.644,7,499.7,0,1,0,1,E1,E1
B1_00000258,1902.53,unknown,UPI,14,0,0,Union Bank,2025-07-11 14:08:00,1,38.7,0.014,0.744,0,5.46,1,1,0,1,B1,B1
D1_00000036,83.36,utilities,UPI,11,1,0,ICICI,2025-01-11 11:36:00,0,65.9,0.834,0.193,6,16.77,0,1,0,1,D1,D1
E1_00000028,173.02,pharmacy,UPI,21,6,1,BOI,2025-08-21 21:21:00,1,191.3,0.235,0.726,7,34.14,1,1,0,1,E1,E1
B3_00000096,24017.28,unknown,debit_card,12,6,1,Union Bank,2025-01-18 12:02:00,1,32.0,0.008,0.889,12,185.04,1,1,0,1,B3,B3
E1_00000031,2020.97,pharmacy,UPI,19,5,1,ICICI,2025-08-14 19:06:00,1,100.2,0.177,0.633,6,44.08,0,1,0,1,E1,E1
A3_00000066,500.4361790782416,crypto,UPI,16,0,0,Paytm Payments Bank,2025-08-21 20:58:00,1,0.8,0.129,0.601,3,62.58,1,1,1,1,A3,A3
D2_00000224,4784.09,education,UPI,10,4,0,Kotak,2025-05-15 10:29:00,0,45.3,0.637,0.262,0,271.62,0,1,0,1,D2,D2
D1_00000242,61.04,electronics,UPI,20,4,0,BOI,2025-06-10 20:54:00,1,37.9,0.783,0.238,5,554.44,1,1,0,1,D1,D1
A1_00000316,499.60640202532846,unknown,credit_card,14,0,0,Paytm Payments Bank,2025-01-01 17:49:00,0,0.9,0.133,0.786,5,200.42,1,1,1,1,A1,A1
A2_00000153,19998.258176273037,crypto,UPI,14,6,1,Union Bank,2025-11-17 06:15:00,0,0.0,0.212,0.689,3,48.87,1,1,0,1,A2,A2
C2_00000164,15449.13348660162,fuel,debit_card,16,1,0,SBI,2025-11-27 16:32:00,0,43.8,0.875,0.05,2,57.29,1,1,0,1,C2,C2
C1_00000340,147.40139382475718,clothing,net_banking,5,2,0,SBI,2025-11-10 05:33:00,0,23.5,0.914,0.089,0,245.84,1,0,0,1,C1,C1
A2_00000231,49998.62797535441,crypto,credit_card,20,6,1,Airtel Payments Bank,2025-10-18 15:46:00,0,0.7,0.159,0.613,4,878.24,1,1,1,1,A2,A2
A1_00000006,499.4942934806442,online_retail,UPI,16,2,0,Axis,2025-11-09 20:52:00,1,0.3,0.209,0.831,7,378.86,1,1,1,1,A1,A1
E2_00000244,14.83,fuel,net_banking,14,3,0,Airtel Payments Bank,2025-01-09 14:18:00,1,116.8,0.206,0.689,4,238.64,0,1,0,1,E2,E2
D2_00000286,179.06,fuel,UPI,10,5,1,HDFC,2025-12-04 10:55:00,0,36.8,0.623,0.236,3,300.05,0,1,0,1,D2,D2
C2_00000268,15449.13348660162,pharmacy,UPI,19,4,0,Kotak,2025-06-17 19:17:00,0,6.8,0.916,0.049,0,27.47,1,1,0,1,C2,C2
B3_00000321,8449.82,unknown,UPI,10,4,0,Union Bank,2025-12-29 10:23:00,1,64.0,0.052,0.899,17,77.55,1,1,0,1,B3,B3
A2_00000010,99999.04579573424,crypto,UPI,16,6,1,SBI,2025-05-28 12:49:00,1,0.8,0.233,0.862,6,450.21,1,1,0,1,A2,A2
A1_00000021,49998.01281776533,crypto,credit_card,10,5,1,PNB,2025-01-31 12:45:00,0,0.9,0.196,0.655,6,285.45,1,1,1,1,A1,A1
D2_00000167,138.43,fuel,UPI,12,2,0,Paytm Payments Bank,2025-11-04 12:49:00,0,21.3,0.717,0.184,0,43.69,0,1,0,1,D2,D2
A2_00000168,9999.488387624133,online_retail,credit_card,15,5,1,ICICI,2025-11-16 16:07:00,0,0.5,0.257,0.911,6,46.15,1,0,1,1,A2,A2
B1_00000288,2036.05,crypto,UPI,10,2,0,HDFC,2025-06-28 10:27:00,1,2.1,0.072,0.925,1,466.14,1,1,0,1,B1,B1
A2_00000146,19999.77114824104,online_retail,UPI,10,5,1,Airtel Payments Bank,2025-01-08 20:21:00,0,0.5,0.242,0.796,4,1082.42,1,1,1,1,A2,A2
B3_00000125,17241.72,unknown,UPI,18,2,0,Axis,2025-11-26 18:57:00,1,6.6,0.056,0.829,13,1686.63,1,1,0,1,B3,B3
B2_00000081,3065.52,crypto,UPI,8,2,0,Axis,2025-01-15 08:39:00,1,37.1,0.047,0.857,0,218.28,1,1,0,1,B2,B2
C2_00000288,15449.13348660162,grocery,UPI,15,0,0,HDFC,2025-09-03 15:27:00,0,8.3,0.999,0.011,0,50.96,1,1,0,1,C2,C2
B2_00000271,2327.81,unknown,net_banking,19,4,0,BOI,2025-06-13 19:21:00,1,46.4,0.013,0.83,2,89.0,1,1,0,1,B2,B2
D2_00000082,56.39,utilities,credit_card,17,4,0,Kotak,2025-08-08 17:23:00,0,39.0,0.672,0.159,0,7.76,1,1,0,1,D2,D2
D1_00000303,367.11,pharmacy,UPI,16,2,0,SBI,2025-09-17 16:01:00,0,29.9,0.66,0.161,5,18.35,1,1,0,1,D1,D1
A2_00000170,9998.339064947402,unknown,credit_card,15,6,1,Axis,2025-06-21 14:14:00,1,0.6,0.292,0.829,6,21.63,1,0,1,1,A2,A2
E1_00000261,2422.45,restaurant,UPI,18,1,0,HDFC,2025-11-24 18:08:00,1,86.6,0.1,0.481,1,226.44,0,1,0,1,E1,E1
D2_00000135,518.43,entertainment,debit_card,10,6,1,Paytm Payments Bank,2025-09-08 10:27:00,0,15.0,0.783,0.282,5,160.22,0,1,0,1,D2,D2
E2_00000072,429.72,pharmacy,debit_card,8,0,0,HDFC,2025-02-28 08:04:00,1,93.3,0.143,0.671,0,97.46,0,1,1,1,E2,E2
D2_00000052,8.48,electronics,UPI,19,5,1,ICICI,2025-10-23 19:25:00,0,57.7,0.725,0.321,3,172.49,1,1,0,1,D2,D2
D1_00000220,141.49,travel,debit_card,8,3,0,PNB,2025-07-13 08:03:00,0,30.9,0.709,0.294,6,10.76,1,1,0,1,D1,D1
E2_00000136,1985.13,fuel,debit_card,18,6,1,HDFC,2025-01-21 18:57:00,1,156.2,0.285,0.694,1,521.79,0,1,0,1,E2,E2
B2_00000061,3421.89,crypto,debit_card,8,4,0,PNB,2025-09-22 08:01:00,1,71.9,0.027,0.914,1,115.22,1,1,0,1,B2,B2
B2_00000055,963.53,crypto,debit_card,16,3,0,ICICI,2025-11-04 16:11:00,1,52.7,0.126,0.988,2,111.37,1,1,0,1,B2,B2
A3_00000148,998.5729977642004,unknown,UPI,9,1,0,HDFC,2025-04-30 13:51:00,0,0.8,0.294,0.862,6,143.63,1,1,1,1,A3,A3
A1_00000267,9999.943674833223,online_retail,net_banking,11,4,0,Kotak,2025-12-30 19:59:00,0,0.4,0.261,0.713,1,49.51,1,1,0,1,A1,A1
E1_00000129,35.08,entertainment,UPI,9,4,0,Kotak,2025-11-28 09:36:00,1,74.0,0.222,0.584,5,48.78,0,1,0,1,E1,E1
A1_00000253,99998.21965577213,unknown,wallet,14,5,1,Kotak,2025-02-01 18:49:00,0,0.8,0.156,0.761,7,2357.31,1,1,1,1,A1,A1
D1_00000080,48.25,travel,credit_card,13,0,0,Kotak,2025-08-19 13:24:00,0,1.0,0.832,0.247,4,18.26,0,1,0,1,D1,D1
D1_00000223,22.57,travel,debit_card,9,1,0,Axis,2025-08-31 09:29:00,0,10.4,0.761,0.277,5,17.01,0,1,0,1,D1,D1
A2_00000245,19999.11959355973,unknown,UPI,15,5,1,Paytm Payments Bank,2025-06-01 07:24:00,0,0.8,0.117,0.849,1,1243.54,1,1,1,1,A2,A2
C2_00000006,15449.13348660162,fuel,credit_card,21,4,0,Airtel Payments Bank,2025-06-30 21:52:00,1,71.6,0.856,0.007,0,368.21,1,1,0,1,C2,C2
D2_00000098,1468.34,online_retail,credit_card,17,4,0,PNB,2025-02-19 17:57:00,0,2.7,0.781,0.297,2,1056.84,1,1,0,1,D2,D2
C1_00000054,147.40139382475718,grocery,UPI,13,4,0,Kotak,2025-05-14 13:46:00,0,10.9,0.944,0.111,2,14.52,1,1,0,1,C1,C1
E2_00000171,66.87,clothing,UPI,11,6,1,Paytm Payments Bank,2025-06-01 11:21:00,1,126.6,0.138,0.604,1,21237.54,0,1,0,1,E2,E2
E2_00000308,684.27,grocery,net_banking,17,0,0,Axis,2025-12-25 17:03:00,1,140.9,0.294,0.629,3,65.42,0,1,0,1,E2,E2
B1_00000153,3093.14,unknown,UPI,20,0,0,PNB,2025-02-24 20:56:00,1,2.2,0.126,0.873,2,470.48,1,1,0,1,B1,B1
B2_00000151,4131.25,unknown,UPI,11,0,0,HDFC,2025-03-17 11:48:00,1,35.9,0.083,0.931,2,95.5,1,1,0,1,B2,B2
B1_00000225,1708.12,unknown,debit_card,9,4,0,Axis,2025-09-06 09:15:00,1,18.7,0.045,0.739,1,34.55,1,1,0,1,B1,B1
D2_00000166,52.54,utilities,credit_card,7,3,0,Airtel Payments Bank,2025-09-30 07:36:00,1,47.7,0.808,0.205,2,104.75,0,1,0,1,D2,D2
D2_00000227,620.91,education,UPI,15,6,1,Airtel Payments Bank,2025-01-06 15:33:00,0,59.5,0.692,0.284,6,480.31,1,1,0,1,D2,D2
E2_00000010,169.98,electronics,debit_card,4,4,0,PNB,2025-08-04 04:21:00,1,123.8,0.112,0.647,3,27.2,0,1,0,1,E2,E2
C1_00000270,147.40139382475718,grocery,UPI,14,1,0,Axis,2025-03-16 14:46:00,0,34.1,0.928,0.069,2,71.36,1,1,0,1,C1,C1
B1_00000325,2856.06,unknown,UPI,7,5,1,Axis,2025-11-04 07:09:00,1,28.4,0.121,0.905,1,132.9,1,1,0,1,B1,B1
A1_00000309,1999.2748419584764,unknown,debit_card,20,1,0,Paytm Payments Bank,2025-07-31 10:09:00,0,0.4,0.168,0.948,6,233.18,1,1,0,1,A1,A1
A3_00000120,1998.6898563402397,unknown,UPI,15,2,0,SBI,2025-01-04 15:37:00,0,0.4,0.106,0.673,6,26.66,1,0,1,1,A3,A3
C2_00000211,15449.13348660162,grocery,UPI,20,1,0,HDFC,2025-06-13 20:53:00,0,51.3,0.889,0.025,2,35.36,1,1,0,1,C2,C2
D2_00000037,34.32,pharmacy,debit_card,17,3,0,Airtel Payments Bank,2025-11-03 17:40:00,0,71.5,0.705,0.333,5,892.61,0,1,0,1,D2,D2
B1_00000315,2840.89,unknown,wallet,10,3,0,ICICI,2025-10-15 10:09:00,1,20.0,0.012,0.937,1,84.32,1,1,0,1,B1,B1
E2_00000349,154.98,travel,credit_card,20,3,0,Axis,2025-01-10 20:03:00,1,115.5,0.291,0.559,5,103.92,0,1,0,1,E2,E2
A1_00000231,9998.529390256777,crypto,UPI,9,1,0,SBI,2025-02-06 09:35:00,0,0.7,0.214,0.636,3,274.36,1,1,1,1,A1,A1
B2_00000047,630.57,crypto,debit_card,11,6,1,HDFC,2025-01-15 11:45:00,1,59.0,0.057,0.876,1,225.68,1,1,0,1,B2,B2
A2_00000208,19998.090386093154,online_retail,net_banking,21,5,1,HDFC,2025-05-28 12:25:00,0,0.2,0.133,0.717,7,91.04,1,1,1,1,A2,A2
B1_00000085,603.8,unknown,debit_card,19,1,0,Paytm Payments Bank,2025-02-12 19:00:00,1,0.9,0.086,0.952,1,44.79,1,1,0,1,B1,B1
A1_00000092,1998.2252273310812,unknown,UPI,14,1,0,ICICI,2025-06-06 18:06:00,1,0.8,0.119,0.67,7,7.88,1,1,1,1,A1,A1
D1_00000325,1092.07,fuel,credit_card,21,4,0,Airtel Payments Bank,2025-02-19 21:11:00,0,24.9,0.624,0.264,3,155.51,0,1,0,1,D1,D1
D1_00000185,5.84,grocery,UPI,14,3,0,Airtel Payments Bank,2025-07-22 14:03:00,0,35.8,0.772,0.152,6,108.19,1,1,0,1,D1,D1
D1_00000123,400.2,restaurant,UPI,5,0,0,Kotak,2025-06-18 05:19:00,0,51.6,0.817,0.214,6,175.1,0,1,0,1,D1,D1
D2_00000233,2352.02,grocery,debit_card,22,5,1,Airtel Payments Bank,2025-12-13 22:34:00,0,63.1,0.732,0.332,3,296.16,0,1,0,1,D2,D2
D1_00000109,7.71,online_retail,UPI,18,6,1,Union Bank,2025-07-10 18:22:00,0,7.9,0.613,0.272,1,207.06,0,1,0,1,D1,D1
E2_00000082,175.0,fuel,UPI,14,4,0,Union Bank,2025-11-22 14:06:00,1,107.3,0.342,0.71,1,395.32,0,1,0,1,E2,E2
E1_00000177,20.41,online_retail,UPI,12,4,0,HDFC,2025-02-15 12:53:00,1,94.8,0.357,0.62,3,131.52,1,1,0,1,E1,E1
A1_00000003,1999.8514291544288,unknown,UPI,15,0,0,ICICI,2025-07-14 02:04:00,0,0.8,0.297,0.778,5,123.43,1,1,0,1,A1,A1
A3_00000136,9999.02347709602,unknown,debit_card,15,4,0,BOI,2025-08-31 20:32:00,0,0.7,0.225,0.863,5,144.91,1,1,1,1,A3,A3
D2_00000160,430.74,travel,debit_card,11,3,0,ICICI,2025-04-01 11:57:00,0,39.6,0.735,0.174,6,654.35,1,1,0,1,D2,D2
A2_00000190,49999.13640788418,unknown,UPI,14,2,0,SBI,2025-08-15 11:36:00,0,0.3,0.176,0.805,2,45.57,1,0,1,1,A2,A2
E1_00000233,22.26,entertainment,UPI,11,4,0,ICICI,2025-10-19 11:40:00,1,133.7,0.131,0.543,0,104.64,0,1,0,1,E1,E1
B2_00000132,1560.93,unknown,UPI,11,0,0,Kotak,2025-10-05 11:32:00,1,49.9,0.097,0.969,1,118.51,1,1,0,1,B2,B2
A3_00000184,19998.65677339385,online_retail,net_banking,11,3,0,Paytm Payments Bank,2025-02-12 19:07:00,0,0.2,0.292,0.809,6,15.52,1,1,0,1,A3,A3
B3_00000011,23570.62,unknown,credit_card,18,5,1,Union Bank,2025-05-07 18:16:00,1,13.8,0.198,0.894,18,4820.61,1,1,0,1,B3,B3
A3_00000341,999.9239497818746,online_retail,UPI,16,4,0,Airtel Payments Bank,2025-11-13 21:45:00,0,0.7,0.147,0.611,7,67.32,1,1,1,1,A3,A3
D1_00000301,500.86,healthcare,debit_card,5,6,1,BOI,2025-04-20 05:10:00,1,5.4,0.704,0.199,1,65.56,0,1,0,1,D1,D1
E2_00000295,70.85,grocery,UPI,6,3,0,Union Bank,2025-03-25 06:46:00,1,79.2,0.276,0.542,2,18.94,1,1,0,1,E2,E2
C1_00000244,147.40139382475718,online_retail,net_banking,10,1,0,Kotak,2025-11-29 10:46:00,0,2.8,0.91,0.068,2,87.07,0,1,0,1,C1,C1
B1_00000129,1046.1,crypto,credit_card,14,1,0,HDFC,2025-06-18 14:14:00,1,48.4,0.126,0.926,2,1108.9,1,1,0,1,B1,B1
B1_00000223,1413.17,unknown,debit_card,14,2,0,SBI,2025-04-09 14:23:00,1,1.5,0.128,0.809,2,401.96,1,1,0,1,B1,B1
A2_00000152,9999.651854901615,crypto,credit_card,21,5,1,Airtel Payments Bank,2025-09-23 08:54:00,0,0.7,0.193,0.625,7,108.93,1,1,1,1,A2,A2
A1_00000156,9998.39859668136,crypto,UPI,10,0,0,SBI,2025-12-05 12:08:00,0,0.8,0.266,0.943,7,735.72,1,1,0,1,A1,A1
D1_00000257,483.56,utilities,credit_card,12,1,0,HDFC,2025-02-02 12:54:00,0,52.3,0.692,0.216,7,140.85,1,1,0,1,D1,D1
A2_00000138,998.019474398242,unknown,UPI,21,3,0,SBI,2025-01-10 09:16:00,1,0.7,0.238,0.942,1,773.1,1,1,1,1,A2,A2
D1_00000169,82.18,utilities,UPI,12,5,1,SBI,2025-05-04 12:43:00,1,28.1,0.731,0.25,2,201.28,1,1,0,1,D1,D1
B3_00000304,11331.77,unknown,UPI,20,2,0,PNB,2025-05-28 20:37:00,1,54.0,0.106,0.834,8,102.8,1,1,0,1,B3,B3
D2_00000254,4.48,grocery,debit_card,7,1,0,Axis,2025-04-09 07:07:00,1,68.2,0.654,0.338,5,27.45,1,1,0,1,D2,D2
C2_00000144,15449.13348660162,utilities,UPI,14,5,1,HDFC,2025-08-22 14:10:00,0,61.0,0.888,0.033,1,39.42,0,1,0,1,C2,C2
C1_00000336,147.40139382475718,electronics,debit_card,17,0,0,Union Bank,2025-01-07 17:50:00,0,44.2,0.87,0.029,0,274.68,1,1,0,1,C1,C1
A2_00000076,49999.22213510263,crypto,net_banking,11,2,0,Paytm Payments Bank,2025-01-26 21:52:00,0,0.5,0.154,0.727,3,63.77,1,1,0,1,A2,A2
D2_00000319,507.87,clothing,debit_card,17,0,0,Kotak,2025-07-23 17:56:00,0,49.2,0.819,0.344,1,32.62,1,1,0,1,D2,D2
D2_00000048,72.43,electronics,UPI,12,2,0,ICICI,2025-06-05 12:07:00,0,34.4,0.697,0.157,3,421.87,0,1,0,1,D2,D2
D1_00000334,457.48,clothing,debit_card,20,0,0,HDFC,2025-09-23 20:32:00,0,8.5,0.678,0.234,5,207.88,1,1,0,1,D1,D1
E1_00000003,270.21,entertainment,UPI,12,6,1,Axis,2025-07-22 12:44:00,1,78.9,0.111,0.596,1,1119.45,0,1,0,1,E1,E1
D1_00000055,4.6,travel,UPI,6,1,0,HDFC,2025-09-28 06:46:00,0,65.2,0.662,0.15,6,437.42,0,1,0,1,D1,D1
B1_00000330,2953.38,crypto,UPI,4,4,0,BOI,2025-12-11 04:18:00,1,34.0,0.083,0.93,0,4.79,1,1,0,1,B1,B1
E2_00000096,183.52,pharmacy,UPI,13,3,0,Paytm Payments Bank,2025-08-25 13:01:00,1,199.3,0.377,0.743,0,57.21,0,1,0,1,E2,E2
C1_00000107,147.40139382475718,online_retail,wallet,21,1,0,Axis,2025-01-08 21:15:00,0,66.2,0.996,0.068,0,252.45,0,1,0,1,C1,C1
D2_00000157,667.97,clothing,UPI,6,0,0,Paytm Payments Bank,2025-10-28 06:55:00,0,43.7,0.648,0.31,3,444.25,1,1,0,1,D2,D2
C2_00000216,15449.13348660162,grocery,debit_card,5,6,1,Airtel Payments Bank,2025-07-02 05:47:00,0,5.2,0.869,0.12,0,104.25,1,1,0,1,C2,C2
D2_00000231,695.99,grocery,credit_card,18,2,0,Union Bank,2025-05-19 18:10:00,0,17.0,0.694,0.229,0,196.28,0,1,0,1,D2,D2
B1_00000021,3394.8,unknown,UPI,6,2,0,Paytm Payments Bank,2025-07-02 06:19:00,1,0.6,0.074,0.765,1,358.53,1,1,0,1,B1,B1
C1_00000037,147.40139382475718,restaurant,UPI,9,4,0,Axis,2025-01-17 09:59:00,0,15.7,0.97,0.022,2,47.43,1,1,0,1,C1,C1
C1_00000195,147.40139382475718,fuel,UPI,14,5,1,Axis,2025-04-15 14:18:00,0,15.4,0.957,0.011,2,119.46,0,1,0,1,C1,C1
B1_00000208,2481.47,unknown,UPI,21,2,0,Paytm Payments Bank,2025-06-14 21:52:00,1,41.5,0.003,0.823,0,696.5,1,1,0,1,B1,B1
B3_00000005,11018.37,unknown,debit_card,10,1,0,Airtel Payments Bank,2025-03-28 10:22:00,1,67.0,0.03,0.839,14,372.69,1,0,0,1,B3,B3
B2_00000017,1059.57,crypto,debit_card,8,3,0,Airtel Payments Bank,2025-09-04 08:28:00,1,31.6,0.099,0.86,2,247.64,1,1,0,1,B2,B2
A1_00000192,1998.38222054692,unknown,debit_card,15,4,0,SBI,2025-12-21 14:32:00,1,0.7,0.244,0.715,3,1130.4,1,1,1,1,A1,A1
A1_00000269,1999.0624322464196,online_retail,credit_card,14,1,0,SBI,2025-02-05 09:26:00,0,0.1,0.283,0.945,4,27.0,1,1,1,1,A1,A1
B3_00000240,13194.53,unknown,debit_card,12,6,1,Paytm Payments Bank,2025-03-18 12:37:00,1,33.0,0.159,0.984,16,883.21,1,1,0,1,B3,B3
D1_00000293,234.43,grocery,UPI,14,5,1,SBI,2025-02-12 14:50:00,0,15.5,0.713,0.166,4,1433.14,1,1,0,1,D1,D1
D1_00000237,3.29,grocery,net_banking,15,1,0,HDFC,2025-02-22 15:25:00,1,4.1,0.695,0.29,1,153.83,0,1,0,1,D1,D1
B2_00000113,4509.59,unknown,UPI,15,0,0,HDFC,2025-10-27 15:49:00,1,6.4,0.065,0.904,0,27.26,1,1,0,1,B2,B2
A2_00000154,99998.21948154822,crypto,debit_card,21,4,0,Paytm Payments Bank,2025-07-01 19:39:00,0,0.1,0.164,0.744,0,33.59,1,1,0,1,A2,A2
A1_00000030,49999.20447835276,crypto,net_banking,9,1,0,BOI,2025-02-14 13:41:00,0,0.6,0.286,0.712,7,35.41,1,1,0,1,A1,A1
A1_00000285,49999.78945699377,crypto,UPI,10,3,0,Axis,2025-07-15 20:16:00,0,0.7,0.185,0.674,4,1317.52,1,1,1,1,A1,A1
C2_00000014,15449.13348660162,clothing,UPI,10,0,0,Airtel Payments Bank,2025-09-29 10:19:00,0,17.1,0.957,0.097,1,47.43,1,1,0,1,C2,C2
B1_00000029,4518.48,crypto,debit_card,12,1,0,Paytm Payments Bank,2025-01-25 12:01:00,1,29.1,0.127,0.879,0,163.38,1,1,0,1,B1,B1
B2_00000253,997.73,crypto,debit_card,21,4,0,BOI,2025-07-28 21:42:00,1,58.8,0.068,0.711,2,1787.79,1,1,0,1,B2,B2
A1_00000310,99999.3515348839,unknown,UPI,21,2,0,Airtel Payments Bank,2025-05-08 04:40:00,1,0.5,0.132,0.802,1,16.21,1,1,0,1,A1,A1
A3_00000031,500.61717986782725,unknown,UPI,21,2,0,BOI,2025-11-21 16:17:00,0,0.0,0.129,0.696,0,21.98,1,1,1,1,A3,A3
D2_00000348,550.1,restaurant,wallet,18,0,0,SBI,2025-01-01 18:13:00,0,10.3,0.636,0.278,7,1012.56,0,1,0,1,D2,D2
A2_00000025,19998.573567591113,crypto,debit_card,15,4,0,ICICI,2025-07-15 11:31:00,0,0.3,0.114,0.913,6,150.85,1,1,1,1,A2,A2
A2_00000201,1998.6859290749353,unknown,wallet,15,2,0,Paytm Payments Bank,2025-11-05 19:49:00,0,0.9,0.247,0.887,1,98.49,1,1,0,1,A2,A2
A3_00000287,19999.49440063383,crypto,UPI,15,0,0,Kotak,2025-07-31 06:49:00,0,0.1,0.268,0.799,5,640.25,1,1,1,1,A3,A3
C2_00000248,15449.13348660162,fuel,UPI,12,0,0,Union Bank,2025-06-19 12:07:00,1,49.6,0.859,0.11,2,52.67,0,1,0,1,C2,C2
E2_00000068,5155.47,education,UPI,13,2,0,SBI,2025-04-19 13:50:00,1,74.5,0.282,0.453,2,46.86,0,1,0,1,E2,E2
A2_00000077,9998.576492372391,unknown,UPI,14,2,0,ICICI,2025-06-17 15:42:00,1,0.1,0.275,0.601,7,315.73,1,1,1,1,A2,A2
D2_00000255,175.92,grocery,debit_card,17,6,1,Kotak,2025-08-25 17:49:00,0,22.6,0.811,0.208,5,82.87,0,1,0,1,D2,D2
C2_00000263,15449.13348660162,entertainment,debit_card,9,4,0,HDFC,2025-03-19 09:20:00,0,36.5,0.883,0.029,0,34.71,1,1,0,1,C2,C2
E2_00000056,99.83,restaurant,debit_card,9,6,1,Union Bank,2025-09-04 09:33:00,1,172.5,0.107,0.731,6,868.48,0,1,0,1,E2,E2
D2_00000115,343.91,electronics,debit_card,16,3,0,Union Bank,2025-08-08 16:08:00,0,5.4,0.615,0.187,4,486.68,1,1,0,1,D2,D2
E2_00000348,638.43,clothing,credit_card,15,1,0,Union Bank,2025-01-06 15:28:00,1,97.5,0.115,0.673,0,639.48,1,1,0,1,E2,E2
B3_00000284,14108.91,unknown,debit_card,5,5,1,HDFC,2025-10-22 05:27:00,1,30.5,0.025,0.808,18,63.89,1,1,0,1,B3,B3
D1_00000102,68.62,restaurant,debit_card,8,6,1,Axis,2025-09-30 08:19:00,0,54.3,0.743,0.255,7,80.26,1,1,0,1,D1,D1
A3_00000298,19999.984864155795,unknown,credit_card,11,1,0,BOI,2025-10-10 09:03:00,0,1.0,0.276,0.608,6,3395.23,1,1,0,1,A3,A3
B3_00000140,33075.0,unknown,UPI,19,2,0,Airtel Payments Bank,2025-08-26 19:55:00,1,16.6,0.079,0.802,18,17.18,1,1,0,1,B3,B3
B1_00000348,3962.13,unknown,UPI,14,1,0,PNB,2025-12-18 14:51:00,1,6.4,0.083,0.963,1,44.07,1,1,0,1,B1,B1
E2_00000325,73.4,electronics,credit_card,21,2,0,HDFC,2025-03-14 21:17:00,1,140.8,0.339,0.589,5,836.84,0,1,0,1,E2,E2
C1_00000221,147.40139382475718,clothing,wallet,20,5,1,Paytm Payments Bank,2025-08-09 20:09:00,0,65.1,0.868,0.102,1,50.22,1,1,0,1,C1,C1
C2_00000203,15449.13348660162,healthcare,UPI,10,2,0,Airtel Payments Bank,2025-12-01 10:11:00,0,13.1,0.932,0.104,2,1404.41,1,1,0,1,C2,C2
E2_00000076,531.98,education,UPI,7,2,0,Airtel Payments Bank,2025-05-14 07:23:00,1,76.3,0.396,0.701,6,287.42,0,1,0,1,E2,E2
D1_00000029,40.7,healthcare,credit_card,21,2,0,ICICI,2025-01-29 21:09:00,1,69.8,0.837,0.333,1,25.88,0,1,0,1,D1,D1
E1_00000279,57.33,grocery,net_banking,18,3,0,Union Bank,2025-04-17 18:32:00,1,78.4,0.292,0.533,7,13.05,0,1,0,1,E1,E1
E1_00000102,70.03,healthcare,debit_card,10,3,0,PNB,2025-10-12 10:48:00,1,81.3,0.225,0.722,7,2119.2,0,1,0,1,E1,E1
D2_00000149,347.66,grocery,UPI,21,2,0,Union Bank,2025-08-14 21:38:00,0,16.2,0.776,0.299,7,587.08,0,1,0,1,D2,D2
A1_00000027,500.34505326783375,unknown,debit_card,10,5,1,Paytm Payments Bank,2025-06-19 00:09:00,0,0.3,0.252,0.717,6,100.41,1,1,0,1,A1,A1
E2_00000229,258.62,clothing,net_banking,22,5,1,SBI,2025-08-15 22:03:00,1,66.9,0.239,0.698,7,108.41,1,1,0,1,E2,E2
D2_00000281,146.76,restaurant,UPI,19,1,0,Paytm Payments Bank,2025-05-11 19:11:00,0,49.5,0.605,0.343,3,192.61,1,1,0,1,D2,D2
A3_00000274,500.7045248712507,crypto,debit_card,20,3,0,Airtel Payments Bank,2025-12-21 13:46:00,0,0.2,0.29,0.804,7,69.11,1,1,1,1,A3,A3
A2_00000278,998.9460205655572,crypto,UPI,21,4,0,HDFC,2025-07-03 05:37:00,0,0.5,0.179,0.636,0,7.25,1,1,0,1,A2,A2
B3_00000332,7627.51,unknown,debit_card,9,1,0,Axis,2025-08-11 09:57:00,1,40.6,0.007,0.845,17,25.44,1,1,0,1,B3,B3
C2_00000255,15449.13348660162,pharmacy,debit_card,19,2,0,HDFC,2025-11-03 19:11:00,0,27.1,0.927,0.027,0,78.01,1,1,0,1,C2,C2
E1_00000094,69.95,education,UPI,8,5,1,Airtel Payments Bank,2025-08-27 08:11:00,1,155.5,0.257,0.475,5,45.07,0,1,0,1,E1,E1
A2_00000166,49999.7467993433,online_retail,wallet,9,1,0,Kotak,2025-03-11 18:51:00,0,0.8,0.289,0.939,2,703.07,1,1,1,1,A2,A2
D1_00000283,8239.12,pharmacy,debit_card,21,5,1,Axis,2025-11-19 21:17:00,0,65.3,0.698,0.262,7,6203.36,0,1,0,1,D1,D1
C1_00000039,147.40139382475718,fuel,wallet,17,1,0,Axis,2025-05-30 17:39:00,1,13.3,0.957,0.108,2,171.82,1,1,0,1,C1,C1
A1_00000114,99998.18769030686,unknown,debit_card,11,2,0,Kotak,2025-12-04 13:03:00,0,0.9,0.139,0.84,7,56.05,1,1,1,1,A1,A1
E2_00000160,2676.49,grocery,UPI,8,0,0,Kotak,2025-08-10 08:30:00,1,87.8,0.236,0.518,7,1564.31,0,1,0,1,E2,E2
A2_00000187,19998.17262256099,crypto,wallet,11,5,1,Paytm Payments Bank,2025-11-06 09:11:00,0,0.1,0.23,0.855,6,3675.0,1,1,0,1,A2,A2
A1_00000272,4998.9518897402,crypto,UPI,21,6,1,PNB,2025-12-19 16:58:00,0,0.1,0.117,0.725,7,11.11,1,1,0,1,A1,A1
E1_00000037,40.64,restaurant,UPI,9,1,0,SBI,2025-06-09 09:35:00,1,170.8,0.255,0.607,4,67.56,0,1,0,1,E1,E1
E2_00000265,1211.43,restaurant,UPI,18,2,0,Paytm Payments Bank,2025-03-26 18:27:00,1,74.1,0.148,0.543,3,200.64,0,1,0,1,E2,E2
A1_00000255,998.8279117649304,crypto,UPI,20,4,0,SBI,2025-08-21 15:18:00,0,0.1,0.225,0.852,7,72.14,1,1,1,1,A1,A1
C1_00000305,147.40139382475718,travel,UPI,16,6,1,HDFC,2025-06-27 16:38:00,1,61.9,0.879,0.092,1,136.45,1,1,0,1,C1,C1
D2_00000109,880.0,fuel,net_banking,19,5,1,ICICI,2025-10-19 19:22:00,0,8.2,0.602,0.276,4,137.11,0,1,0,1,D2,D2
B3_00000169,12412.83,unknown,UPI,3,0,0,Axis,2025-08-30 03:36:00,1,47.8,0.088,0.935,6,141.65,1,1,0,1,B3,B3
B3_00000086,8928.39,unknown,UPI,12,3,0,PNB,2025-04-06 12:16:00,1,51.7,0.093,0.979,15,104.95,1,1,0,1,B3,B3
A2_00000090,9999.223894752851,online_retail,credit_card,20,3,0,ICICI,2025-05-23 21:59:00,0,0.5,0.216,0.944,4,177.99,1,1,1,1,A2,A2
B3_00000196,62893.37,unknown,UPI,13,2,0,HDFC,2025-05-06 13:37:00,1,71.4,0.198,0.921,17,135.71,1,1,0,1,B3,B3
B2_00000016,4928.35,crypto,debit_card,10,3,0,Paytm Payments Bank,2025-12-01 10:58:00,1,0.1,0.011,0.936,1,304.72,1,1,0,1,B2,B2
D1_00000322,128.59,entertainment,credit_card,16,1,0,Kotak,2025-03-25 16:55:00,0,7.3,0.749,0.346,2,49.64,0,1,0,1,D1,D1
A2_00000183,1998.3127165936785,crypto,net_banking,16,4,0,Axis,2025-11-08 11:37:00,1,0.4,0.115,0.859,0,53.57,1,1,1,1,A2,A2
A3_00000304,1998.954250843745,unknown,wallet,16,2,0,Union Bank,2025-06-14 11:20:00,0,0.9,0.148,0.662,4,579.7,1,1,0,1,A3,A3
E2_00000250,441.21,grocery,UPI,18,1,0,HDFC,2025-05-13 18:14:00,1,190.5,0.14,0.569,1,103.47,0,1,0,1,E2,E2
E2_00000339,158.42,grocery,UPI,15,0,0,Kotak,2025-07-09 15:21:00,1,70.3,0.204,0.678,3,907.42,0,1,0,1,E2,E2
D2_00000074,634.41,pharmacy,debit_card,20,6,1,SBI,2025-10-28 20:34:00,0,57.0,0.825,0.188,3,94.85,1,1,0,1,D2,D2
E2_00000135,1463.97,restaurant,credit_card,12,5,1,Paytm Payments Bank,2025-04-01 12:52:00,1,185.3,0.379,0.772,5,32.67,0,1,0,1,E2,E2
A2_00000251,4999.360234578979,unknown,net_banking,21,6,1,PNB,2025-06-21 17:31:00,0,0.9,0.199,0.689,1,321.35,1,0,1,1,A2,A2
C1_00000129,147.40139382475718,electronics,debit_card,12,3,0,Airtel Payments Bank,2025-03-08 12:23:00,0,7.6,0.881,0.105,0,91.28,0,1,0,1,C1,C1
B2_00000195,1411.52,unknown,UPI,15,2,0,BOI,2025-05-03 15:26:00,1,61.1,0.031,0.735,1,159.4,1,1,0,1,B2,B2
A2_00000007,500.6171391955614,online_retail,credit_card,16,0,0,HDFC,2025-04-23 21:28:00,0,0.4,0.222,0.731,0,25.25,1,1,1,1,A2,A2
E1_00000341,39.42,grocery,UPI,18,5,1,Kotak,2025-05-15 18:56:00,1,85.7,0.245,0.656,7,491.36,0,1,0,1,E1,E1
E1_00000252,381.31,restaurant,UPI,10,1,0,Airtel Payments Bank,2025-02-19 10:55:00,1,141.5,0.355,0.739,7,290.47,1,1,0,1,E1,E1
A3_00000022,19999.24396578882,crypto,wallet,11,5,1,Airtel Payments Bank,2025-10-22 11:13:00,0,0.2,0.217,0.88,1,1301.26,1,1,0,1,A3,A3
C2_00000336,15449.13348660162,education,UPI,19,2,0,Axis,2025-11-12 19:57:00,0,0.2,0.887,0.024,1,58.66,1,1,0,1,C2,C2
C1_00000185,147.40139382475718,restaurant,UPI,16,4,0,BOI,2025-01-20 16:28:00,0,71.0,0.948,0.038,0,140.09,1,1,1,1,C1,C1
B1_00000144,993.43,crypto,debit_card,12,4,0,Airtel Payments Bank,2025-04-04 12:13:00,1,56.0,0.142,0.814,1,216.68,1,1,0,1,B1,B1
A1_00000050,49999.268139958695,unknown,UPI,21,2,0,ICICI,2025-10-31 19:19:00,0,0.1,0.112,0.838,2,443.11,1,1,1,1,A1,A1
E2_00000343,709.52,grocery,UPI,10,1,0,Union Bank,2025-01-29 10:59:00,1,163.6,0.206,0.618,3,1936.81,0,1,0,1,E2,E2
B3_00000047,14852.77,unknown,UPI,18,4,0,ICICI,2025-04-18 18:05:00,1,29.1,0.131,0.968,8,448.71,1,1,0,1,B3,B3
E2_00000179,10.0,healthcare,UPI,17,5,1,Axis,2025-01-25 17:36:00,1,166.8,0.102,0.763,7,4.41,0,1,0,1,E2,E2
C1_00000237,147.40139382475718,restaurant,credit_card,20,2,0,Paytm Payments Bank,2025-07-01 20:24:00,0,1.0,0.945,0.099,0,135.83,0,1,0,1,C1,C1
E1_00000157,440.93,online_retail,UPI,15,5,1,ICICI,2025-09-19 15:01:00,1,70.5,0.316,0.592,7,189.08,0,1,0,1,E1,E1
B3_00000244,26182.71,unknown,credit_card,12,0,0,ICICI,2025-12-02 12:10:00,1,7.7,0.032,0.801,14,195.9,1,1,0,1,B3,B3
A1_00000264,49999.39060421218,unknown,UPI,14,4,0,Kotak,2025-02-14 01:00:00,0,0.6,0.133,0.802,3,114.09,1,1,0,1,A1,A1
C2_00000080,15449.13348660162,travel,UPI,10,3,0,Airtel Payments Bank,2025-08-23 10:07:00,0,70.2,0.88,0.07,0,93.57,1,1,0,1,C2,C2
D1_00000074,66.07,restaurant,debit_card,0,1,0,SBI,2025-01-12 00:11:00,0,22.2,0.64,0.222,2,800.81,1,1,0,1,D1,D1
A1_00000146,4998.968997884693,online_retail,credit_card,10,6,1,Axis,2025-05-11 13:53:00,0,0.9,0.14,0.782,0,38.92,1,1,1,1,A1,A1
B2_00000186,4188.44,unknown,credit_card,11,2,0,Paytm Payments Bank,2025-05-08 11:50:00,1,37.2,0.123,0.891,1,9.44,1,1,0,1,B2,B2
C2_00000313,15449.13348660162,utilities,UPI,10,6,1,BOI,2025-02-05 10:16:00,1,51.0,0.993,0.111,0,122.85,0,1,0,1,C2,C2
B2_00000005,1205.31,crypto,net_banking,12,5,1,Kotak,2025-08-18 12:43:00,1,21.0,0.077,0.776,2,854.83,1,1,0,1,B2,B2
A3_00000176,4998.033990358306,unknown,UPI,16,4,0,ICICI,2025-03-17 04:15:00,0,0.4,0.233,0.79,0,61.73,1,1,1,1,A3,A3
C1_00000173,147.40139382475718,entertainment,debit_card,10,5,1,ICICI,2025-10-10 10:55:00,0,62.8,0.926,0.074,2,109.79,0,1,0,1,C1,C1
D1_00000166,382.0,online_retail,net_banking,8,0,0,Airtel Payments Bank,2025-03-13 08:10:00,0,43.4,0.841,0.26,1,384.34,0,1,0,1,D1,D1
A1_00000229,49998.64584160733,online_retail,UPI,20,4,0,Kotak,2025-04-13 20:33:00,0,0.5,0.164,0.799,1,340.57,1,1,1,1,A1,A1
B2_00000181,1743.31,unknown,debit_card,12,3,0,PNB,2025-04-29 12:28:00,1,21.7,0.102,0.758,2,1866.63,1,1,0,1,B2,B2
E2_00000187,28420.44,fuel,credit_card,16,3,0,Axis,2025-12-21 16:39:00,1,65.7,0.191,0.486,1,17.96,0,1,0,1,E2,E2
C2_00000330,15449.13348660162,travel,net_banking,9,3,0,Union Bank,2025-04-23 09:21:00,0,53.2,0.876,0.046,0,172.03,0,1,0,1,C2,C2
B3_00000078,13624.2,unknown,UPI,8,3,0,PNB,2025-03-30 08:36:00,1,41.1,0.016,0.837,17,540.92,1,1,0,1,B3,B3
E1_00000135,33.7,restaurant,UPI,10,2,0,HDFC,2025-12-12 10:37:00,1,133.2,0.4,0.749,3,16.46,0,1,0,1,E1,E1
B2_00000311,2522.27,unknown,UPI,21,6,1,ICICI,2025-07-21 21:45:00,1,69.3,0.049,0.822,2,137.65,1,1,0,1,B2,B2
D1_00000197,13.08,fuel,credit_card,14,0,0,Airtel Payments Bank,2025-12-03 14:37:00,0,45.5,0.612,0.283,2,441.05,0,1,0,1,D1,D1
A3_00000161,4998.651701444896,unknown,credit_card,21,4,0,SBI,2025-06-24 21:43:00,0,0.2,0.288,0.807,3,6.93,1,1,1,1,A3,A3
C1_00000056,147.40139382475718,entertainment,UPI,19,5,1,BOI,2025-10-20 19:15:00,0,65.3,0.882,0.118,1,12.08,1,1,0,1,C1,C1
C2_00000210,15449.13348660162,electronics,UPI,17,4,0,Axis,2025-09-28 17:15:00,1,19.3,0.952,0.031,1,97.34,1,1,0,1,C2,C2
E2_00000143,427.66,healthcare,UPI,22,1,0,Paytm Payments Bank,2025-02-07 22:58:00,1,121.6,0.253,0.756,6,1025.65,0,1,0,1,E2,E2
E1_00000247,10.0,restaurant,debit_card,11,2,0,BOI,2025-06-13 11:18:00,1,118.5,0.396,0.68,5,277.15,0,1,0,1,E1,E1
A3_00000075,1999.5350362457398,crypto,credit_card,9,3,0,Axis,2025-09-05 07:10:00,0,0.6,0.206,0.627,2,65.94,1,1,0,1,A3,A3
A2_00000029,9998.979647994283,crypto,debit_card,9,2,0,Axis,2025-05-04 14:56:00,1,0.6,0.18,0.609,6,1491.22,1,1,1,1,A2,A2
B3_00000245,17184.16,unknown,net_banking,8,4,0,Axis,2025-11-13 08:53:00,1,65.6,0.128,0.847,6,156.21,1,1,0,1,B3,B3
A2_00000256,4998.233667397972,unknown,net_banking,15,3,0,Airtel Payments Bank,2025-01-18 12:01:00,0,0.6,0.291,0.614,6,79.41,1,0,1,1,A2,A2
C1_00000265,147.40139382475718,grocery,UPI,9,5,1,SBI,2025-08-14 09:09:00,0,22.1,0.864,0.082,0,152.17,1,1,0,1,C1,C1
B3_00000045,20028.97,unknown,net_banking,18,0,0,Axis,2025-02-01 18:58:00,1,43.1,0.025,0.833,5,7.69,1,1,0,1,B3,B3
A3_00000053,19998.1195272801,unknown,UPI,11,4,0,Paytm Payments Bank,2025-12-30 10:42:00,0,0.8,0.176,0.835,2,11.22,1,1,1,1,A3,A3
D2_00000092,32.19,electronics,wallet,3,6,1,SBI,2025-04-12 03:50:00,0,9.1,0.672,0.201,5,114.09,0,1,0,1,D2,D2
B2_00000175,1255.58,crypto,UPI,10,2,0,BOI,2025-04-29 10:33:00,1,60.6,0.034,0.976,0,135.56,1,1,0,1,B2,B2
D1_00000212,8244.73,grocery,UPI,21,6,1,BOI,2025-05-06 21:36:00,0,44.1,0.665,0.273,5,83.34,0,1,0,1,D1,D1
A1_00000344,19998.36671248621,crypto,net_banking,11,3,0,PNB,2025-09-21 08:23:00,0,0.8,0.126,0.911,4,129.24,1,1,1,1,A1,A1
B1_00000174,2855.39,crypto,wallet,20,5,1,PNB,2025-07-26 20:33:00,1,24.9,0.094,0.871,2,877.29,1,1,0,1,B1,B1
E2_00000345,1419.97,electronics,UPI,11,1,0,ICICI,2025-09-27 11:42:00,1,178.1,0.209,0.582,1,136.06,0,1,0,1,E2,E2
B2_00000153,530.71,crypto,net_banking,13,1,0,Airtel Payments Bank,2025-05-14 13:09:00,1,34.9,0.14,0.756,0,190.97,1,1,0,1,B2,B2
A1_00000270,4999.68235070309,crypto,UPI,14,5,1,ICICI,2025-04-08 20:08:00,0,0.1,0.182,0.811,1,241.29,1,1,0,1,A1,A1
E2_00000218,224.96,grocery,UPI,21,6,1,Paytm Payments Bank,2025-12-09 21:01:00,1,162.3,0.231,0.72,7,184.13,0,1,0,1,E2,E2
A3_00000261,1999.182162789441,online_retail,wallet,10,3,0,SBI,2025-09-14 20:32:00,0,0.1,0.11,0.62,5,571.87,1,1,1,1,A3,A3
E2_00000315,1920.15,fuel,UPI,8,6,1,PNB,2025-01-14 08:54:00,1,77.2,0.23,0.538,6,204.61,1,1,0,1,E2,E2
A3_00000068,1998.048465200183,crypto,net_banking,21,5,1,BOI,2025-07-18 15:42:00,0,0.1,0.248,0.732,0,650.39,1,1,0,1,A3,A3
A3_00000128,19998.760432294366,crypto,UPI,20,2,0,BOI,2025-06-12 23:59:00,0,0.7,0.125,0.76,0,93.51,1,1,1,1,A3,A3
B3_00000152,12364.71,unknown,UPI,15,5,1,Union Bank,2025-05-22 15:23:00,1,53.5,0.01,0.887,18,441.43,1,1,0,1,B3,B3
A2_00000062,998.4376124685318,crypto,UPI,11,0,0,Axis,2025-08-18 08:35:00,0,0.7,0.228,0.681,5,43.5,1,0,0,1,A2,A2
B3_00000180,21437.76,unknown,UPI,18,3,0,SBI,2025-05-06 18:44:00,1,0.3,0.115,0.925,14,266.91,1,1,0,1,B3,B3
C2_00000296,15449.13348660162,travel,credit_card,13,2,0,Paytm Payments Bank,2025-03-01 13:55:00,0,26.9,0.908,0.099,0,697.64,1,0,0,1,C2,C2
E2_00000196,401.5,grocery,UPI,15,6,1,SBI,2025-04-27 15:43:00,1,112.0,0.281,0.599,7,71.85,0,1,0,1,E2,E2
A3_00000296,19999.138839503135,unknown,UPI,20,0,0,Airtel Payments Bank,2025-05-08 05:10:00,0,0.6,0.293,0.849,1,1324.41,1,1,0,1,A3,A3
B2_00000204,2500.77,unknown,credit_card,4,3,0,SBI,2025-05-13 04:45:00,1,64.8,0.082,0.875,1,13.63,1,1,0,1,B2,B2
B3_00000267,11398.87,unknown,debit_card,21,1,0,HDFC,2025-08-01 21:26:00,1,21.7,0.006,0.864,13,575.42,1,1,0,1,B3,B3
D1_00000160,154.38,entertainment,debit_card,11,0,0,Kotak,2025-02-10 11:22:00,1,38.7,0.758,0.266,3,802.38,0,1,0,1,D1,D1
D2_00000211,2279.15,pharmacy,UPI,15,6,1,Axis,2025-05-25 15:03:00,0,50.9,0.642,0.154,5,5.66,0,1,0,1,D2,D2
B2_00000074,2812.35,unknown,UPI,12,5,1,HDFC,2025-05-09 12:05:00,1,52.3,0.04,0.767,2,36.48,1,1,0,1,B2,B2
D1_00000309,129.87,pharmacy,UPI,17,0,0,SBI,2025-04-09 17:28:00,0,64.2,0.717,0.183,6,43.24,0,1,0,1,D1,D1
C2_00000187,15449.13348660162,clothing,debit_card,12,6,1,Paytm Payments Bank,2025-12-15 12:20:00,0,63.7,0.888,0.105,2,178.14,1,1,0,1,C2,C2
D2_00000256,87.21,utilities,debit_card,13,0,0,HDFC,2025-05-23 13:42:00,0,45.0,0.625,0.219,5,1191.8,0,1,0,1,D2,D2
E1_00000032,119.85,pharmacy,UPI,19,5,1,HDFC,2025-12-15 19:11:00,1,171.4,0.14,0.589,0,11.31,0,1,0,1,E1,E1
D2_00000318,19.03,fuel,credit_card,12,3,0,Axis,2025-10-07 12:22:00,0,23.4,0.705,0.216,4,66.43,1,1,0,1,D2,D2
D2_00000342,163.42,grocery,credit_card,9,0,0,Axis,2025-12-08 09:49:00,0,61.2,0.605,0.247,5,15.8,0,1,0,1,D2,D2
E2_00000282,1211.45,grocery,UPI,5,4,0,Axis,2025-01-29 05:02:00,1,118.6,0.106,0.463,3,319.18,0,1,0,1,E2,E2
D2_00000296,19.16,clothing,UPI,12,5,1,Union Bank,2025-07-01 12:50:00,0,28.4,0.806,0.174,5,120.09,0,1,0,1,D2,D2
C2_00000056,15449.13348660162,pharmacy,credit_card,8,0,0,Axis,2025-03-23 08:12:00,0,14.4,0.958,0.054,1,241.03,1,1,0,1,C2,C2
E1_00000106,10062.72,electronics,UPI,3,1,0,Axis,2025-05-24 03:53:00,1,99.0,0.34,0.503,3,391.79,0,1,0,1,E1,E1
E2_00000093,180.67,utilities,UPI,14,1,0,Axis,2025-11-15 14:01:00,1,144.2,0.217,0.525,1,104.65,0,1,0,1,E2,E2
C2_00000026,15449.13348660162,online_retail,UPI,10,3,0,HDFC,2025-12-17 10:17:00,0,71.0,0.956,0.05,1,878.09,1,1,0,1,C2,C2
C1_00000258,147.40139382475718,restaurant,wallet,12,2,0,BOI,2025-07-03 12:57:00,1,1.9,0.856,0.11,0,140.46,1,1,0,1,C1,C1
B2_00000014,934.83,unknown,debit_card,18,3,0,Paytm Payments Bank,2025-07-27 18:16:00,1,64.4,0.149,0.754,0,536.82,1,1,0,1,B2,B2
B2_00000095,3300.38,unknown,UPI,12,3,0,HDFC,2025-11-21 12:00:00,1,7.5,0.106,0.83,0,4.16,1,1,0,1,B2,B2
A2_00000310,9998.6980259868,crypto,UPI,9,3,0,BOI,2025-11-07 19:29:00,1,0.1,0.115,0.838,5,106.33,1,1,0,1,A2,A2
C1_00000023,147.40139382475718,grocery,credit_card,10,5,1,Kotak,2025-01-27 10:46:00,0,11.8,0.968,0.051,0,91.42,1,1,0,1,C1,C1
E2_00000323,7774.66,travel,UPI,18,6,1,ICICI,2025-01-11 18:55:00,1,60.3,0.366,0.549,3,20.03,1,1,0,1,E2,E2
D1_00000142,129.04,healthcare,credit_card,10,1,0,HDFC,2025-12-17 10:35:00,1,54.6,0.829,0.306,0,241.42,0,1,0,1,D1,D1
C2_00000115,15449.13348660162,grocery,UPI,13,6,1,HDFC,2025-12-11 13:16:00,0,55.9,0.92,0.025,2,4379.46,0,1,0,1,C2,C2
C2_00000012,15449.13348660162,online_retail,debit_card,15,4,0,Axis,2025-05-29 15:05:00,1,53.3,0.885,0.043,2,68.03,1,1,0,1,C2,C2
A2_00000086,19999.45441311835,online_retail,credit_card,20,4,0,PNB,2025-08-04 21:18:00,1,0.9,0.18,0.615,1,14.58,1,1,1,1,A2,A2
A1_00000169,4999.222677368551,online_retail,debit_card,10,3,0,Axis,2025-12-14 22:25:00,0,0.2,0.298,0.738,0,4.25,1,1,1,1,A1,A1
D2_00000050,85.45,entertainment,net_banking,7,5,1,Axis,2025-02-13 07:51:00,0,10.7,0.696,0.288,6,48.09,1,1,0,1,D2,D2
B2_00000091,4410.11,unknown,UPI,10,0,0,Kotak,2025-12-19 10:43:00,1,29.8,0.129,0.7,0,1689.86,1,1,0,1,B2,B2
D2_00000314,338.27,travel,credit_card,10,4,0,Kotak,2025-02-03 10:03:00,0,23.2,0.623,0.156,5,61.67,0,1,0,1,D2,D2
E2_00000307,1061.35,pharmacy,credit_card,14,4,0,HDFC,2025-05-11 14:01:00,1,57.8,0.111,0.777,0,989.29,1,1,0,1,E2,E2
A2_00000096,99999.12151196183,online_retail,credit_card,21,1,0,Airtel Payments Bank,2025-02-28 11:40:00,0,0.5,0.145,0.815,4,727.6,1,1,1,1,A2,A2
A2_00000165,1999.3994260180712,online_retail,UPI,15,3,0,ICICI,2025-04-01 05:47:00,0,0.6,0.169,0.834,3,4255.65,1,1,1,1,A2,A2
C1_00000078,147.40139382475718,travel,credit_card,13,5,1,BOI,2025-04-11 13:32:00,0,62.5,0.95,0.104,0,21.93,0,1,0,1,C1,C1
A3_00000306,49999.44968656357,unknown,net_banking,10,3,0,Airtel Payments Bank,2025-11-11 20:23:00,1,0.4,0.27,0.698,2,54.01,1,1,1,1,A3,A3
A2_00000036,998.1226413558304,unknown,net_banking,20,4,0,Kotak,2025-07-09 15:27:00,0,0.2,0.151,0.718,2,18.4,1,1,0,1,A2,A2
D2_00000060,18.52,travel,UPI,13,1,0,BOI,2025-10-27 13:00:00,0,36.1,0.813,0.24,5,137.83,0,1,0,1,D2,D2
C1_00000113,147.40139382475718,travel,debit_card,21,5,1,Airtel Payments Bank,2025-05-03 21:36:00,0,43.8,0.972,0.008,0,410.89,1,1,1,1,C1,C1
A3_00000242,998.5812857767097,unknown,debit_card,10,0,0,Union Bank,2025-10-09 07:06:00,1,0.2,0.224,0.744,5,446.67,1,1,0,1,A3,A3
A3_00000257,19999.440157755536,crypto,UPI,20,2,0,BOI,2025-06-11 22:41:00,0,0.1,0.123,0.877,0,269.89,1,1,1,1,A3,A3
A3_00000130,19999.207086396444,crypto,credit_card,15,2,0,Airtel Payments Bank,2025-09-22 19:48:00,0,0.5,0.213,0.753,7,33.36,1,0,1,1,A3,A3
E2_00000316,1352.14,electronics,UPI,19,6,1,Paytm Payments Bank,2025-03-02 19:40:00,1,171.4,0.172,0.783,0,353.6,1,1,0,1,E2,E2
A3_00000103,4998.58963686606,unknown,UPI,20,5,1,ICICI,2025-09-03 08:29:00,0,0.8,0.271,0.72,2,59.45,1,1,1,1,A3,A3
A3_00000329,4998.456531746864,crypto,UPI,11,4,0,PNB,2025-12-07 09:24:00,0,0.3,0.252,0.691,2,14.54,1,1,1,1,A3,A3
E1_00000014,239.96,online_retail,UPI,15,1,0,Kotak,2025-10-04 15:48:00,1,149.8,0.389,0.781,1,99.78,0,1,0,1,E1,E1
E1_00000078,2080.38,fuel,debit_card,5,4,0,Axis,2025-08-06 05:06:00,1,124.5,0.318,0.746,2,20.7,1,1,0,1,E1,E1
E1_00000120,36.59,grocery,UPI,11,4,0,BOI,2025-11-20 11:31:00,1,58.5,0.391,0.558,3,19.18,0,1,0,1,E1,E1
A2_00000327,998.7066718377654,online_retail,credit_card,20,0,0,Airtel Payments Bank,2025-07-07 04:16:00,0,0.2,0.239,0.778,3,66.64,1,1,0,1,A2,A2
B3_00000151,12199.14,unknown,UPI,21,5,1,SBI,2025-04-03 21:19:00,1,8.6,0.014,0.914,8,217.26,1,1,0,1,B3,B3
B1_00000308,519.15,unknown,UPI,19,0,0,SBI,2025-11-19 19:24:00,1,45.8,0.143,0.885,1,1519.87,1,1,0,1,B1,B1
A3_00000235,9999.616260155844,unknown,credit_card,11,0,0,Union Bank,2025-07-22 10:22:00,1,0.4,0.137,0.774,5,91.76,1,1,1,1,A3,A3
D1_00000266,188.36,entertainment,UPI,10,1,0,PNB,2025-02-16 10:48:00,0,55.7,0.777,0.167,4,79.37,1,1,0,1,D1,D1
B1_00000125,2496.78,unknown,credit_card,22,3,0,SBI,2025-01-19 22:43:00,1,26.0,0.005,0.723,0,312.84,1,1,0,1,B1,B1
B1_00000181,3666.76,unknown,debit_card,11,6,1,BOI,2025-01-28 11:19:00,1,29.4,0.028,0.804,1,254.11,1,1,0,1,B1,B1
A1_00000167,49999.43350136113,crypto,UPI,9,1,0,ICICI,2025-01-16 14:31:00,0,0.3,0.243,0.869,6,454.54,1,1,0,1,A1,A1
E1_00000267,43.08,fuel,UPI,9,4,0,Axis,2025-06-06 09:38:00,1,53.0,0.199,0.634,2,168.07,0,1,0,1,E1,E1
E2_00000312,13596.14,entertainment,UPI,9,1,0,Airtel Payments Bank,2025-08-06 09:48:00,1,83.9,0.318,0.5,5,104.92,0,1,0,1,E2,E2
C2_00000199,15449.13348660162,online_retail,UPI,21,2,0,HDFC,2025-10-06 21:08:00,0,10.5,0.955,0.076,0,193.4,1,1,0,1,C2,C2
B2_00000120,3168.48,unknown,debit_card,8,0,0,HDFC,2025-09-25 08:00:00,1,52.0,0.07,0.779,2,244.18,1,1,0,1,B2,B2
E1_00000127,222.86,fuel,UPI,13,1,0,Kotak,2025-05-09 13:37:00,1,55.5,0.244,0.721,6,799.71,0,1,0,1,E1,E1
B2_00000218,1254.61,crypto,credit_card,9,1,0,HDFC,2025-07-20 09:07:00,1,25.6,0.092,0.936,1,691.54,1,1,0,1,B2,B2
A1_00000210,4999.644274318129,online_retail,wallet,9,1,0,BOI,2025-03-05 11:33:00,0,0.7,0.227,0.896,3,53.15,1,0,0,1,A1,A1
B3_00000274,13661.02,unknown,UPI,14,4,0,Kotak,2025-06-28 14:49:00,1,17.0,0.092,0.856,6,30.72,1,1,0,1,B3,B3
D1_00000288,71.5,entertainment,UPI,14,4,0,Axis,2025-09-15 14:36:00,0,3.2,0.826,0.177,4,38.68,1,1,0,1,D1,D1
B1_00000173,741.41,unknown,net_banking,11,2,0,PNB,2025-11-15 11:58:00,1,30.3,0.145,0.901,0,20.95,1,1,0,1,B1,B1
E1_00000176,441.9,electronics,UPI,20,0,0,ICICI,2025-11-17 20:00:00,1,155.6,0.395,0.75,6,114.2,0,1,0,1,E1,E1
A3_00000151,4998.156620751861,online_retail,wallet,11,1,0,PNB,2025-03-17 09:46:00,0,0.8,0.29,0.874,4,37.73,1,1,0,1,A3,A3
B3_00000009,11795.53,unknown,wallet,20,4,0,Axis,2025-12-12 20:11:00,1,55.7,0.118,0.946,7,427.47,1,1,0,1,B3,B3
A3_00000107,99999.69095508751,unknown,wallet,21,0,0,Paytm Payments Bank,2025-01-23 11:58:00,0,0.2,0.181,0.638,0,142.99,1,1,0,1,A3,A3
A3_00000169,49999.2363956293,crypto,UPI,15,6,1,HDFC,2025-11-01 07:57:00,0,0.1,0.19,0.794,7,268.52,1,1,1,1,A3,A3
C1_00000286,147.40139382475718,fuel,UPI,15,4,0,Airtel Payments Bank,2025-03-14 15:37:00,0,21.9,0.89,0.08,0,213.68,0,1,0,1,C1,C1
A2_00000012,4999.566584694062,unknown,debit_card,10,2,0,Kotak,2025-11-17 14:21:00,0,0.2,0.192,0.604,3,1241.77,1,1,0,1,A2,A2
C1_00000146,147.40139382475718,electronics,credit_card,20,1,0,PNB,2025-02-10 20:50:00,0,31.7,0.91,0.118,0,53.99,1,1,0,1,C1,C1
D1_00000146,499.32,fuel,debit_card,8,5,1,Axis,2025-08-18 08:18:00,0,29.0,0.808,0.238,3,26.08,0,1,0,1,D1,D1
D1_00000244,96.63,clothing,debit_card,2,6,1,Airtel Payments Bank,2025-01-16 02:05:00,0,1.5,0.825,0.225,3,65.96,0,1,0,1,D1,D1
B2_00000087,2919.69,unknown,debit_card,10,2,0,Paytm Payments Bank,2025-12-28 10:47:00,1,65.8,0.119,0.768,0,12.67,1,1,0,1,B2,B2
B2_00000135,4401.31,unknown,UPI,14,5,1,Paytm Payments Bank,2025-08-11 14:27:00,1,39.2,0.102,0.839,0,14.21,1,1,0,1,B2,B2
B2_00000045,2331.45,unknown,UPI,17,2,0,Paytm Payments Bank,2025-04-03 17:56:00,1,60.3,0.122,0.978,1,228.11,1,1,0,1,B2,B2
A3_00000185,4998.660087635687,crypto,UPI,20,2,0,Kotak,2025-04-29 16:56:00,0,0.8,0.12,0.764,3,742.98,1,1,0,1,A3,A3
A1_00000225,19998.404336187952,unknown,credit_card,14,2,0,Kotak,2025-07-21 20:22:00,0,0.6,0.208,0.704,7,30.87,1,1,1,1,A1,A1
A1_00000294,9999.631020813318,crypto,debit_card,20,0,0,Kotak,2025-11-11 22:37:00,0,0.0,0.175,0.757,4,9.46,1,1,1,1,A1,A1
B3_00000025,37921.97,unknown,UPI,11,0,0,BOI,2025-08-27 11:57:00,1,19.5,0.142,0.917,13,1863.59,1,1,0,1,B3,B3
C2_00000132,15449.13348660162,restaurant,debit_card,17,1,0,HDFC,2025-11-07 17:58:00,0,5.7,0.931,0.018,0,35.4,1,1,0,1,C2,C2
A3_00000000,500.1990378303386,crypto,net_banking,14,0,0,PNB,2025-10-12 10:16:00,0,0.9,0.178,0.825,3,472.49,1,1,1,1,A3,A3
D1_00000082,332.26,healthcare,debit_card,10,5,1,BOI,2025-01-26 10:11:00,0,42.8,0.707,0.27,7,141.82,1,1,0,1,D1,D1
B2_00000223,2567.12,crypto,credit_card,17,1,0,ICICI,2025-06-12 17:04:00,1,12.9,0.13,0.906,2,228.76,1,1,0,1,B2,B2
D1_00000132,56.29,entertainment,credit_card,12,6,1,SBI,2025-10-24 12:19:00,0,34.6,0.686,0.275,0,1977.49,0,1,0,1,D1,D1
E1_00000270,173.44,restaurant,credit_card,12,4,0,PNB,2025-10-07 12:45:00,1,145.5,0.33,0.561,4,100.9,0,1,0,1,E1,E1
A1_00000064,99999.97739066674,unknown,credit_card,9,1,0,ICICI,2025-07-28 09:18:00,0,0.2,0.225,0.658,4,1573.84,1,1,0,1,A1,A1
A3_00000125,9999.18211242538,unknown,debit_card,20,2,0,ICICI,2025-09-04 11:11:00,0,0.6,0.196,0.838,5,129.78,1,1,0,1,A3,A3
E1_00000080,15436.22,restaurant,UPI,3,2,0,Union Bank,2025-03-02 03:22:00,1,154.2,0.283,0.771,6,202.04,0,1,0,1,E1,E1
B1_00000156,4475.06,unknown,UPI,10,5,1,Kotak,2025-05-12 10:56:00,1,53.8,0.137,0.949,2,170.56,1,1,0,1,B1,B1
A2_00000264,19999.307060022475,unknown,UPI,16,0,0,ICICI,2025-12-11 15:50:00,1,0.2,0.225,0.654,5,149.52,1,1,1,1,A2,A2
A2_00000214,9999.265009992947,unknown,UPI,16,4,0,BOI,2025-05-24 13:57:00,1,0.8,0.293,0.92,5,428.27,1,0,0,1,A2,A2
A2_00000013,49999.41719002817,crypto,UPI,11,2,0,Axis,2025-09-24 22:28:00,0,0.2,0.187,0.764,3,419.28,1,1,0,1,A2,A2
B2_00000009,3135.88,unknown,UPI,19,5,1,HDFC,2025-04-25 19:58:00,1,36.5,0.016,0.879,0,1785.51,1,1,0,1,B2,B2
C1_00000246,147.40139382475718,grocery,debit_card,14,1,0,HDFC,2025-02-14 14:43:00,0,6.3,0.944,0.094,1,28776.83,1,1,0,1,C1,C1
B3_00000316,16868.73,unknown,UPI,8,3,0,BOI,2025-11-06 08:40:00,1,56.4,0.183,0.868,18,258.86,1,1,0,1,B3,B3
C2_00000168,15449.13348660162,clothing,debit_card,9,5,1,HDFC,2025-02-09 09:15:00,0,51.4,0.957,0.042,2,50.8,1,1,0,1,C2,C2
D2_00000171,88.24,grocery,UPI,15,1,0,Airtel Payments Bank,2025-01-26 15:37:00,0,66.9,0.834,0.297,3,107.01,0,1,0,1,D2,D2
C2_00000185,15449.13348660162,clothing,credit_card,20,4,0,PNB,2025-08-12 20:40:00,0,49.4,0.997,0.056,0,178.49,1,1,0,1,C2,C2
B1_00000322,4529.8,crypto,UPI,19,3,0,BOI,2025-10-15 19:51:00,1,10.3,0.116,0.963,1,303.4,1,1,0,1,B1,B1
E2_00000217,83.53,restaurant,debit_card,20,6,1,Union Bank,2025-08-01 20:33:00,1,139.5,0.285,0.528,1,82.49,0,1,0,1,E2,E2
B2_00000343,2862.63,crypto,debit_card,12,6,1,Axis,2025-05-30 12:01:00,1,69.4,0.103,0.852,0,297.2,1,1,0,1,B2,B2
D2_00000106,168.01,fuel,debit_card,11,5,1,HDFC,2025-05-13 11:16:00,0,26.8,0.658,0.189,0,442.94,1,1,0,1,D2,D2
C1_00000254,147.40139382475718,grocery,credit_card,9,0,0,PNB,2025-01-15 09:46:00,0,14.3,0.853,0.109,2,75.49,1,1,0,1,C1,C1
B2_00000241,1186.03,unknown,credit_card,9,2,0,BOI,2025-02-23 09:27:00,1,71.1,0.119,0.958,2,149.3,1,1,0,1,B2,B2
B2_00000035,2954.0,unknown,net_banking,12,1,0,Union Bank,2025-03-14 12:28:00,1,15.3,0.082,0.76,0,193.4,1,1,0,1,B2,B2
B3_00000190,37908.13,unknown,net_banking,22,3,0,Kotak,2025-02-01 22:22:00,1,25.6,0.019,0.851,14,742.81,1,1,0,1,B3,B3
A2_00000102,9998.282102567493,unknown,UPI,15,2,0,Axis,2025-06-03 13:07:00,0,0.5,0.163,0.888,7,625.98,1,1,1,1,A2,A2
E1_00000206,10.0,restaurant,credit_card,19,5,1,SBI,2025-03-26 19:32:00,1,119.1,0.176,0.579,7,517.08,1,1,0,1,E1,E1
C1_00000160,147.40139382475718,grocery,credit_card,5,5,1,PNB,2025-03-18 05:30:00,1,17.4,0.991,0.075,0,89.15,0,1,0,1,C1,C1
C2_00000220,15449.13348660162,travel,credit_card,14,4,0,PNB,2025-01-20 14:12:00,0,4.5,0.851,0.065,0,735.98,1,1,0,1,C2,C2
D1_00000341,55.95,entertainment,UPI,22,1,0,ICICI,2025-10-16 22:09:00,0,1.7,0.739,0.181,0,9.82,0,1,0,1,D1,D1
B2_00000089,1007.47,crypto,credit_card,19,0,0,SBI,2025-04-28 19:10:00,1,52.6,0.132,0.826,0,1111.41,1,1,0,1,B2,B2
D1_00000043,1694.23,grocery,net_banking,18,1,0,Airtel Payments Bank,2025-11-05 18:55:00,0,24.6,0.806,0.261,5,1136.43,1,1,0,1,D1,D1
C1_00000074,147.40139382475718,grocery,debit_card,14,0,0,HDFC,2025-04-16 14:32:00,0,29.4,0.946,0.021,0,344.78,1,1,0,1,C1,C1
C1_00000198,147.40139382475718,electronics,debit_card,14,2,0,SBI,2025-02-19 14:33:00,0,27.2,0.922,0.083,0,19.09,1,1,0,1,C1,C1
A1_00000015,19998.38825954578,crypto,credit_card,20,6,1,PNB,2025-11-19 12:10:00,1,0.9,0.289,0.892,7,84.67,1,1,1,1,A1,A1
E1_00000265,1553.26,electronics,UPI,9,5,1,Kotak,2025-12-24 09:53:00,1,67.3,0.132,0.699,0,57.44,0,1,0,1,E1,E1
D2_00000243,6673.92,restaurant,debit_card,13,0,0,PNB,2025-10-11 13:52:00,0,0.9,0.779,0.185,6,243.64,1,1,0,1,D2,D2
D2_00000051,170.02,education,debit_card,17,2,0,ICICI,2025-11-30 17:24:00,0,20.6,0.672,0.25,0,8.15,0,1,0,1,D2,D2
A1_00000070,4999.205697810482,unknown,UPI,20,6,1,Axis,2025-06-09 02:49:00,0,0.5,0.214,0.7,2,1219.04,1,1,1,1,A1,A1
A2_00000336,1999.2019994950613,unknown,net_banking,9,6,1,Union Bank,2025-12-25 12:51:00,0,0.2,0.146,0.709,3,202.62,1,1,1,1,A2,A2
E1_00000008,475.22,utilities,credit_card,19,4,0,HDFC,2025-04-24 19:24:00,1,131.9,0.253,0.468,0,285.89,0,1,0,1,E1,E1
C2_00000212,15449.13348660162,utilities,UPI,20,6,1,ICICI,2025-06-04 20:44:00,0,16.7,0.933,0.05,1,454.83,0,1,0,1,C2,C2
D1_00000151,654.04,pharmacy,net_banking,11,2,0,Union Bank,2025-11-18 11:51:00,0,28.3,0.772,0.188,3,47.38,0,1,0,1,D1,D1
A3_00000325,999.201370589408,online_retail,credit_card,10,3,0,SBI,2025-09-03 21:09:00,0,0.2,0.201,0.893,3,151.0,1,1,1,1,A3,A3
B2_00000174,2039.15,unknown,UPI,17,2,0,Axis,2025-08-13 17:26:00,1,35.0,0.004,0.981,0,97.05,1,1,0,1,B2,B2
B1_00000149,4336.45,crypto,UPI,8,4,0,Airtel Payments Bank,2025-12-08 08:35:00,1,34.9,0.106,0.942,0,43.15,1,1,0,1,B1,B1
B3_00000058,13772.65,unknown,wallet,11,2,0,ICICI,2025-12-25 11:50:00,1,41.5,0.077,0.898,7,48.38,1,1,0,1,B3,B3
B3_00000343,38571.65,unknown,UPI,11,2,0,Paytm Payments Bank,2025-10-16 11:09:00,1,8.7,0.031,0.939,5,438.37,1,1,0,1,B3,B3
E2_00000279,169.41,clothing,credit_card,15,4,0,ICICI,2025-01-29 15:14:00,1,58.1,0.316,0.66,7,103.96,0,1,0,1,E2,E2
A2_00000206,9998.945273888428,unknown,wallet,15,2,0,Paytm Payments Bank,2025-10-20 07:52:00,0,0.3,0.247,0.828,3,191.69,1,1,1,1,A2,A2
A1_00000011,99998.79111454621,unknown,net_banking,21,4,0,HDFC,2025-06-05 16:06:00,0,0.2,0.173,0.935,6,1168.46,1,1,1,1,A1,A1
B3_00000090,17258.44,unknown,UPI,9,3,0,HDFC,2025-02-20 09:19:00,1,70.5,0.095,0.939,13,83.4,1,1,0,1,B3,B3
B3_00000195,35655.71,unknown,UPI,10,2,0,HDFC,2025-12-10 10:29:00,1,67.3,0.137,0.983,18,115.49,1,1,0,1,B3,B3
D2_00000331,228.37,travel,credit_card,9,1,0,SBI,2025-11-30 09:46:00,0,70.0,0.77,0.19,5,341.02,0,1,0,1,D2,D2
A1_00000118,49998.85707921629,unknown,debit_card,21,1,0,Kotak,2025-01-11 09:28:00,0,0.3,0.221,0.764,6,62.19,1,1,0,1,A1,A1
A1_00000212,19998.933567039687,online_retail,debit_card,16,4,0,BOI,2025-08-04 12:13:00,0,0.5,0.12,0.766,7,55.2,1,1,1,1,A1,A1
A3_00000157,500.931305072863,crypto,debit_card,10,4,0,HDFC,2025-10-24 22:52:00,0,0.5,0.223,0.638,1,406.02,1,1,1,1,A3,A3
E2_00000071,75.29,pharmacy,UPI,12,4,0,Union Bank,2025-07-25 12:02:00,1,62.6,0.102,0.67,6,7.66,1,1,0,1,E2,E2
D1_00000161,145.41,entertainment,wallet,11,2,0,Paytm Payments Bank,2025-06-14 11:23:00,0,47.6,0.655,0.328,4,364.05,1,1,0,1,D1,D1
C1_00000061,147.40139382475718,healthcare,UPI,17,6,1,SBI,2025-07-26 17:05:00,1,28.2,0.902,0.031,0,387.12,0,1,0,1,C1,C1
C1_00000339,147.40139382475718,healthcare,UPI,20,2,0,Paytm Payments Bank,2025-09-12 20:35:00,0,21.1,0.892,0.107,1,110.77,1,1,0,1,C1,C1
B2_00000003,2217.4,unknown,UPI,12,1,0,BOI,2025-04-16 12:10:00,1,26.0,0.149,0.829,1,304.32,1,1,0,1,B2,B2
A2_00000114,998.972869888868,crypto,net_banking,14,0,0,Union Bank,2025-08-03 13:29:00,1,0.9,0.29,0.695,3,993.53,1,1,0,1,A2,A2
A3_00000010,4999.938249664992,online_retail,net_banking,9,5,1,Union Bank,2025-08-23 14:28:00,0,0.3,0.172,0.686,5,5873.87,1,1,0,1,A3,A3
A1_00000107,500.8276753353463,unknown,UPI,14,2,0,BOI,2025-07-14 11:56:00,0,0.5,0.262,0.625,4,40.41,1,1,1,1,A1,A1
A2_00000188,19999.826334638394,online_retail,debit_card,15,2,0,Paytm Payments Bank,2025-12-31 13:51:00,0,0.0,0.219,0.864,3,106.33,1,1,1,1,A2,A2
A2_00000111,998.7173855647602,crypto,credit_card,20,2,0,HDFC,2025-10-04 17:29:00,0,0.8,0.163,0.785,4,11488.4,1,1,1,1,A2,A2
C2_00000204,15449.13348660162,restaurant,UPI,22,1,0,Union Bank,2025-01-17 22:49:00,0,53.2,0.908,0.018,1,191.75,1,1,0,1,C2,C2
A3_00000239,9998.533902499168,online_retail,UPI,14,0,0,Union Bank,2025-09-27 12:20:00,0,0.5,0.292,0.931,1,38.32,1,1,1,1,A3,A3
C1_00000178,147.40139382475718,entertainment,net_banking,18,6,1,HDFC,2025-06-08 18:35:00,0,35.3,0.974,0.081,1,818.56,0,1,1,1,C1,C1
C2_00000018,15449.13348660162,electronics,UPI,20,4,0,Kotak,2025-09-08 20:55:00,0,39.9,0.885,0.035,1,526.06,1,1,0,1,C2,C2
A2_00000205,500.5409261981244,crypto,UPI,20,4,0,Paytm Payments Bank,2025-07-05 08:30:00,0,0.7,0.239,0.661,7,105.42,1,1,0,1,A2,A2
A1_00000244,49998.71272909275,online_retail,UPI,14,5,1,Union Bank,2025-01-21 17:26:00,0,0.1,0.167,0.641,3,48.24,1,1,0,1,A1,A1
A3_00000117,99999.02431137965,unknown,credit_card,20,6,1,Paytm Payments Bank,2025-11-06 12:22:00,0,0.7,0.177,0.91,0,242.71,1,1,1,1,A3,A3
D2_00000137,27.98,pharmacy,credit_card,13,2,0,ICICI,2025-11-19 13:48:00,0,37.4,0.785,0.323,1,1282.15,0,1,0,1,D2,D2
A1_00000300,500.54652919608253,unknown,debit_card,14,0,0,BOI,2025-08-25 16:07:00,0,0.6,0.112,0.771,6,238.95,1,0,0,1,A1,A1
A3_00000099,49998.91570725264,online_retail,UPI,11,0,0,BOI,2025-03-03 17:18:00,1,0.7,0.189,0.813,4,227.35,1,1,1,1,A3,A3
E1_00000148,615.9,electronics,credit_card,19,6,1,BOI,2025-12-23 19:45:00,1,171.6,0.12,0.539,0,80.11,0,1,0,1,E1,E1
B2_00000166,4835.02,unknown,UPI,4,4,0,BOI,2025-02-25 04:02:00,1,1.9,0.01,0.721,0,18.24,1,1,0,1,B2,B2
A3_00000345,500.91498887499057,unknown,debit_card,20,1,0,Airtel Payments Bank,2025-09-28 19:50:00,0,0.3,0.228,0.808,6,2320.32,1,1,0,1,A3,A3
C1_00000342,147.40139382475718,restaurant,credit_card,7,3,0,Paytm Payments Bank,2025-04-08 07:11:00,0,67.4,0.932,0.088,1,320.69,1,1,0,1,C1,C1
C2_00000100,15449.13348660162,restaurant,UPI,19,3,0,SBI,2025-12-08 19:12:00,0,58.9,0.937,0.043,0,76.62,0,1,0,1,C2,C2
A3_00000250,999.1721082772034,unknown,credit_card,10,3,0,Union Bank,2025-04-19 12:56:00,1,0.1,0.125,0.679,1,104.06,1,1,0,1,A3,A3
D2_00000326,87.72,restaurant,debit_card,11,6,1,Axis,2025-08-10 11:16:00,0,7.4,0.837,0.164,2,8.66,0,1,0,1,D2,D2
C1_00000076,147.40139382475718,fuel,UPI,14,3,0,Paytm Payments Bank,2025-09-01 14:37:00,0,56.2,0.868,0.081,0,225.58,0,1,0,1,C1,C1
C2_00000323,15449.13348660162,pharmacy,credit_card,6,4,0,Paytm Payments Bank,2025-09-20 06:31:00,0,7.6,0.996,0.033,2,91.17,1,1,0,1,C2,C2
A3_00000236,4999.982260397834,unknown,UPI,20,4,0,BOI,2025-03-17 17:34:00,0,0.5,0.113,0.674,7,143.43,1,1,1,1,A3,A3
A3_00000209,9998.867519108935,unknown,debit_card,11,1,0,BOI,2025-01-21 19:08:00,0,0.4,0.231,0.821,5,63.66,1,1,0,1,A3,A3
C2_00000275,15449.13348660162,travel,debit_card,13,4,0,Kotak,2025-09-10 13:02:00,0,48.5,0.929,0.013,1,7.09,0,1,0,1,C2,C2
A1_00000262,49998.573537730896,online_retail,UPI,21,3,0,HDFC,2025-04-20 11:44:00,0,0.3,0.201,0.618,4,527.79,1,1,1,1,A1,A1
A3_00000085,99999.96046520745,online_retail,UPI,9,6,1,Union Bank,2025-10-15 01:33:00,0,0.6,0.204,0.703,7,158.05,1,1,0,1,A3,A3
A3_00000332,499.99758145722075,crypto,UPI,14,2,0,HDFC,2025-10-10 09:40:00,0,0.4,0.123,0.745,6,11.57,1,1,1,1,A3,A3
D2_00000270,48.42,entertainment,UPI,8,6,1,Axis,2025-10-11 08:17:00,0,68.5,0.612,0.336,0,31.02,0,1,0,1,D2,D2
D1_00000261,122.71,grocery,UPI,12,3,0,Kotak,2025-10-16 12:57:00,1,25.4,0.692,0.264,5,61.86,0,1,0,1,D1,D1
A2_00000289,999.9543645714475,crypto,credit_card,15,5,1,Paytm Payments Bank,2025-05-15 07:56:00,0,0.2,0.264,0.625,4,207.6,1,1,0,1,A2,A2
D2_00000133,41.4,online_retail,UPI,19,0,0,PNB,2025-04-05 19:27:00,0,15.6,0.61,0.231,3,664.9,1,1,0,1,D2,D2
B2_00000273,3801.25,unknown,net_banking,11,3,0,HDFC,2025-09-15 11:39:00,1,17.0,0.088,0.911,2,52.16,1,1,0,1,B2,B2
E2_00000153,129.57,grocery,UPI,19,0,0,Union Bank,2025-11-17 19:01:00,1,111.6,0.222,0.593,3,130.27,0,1,0,1,E2,E2
C1_00000112,147.40139382475718,grocery,credit_card,15,5,1,SBI,2025-12-10 15:55:00,0,57.0,0.956,0.062,1,5.22,1,1,0,1,C1,C1
C2_00000136,15449.13348660162,restaurant,debit_card,15,5,1,ICICI,2025-10-08 15:06:00,0,48.6,0.996,0.085,2,283.8,1,1,0,1,C2,C2
A3_00000046,49998.63500258329,crypto,credit_card,16,6,1,BOI,2025-01-09 18:08:00,0,0.3,0.191,0.88,4,367.6,1,1,1,1,A3,A3
C2_00000317,15449.13348660162,pharmacy,wallet,11,5,1,ICICI,2025-07-04 11:14:00,0,36.9,0.882,0.107,0,303.83,1,1,1,1,C2,C2
A2_00000064,49999.462353688206,crypto,net_banking,11,2,0,Airtel Payments Bank,2025-02-08 12:14:00,0,0.6,0.237,0.725,2,197.79,1,1,1,1,A2,A2
D1_00000137,32.26,clothing,UPI,11,1,0,Paytm Payments Bank,2025-10-11 11:23:00,0,59.9,0.641,0.223,4,60.75,0,1,0,1,D1,D1
C1_00000280,147.40139382475718,restaurant,net_banking,19,1,0,BOI,2025-10-09 19:27:00,0,62.7,0.947,0.111,0,3236.55,1,1,0,1,C1,C1
E1_00000139,199.63,restaurant,UPI,7,6,1,HDFC,2025-06-25 07:39:00,1,137.7,0.278,0.635,7,96.71,0,1,0,1,E1,E1
E1_00000256,78.19,grocery,debit_card,8,0,0,Airtel Payments Bank,2025-06-14 08:05:00,1,166.1,0.397,0.632,4,209.15,0,1,0,1,E1,E1
B1_00000113,1359.45,unknown,debit_card,16,2,0,SBI,2025-09-10 16:33:00,1,52.1,0.129,0.893,0,915.07,1,1,0,1,B1,B1
A2_00000115,500.55978486673075,unknown,credit_card,11,1,0,ICICI,2025-01-19 16:10:00,0,0.5,0.163,0.677,1,56.27,1,1,0,1,A2,A2
A1_00000074,19999.669976407917,crypto,credit_card,20,3,0,SBI,2025-09-04 18:31:00,0,0.7,0.198,0.831,5,373.3,1,1,1,1,A1,A1
E2_00000175,18.59,pharmacy,UPI,18,1,0,ICICI,2025-11-28 18:18:00,1,57.5,0.119,0.588,4,7719.89,0,1,0,1,E2,E2
C2_00000219,15449.13348660162,grocery,wallet,22,5,1,BOI,2025-11-10 22:29:00,0,4.1,0.972,0.073,1,39.73,1,1,0,1,C2,C2
C1_00000020,147.40139382475718,travel,UPI,16,1,0,Airtel Payments Bank,2025-01-12 16:36:00,0,1.4,0.939,0.117,1,58.12,0,1,0,1,C1,C1
A3_00000086,99998.86673198052,unknown,debit_card,16,1,0,Kotak,2025-08-30 10:45:00,0,0.6,0.115,0.93,7,212.95,1,1,1,1,A3,A3
B3_00000076,21091.55,unknown,credit_card,9,2,0,Airtel Payments Bank,2025-07-20 09:04:00,1,50.0,0.086,0.878,12,281.73,1,1,0,1,B3,B3
B2_00000100,4485.17,crypto,UPI,13,6,1,ICICI,2025-03-04 13:01:00,1,31.0,0.105,0.73,0,167.1,1,1,0,1,B2,B2
D1_00000338,642.89,grocery,debit_card,12,6,1,Paytm Payments Bank,2025-07-03 12:31:00,0,60.5,0.709,0.328,3,146.69,0,1,0,1,D1,D1
D2_00000040,86.35,education,credit_card,9,1,0,Airtel Payments Bank,2025-05-03 09:50:00,0,49.1,0.674,0.297,7,11.07,1,1,0,1,D2,D2
E1_00000201,2700.49,restaurant,UPI,15,6,1,Paytm Payments Bank,2025-09-20 15:01:00,1,82.0,0.245,0.454,2,38.29,0,1,0,1,E1,E1
E2_00000230,32.35,entertainment,UPI,3,4,0,PNB,2025-05-05 03:41:00,1,134.9,0.374,0.717,6,2.1,0,1,0,1,E2,E2
D2_00000349,335.46,fuel,UPI,13,5,1,Airtel Payments Bank,2025-09-11 13:08:00,0,44.2,0.613,0.239,5,702.98,0,1,0,1,D2,D2
B1_00000145,4179.39,unknown,UPI,8,1,0,Union Bank,2025-08-17 08:48:00,1,31.6,0.138,0.85,2,393.81,1,1,0,1,B1,B1
C2_00000034,15449.13348660162,electronics,debit_card,18,5,1,SBI,2025-05-16 18:59:00,0,41.5,0.917,0.018,0,7.81,0,1,1,1,C2,C2
A1_00000206,998.3880549098016,crypto,credit_card,21,4,0,Axis,2025-11-29 18:38:00,0,0.9,0.144,0.822,1,110.21,1,1,1,1,A1,A1
B2_00000099,2177.97,unknown,UPI,14,3,0,SBI,2025-09-15 14:42:00,1,8.2,0.068,0.836,2,85.02,1,1,0,1,B2,B2
A1_00000026,9998.375015431455,online_retail,UPI,9,5,1,SBI,2025-01-22 12:22:00,0,0.7,0.101,0.849,1,41.86,1,1,0,1,A1,A1
C1_00000089,147.40139382475718,entertainment,net_banking,10,2,0,HDFC,2025-09-15 10:07:00,0,16.9,0.931,0.073,2,24.56,0,1,0,1,C1,C1
A1_00000117,998.952333926434,online_retail,UPI,15,4,0,PNB,2025-07-06 10:23:00,0,1.0,0.288,0.79,2,301.53,1,1,0,1,A1,A1
A2_00000151,99999.54567896639,crypto,debit_card,11,4,0,Airtel Payments Bank,2025-08-02 12:52:00,0,0.3,0.248,0.633,5,231.99,1,1,1,1,A2,A2
D1_00000179,777.86,grocery,UPI,15,0,0,HDFC,2025-11-22 15:46:00,0,63.3,0.728,0.169,0,125.33,1,1,0,1,D1,D1
E1_00000294,755.68,clothing,UPI,11,4,0,Axis,2025-02-17 11:24:00,1,126.9,0.384,0.648,5,545.6,0,1,0,1,E1,E1
E1_00000009,58.41,grocery,credit_card,9,3,0,PNB,2025-06-11 09:14:00,1,179.3,0.37,0.51,7,148.26,0,1,0,1,E1,E1
A2_00000337,500.81063108857603,crypto,UPI,15,3,0,BOI,2025-02-27 16:29:00,0,0.5,0.206,0.912,1,25.44,1,1,1,1,A2,A2
E2_00000075,831.62,grocery,net_banking,8,2,0,HDFC,2025-05-27 08:48:00,1,178.4,0.328,0.717,0,649.53,0,1,0,1,E2,E2
A1_00000349,99998.8677824487,unknown,UPI,14,0,0,BOI,2025-04-22 06:08:00,0,0.9,0.115,0.877,1,112.98,1,0,1,1,A1,A1
B2_00000288,2069.31,unknown,UPI,10,5,1,Paytm Payments Bank,2025-03-11 10:37:00,1,16.1,0.002,0.713,0,17.46,1,1,0,1,B2,B2
C2_00000182,15449.13348660162,clothing,credit_card,15,4,0,PNB,2025-04-13 15:36:00,0,63.4,0.862,0.071,0,113.1,0,1,0,1,C2,C2
B1_00000328,3965.05,unknown,credit_card,7,0,0,ICICI,2025-08-31 07:45:00,1,16.2,0.031,0.784,1,143.6,1,1,0,1,B1,B1
E2_00000107,522.45,online_retail,UPI,18,4,0,HDFC,2025-06-18 18:16:00,1,135.9,0.251,0.666,6,603.17,0,1,0,1,E2,E2
C1_00000036,147.40139382475718,entertainment,UPI,11,6,1,ICICI,2025-03-10 11:55:00,0,45.6,0.901,0.015,1,196.23,0,1,0,1,C1,C1
A1_00000324,1999.68602942918,unknown,UPI,14,0,0,BOI,2025-11-05 08:23:00,0,0.3,0.274,0.719,4,38.42,1,1,0,1,A1,A1
E1_00000130,153.04,travel,debit_card,12,4,0,Airtel Payments Bank,2025-03-29 12:17:00,1,102.9,0.248,0.643,2,1240.48,0,1,0,1,E1,E1
E2_00000100,11.06,fuel,net_banking,8,6,1,HDFC,2025-10-07 08:43:00,1,54.0,0.383,0.775,2,85.76,0,1,0,1,E2,E2
E2_00000211,197.81,grocery,UPI,13,1,0,Kotak,2025-02-09 13:43:00,1,72.8,0.344,0.559,0,149.23,0,1,0,1,E2,E2
D1_00000281,3870.57,education,UPI,12,1,0,Kotak,2025-01-31 12:19:00,0,44.7,0.623,0.279,4,917.78,1,1,0,1,D1,D1
D2_00000132,41.92,grocery,UPI,0,3,0,SBI,2025-04-20 00:06:00,1,20.1,0.78,0.172,6,290.79,1,1,0,1,D2,D2
A2_00000331,9999.44252075128,crypto,debit_card,10,2,0,Airtel Payments Bank,2025-07-20 18:37:00,0,0.3,0.141,0.939,5,16.42,1,1,0,1,A2,A2
B1_00000060,706.79,crypto,credit_card,12,0,0,HDFC,2025-09-18 12:40:00,1,69.4,0.126,0.758,0,253.03,1,1,0,1,B1,B1
A1_00000303,1998.5881527203367,unknown,credit_card,16,3,0,Airtel Payments Bank,2025-12-20 18:09:00,0,0.4,0.284,0.815,7,8.58,1,1,1,1,A1,A1
A3_00000061,4998.017576539912,crypto,UPI,9,6,1,ICICI,2025-09-17 03:19:00,0,0.9,0.158,0.739,0,2705.9,1,1,1,1,A3,A3
E1_00000309,258.56,restaurant,debit_card,9,6,1,Union Bank,2025-07-19 09:21:00,1,55.1,0.163,0.78,2,19.94,0,1,0,1,E1,E1
C1_00000088,147.40139382475718,online_retail,UPI,21,6,1,HDFC,2025-02-12 21:53:00,1,19.1,0.869,0.029,0,2190.8,1,1,0,1,C1,C1
B2_00000121,4466.42,unknown,wallet,10,0,0,PNB,2025-08-31 10:19:00,1,33.2,0.021,0.814,1,9.73,1,1,0,1,B2,B2
A3_00000037,9999.442962182278,unknown,UPI,21,2,0,HDFC,2025-08-24 09:56:00,0,0.9,0.132,0.907,4,498.35,1,1,0,1,A3,A3
D1_00000264,330.56,utilities,net_banking,13,1,0,ICICI,2025-05-22 13:21:00,1,23.6,0.682,0.259,0,55.1,0,1,0,1,D1,D1
E2_00000065,408.92,entertainment,credit_card,21,3,0,HDFC,2025-04-07 21:06:00,1,93.2,0.175,0.567,6,125.83,0,1,0,1,E2,E2
A3_00000080,4998.085698333575,unknown,UPI,9,3,0,HDFC,2025-05-30 07:42:00,1,0.6,0.292,0.699,7,50.45,1,1,1,1,A3,A3
B2_00000233,3059.84,unknown,UPI,13,4,0,PNB,2025-10-12 13:02:00,1,52.8,0.101,0.967,2,390.98,1,1,0,1,B2,B2
D2_00000206,62.63,fuel,debit_card,9,0,0,HDFC,2025-06-13 09:57:00,0,13.1,0.805,0.231,4,231.06,0,1,0,1,D2,D2
D2_00000259,51.61,utilities,UPI,5,6,1,HDFC,2025-07-27 05:42:00,1,65.1,0.695,0.175,4,172.64,0,1,0,1,D2,D2
C2_00000310,15449.13348660162,grocery,UPI,15,6,1,PNB,2025-01-11 15:36:00,0,13.3,0.867,0.008,0,8.54,1,1,0,1,C2,C2
A1_00000204,99998.85344228747,crypto,UPI,11,2,0,ICICI,2025-04-10 09:06:00,0,0.3,0.214,0.861,3,519.63,1,1,1,1,A1,A1
B3_00000233,34995.05,unknown,UPI,20,6,1,Airtel Payments Bank,2025-07-20 20:02:00,1,23.2,0.077,0.903,14,89.3,1,1,0,1,B3,B3
A2_00000027,9999.383932339044,unknown,credit_card,15,6,1,Axis,2025-06-11 14:10:00,0,0.1,0.287,0.69,3,48.55,1,1,0,1,A2,A2
C1_00000004,147.40139382475718,restaurant,debit_card,22,4,0,Kotak,2025-11-22 22:27:00,0,48.0,0.985,0.035,0,345.96,1,1,0,1,C1,C1
E1_00000215,326.34,clothing,debit_card,8,6,1,SBI,2025-11-06 08:01:00,1,167.8,0.149,0.628,7,145.44,0,1,0,1,E1,E1
C2_00000276,15449.13348660162,grocery,UPI,12,0,0,PNB,2025-10-10 12:44:00,0,32.0,0.874,0.087,0,502.08,1,1,0,1,C2,C2
B3_00000104,37230.09,unknown,credit_card,11,0,0,Paytm Payments Bank,2025-07-30 11:03:00,1,9.8,0.077,0.873,6,749.01,1,1,0,1,B3,B3
A3_00000253,99998.15216749714,unknown,UPI,9,1,0,Kotak,2025-11-30 11:31:00,1,0.7,0.261,0.645,5,40.44,1,1,1,1,A3,A3
E1_00000054,24.26,clothing,UPI,15,1,0,Airtel Payments Bank,2025-07-31 15:49:00,1,127.0,0.194,0.633,1,45.15,0,1,0,1,E1,E1
A2_00000260,99999.9083057313,crypto,UPI,16,6,1,PNB,2025-02-01 13:15:00,0,0.5,0.173,0.656,0,176.41,1,1,0,1,A2,A2
A1_00000328,19998.52372803171,crypto,UPI,10,3,0,ICICI,2025-07-07 16:49:00,0,1.0,0.137,0.662,2,65.04,1,1,1,1,A1,A1
D1_00000321,7.02,fuel,debit_card,14,3,0,Airtel Payments Bank,2025-11-29 14:10:00,1,64.0,0.706,0.225,1,230.77,0,1,0,1,D1,D1
C1_00000094,147.40139382475718,electronics,debit_card,21,2,0,Kotak,2025-01-13 21:27:00,0,64.5,0.907,0.08,2,79.26,1,1,0,1,C1,C1
C2_00000298,15449.13348660162,utilities,debit_card,6,3,0,SBI,2025-03-04 06:20:00,1,25.4,0.854,0.073,0,138.48,1,0,0,1,C2,C2
B1_00000067,2421.64,unknown,net_banking,8,1,0,Airtel Payments Bank,2025-06-20 08:42:00,1,56.2,0.133,0.85,2,22.16,1,1,0,1,B1,B1
B2_00000264,1410.8,unknown,UPI,7,5,1,Kotak,2025-02-12 07:18:00,1,46.1,0.112,0.953,2,722.13,1,1,0,1,B2,B2
C2_00000202,15449.13348660162,entertainment,debit_card,10,3,0,HDFC,2025-03-31 10:51:00,0,68.2,0.879,0.063,0,53.68,1,1,0,1,C2,C2
E2_00000277,2143.29,pharmacy,debit_card,20,5,1,SBI,2025-11-22 20:45:00,1,105.9,0.106,0.741,1,1032.28,0,1,0,1,E2,E2
B2_00000269,4540.75,unknown,UPI,21,2,0,BOI,2025-04-11 21:50:00,1,44.9,0.119,0.884,2,78.54,1,1,0,1,B2,B2
C2_00000086,15449.13348660162,grocery,wallet,19,2,0,HDFC,2025-05-14 19:28:00,0,20.2,0.894,0.077,0,76.32,0,1,0,1,C2,C2
E1_00000344,168.58,entertainment,UPI,18,1,0,SBI,2025-02-18 18:55:00,1,129.6,0.194,0.522,7,176.12,1,1,0,1,E1,E1
A1_00000339,9998.497115352735,unknown,UPI,16,5,1,Union Bank,2025-07-28 16:04:00,1,0.7,0.169,0.638,6,6.79,1,1,1,1,A1,A1
E2_00000109,124.52,fuel,UPI,12,6,1,Axis,2025-02-17 12:04:00,1,70.8,0.3,0.73,1,655.02,0,1,0,1,E2,E2
C1_00000168,147.40139382475718,fuel,UPI,8,5,1,SBI,2025-09-08 08:40:00,0,24.0,0.991,0.001,1,20.11,1,1,0,1,C1,C1
B3_00000346,37639.89,unknown,UPI,9,3,0,HDFC,2025-06-20 09:34:00,1,59.6,0.004,0.825,15,140.86,1,1,0,1,B3,B3
C1_00000199,147.40139382475718,utilities,UPI,19,6,1,PNB,2025-10-27 19:37:00,0,39.4,0.886,0.102,0,106.67,1,1,0,1,C1,C1
B2_00000042,917.52,unknown,UPI,17,4,0,Airtel Payments Bank,2025-06-18 17:52:00,1,12.3,0.03,0.774,2,1551.87,1,1,0,1,B2,B2
A2_00000224,1998.9972953635329,unknown,UPI,10,0,0,Union Bank,2025-03-07 16:28:00,0,0.4,0.113,0.863,3,210.56,1,1,0,1,A2,A2
E2_00000255,21.15,electronics,credit_card,9,6,1,Airtel Payments Bank,2025-04-13 09:22:00,1,86.3,0.13,0.767,7,323.86,0,1,0,1,E2,E2
E1_00000276,42.13,utilities,debit_card,16,5,1,BOI,2025-06-29 16:55:00,1,73.1,0.165,0.676,4,129.68,0,1,0,1,E1,E1
B2_00000324,1406.12,unknown,wallet,9,4,0,BOI,2025-07-03 09:28:00,1,67.1,0.146,0.766,1,112.14,1,1,0,1,B2,B2
A3_00000030,49999.134201477944,online_retail,debit_card,10,5,1,Axis,2025-04-09 09:20:00,0,0.4,0.11,0.669,7,105.12,1,1,0,1,A3,A3
B3_00000317,13779.0,unknown,credit_card,9,2,0,Paytm Payments Bank,2025-03-02 09:39:00,1,48.1,0.164,0.957,18,681.25,1,1,0,1,B3,B3
C2_00000113,15449.13348660162,pharmacy,debit_card,9,5,1,ICICI,2025-01-16 09:04:00,0,17.0,0.906,0.095,1,278.16,1,1,0,1,C2,C2
E2_00000044,170.23,restaurant,UPI,11,6,1,Union Bank,2025-09-22 11:21:00,1,76.3,0.364,0.773,5,3811.82,0,1,0,1,E2,E2
A2_00000124,99998.02161886875,crypto,debit_card,10,0,0,ICICI,2025-08-03 09:07:00,0,0.6,0.131,0.691,5,144.2,1,1,0,1,A2,A2
A1_00000273,49998.51654880016,crypto,UPI,9,0,0,PNB,2025-02-11 12:33:00,0,0.2,0.297,0.696,6,385.58,1,1,1,1,A1,A1
B1_00000280,1351.37,unknown,UPI,20,5,1,SBI,2025-05-12 20:35:00,1,48.5,0.143,0.908,1,110.31,1,1,0,1,B1,B1
B3_00000237,20043.41,unknown,wallet,11,4,0,SBI,2025-08-13 11:20:00,1,2.1,0.069,0.814,8,216.88,1,1,0,1,B3,B3
D2_00000208,64.8,online_retail,UPI,10,4,0,PNB,2025-03-24 10:57:00,0,63.7,0.636,0.195,7,126.1,0,1,0,1,D2,D2
E2_00000130,35.86,grocery,net_banking,20,1,0,Kotak,2025-08-26 20:31:00,1,148.6,0.107,0.51,2,160.43,0,1,0,1,E2,E2
A1_00000022,19999.545298402452,unknown,debit_card,9,6,1,Airtel Payments Bank,2025-05-13 05:50:00,0,0.8,0.105,0.949,1,298.77,1,1,0,1,A1,A1
B3_00000073,20689.38,unknown,net_banking,5,2,0,ICICI,2025-06-14 05:25:00,1,54.9,0.179,0.923,16,276.21,1,1,0,1,B3,B3
C1_00000111,147.40139382475718,travel,net_banking,13,2,0,HDFC,2025-12-25 13:10:00,0,9.5,0.963,0.042,1,18.51,0,1,0,1,C1,C1
A2_00000194,1999.4340949922762,unknown,debit_card,21,1,0,Kotak,2025-04-22 21:02:00,1,0.7,0.208,0.751,5,932.46,1,1,0,1,A2,A2
B3_00000024,27621.13,unknown,UPI,19,6,1,Union Bank,2025-12-04 19:56:00,1,57.7,0.07,0.926,14,370.9,1,1,0,1,B3,B3
A3_00000268,998.9883023689067,unknown,UPI,11,2,0,Axis,2025-08-18 20:08:00,0,0.3,0.202,0.841,2,234.64,1,1,0,1,A3,A3
A3_00000149,1999.100524371824,unknown,UPI,16,3,0,BOI,2025-08-31 07:53:00,1,0.8,0.212,0.731,7,392.89,1,1,0,1,A3,A3
A2_00000234,49998.28257624393,unknown,debit_card,10,2,0,SBI,2025-02-03 11:27:00,0,0.5,0.213,0.944,2,828.29,1,1,1,1,A2,A2
A2_00000143,19998.34288796819,unknown,UPI,9,0,0,SBI,2025-07-30 12:29:00,0,0.6,0.279,0.606,7,466.35,1,1,0,1,A2,A2
A1_00000250,1999.0717978591583,crypto,UPI,21,3,0,Paytm Payments Bank,2025-02-05 20:07:00,0,0.8,0.295,0.714,5,20.32,1,1,0,1,A1,A1
B1_00000026,2171.86,unknown,UPI,16,5,1,BOI,2025-01-06 16:31:00,1,30.4,0.026,0.914,0,34.52,1,1,0,1,B1,B1
B1_00000132,3374.61,unknown,UPI,11,0,0,Airtel Payments Bank,2025-01-03 11:17:00,1,31.2,0.002,0.824,0,2056.57,1,1,0,1,B1,B1
B3_00000311,30139.73,unknown,UPI,11,0,0,Union Bank,2025-05-21 11:58:00,1,25.7,0.05,0.882,9,102.57,1,1,0,1,B3,B3
A3_00000327,19999.283238041135,unknown,UPI,14,1,0,ICICI,2025-05-09 19:32:00,1,0.8,0.138,0.949,4,141.2,1,1,1,1,A3,A3
A1_00000062,19999.616273503627,online_retail,UPI,11,4,0,PNB,2025-11-25 09:07:00,0,0.9,0.29,0.946,3,53.06,1,1,1,1,A1,A1
B3_00000339,13267.81,unknown,credit_card,7,6,1,Airtel Payments Bank,2025-06-26 07:24:00,1,53.9,0.185,0.832,12,710.57,1,1,0,1,B3,B3
B2_00000139,2611.94,unknown,UPI,10,4,0,Kotak,2025-06-07 10:24:00,1,71.9,0.026,0.954,0,248.19,1,1,0,1,B2,B2
D2_00000199,948.05,restaurant,debit_card,20,4,0,Kotak,2025-02-20 20:56:00,0,29.0,0.777,0.219,3,3882.84,0,1,0,1,D2,D2
D2_00000315,1.87,pharmacy,debit_card,8,0,0,Kotak,2025-11-12 08:53:00,0,0.5,0.658,0.208,6,50.87,1,1,0,1,D2,D2
D1_00000056,1.07,grocery,credit_card,4,4,0,Airtel Payments Bank,2025-09-07 04:35:00,0,41.7,0.625,0.162,6,158.76,0,1,0,1,D1,D1
B2_00000092,685.15,unknown,UPI,14,4,0,Axis,2025-10-26 14:33:00,1,56.7,0.052,0.725,2,103.43,1,1,0,1,B2,B2
B2_00000118,2068.48,unknown,UPI,6,4,0,Union Bank,2025-01-12 06:54:00,1,24.8,0.145,0.778,1,27.06,1,1,0,1,B2,B2
D1_00000112,405.63,restaurant,UPI,20,5,1,Paytm Payments Bank,2025-07-13 20:59:00,0,37.2,0.827,0.309,7,137.05,0,1,0,1,D1,D1
D2_00000198,38.42,restaurant,UPI,15,0,0,Axis,2025-12-10 15:54:00,0,56.4,0.814,0.245,6,164.39,0,1,0,1,D2,D2
D1_00000099,31.06,pharmacy,debit_card,19,4,0,Kotak,2025-09-22 19:49:00,0,59.6,0.824,0.289,0,108.42,0,1,0,1,D1,D1
D2_00000019,1136.27,utilities,UPI,21,6,1,Kotak,2025-07-04 21:55:00,0,65.5,0.709,0.242,4,73.03,1,1,0,1,D2,D2
B2_00000064,2228.75,crypto,UPI,10,6,1,HDFC,2025-06-10 10:56:00,1,41.8,0.065,0.73,2,179.94,1,1,0,1,B2,B2
A3_00000204,99999.46417165351,online_retail,credit_card,9,1,0,Paytm Payments Bank,2025-08-09 06:46:00,0,0.4,0.214,0.83,5,51.34,1,0,0,1,A3,A3
C2_00000299,15449.13348660162,fuel,UPI,3,1,0,Kotak,2025-12-18 03:47:00,0,48.3,0.854,0.043,1,175.57,1,1,0,1,C2,C2
B2_00000297,1805.9,unknown,net_banking,19,0,0,Airtel Payments Bank,2025-09-20 19:42:00,1,0.5,0.086,0.82,2,1059.72,1,1,0,1,B2,B2
A2_00000253,1998.5626439231435,unknown,credit_card,9,4,0,HDFC,2025-06-23 16:05:00,0,0.2,0.23,0.773,2,69.1,1,1,0,1,A2,A2
E2_00000101,1668.48,healthcare,UPI,19,5,1,Axis,2025-05-07 19:42:00,1,126.0,0.31,0.68,3,8.07,0,1,0,1,E2,E2
B2_00000101,3420.73,unknown,credit_card,11,3,0,Kotak,2025-01-14 11:30:00,1,29.5,0.143,0.854,0,487.56,1,1,0,1,B2,B2
A3_00000269,99998.48629184165,unknown,debit_card,20,1,0,SBI,2025-10-05 12:35:00,0,0.2,0.18,0.676,0,62.66,1,1,1,1,A3,A3
C2_00000291,15449.13348660162,restaurant,UPI,19,4,0,BOI,2025-01-02 19:19:00,0,22.0,0.996,0.088,0,355.96,0,1,0,1,C2,C2
A1_00000143,99998.3812351208,unknown,credit_card,16,5,1,Kotak,2025-07-04 19:41:00,0,0.7,0.194,0.617,1,8.39,1,1,1,1,A1,A1
E2_00000073,88.06,restaurant,credit_card,9,1,0,HDFC,2025-01-24 09:59:00,1,78.6,0.187,0.666,7,367.26,0,1,0,1,E2,E2
A2_00000288,49999.42138032712,online_retail,UPI,14,2,0,Airtel Payments Bank,2025-12-24 18:56:00,0,0.2,0.101,0.928,1,16.01,1,1,1,1,A2,A2
B3_00000029,22233.87,unknown,UPI,7,2,0,SBI,2025-12-30 07:12:00,1,2.9,0.057,0.888,10,40.12,1,1,0,1,B3,B3
B3_00000344,28340.32,unknown,net_banking,10,1,0,SBI,2025-04-23 10:00:00,1,44.9,0.125,0.915,16,255.5,1,1,1,1,B3,B3
B3_00000109,16184.55,unknown,UPI,21,1,0,PNB,2025-01-24 21:47:00,1,34.9,0.111,0.82,11,51.46,1,1,0,1,B3,B3
C1_00000209,147.40139382475718,restaurant,debit_card,10,1,0,ICICI,2025-03-10 10:47:00,0,4.6,0.934,0.073,1,50.96,1,1,0,1,C1,C1
E1_00000236,318.25,clothing,debit_card,19,4,0,PNB,2025-06-29 19:26:00,1,194.6,0.372,0.615,7,102.68,0,1,0,1,E1,E1
B1_00000119,4969.28,unknown,debit_card,17,6,1,Axis,2025-07-27 17:46:00,1,3.7,0.083,0.72,1,206.99,1,1,0,1,B1,B1
C2_00000066,15449.13348660162,grocery,UPI,9,0,0,Axis,2025-07-19 09:07:00,0,1.1,0.896,0.048,0,1052.38,1,1,0,1,C2,C2
A1_00000049,9999.737708588695,unknown,UPI,21,3,0,ICICI,2025-03-30 08:30:00,0,0.5,0.214,0.786,5,408.9,1,1,0,1,A1,A1
B2_00000010,2162.95,unknown,net_banking,10,0,0,Paytm Payments Bank,2025-09-28 10:54:00,1,13.6,0.023,0.979,1,10.15,1,1,0,1,B2,B2
E2_00000007,135.18,pharmacy,UPI,18,5,1,Axis,2025-05-16 18:18:00,1,88.4,0.144,0.648,4,43.37,0,1,0,1,E2,E2
D2_00000219,102.46,clothing,UPI,21,0,0,Kotak,2025-12-13 21:21:00,1,28.6,0.622,0.235,6,280.4,0,1,0,1,D2,D2
A2_00000041,99998.44981032278,unknown,UPI,15,3,0,BOI,2025-01-10 18:42:00,0,1.0,0.188,0.887,4,71.09,1,0,1,1,A2,A2
B3_00000001,14275.05,unknown,debit_card,21,5,1,PNB,2025-06-13 21:14:00,1,52.4,0.063,0.904,7,605.03,1,1,0,1,B3,B3
A1_00000331,1998.3654245153245,crypto,wallet,10,4,0,ICICI,2025-03-17 16:34:00,0,0.5,0.201,0.644,1,77.25,1,1,1,1,A1,A1
A3_00000293,500.09262685628346,unknown,debit_card,9,3,0,PNB,2025-06-29 20:40:00,0,0.5,0.202,0.808,1,132.29,1,1,1,1,A3,A3
E2_00000239,403.25,travel,debit_card,10,4,0,SBI,2025-11-03 10:55:00,1,187.5,0.194,0.475,5,736.13,0,1,0,1,E2,E2
A2_00000018,19998.891284037356,crypto,UPI,9,5,1,ICICI,2025-09-02 19:46:00,0,0.4,0.275,0.781,6,2394.34,1,1,0,1,A2,A2
D2_00000251,59.88,clothing,debit_card,14,4,0,Axis,2025-08-18 14:18:00,0,68.7,0.716,0.213,6,253.26,1,1,0,1,D2,D2
A3_00000305,4999.488502134757,unknown,debit_card,14,2,0,Axis,2025-03-06 06:22:00,0,0.9,0.144,0.66,3,182.23,1,1,0,1,A3,A3
E2_00000118,249.53,restaurant,UPI,16,4,0,PNB,2025-07-26 16:28:00,1,70.9,0.349,0.518,1,79.48,0,1,0,1,E2,E2
C2_00000189,15449.13348660162,clothing,wallet,22,4,0,Paytm Payments Bank,2025-12-01 22:37:00,0,1.3,0.868,0.03,1,67.24,1,1,0,1,C2,C2
C2_00000074,15449.13348660162,fuel,UPI,19,1,0,Airtel Payments Bank,2025-10-10 19:28:00,0,24.4,0.975,0.027,0,731.31,1,1,0,1,C2,C2
A3_00000244,999.159629051491,crypto,debit_card,14,2,0,PNB,2025-08-30 17:37:00,0,0.3,0.264,0.648,3,863.59,1,1,0,1,A3,A3
E2_00000190,411.5,restaurant,debit_card,18,3,0,BOI,2025-09-13 18:11:00,1,168.2,0.286,0.669,5,24.65,0,1,0,1,E2,E2
A1_00000140,9998.254716943844,unknown,debit_card,21,0,0,PNB,2025-05-06 11:04:00,0,0.1,0.16,0.654,2,555.71,1,1,0,1,A1,A1
E1_00000287,122.61,utilities,debit_card,23,0,0,Paytm Payments Bank,2025-12-29 23:13:00,1,163.9,0.211,0.469,3,86.57,0,0,0,1,E1,E1
D2_00000089,140.87,grocery,debit_card,7,5,1,SBI,2025-03-15 07:55:00,0,16.6,0.671,0.291,3,194.0,0,1,0,1,D2,D2
E1_00000237,221.42,travel,UPI,11,0,0,Union Bank,2025-11-06 11:38:00,1,131.8,0.232,0.607,2,72.64,0,1,0,1,E1,E1
A3_00000118,500.37197357573046,crypto,UPI,16,5,1,BOI,2025-06-13 18:18:00,0,0.1,0.141,0.903,0,108.95,1,1,0,1,A3,A3
B3_00000301,16791.87,unknown,wallet,9,4,0,Union Bank,2025-12-22 09:08:00,1,29.5,0.063,0.982,5,44.72,1,1,0,1,B3,B3
E1_00000103,605.51,healthcare,credit_card,6,6,1,Axis,2025-03-09 06:44:00,1,106.3,0.174,0.745,2,606.88,1,1,0,1,E1,E1
A2_00000298,1999.439235323891,unknown,UPI,15,3,0,HDFC,2025-06-05 16:14:00,0,0.4,0.11,0.601,7,369.35,1,1,0,1,A2,A2
B3_00000000,31224.79,unknown,credit_card,12,0,0,SBI,2025-12-23 12:40:00,1,29.4,0.16,0.843,5,227.52,1,1,0,1,B3,B3
C1_00000033,147.40139382475718,healthcare,UPI,20,0,0,Airtel Payments Bank,2025-06-10 20:17:00,0,36.4,0.957,0.066,0,674.06,1,1,0,1,C1,C1
B1_00000015,2375.63,unknown,UPI,9,0,0,Paytm Payments Bank,2025-03-24 09:30:00,1,61.2,0.108,0.896,2,123.38,1,1,0,1,B1,B1
A1_00000168,500.2920900471327,unknown,credit_card,14,6,1,Paytm Payments Bank,2025-07-09 08:44:00,0,1.0,0.122,0.917,7,224.66,1,1,1,1,A1,A1
A3_00000214,49998.472254068896,unknown,UPI,14,1,0,Union Bank,2025-09-13 12:59:00,0,0.7,0.209,0.759,0,391.34,1,1,1,1,A3,A3
B1_00000058,2252.15,unknown,credit_card,11,4,0,PNB,2025-04-09 11:51:00,1,23.5,0.028,0.893,2,143.07,1,1,0,1,B1,B1
E2_00000023,490.04,healthcare,credit_card,16,6,1,Paytm Payments Bank,2025-01-30 16:38:00,1,56.3,0.394,0.768,6,1149.45,0,1,0,1,E2,E2
C1_00000255,147.40139382475718,fuel,UPI,20,1,0,BOI,2025-10-03 20:54:00,0,1.0,0.936,0.001,2,134.56,1,1,0,1,C1,C1
E1_00000081,542.11,electronics,credit_card,11,6,1,ICICI,2025-03-25 11:42:00,1,182.6,0.317,0.5,1,78.64,0,1,0,1,E1,E1
A3_00000290,1998.457901221232,unknown,UPI,21,2,0,Axis,2025-12-31 07:29:00,0,0.1,0.104,0.737,7,126.84,1,1,1,1,A3,A3
A1_00000271,4998.973040866606,unknown,credit_card,21,2,0,Kotak,2025-12-09 20:51:00,1,0.2,0.283,0.918,2,47.04,1,1,1,1,A1,A1
D1_00000214,2511.09,pharmacy,credit_card,14,0,0,ICICI,2025-12-28 14:14:00,1,54.8,0.664,0.298,5,34.13,1,1,0,1,D1,D1
D1_00000188,174.86,online_retail,credit_card,15,1,0,HDFC,2025-06-05 15:06:00,1,30.6,0.748,0.325,7,229.44,1,1,0,1,D1,D1
A3_00000129,49999.69020329321,online_retail,wallet,15,2,0,Airtel Payments Bank,2025-08-31 16:49:00,0,0.3,0.187,0.885,6,48.03,1,1,1,1,A3,A3
E2_00000049,635.89,travel,credit_card,18,1,0,HDFC,2025-06-09 18:56:00,1,62.9,0.267,0.754,1,15.31,0,1,0,1,E2,E2
D2_00000104,3458.58,grocery,UPI,10,4,0,Axis,2025-02-16 10:46:00,0,62.4,0.824,0.213,3,10.23,0,1,0,1,D2,D2
D1_00000234,866.65,education,credit_card,15,6,1,Union Bank,2025-04-04 15:00:00,0,60.4,0.664,0.304,6,21.39,0,1,0,1,D1,D1
E2_00000167,3305.81,pharmacy,UPI,19,5,1,Paytm Payments Bank,2025-09-23 19:22:00,1,173.3,0.207,0.73,5,107.84,0,1,0,1,E2,E2
D1_00000213,399.23,clothing,UPI,20,0,0,SBI,2025-08-15 20:30:00,0,32.1,0.664,0.34,4,270.41,1,1,0,1,D1,D1
E1_00000272,99.63,fuel,debit_card,19,1,0,BOI,2025-05-12 19:56:00,1,57.2,0.346,0.491,3,107.33,0,1,0,1,E1,E1
B2_00000018,610.07,unknown,UPI,6,5,1,Airtel Payments Bank,2025-12-09 06:10:00,1,42.8,0.011,0.87,2,69.65,1,1,0,1,B2,B2
A2_00000055,4998.814691820022,unknown,debit_card,21,1,0,HDFC,2025-01-17 09:39:00,0,0.7,0.123,0.924,3,631.06,1,1,1,1,A2,A2
A1_00000112,49999.53530453997,online_retail,net_banking,20,1,0,HDFC,2025-09-09 16:33:00,0,0.3,0.159,0.742,3,38.65,1,1,1,1,A1,A1
C1_00000072,147.40139382475718,travel,debit_card,18,3,0,Airtel Payments Bank,2025-12-15 18:08:00,0,20.8,0.87,0.04,1,21.61,1,1,0,1,C1,C1
B1_00000273,2512.49,unknown,UPI,10,4,0,Union Bank,2025-08-07 10:23:00,1,11.4,0.137,0.7,2,91.24,1,1,0,1,B1,B1
C2_00000297,15449.13348660162,restaurant,credit_card,9,1,0,Axis,2025-03-14 09:50:00,0,3.4,0.916,0.042,2,925.37,1,1,0,1,C2,C2
E1_00000095,96.56,restaurant,UPI,4,3,0,ICICI,2025-01-15 04:27:00,1,100.8,0.111,0.685,6,403.58,0,1,0,1,E1,E1
E1_00000289,22.97,restaurant,debit_card,8,2,0,SBI,2025-08-14 08:18:00,1,105.6,0.16,0.78,7,75.21,1,1,0,1,E1,E1
E1_00000235,1047.81,restaurant,credit_card,20,0,0,BOI,2025-04-28 20:38:00,1,152.8,0.198,0.717,2,194.8,0,1,0,1,E1,E1
A3_00000029,9999.455345624143,unknown,UPI,16,6,1,Union Bank,2025-01-02 06:19:00,0,0.3,0.1,0.809,2,241.12,1,1,1,1,A3,A3
E2_00000246,1672.29,restaurant,credit_card,6,5,1,SBI,2025-03-27 06:50:00,1,66.5,0.144,0.747,5,1107.64,1,1,0,1,E2,E2
A2_00000011,9998.180215498167,crypto,debit_card,15,4,0,Airtel Payments Bank,2025-08-02 16:25:00,0,0.7,0.149,0.904,0,353.92,1,1,1,1,A2,A2
D1_00000299,37.97,grocery,UPI,22,6,1,Paytm Payments Bank,2025-11-18 22:01:00,0,10.3,0.658,0.335,7,364.9,0,1,0,1,D1,D1
A1_00000081,9999.755057811744,unknown,UPI,9,4,0,Axis,2025-03-04 12:25:00,0,0.7,0.137,0.794,0,3632.25,1,1,1,1,A1,A1
B3_00000336,11150.5,unknown,UPI,10,3,0,Kotak,2025-01-26 10:40:00,1,0.0,0.006,0.872,17,201.12,1,1,0,1,B3,B3
D2_00000170,276.23,utilities,UPI,6,5,1,SBI,2025-04-23 06:09:00,0,65.1,0.801,0.169,7,9.49,0,1,0,1,D2,D2
B1_00000246,4682.87,unknown,debit_card,16,5,1,BOI,2025-11-12 16:04:00,1,69.0,0.018,0.839,2,237.58,1,1,0,1,B1,B1
C2_00000348,15449.13348660162,grocery,debit_card,11,6,1,Axis,2025-03-03 11:39:00,0,18.2,0.97,0.013,2,1005.77,1,1,0,1,C2,C2
C1_00000264,147.40139382475718,healthcare,credit_card,9,1,0,BOI,2025-02-23 09:14:00,0,63.4,0.862,0.076,2,236.76,1,1,0,1,C1,C1
A2_00000106,99998.6463686506,crypto,wallet,15,5,1,SBI,2025-04-22 07:48:00,0,0.3,0.242,0.735,1,49.08,1,1,0,1,A2,A2
D2_00000145,47.78,online_retail,debit_card,10,5,1,SBI,2025-11-23 10:34:00,0,60.5,0.657,0.165,7,454.05,0,1,0,1,D2,D2
B3_00000105,57482.21,unknown,credit_card,0,0,0,HDFC,2025-12-10 00:50:00,1,24.5,0.016,0.889,8,38.13,1,1,0,1,B3,B3
A1_00000317,49999.09149775804,unknown,UPI,14,2,0,Airtel Payments Bank,2025-11-03 10:07:00,0,0.5,0.227,0.649,5,387.98,1,1,1,1,A1,A1
E1_00000274,787.32,pharmacy,debit_card,6,4,0,Union Bank,2025-09-30 06:16:00,1,104.6,0.34,0.488,0,109.16,0,1,0,1,E1,E1
A2_00000227,49998.953015736886,crypto,UPI,10,4,0,ICICI,2025-12-29 07:53:00,0,0.7,0.231,0.902,0,16.48,1,1,1,1,A2,A2
E1_00000229,74.11,utilities,UPI,17,1,0,Kotak,2025-09-30 17:47:00,1,149.1,0.285,0.454,0,216.74,0,1,1,1,E1,E1
C2_00000256,15449.13348660162,restaurant,debit_card,20,0,0,Union Bank,2025-01-15 20:24:00,0,16.5,0.988,0.004,0,40.41,0,1,0,1,C2,C2
D2_00000203,625.43,electronics,UPI,11,2,0,Airtel Payments Bank,2025-04-19 11:53:00,0,26.6,0.644,0.194,1,38.67,0,1,0,1,D2,D2
D2_00000285,1318.08,entertainment,UPI,21,6,1,Airtel Payments Bank,2025-03-17 21:14:00,0,20.4,0.722,0.19,6,12.16,1,1,0,1,D2,D2
A1_00000235,500.9168186703588,unknown,debit_card,20,3,0,HDFC,2025-05-28 14:11:00,1,0.6,0.183,0.639,6,34.17,1,1,1,1,A1,A1
A3_00000248,49999.52335701177,online_retail,UPI,16,2,0,ICICI,2025-04-12 12:10:00,0,0.4,0.266,0.88,6,26.94,1,1,1,1,A3,A3
C2_00000139,15449.13348660162,utilities,debit_card,11,5,1,BOI,2025-10-02 11:44:00,0,66.0,0.927,0.1,0,13.76,1,1,0,1,C2,C2
A3_00000165,500.01177253288853,crypto,debit_card,11,1,0,Kotak,2025-07-03 12:38:00,1,1.0,0.298,0.614,6,224.04,1,1,1,1,A3,A3
C1_00000018,147.40139382475718,grocery,credit_card,14,6,1,Airtel Payments Bank,2025-03-13 14:47:00,0,70.2,0.902,0.038,1,378.28,1,1,0,1,C1,C1
B2_00000169,4646.41,crypto,net_banking,18,1,0,Union Bank,2025-02-01 18:41:00,1,47.4,0.115,0.975,2,210.63,1,1,0,1,B2,B2
E2_00000189,2082.39,pharmacy,credit_card,8,4,0,Airtel Payments Bank,2025-11-14 08:08:00,1,198.2,0.115,0.705,6,19.56,0,1,0,1,E2,E2
B1_00000124,2741.49,unknown,UPI,21,6,1,SBI,2025-12-03 21:22:00,1,46.7,0.082,0.828,0,30.04,1,1,0,1,B1,B1
C2_00000246,15449.13348660162,travel,UPI,14,1,0,SBI,2025-07-08 14:12:00,1,48.4,0.998,0.007,2,777.98,1,0,0,1,C2,C2
D1_00000130,617.27,restaurant,UPI,18,1,0,Paytm Payments Bank,2025-02-17 18:26:00,0,32.4,0.787,0.211,5,1040.1,0,1,0,1,D1,D1
A3_00000313,9999.709207836526,crypto,debit_card,16,3,0,HDFC,2025-05-23 06:57:00,1,0.8,0.138,0.875,6,87.31,1,1,1,1,A3,A3
A1_00000196,1998.789319594142,unknown,UPI,11,2,0,BOI,2025-11-02 18:24:00,0,0.0,0.112,0.81,0,7617.16,1,1,1,1,A1,A1
C1_00000279,147.40139382475718,healthcare,credit_card,11,6,1,ICICI,2025-11-04 11:01:00,0,55.5,0.989,0.011,1,148.7,0,1,0,1,C1,C1
E1_00000091,154.1,utilities,debit_card,18,4,0,Axis,2025-06-18 18:41:00,1,169.3,0.325,0.614,7,95.5,0,1,0,1,E1,E1
B1_00000167,4488.65,unknown,UPI,14,0,0,Union Bank,2025-01-15 14:09:00,1,36.1,0.07,0.809,0,314.08,1,1,0,1,B1,B1
A1_00000268,4999.342301560579,crypto,debit_card,15,0,0,PNB,2025-03-15 14:22:00,0,0.2,0.127,0.933,2,45.79,1,1,0,1,A1,A1
A1_00000180,99998.6251912942,crypto,debit_card,20,5,1,Paytm Payments Bank,2025-09-01 20:32:00,1,0.5,0.125,0.626,2,2069.68,1,1,1,1,A1,A1
B1_00000143,2645.77,crypto,debit_card,19,0,0,Axis,2025-09-10 19:50:00,1,26.7,0.006,0.913,1,51.15,1,1,0,1,B1,B1
B2_00000206,641.27,unknown,UPI,15,5,1,PNB,2025-12-26 15:03:00,1,24.2,0.005,0.773,2,50.08,1,1,0,1,B2,B2
B1_00000097,1425.42,crypto,credit_card,10,2,0,HDFC,2025-11-06 10:30:00,1,33.3,0.087,0.903,0,21.33,1,1,0,1,B1,B1
B1_00000051,3208.18,crypto,credit_card,11,2,0,SBI,2025-01-20 11:50:00,1,63.0,0.077,0.729,0,31.1,1,1,0,1,B1,B1
C2_00000195,15449.13348660162,grocery,UPI,9,2,0,Airtel Payments Bank,2025-02-21 09:25:00,0,42.1,0.928,0.098,0,79.86,1,1,0,1,C2,C2
B1_00000291,1879.02,unknown,UPI,10,2,0,Paytm Payments Bank,2025-01-22 10:27:00,1,37.1,0.109,0.797,2,45.78,1,1,0,1,B1,B1
C1_00000205,147.40139382475718,travel,credit_card,6,1,0,Axis,2025-03-02 06:58:00,0,23.7,0.942,0.058,0,13.25,0,1,0,1,C1,C1
C1_00000149,147.40139382475718,education,debit_card,21,2,0,Axis,2025-02-05 21:32:00,1,43.5,0.882,0.013,1,276.36,0,1,0,1,C1,C1
C1_00000218,147.40139382475718,grocery,net_banking,18,6,1,PNB,2025-09-29 18:10:00,0,66.0,0.948,0.02,2,70.12,1,1,0,1,C1,C1
E1_00000061,1097.3,entertainment,UPI,6,3,0,Kotak,2025-06-16 06:21:00,1,148.0,0.231,0.536,7,183.24,0,1,0,1,E1,E1
D2_00000096,172.66,electronics,net_banking,22,4,0,Airtel Payments Bank,2025-04-13 22:09:00,0,6.7,0.674,0.235,4,41.63,0,1,0,1,D2,D2
D2_00000144,24.41,healthcare,debit_card,13,6,1,PNB,2025-02-09 13:13:00,0,38.2,0.615,0.316,2,118.16,0,1,0,1,D2,D2
E2_00000194,266.79,fuel,UPI,19,0,0,Airtel Payments Bank,2025-09-14 19:28:00,1,78.7,0.243,0.527,0,186.99,1,1,0,1,E2,E2
E1_00000065,1535.61,entertainment,UPI,9,2,0,Kotak,2025-12-06 09:52:00,1,197.0,0.346,0.7,7,56.93,0,1,0,1,E1,E1
C2_00000266,15449.13348660162,utilities,UPI,16,6,1,PNB,2025-03-03 16:27:00,0,43.3,0.852,0.115,0,305.04,1,1,0,1,C2,C2
E2_00000002,208.36,grocery,debit_card,21,3,0,HDFC,2025-11-13 21:37:00,1,158.8,0.265,0.767,0,22.81,0,1,0,1,E2,E2
A2_00000223,49998.4562795967,crypto,credit_card,14,4,0,ICICI,2025-09-16 06:48:00,0,0.3,0.278,0.872,5,34.49,1,1,0,1,A2,A2
A1_00000130,99999.65191444434,online_retail,credit_card,20,2,0,Kotak,2025-04-16 18:41:00,0,0.7,0.12,0.832,6,630.74,1,1,1,1,A1,A1
B1_00000057,1328.51,unknown,UPI,9,0,0,ICICI,2025-05-13 09:15:00,1,35.0,0.069,0.903,1,6.64,1,1,0,1,B1,B1
C2_00000200,15449.13348660162,electronics,UPI,19,5,1,SBI,2025-03-30 19:34:00,0,46.3,0.902,0.067,2,313.57,1,1,0,1,C2,C2
C2_00000329,15449.13348660162,grocery,debit_card,12,3,0,Union Bank,2025-12-01 12:56:00,0,45.8,0.898,0.06,1,1824.0,1,1,0,1,C2,C2
B2_00000058,4142.16,unknown,credit_card,20,6,1,Paytm Payments Bank,2025-12-29 20:00:00,1,31.3,0.119,0.973,2,2749.11,1,1,0,1,B2,B2
E1_00000036,74.34,online_retail,debit_card,8,4,0,Paytm Payments Bank,2025-07-28 08:25:00,1,111.9,0.348,0.682,5,839.41,0,1,0,1,E1,E1
A2_00000061,19998.034183116397,unknown,UPI,20,1,0,HDFC,2025-12-25 00:50:00,0,0.1,0.241,0.617,3,304.4,1,1,1,1,A2,A2
B3_00000288,25253.97,unknown,UPI,19,2,0,SBI,2025-07-26 19:51:00,1,64.1,0.139,0.967,18,3.55,1,1,0,1,B3,B3
C1_00000238,147.40139382475718,grocery,UPI,20,3,0,Axis,2025-11-17 20:02:00,0,4.4,0.985,0.104,0,286.93,1,1,0,1,C1,C1
C2_00000281,15449.13348660162,restaurant,credit_card,6,3,0,Union Bank,2025-05-12 06:24:00,0,27.0,0.972,0.056,0,472.29,0,1,1,1,C2,C2
B3_00000324,22914.14,unknown,UPI,14,5,1,ICICI,2025-10-07 14:28:00,1,54.7,0.092,0.972,14,166.19,1,1,0,1,B3,B3
B1_00000313,1647.58,crypto,UPI,9,5,1,ICICI,2025-10-14 09:17:00,1,35.3,0.031,0.742,1,78.61,1,1,0,1,B1,B1
D1_00000275,103.28,education,UPI,22,6,1,BOI,2025-10-27 22:08:00,0,24.8,0.846,0.208,0,118.32,0,1,0,1,D1,D1
B2_00000065,742.7,unknown,debit_card,18,3,0,PNB,2025-03-17 18:16:00,1,42.2,0.133,0.783,2,141.57,1,1,0,1,B2,B2
E1_00000089,48.01,grocery,net_banking,21,5,1,Union Bank,2025-11-15 21:01:00,1,128.5,0.332,0.522,7,8.9,0,1,0,1,E1,E1
A3_00000039,49999.58843537561,unknown,UPI,14,6,1,SBI,2025-11-25 12:17:00,0,0.0,0.254,0.833,4,147.33,1,1,0,1,A3,A3
D1_00000308,10.62,fuel,UPI,12,6,1,Airtel Payments Bank,2025-10-18 12:43:00,0,68.2,0.737,0.307,4,626.17,0,1,0,1,D1,D1
B1_00000299,1903.71,crypto,credit_card,2,0,0,PNB,2025-04-02 02:56:00,1,31.6,0.109,0.738,2,50.34,1,1,0,1,B1,B1
B1_00000205,3794.57,crypto,UPI,15,2,0,BOI,2025-09-24 15:54:00,1,49.1,0.094,0.945,2,79.34,1,1,0,1,B1,B1
C2_00000257,15449.13348660162,pharmacy,UPI,0,3,0,ICICI,2025-05-29 00:49:00,0,45.2,0.859,0.02,1,262.37,1,1,0,1,C2,C2
E2_00000235,519.72,electronics,UPI,15,4,0,ICICI,2025-09-07 15:17:00,1,160.9,0.174,0.492,3,275.87,0,1,0,1,E2,E2
E2_00000030,3344.55,pharmacy,net_banking,19,1,0,Axis,2025-09-17 19:07:00,1,57.2,0.321,0.613,5,46.9,0,1,0,1,E2,E2
B1_00000010,1847.88,unknown,credit_card,12,3,0,BOI,2025-08-19 12:38:00,1,61.3,0.107,0.79,0,759.34,1,1,0,1,B1,B1
B3_00000202,19750.65,unknown,debit_card,9,1,0,BOI,2025-05-05 09:19:00,1,7.5,0.016,0.808,7,162.62,1,1,0,1,B3,B3
C1_00000203,147.40139382475718,fuel,credit_card,8,3,0,Axis,2025-08-10 08:42:00,0,12.3,0.943,0.016,0,52.1,0,1,0,1,C1,C1
A2_00000081,99999.59441402018,crypto,UPI,20,0,0,PNB,2025-08-23 17:48:00,0,1.0,0.166,0.867,2,224.78,1,1,1,1,A2,A2
B2_00000280,869.88,unknown,UPI,17,4,0,Paytm Payments Bank,2025-01-23 17:21:00,1,43.3,0.044,0.884,1,30.42,1,1,0,1,B2,B2
B2_00000176,1115.06,unknown,debit_card,6,3,0,SBI,2025-01-20 06:12:00,1,10.2,0.148,0.955,1,717.71,1,1,0,1,B2,B2
B3_00000061,12407.05,unknown,net_banking,8,1,0,BOI,2025-08-18 08:24:00,1,62.7,0.143,0.813,14,48.43,1,1,0,1,B3,B3
B3_00000023,48822.83,unknown,UPI,13,6,1,ICICI,2025-02-14 13:11:00,1,46.7,0.138,0.913,15,46.35,1,1,0,1,B3,B3
C2_00000269,15449.13348660162,healthcare,credit_card,11,6,1,BOI,2025-09-25 11:15:00,0,13.4,0.995,0.042,0,392.03,1,1,0,1,C2,C2
B1_00000017,968.51,unknown,debit_card,11,2,0,HDFC,2025-10-11 11:47:00,1,36.5,0.137,0.904,2,704.98,1,1,0,1,B1,B1
A1_00000197,99998.46462295057,unknown,debit_card,16,2,0,Airtel Payments Bank,2025-09-02 08:37:00,0,1.0,0.236,0.945,2,260.98,1,1,1,1,A1,A1
D1_00000280,1012.37,clothing,debit_card,21,3,0,Axis,2025-03-23 21:04:00,0,44.1,0.835,0.349,2,1115.97,0,1,0,1,D1,D1
E2_00000080,498.2,entertainment,debit_card,6,6,1,PNB,2025-12-31 06:19:00,1,175.2,0.196,0.663,1,27.58,0,1,0,1,E2,E2
E1_00000159,336.82,grocery,wallet,10,5,1,Kotak,2025-01-14 10:58:00,1,133.0,0.309,0.651,7,21.94,0,1,0,1,E1,E1
E1_00000328,57.56,clothing,credit_card,19,3,0,SBI,2025-08-25 19:44:00,1,102.3,0.379,0.763,0,19.03,0,1,0,1,E1,E1
A2_00000339,49999.310003627346,online_retail,UPI,15,6,1,Paytm Payments Bank,2025-07-20 16:43:00,0,0.1,0.288,0.649,5,15.0,1,1,0,1,A2,A2
B3_00000087,36363.46,unknown,net_banking,7,6,1,Kotak,2025-08-06 07:51:00,1,60.3,0.164,0.972,9,147.02,1,1,0,1,B3,B3
C2_00000161,15449.13348660162,grocery,UPI,15,2,0,HDFC,2025-02-27 15:51:00,0,70.4,0.953,0.033,2,333.09,1,1,0,1,C2,C2
B3_00000172,41871.67,unknown,UPI,7,0,0,Union Bank,2025-11-30 07:09:00,1,69.3,0.093,0.854,17,453.14,1,0,0,1,B3,B3
C2_00000071,15449.13348660162,restaurant,UPI,11,0,0,SBI,2025-01-02 11:42:00,0,68.8,0.912,0.095,0,102.87,0,1,0,1,C2,C2
D2_00000323,28.89,pharmacy,credit_card,19,2,0,Axis,2025-07-17 19:53:00,0,15.5,0.821,0.207,5,150.3,1,1,0,1,D2,D2
B2_00000085,820.77,crypto,debit_card,12,5,1,Airtel Payments Bank,2025-04-08 12:26:00,1,2.2,0.096,0.75,0,114.85,1,1,0,1,B2,B2
A2_00000015,99998.7140877938,crypto,UPI,9,4,0,SBI,2025-10-25 22:55:00,0,0.7,0.114,0.804,6,2033.11,1,1,1,1,A2,A2
D2_00000077,23.57,restaurant,UPI,1,2,0,HDFC,2025-10-12 01:22:00,0,56.6,0.756,0.271,5,11.9,1,1,0,1,D2,D2
A2_00000348,4999.871999398764,unknown,net_banking,15,4,0,ICICI,2025-01-23 19:02:00,0,0.7,0.194,0.662,7,27.02,1,1,0,1,A2,A2
C2_00000003,15449.13348660162,utilities,debit_card,9,6,1,BOI,2025-05-21 09:07:00,0,16.3,0.959,0.081,2,216.1,1,1,0,1,C2,C2
A1_00000065,998.3658866493514,online_retail,debit_card,11,1,0,Airtel Payments Bank,2025-12-05 06:39:00,0,0.1,0.104,0.881,0,238.2,1,1,0,1,A1,A1
A3_00000337,1999.146304324108,unknown,UPI,20,3,0,Kotak,2025-09-11 20:01:00,0,0.0,0.123,0.662,5,178.84,1,1,1,1,A3,A3
E1_00000045,406.9,restaurant,credit_card,8,5,1,SBI,2025-06-27 08:12:00,1,191.0,0.288,0.529,2,11.21,0,1,0,1,E1,E1
A2_00000287,1998.4896688752196,crypto,credit_card,21,2,0,SBI,2025-09-14 07:19:00,0,0.4,0.128,0.906,1,251.81,1,1,0,1,A2,A2
B1_00000300,736.09,unknown,wallet,16,1,0,Kotak,2025-10-08 16:50:00,1,11.2,0.141,0.733,2,71.22,1,1,0,1,B1,B1
A2_00000016,500.4522333798832,crypto,credit_card,9,5,1,ICICI,2025-11-22 19:16:00,0,0.1,0.279,0.662,4,142.07,1,1,0,1,A2,A2
A1_00000165,9998.024293052227,online_retail,UPI,16,1,0,BOI,2025-11-14 08:48:00,0,0.5,0.106,0.912,2,17.0,1,0,1,1,A1,A1
A2_00000121,19998.41615581123,online_retail,UPI,11,4,0,HDFC,2025-12-30 19:28:00,0,0.7,0.187,0.84,0,137.84,1,1,1,1,A2,A2
C2_00000309,15449.13348660162,restaurant,debit_card,14,4,0,Kotak,2025-06-18 14:48:00,0,50.8,0.991,0.05,1,1031.61,1,0,0,1,C2,C2
C1_00000333,147.40139382475718,entertainment,UPI,1,1,0,Kotak,2025-10-05 01:37:00,0,43.5,0.851,0.113,1,108.96,0,1,0,1,C1,C1
B3_00000271,22378.39,unknown,UPI,22,2,0,Axis,2025-08-23 22:11:00,1,36.6,0.085,0.838,16,21.71,1,1,0,1,B3,B3
C2_00000222,15449.13348660162,grocery,UPI,11,3,0,Axis,2025-01-12 11:54:00,0,53.9,0.96,0.119,1,490.75,0,1,0,1,C2,C2
E2_00000243,242.17,grocery,UPI,12,0,0,Paytm Payments Bank,2025-08-23 12:33:00,1,181.2,0.2,0.631,4,182.81,0,1,0,1,E2,E2
A2_00000243,9999.490690737675,unknown,debit_card,11,0,0,HDFC,2025-03-30 16:25:00,0,0.5,0.238,0.686,0,15.42,1,0,1,1,A2,A2
E2_00000021,1251.83,restaurant,UPI,21,1,0,SBI,2025-10-27 21:09:00,1,186.9,0.292,0.49,0,62.99,0,1,0,1,E2,E2
A1_00000193,999.9510659568537,unknown,UPI,14,5,1,Kotak,2025-11-30 20:59:00,0,0.5,0.235,0.927,5,58.07,1,1,0,1,A1,A1
B3_00000136,20997.33,unknown,UPI,10,3,0,HDFC,2025-05-18 10:11:00,1,3.1,0.089,0.813,17,1661.08,1,1,0,1,B3,B3
A3_00000224,4999.262082891602,unknown,UPI,11,0,0,Axis,2025-06-18 15:49:00,0,0.5,0.202,0.877,2,52.42,1,1,0,1,A3,A3
A3_00000260,4998.171065353911,unknown,net_banking,9,1,0,BOI,2025-06-02 14:25:00,0,0.1,0.277,0.84,6,1394.75,1,1,1,1,A3,A3
E2_00000233,11.9,travel,UPI,20,0,0,Kotak,2025-06-18 20:06:00,1,100.0,0.126,0.492,4,618.01,0,1,0,1,E2,E2
A2_00000182,19999.538563675214,online_retail,debit_card,15,6,1,Union Bank,2025-09-20 20:52:00,1,0.7,0.194,0.669,5,92.93,1,1,1,1,A2,A2
D2_00000107,121.13,restaurant,UPI,12,4,0,Airtel Payments Bank,2025-05-11 12:19:00,0,58.3,0.785,0.205,4,45.82,0,1,0,1,D2,D2
B3_00000015,15434.35,unknown,net_banking,8,1,0,PNB,2025-07-16 08:49:00,1,7.3,0.07,0.865,11,73.07,1,1,0,1,B3,B3
A2_00000273,99999.45252825588,crypto,UPI,15,4,0,Paytm Payments Bank,2025-09-09 20:30:00,0,0.1,0.216,0.761,1,15.74,1,0,0,1,A2,A2
B2_00000257,2048.61,unknown,UPI,3,5,1,ICICI,2025-05-30 03:13:00,1,46.0,0.013,0.989,2,746.11,1,1,0,1,B2,B2
D2_00000049,108.48,fuel,credit_card,19,4,0,Airtel Payments Bank,2025-05-06 19:55:00,0,24.6,0.657,0.254,2,484.57,1,1,0,1,D2,D2
D1_00000175,172.69,grocery,net_banking,10,2,0,Airtel Payments Bank,2025-08-25 10:34:00,0,41.3,0.636,0.211,0,27.24,1,1,0,1,D1,D1
E2_00000340,504.67,education,credit_card,13,0,0,Kotak,2025-10-07 13:39:00,1,83.1,0.299,0.674,0,30.75,0,1,0,1,E2,E2
C2_00000131,15449.13348660162,clothing,debit_card,8,5,1,Union Bank,2025-06-28 08:27:00,0,12.6,0.883,0.079,2,76.98,0,1,0,1,C2,C2
D2_00000312,5.28,grocery,wallet,18,4,0,SBI,2025-03-23 18:01:00,0,7.7,0.82,0.251,0,697.84,0,1,0,1,D2,D2
D1_00000127,1188.02,restaurant,credit_card,13,1,0,BOI,2025-02-10 13:30:00,0,6.9,0.755,0.2,2,158.29,0,1,0,1,D1,D1
B3_00000197,19841.63,unknown,debit_card,17,2,0,SBI,2025-07-08 17:01:00,1,47.7,0.001,0.892,7,363.13,1,1,0,1,B3,B3
D2_00000309,96.85,restaurant,debit_card,15,6,1,Union Bank,2025-06-08 15:10:00,1,56.8,0.752,0.294,6,60.31,0,1,0,1,D2,D2
C2_00000021,15449.13348660162,restaurant,debit_card,16,5,1,Kotak,2025-03-02 16:03:00,1,24.8,0.935,0.038,2,55.88,1,1,0,1,C2,C2
B3_00000067,22149.97,unknown,UPI,15,2,0,Airtel Payments Bank,2025-01-06 15:11:00,1,23.1,0.071,0.909,18,396.45,1,1,0,1,B3,B3
A3_00000231,49999.900495850074,unknown,credit_card,10,4,0,Kotak,2025-02-20 08:12:00,0,0.4,0.177,0.703,0,108.46,1,0,0,1,A3,A3
B1_00000146,516.13,crypto,UPI,16,4,0,Kotak,2025-02-04 16:07:00,1,13.0,0.113,0.786,0,396.58,1,1,0,1,B1,B1
C2_00000009,15449.13348660162,grocery,credit_card,11,4,0,PNB,2025-10-10 11:57:00,0,17.1,0.856,0.08,0,66.64,0,0,0,1,C2,C2
A3_00000114,4999.320582685598,unknown,UPI,14,1,0,BOI,2025-10-28 08:04:00,0,0.1,0.243,0.867,7,1.52,1,1,0,1,A3,A3
A1_00000260,49999.040050514406,crypto,debit_card,21,4,0,Kotak,2025-07-30 10:40:00,0,0.4,0.162,0.91,5,45.01,1,1,1,1,A1,A1
E2_00000231,823.34,restaurant,UPI,9,1,0,Paytm Payments Bank,2025-04-15 09:29:00,1,196.1,0.155,0.762,3,355.4,0,1,0,1,E2,E2
B3_00000171,7379.06,unknown,UPI,7,6,1,Paytm Payments Bank,2025-06-05 07:58:00,1,13.5,0.129,0.815,19,207.26,1,1,0,1,B3,B3
C2_00000295,15449.13348660162,utilities,UPI,11,3,0,PNB,2025-06-17 11:59:00,1,24.3,0.855,0.02,0,626.32,1,1,0,1,C2,C2
D1_00000075,147.24,grocery,debit_card,12,5,1,Axis,2025-03-23 12:55:00,0,71.0,0.723,0.201,6,12.96,0,1,0,1,D1,D1
B1_00000289,3146.05,unknown,credit_card,15,3,0,Paytm Payments Bank,2025-12-16 15:08:00,1,45.9,0.087,0.828,0,220.41,1,1,0,1,B1,B1
B3_00000232,30419.46,unknown,UPI,9,6,1,HDFC,2025-10-15 09:26:00,1,21.0,0.064,0.842,7,180.04,1,1,0,1,B3,B3
D2_00000253,25.42,travel,net_banking,11,5,1,Paytm Payments Bank,2025-07-13 11:28:00,0,0.9,0.8,0.196,6,42.93,1,1,0,1,D2,D2
B1_00000333,1513.75,unknown,net_banking,20,5,1,SBI,2025-02-05 20:14:00,1,53.1,0.11,0.922,1,6623.74,1,1,0,1,B1,B1
B3_00000184,14381.44,unknown,UPI,23,2,0,Airtel Payments Bank,2025-07-23 23:58:00,1,3.6,0.111,0.988,16,7214.97,1,1,0,1,B3,B3
D1_00000319,1257.43,fuel,debit_card,20,5,1,Paytm Payments Bank,2025-04-08 20:16:00,0,9.1,0.847,0.272,2,18.12,0,1,0,1,D1,D1
D1_00000013,126.76,healthcare,UPI,15,5,1,Paytm Payments Bank,2025-07-28 15:40:00,0,71.5,0.613,0.342,6,400.95,1,1,0,1,D1,D1
E2_00000047,22.88,restaurant,UPI,16,6,1,Kotak,2025-01-07 16:08:00,1,169.6,0.278,0.733,1,47.12,1,1,0,1,E2,E2
D2_00000123,39.98,fuel,UPI,7,4,0,Axis,2025-10-15 07:31:00,0,48.9,0.796,0.223,1,75.77,0,1,0,1,D2,D2
A1_00000040,4998.790183416716,unknown,UPI,21,0,0,Axis,2025-01-21 21:48:00,0,0.3,0.156,0.901,5,982.04,1,1,1,1,A1,A1
D2_00000346,284.65,electronics,debit_card,19,4,0,Airtel Payments Bank,2025-09-15 19:39:00,0,42.7,0.77,0.301,7,480.77,1,1,0,1,D2,D2
C2_00000122,15449.13348660162,restaurant,UPI,19,4,0,Airtel Payments Bank,2025-04-19 19:56:00,0,11.5,0.873,0.07,1,59.25,1,1,0,1,C2,C2
D1_00000336,388.51,electronics,UPI,19,6,1,Axis,2025-01-10 19:22:00,0,51.5,0.616,0.348,2,277.43,0,1,0,1,D1,D1
D2_00000276,212.08,clothing,UPI,2,0,0,PNB,2025-08-22 02:16:00,1,35.5,0.709,0.21,1,248.36,1,1,0,1,D2,D2
A2_00000078,19998.515336611348,online_retail,net_banking,15,4,0,BOI,2025-12-09 18:30:00,0,1.0,0.159,0.859,7,9.44,1,1,0,1,A2,A2
A2_00000317,49999.70173419402,unknown,credit_card,21,5,1,Axis,2025-04-21 12:31:00,0,0.1,0.233,0.678,0,556.26,1,1,0,1,A2,A2
E1_00000057,93.58,grocery,debit_card,8,3,0,SBI,2025-09-12 08:58:00,1,175.0,0.344,0.751,7,659.7,0,1,0,1,E1,E1
E1_00000153,244.17,education,debit_card,15,4,0,PNB,2025-08-23 15:23:00,1,105.2,0.253,0.454,7,117.33,0,1,0,1,E1,E1
D1_00000022,53.74,online_retail,UPI,18,0,0,Union Bank,2025-11-24 18:30:00,0,51.9,0.622,0.295,3,409.03,0,1,0,1,D1,D1
B1_00000271,597.56,unknown,credit_card,17,0,0,BOI,2025-01-10 17:37:00,1,46.3,0.107,0.765,0,106.87,1,1,0,1,B1,B1
B1_00000094,4059.84,unknown,credit_card,1,4,0,Kotak,2025-03-28 01:03:00,1,49.0,0.132,0.981,0,1866.54,1,1,0,1,B1,B1
C1_00000291,147.40139382475718,grocery,net_banking,11,5,1,BOI,2025-03-22 11:37:00,0,5.1,0.898,0.002,0,58.91,1,1,0,1,C1,C1
E2_00000142,693.49,pharmacy,UPI,21,6,1,Kotak,2025-09-08 21:18:00,1,127.4,0.214,0.468,4,491.96,0,1,0,1,E2,E2
B2_00000258,1952.9,unknown,UPI,6,4,0,Union Bank,2025-01-17 06:48:00,1,19.0,0.088,0.973,0,79.4,1,1,0,1,B2,B2
B3_00000248,20332.21,unknown,UPI,3,5,1,SBI,2025-08-01 03:41:00,1,49.6,0.192,0.931,13,31.66,1,1,0,1,B3,B3
A2_00000039,4999.401767101742,unknown,credit_card,20,0,0,BOI,2025-06-17 14:52:00,0,0.1,0.203,0.744,7,2748.52,1,1,1,1,A2,A2
D1_00000140,1738.41,restaurant,debit_card,7,6,1,Union Bank,2025-06-21 07:51:00,0,69.5,0.731,0.242,1,36.25,1,1,0,1,D1,D1
E2_00000248,4089.12,grocery,UPI,11,5,1,Kotak,2025-10-05 11:45:00,1,96.3,0.389,0.527,6,7.14,0,1,0,1,E2,E2
E2_00000053,133.0,restaurant,UPI,12,1,0,PNB,2025-06-27 12:01:00,1,91.8,0.187,0.559,7,30.35,0,1,0,1,E2,E2
C1_00000022,147.40139382475718,grocery,UPI,18,5,1,PNB,2025-07-05 18:14:00,0,64.4,0.861,0.09,1,315.82,0,1,0,1,C1,C1
A1_00000213,4999.6480036153,unknown,UPI,21,6,1,Union Bank,2025-08-07 12:01:00,0,0.8,0.152,0.857,7,110.7,1,1,0,1,A1,A1
B3_00000122,42081.21,unknown,debit_card,21,1,0,Airtel Payments Bank,2025-07-15 21:20:00,1,38.7,0.004,0.904,18,907.9,1,1,0,1,B3,B3
B3_00000208,25475.07,unknown,UPI,9,2,0,Kotak,2025-11-12 09:32:00,1,14.6,0.139,0.974,10,105.08,1,1,0,1,B3,B3
D1_00000251,78.76,clothing,debit_card,13,1,0,Union Bank,2025-08-14 13:32:00,0,42.4,0.799,0.233,4,126.75,0,1,0,1,D1,D1
E2_00000112,2437.29,restaurant,debit_card,11,1,0,Axis,2025-08-12 11:45:00,1,154.0,0.243,0.692,2,584.5,0,1,0,1,E2,E2
B1_00000151,1716.66,unknown,UPI,12,1,0,HDFC,2025-08-07 12:21:00,1,27.7,0.091,0.741,1,382.04,1,1,0,1,B1,B1
B2_00000335,4470.01,crypto,UPI,13,4,0,Kotak,2025-10-03 13:10:00,1,14.3,0.111,0.861,2,1146.75,1,1,0,1,B2,B2
C2_00000221,15449.13348660162,travel,net_banking,8,4,0,Kotak,2025-01-13 08:39:00,0,39.1,0.915,0.059,0,6.65,1,1,0,1,C2,C2
D1_00000232,36.44,travel,UPI,8,6,1,PNB,2025-08-28 08:25:00,0,65.1,0.802,0.271,0,1379.01,0,1,0,1,D1,D1
C1_00000274,147.40139382475718,restaurant,debit_card,15,1,0,PNB,2025-03-30 15:56:00,0,1.8,0.903,0.082,1,40.72,1,1,0,1,C1,C1
C2_00000225,15449.13348660162,restaurant,credit_card,11,0,0,SBI,2025-05-02 11:21:00,0,36.3,0.931,0.061,0,85.16,0,1,0,1,C2,C2
E1_00000117,10.0,entertainment,credit_card,15,1,0,HDFC,2025-07-02 15:45:00,1,166.3,0.363,0.599,3,94.73,0,1,0,1,E1,E1
E2_00000335,134.81,fuel,credit_card,9,4,0,Kotak,2025-10-16 09:22:00,1,172.3,0.385,0.673,2,646.41,1,1,0,1,E2,E2
B1_00000157,2314.42,unknown,UPI,12,0,0,PNB,2025-02-01 12:54:00,1,49.9,0.085,0.712,1,214.21,1,1,0,1,B1,B1
A2_00000258,49998.960651764035,unknown,debit_card,11,4,0,Kotak,2025-04-01 10:46:00,0,0.0,0.228,0.846,3,156.75,1,1,0,1,A2,A2
A1_00000279,1999.1514441824381,unknown,debit_card,10,1,0,Union Bank,2025-02-14 12:43:00,0,1.0,0.25,0.708,4,848.08,1,1,0,1,A1,A1
B2_00000119,872.43,unknown,debit_card,11,3,0,Airtel Payments Bank,2025-03-31 11:48:00,1,41.3,0.069,0.78,1,484.9,1,1,0,1,B2,B2
C1_00000316,147.40139382475718,utilities,UPI,19,2,0,Kotak,2025-06-27 19:53:00,0,70.4,0.962,0.029,0,1162.96,0,1,0,1,C1,C1
D1_00000008,70.37,grocery,credit_card,17,2,0,Airtel Payments Bank,2025-08-08 17:42:00,0,34.1,0.668,0.158,2,405.21,0,1,0,1,D1,D1
B1_00000018,524.51,unknown,UPI,9,1,0,ICICI,2025-03-14 09:11:00,1,37.2,0.075,0.839,2,441.59,1,1,0,1,B1,B1
E2_00000036,1464.14,clothing,UPI,9,3,0,PNB,2025-11-15 09:07:00,1,78.3,0.398,0.512,0,209.76,0,1,0,1,E2,E2
B2_00000183,2016.28,unknown,wallet,10,0,0,Union Bank,2025-01-15 10:22:00,1,46.5,0.11,0.923,2,67.25,1,1,0,1,B2,B2
B3_00000162,22712.35,unknown,net_banking,3,3,0,Airtel Payments Bank,2025-03-05 03:07:00,1,14.3,0.002,0.861,18,92.87,1,1,0,1,B3,B3
B3_00000103,67002.66,unknown,credit_card,2,4,0,Paytm Payments Bank,2025-06-01 02:18:00,1,58.6,0.074,0.938,10,107.83,1,1,0,1,B3,B3
B1_00000190,3485.23,unknown,debit_card,20,6,1,SBI,2025-01-25 20:18:00,1,47.7,0.035,0.958,2,371.06,1,1,0,1,B1,B1
A3_00000011,9999.687028243558,online_retail,debit_card,14,3,0,Axis,2025-07-10 10:38:00,1,1.0,0.161,0.88,7,452.91,1,1,0,1,A3,A3
D1_00000052,287.25,grocery,UPI,17,6,1,HDFC,2025-11-23 17:39:00,0,58.8,0.774,0.16,5,1397.77,1,1,0,1,D1,D1
B1_00000014,2116.12,unknown,debit_card,11,0,0,Axis,2025-08-05 11:54:00,1,42.8,0.128,0.711,0,144.94,1,1,0,1,B1,B1
A3_00000349,49999.659022046886,crypto,UPI,15,6,1,Kotak,2025-11-18 17:42:00,0,0.9,0.298,0.723,4,1089.66,1,1,0,1,A3,A3
D1_00000050,273.43,grocery,UPI,14,1,0,Paytm Payments Bank,2025-12-25 14:40:00,0,37.4,0.825,0.151,4,190.66,1,1,0,1,D1,D1
C2_00000128,15449.13348660162,utilities,UPI,18,6,1,Paytm Payments Bank,2025-10-10 18:04:00,0,30.5,0.908,0.002,2,113.48,1,1,0,1,C2,C2
D1_00000304,375.71,healthcare,debit_card,13,5,1,Kotak,2025-03-28 13:05:00,0,40.7,0.843,0.172,6,255.65,0,1,0,1,D1,D1
A1_00000215,99999.67388747286,crypto,debit_card,9,4,0,Paytm Payments Bank,2025-05-17 19:29:00,1,0.8,0.283,0.64,3,401.24,1,1,0,1,A1,A1
D2_00000282,391.27,pharmacy,debit_card,20,0,0,HDFC,2025-08-08 20:13:00,0,0.2,0.607,0.213,1,153.15,1,1,0,1,D2,D2
E1_00000026,97.47,clothing,debit_card,21,0,0,SBI,2025-04-03 21:49:00,1,105.9,0.288,0.491,5,335.96,0,1,0,1,E1,E1
B2_00000329,4180.19,unknown,net_banking,7,2,0,HDFC,2025-11-27 07:22:00,1,20.6,0.141,0.895,2,19.6,1,1,0,1,B2,B2
D1_00000034,57.47,clothing,debit_card,10,2,0,Paytm Payments Bank,2025-11-17 10:46:00,1,8.5,0.82,0.306,3,740.42,1,1,0,1,D1,D1
E2_00000147,83.02,grocery,UPI,8,0,0,Kotak,2025-02-14 08:42:00,1,122.5,0.345,0.721,3,108.52,0,1,1,1,E2,E2
D2_00000343,93.06,pharmacy,credit_card,15,2,0,PNB,2025-03-11 15:43:00,0,47.1,0.76,0.224,1,15.09,0,1,0,1,D2,D2
B1_00000267,4062.76,unknown,UPI,9,4,0,BOI,2025-12-09 09:06:00,1,28.7,0.042,0.893,1,1843.67,1,1,0,1,B1,B1
E1_00000207,35.44,restaurant,UPI,19,6,1,ICICI,2025-04-28 19:51:00,1,89.9,0.394,0.582,5,157.07,0,1,0,1,E1,E1
E2_00000257,105.24,pharmacy,UPI,8,0,0,PNB,2025-01-21 08:39:00,1,158.0,0.315,0.594,3,81.22,0,1,0,1,E2,E2
A1_00000020,1999.1427912009115,unknown,UPI,15,3,0,SBI,2025-05-02 12:02:00,0,0.1,0.166,0.805,3,93.72,1,1,0,1,A1,A1
A2_00000157,9999.426959023811,online_retail,credit_card,20,4,0,Paytm Payments Bank,2025-11-20 11:55:00,0,0.7,0.108,0.766,0,635.11,1,1,0,1,A2,A2
C1_00000132,147.40139382475718,education,UPI,13,5,1,SBI,2025-11-12 13:01:00,0,46.8,0.884,0.001,1,153.86,1,1,1,1,C1,C1
C1_00000294,147.40139382475718,grocery,UPI,11,4,0,HDFC,2025-08-10 11:05:00,0,15.6,0.913,0.064,2,5.45,0,1,0,1,C1,C1
D2_00000007,75.99,clothing,UPI,19,0,0,Axis,2025-05-19 19:30:00,0,53.5,0.752,0.261,0,5.11,0,1,0,1,D2,D2
A2_00000045,4999.578876043081,crypto,debit_card,15,0,0,Paytm Payments Bank,2025-09-03 12:45:00,1,0.9,0.23,0.672,3,249.51,1,1,1,1,A2,A2
C2_00000304,15449.13348660162,electronics,credit_card,9,2,0,BOI,2025-02-16 09:30:00,0,1.0,0.943,0.085,0,271.02,1,1,1,1,C2,C2
A1_00000100,4999.963656645744,online_retail,UPI,20,2,0,Airtel Payments Bank,2025-03-18 07:50:00,0,0.4,0.187,0.617,3,42.15,1,1,0,1,A1,A1
E2_00000003,34.17,restaurant,UPI,10,5,1,Union Bank,2025-10-18 10:36:00,1,48.8,0.232,0.631,1,627.54,0,1,0,1,E2,E2
C1_00000297,147.40139382475718,clothing,UPI,14,5,1,Union Bank,2025-02-02 14:57:00,0,32.2,0.946,0.035,0,1646.58,0,1,0,1,C1,C1
D1_00000020,569.6,pharmacy,UPI,17,3,0,Axis,2025-02-21 17:14:00,1,46.3,0.832,0.304,1,278.12,1,1,0,1,D1,D1
E1_00000131,530.93,grocery,UPI,16,2,0,PNB,2025-10-30 16:05:00,1,151.3,0.148,0.624,0,474.75,0,1,0,1,E1,E1
E1_00000204,2208.34,fuel,UPI,14,0,0,ICICI,2025-03-27 14:04:00,1,191.3,0.143,0.744,3,32.34,0,1,0,1,E1,E1
A3_00000188,49998.20584091118,unknown,credit_card,20,3,0,SBI,2025-09-21 10:29:00,0,0.5,0.266,0.815,4,53.82,1,1,0,1,A3,A3
C1_00000016,147.40139382475718,utilities,UPI,7,0,0,Axis,2025-01-31 07:46:00,0,14.8,0.93,0.101,1,50.84,0,1,0,1,C1,C1
A2_00000173,998.9806237546013,unknown,UPI,21,5,1,PNB,2025-07-14 17:19:00,0,0.6,0.279,0.905,1,211.09,1,1,0,1,A2,A2
E2_00000128,6490.7,travel,wallet,8,6,1,Axis,2025-06-17 08:58:00,1,158.3,0.396,0.602,1,31.96,0,1,0,1,E2,E2
B2_00000138,3821.38,unknown,debit_card,11,3,0,PNB,2025-06-15 11:18:00,1,48.5,0.108,0.974,2,304.79,1,1,0,1,B2,B2
A1_00000284,500.753865786658,unknown,UPI,9,1,0,Axis,2025-03-18 11:53:00,0,0.4,0.269,0.932,1,630.64,1,1,1,1,A1,A1
E2_00000154,1928.86,entertainment,credit_card,8,4,0,HDFC,2025-11-08 08:49:00,1,75.6,0.283,0.736,6,98.01,0,1,0,1,E2,E2
A3_00000270,999.7921318330807,unknown,UPI,9,1,0,Kotak,2025-06-17 19:46:00,0,0.1,0.182,0.63,5,176.82,1,1,1,1,A3,A3
B1_00000036,544.87,unknown,debit_card,13,6,1,Union Bank,2025-06-06 13:50:00,1,62.6,0.022,0.932,1,72.2,1,1,0,1,B1,B1
B1_00000069,3887.19,crypto,debit_card,9,1,0,Axis,2025-04-07 09:00:00,1,50.7,0.089,0.727,2,37.03,1,1,0,1,B1,B1
C1_00000017,147.40139382475718,electronics,UPI,5,1,0,PNB,2025-03-28 05:48:00,0,47.0,0.981,0.043,0,31.71,1,1,0,1,C1,C1
B1_00000256,2367.92,unknown,credit_card,6,4,0,HDFC,2025-05-09 06:17:00,1,6.0,0.051,0.887,1,547.25,1,1,0,1,B1,B1
D2_00000262,1911.96,education,UPI,13,0,0,Union Bank,2025-02-06 13:53:00,0,18.6,0.733,0.281,5,3965.87,1,1,0,1,D2,D2
E2_00000050,260.3,travel,UPI,11,4,0,Kotak,2025-10-23 11:57:00,1,49.9,0.266,0.456,7,276.66,0,1,0,1,E2,E2
A2_00000139,49999.60795525127,unknown,UPI,11,0,0,BOI,2025-04-08 03:16:00,0,0.6,0.109,0.652,0,118.83,1,1,1,1,A2,A2
B1_00000126,2659.16,crypto,net_banking,20,3,0,Kotak,2025-01-31 20:00:00,1,26.4,0.049,0.759,2,13.32,1,1,0,1,B1,B1
C1_00000110,147.40139382475718,restaurant,UPI,22,6,1,HDFC,2025-04-22 22:20:00,0,45.2,0.906,0.062,1,315.62,1,1,0,1,C1,C1
A3_00000047,99999.04803416437,unknown,credit_card,21,0,0,Union Bank,2025-10-16 14:38:00,0,0.9,0.217,0.841,7,1075.64,1,1,1,1,A3,A3
B2_00000049,3951.78,unknown,UPI,11,6,1,ICICI,2025-10-15 11:50:00,1,2.5,0.015,0.936,2,487.58,1,1,0,1,B2,B2
D2_00000186,4.22,online_retail,credit_card,21,2,0,SBI,2025-08-07 21:22:00,0,13.9,0.734,0.249,1,121.15,0,1,0,1,D2,D2
E1_00000056,10.0,pharmacy,debit_card,12,6,1,Kotak,2025-04-01 12:34:00,1,93.4,0.152,0.51,0,427.04,0,1,0,1,E1,E1
C1_00000320,147.40139382475718,clothing,UPI,8,0,0,PNB,2025-02-04 08:03:00,0,49.4,0.942,0.06,0,81.52,1,1,0,1,C1,C1
B3_00000229,29591.57,unknown,credit_card,9,2,0,Axis,2025-03-24 09:19:00,1,25.3,0.106,0.842,15,42.44,1,1,0,1,B3,B3
E2_00000017,37.99,electronics,credit_card,12,2,0,Axis,2025-09-15 12:14:00,1,86.7,0.375,0.698,1,461.9,0,1,0,1,E2,E2
E1_00000179,476.93,travel,credit_card,13,3,0,SBI,2025-09-23 13:25:00,1,92.1,0.34,0.661,6,114.19,0,0,0,1,E1,E1
D1_00000104,424.76,restaurant,UPI,16,0,0,Union Bank,2025-05-24 16:24:00,0,10.6,0.786,0.3,1,527.82,0,1,0,1,D1,D1
A1_00000032,499.14453053105973,crypto,UPI,10,2,0,Axis,2025-02-19 17:18:00,0,0.4,0.122,0.845,6,78.62,1,1,1,1,A1,A1
A3_00000001,19998.886826063714,online_retail,UPI,20,2,0,SBI,2025-01-24 15:29:00,1,0.1,0.21,0.675,5,327.14,1,1,1,1,A3,A3
D1_00000144,249.45,grocery,credit_card,10,5,1,HDFC,2025-11-13 10:31:00,0,17.5,0.766,0.288,3,44.04,0,1,0,1,D1,D1
D2_00000153,78.77,education,UPI,21,3,0,Axis,2025-08-30 21:14:00,0,35.4,0.699,0.341,3,337.74,0,1,0,1,D2,D2
B1_00000221,4933.11,unknown,credit_card,7,5,1,Axis,2025-06-06 07:11:00,1,44.4,0.001,0.789,2,23.59,1,1,0,1,B1,B1
B1_00000301,540.74,crypto,UPI,21,4,0,Union Bank,2025-05-20 21:47:00,1,61.9,0.143,0.856,0,188.12,1,1,0,1,B1,B1
A3_00000109,19999.797425154204,online_retail,debit_card,20,2,0,HDFC,2025-02-05 20:51:00,1,0.2,0.181,0.821,1,477.12,1,1,0,1,A3,A3
C2_00000042,15449.13348660162,utilities,UPI,4,0,0,Paytm Payments Bank,2025-02-06 04:17:00,1,1.6,0.887,0.056,1,641.02,1,1,0,1,C2,C2
D1_00000294,808.95,entertainment,UPI,20,2,0,Airtel Payments Bank,2025-01-01 20:31:00,0,44.2,0.826,0.293,6,15.96,0,1,0,1,D1,D1
B2_00000154,3012.54,unknown,wallet,19,2,0,Axis,2025-02-24 19:53:00,1,12.7,0.071,0.895,1,61.85,1,1,0,1,B2,B2
A2_00000282,99999.1170294932,unknown,wallet,10,2,0,Union Bank,2025-07-15 17:54:00,0,0.8,0.118,0.635,5,10.88,1,1,1,1,A2,A2
C2_00000082,15449.13348660162,online_retail,credit_card,12,3,0,HDFC,2025-02-18 12:10:00,0,64.5,0.925,0.003,2,277.49,1,1,0,1,C2,C2
B3_00000095,13313.07,unknown,UPI,6,5,1,Kotak,2025-12-29 06:20:00,1,69.0,0.065,0.853,12,225.26,1,1,0,1,B3,B3
A2_00000319,99999.7787971303,unknown,debit_card,20,3,0,PNB,2025-02-10 11:45:00,0,0.2,0.151,0.718,2,540.58,1,1,0,1,A2,A2
E1_00000005,157.0,restaurant,debit_card,9,1,0,Kotak,2025-02-17 09:27:00,1,77.0,0.385,0.732,6,5.96,0,1,0,1,E1,E1
A1_00000234,1999.1727567095968,crypto,UPI,11,6,1,SBI,2025-05-31 19:30:00,0,0.3,0.213,0.652,5,98.57,1,1,0,1,A1,A1
C1_00000098,147.40139382475718,electronics,UPI,19,3,0,Airtel Payments Bank,2025-06-12 19:42:00,0,47.1,0.885,0.027,2,476.54,1,1,0,1,C1,C1
E2_00000215,905.66,restaurant,debit_card,11,6,1,BOI,2025-08-10 11:20:00,1,171.2,0.15,0.482,0,54.19,0,1,0,1,E2,E2
C1_00000289,147.40139382475718,utilities,debit_card,22,2,0,Union Bank,2025-06-09 22:11:00,0,38.0,0.911,0.011,1,12.62,1,1,0,1,C1,C1
A3_00000146,4999.905602484033,unknown,credit_card,15,6,1,HDFC,2025-06-24 12:24:00,0,0.5,0.181,0.701,3,8.83,1,1,0,1,A3,A3
E2_00000111,56.8,grocery,UPI,7,2,0,PNB,2025-04-22 07:39:00,1,67.0,0.29,0.616,3,283.23,0,1,0,1,E2,E2
A3_00000015,1998.561933080561,crypto,UPI,9,5,1,Airtel Payments Bank,2025-12-29 13:38:00,0,0.6,0.177,0.639,2,444.32,1,1,0,1,A3,A3
E2_00000222,290.12,fuel,UPI,6,1,0,BOI,2025-05-16 06:03:00,1,104.5,0.241,0.709,5,2.68,0,1,0,1,E2,E2
B1_00000019,2357.84,unknown,UPI,8,1,0,HDFC,2025-09-25 08:29:00,1,9.2,0.012,0.859,1,15504.13,1,1,0,1,B1,B1
B2_00000147,2626.0,crypto,debit_card,7,3,0,Axis,2025-01-12 07:46:00,1,7.8,0.069,0.76,0,525.61,1,1,0,1,B2,B2
A2_00000200,49999.84783977424,unknown,UPI,20,5,1,PNB,2025-05-17 18:51:00,0,0.1,0.257,0.889,5,47.63,1,1,1,1,A2,A2
C1_00000062,147.40139382475718,grocery,credit_card,10,3,0,HDFC,2025-05-14 10:23:00,0,46.7,0.879,0.09,0,86.4,0,1,0,1,C1,C1
C1_00000242,147.40139382475718,utilities,UPI,11,1,0,Paytm Payments Bank,2025-10-06 11:10:00,0,48.8,0.89,0.064,1,316.97,1,1,0,1,C1,C1
B2_00000168,1186.85,unknown,UPI,14,2,0,Axis,2025-08-25 14:14:00,1,39.2,0.004,0.793,2,75.75,1,1,0,1,B2,B2
D1_00000087,15.49,restaurant,UPI,16,0,0,Kotak,2025-01-27 16:00:00,0,41.1,0.842,0.231,6,537.44,1,1,0,1,D1,D1
A3_00000087,49998.605824596125,unknown,UPI,14,5,1,HDFC,2025-12-09 07:01:00,0,0.7,0.126,0.7,0,549.05,1,1,1,1,A3,A3
E1_00000004,146.97,fuel,UPI,6,1,0,SBI,2025-08-03 06:47:00,1,128.4,0.138,0.699,1,313.18,0,1,0,1,E1,E1
A2_00000034,998.4034353941415,crypto,UPI,10,6,1,BOI,2025-02-10 20:32:00,0,0.3,0.159,0.93,7,55.57,1,1,0,1,A2,A2
A3_00000147,1999.6801328051874,online_retail,debit_card,21,5,1,Airtel Payments Bank,2025-07-30 14:12:00,1,0.4,0.194,0.686,3,594.24,1,1,0,1,A3,A3
B3_00000018,15213.06,unknown,UPI,5,0,0,BOI,2025-06-02 05:26:00,1,51.7,0.194,0.899,11,20.05,1,1,0,1,B3,B3
D2_00000225,17671.78,grocery,credit_card,19,3,0,HDFC,2025-02-01 19:14:00,1,30.1,0.849,0.322,2,165.9,0,1,0,1,D2,D2
B1_00000293,4432.03,unknown,UPI,4,1,0,Kotak,2025-01-05 04:15:00,1,21.9,0.14,0.844,0,20.84,1,1,0,1,B1,B1
A3_00000203,99999.34025565028,unknown,debit_card,21,2,0,Kotak,2025-11-03 20:23:00,0,0.3,0.146,0.745,3,18.96,1,1,1,1,A3,A3
B3_00000154,10541.08,unknown,UPI,10,1,0,ICICI,2025-06-04 10:47:00,1,21.3,0.044,0.963,14,189.09,1,1,0,1,B3,B3
B1_00000334,3878.99,crypto,UPI,19,2,0,PNB,2025-02-27 19:10:00,1,43.8,0.03,0.866,2,292.26,1,1,0,1,B1,B1
E1_00000112,226.12,healthcare,UPI,8,0,0,BOI,2025-12-18 08:14:00,1,110.3,0.343,0.501,5,50.96,0,1,0,1,E1,E1
E2_00000144,2253.02,utilities,credit_card,21,3,0,ICICI,2025-06-21 21:15:00,1,162.8,0.216,0.786,0,193.02,0,1,0,1,E2,E2
E2_00000288,42.9,pharmacy,credit_card,18,1,0,HDFC,2025-02-17 18:47:00,1,49.0,0.117,0.674,5,2189.5,0,1,0,1,E2,E2
D2_00000079,1378.04,entertainment,UPI,20,5,1,ICICI,2025-12-17 20:15:00,0,23.1,0.787,0.192,5,2286.59,1,1,0,1,D2,D2
B3_00000211,10547.74,unknown,net_banking,13,5,1,Union Bank,2025-08-05 13:41:00,1,55.8,0.005,0.932,19,322.21,1,1,0,1,B3,B3
B3_00000265,29292.6,unknown,UPI,5,4,0,Airtel Payments Bank,2025-08-17 05:05:00,1,16.1,0.071,0.895,9,15.21,1,1,0,1,B3,B3
E1_00000104,38.31,clothing,UPI,9,4,0,SBI,2025-03-03 09:12:00,1,169.8,0.377,0.541,5,798.17,0,0,0,1,E1,E1
A2_00000323,19998.52592196352,online_retail,credit_card,14,3,0,Kotak,2025-11-18 11:59:00,0,0.4,0.229,0.642,1,228.38,1,1,1,1,A2,A2
A3_00000320,998.1334498944146,unknown,debit_card,9,3,0,HDFC,2025-12-21 20:03:00,0,0.4,0.217,0.661,4,572.81,1,1,0,1,A3,A3
D1_00000255,218.85,restaurant,UPI,10,1,0,ICICI,2025-03-17 10:57:00,0,50.5,0.732,0.29,4,6.38,0,1,0,1,D1,D1
E2_00000181,121.86,grocery,UPI,13,4,0,Airtel Payments Bank,2025-05-21 13:26:00,1,108.3,0.318,0.766,1,19.36,0,1,0,1,E2,E2
B1_00000250,3397.91,unknown,net_banking,7,0,0,Union Bank,2025-01-23 07:11:00,1,21.9,0.131,0.956,2,30.2,1,1,0,1,B1,B1
C1_00000157,147.40139382475718,grocery,debit_card,20,6,1,ICICI,2025-04-19 20:10:00,1,20.2,0.962,0.048,1,30.0,1,0,0,1,C1,C1
B1_00000175,3950.19,unknown,debit_card,7,5,1,PNB,2025-05-16 07:25:00,1,8.1,0.009,0.969,0,1268.72,1,1,0,1,B1,B1
B2_00000194,2023.21,unknown,debit_card,13,5,1,Airtel Payments Bank,2025-05-10 13:15:00,1,59.4,0.105,0.849,0,81.57,1,1,0,1,B2,B2
E2_00000074,34.14,grocery,credit_card,21,5,1,PNB,2025-10-04 21:45:00,1,106.5,0.229,0.548,5,232.14,0,0,0,1,E2,E2
E1_00000318,763.05,online_retail,debit_card,15,2,0,Airtel Payments Bank,2025-04-14 15:25:00,1,90.2,0.324,0.728,1,160.02,0,1,0,1,E1,E1
B3_00000347,20802.52,unknown,UPI,15,5,1,SBI,2025-08-28 15:17:00,1,31.9,0.183,0.988,10,27.37,1,1,0,1,B3,B3
E2_00000266,1059.14,fuel,UPI,12,5,1,Kotak,2025-06-20 12:40:00,1,70.6,0.227,0.732,3,217.45,0,1,0,1,E2,E2
A1_00000337,99999.66543569876,crypto,UPI,20,1,0,BOI,2025-03-12 10:21:00,0,0.4,0.152,0.806,0,480.67,1,1,1,1,A1,A1
B3_00000217,38805.4,unknown,UPI,9,5,1,Paytm Payments Bank,2025-05-01 09:46:00,1,52.5,0.019,0.857,8,84.14,1,1,0,1,B3,B3
A2_00000197,1999.4498800217116,crypto,debit_card,16,2,0,BOI,2025-04-10 15:15:00,0,0.0,0.193,0.77,4,664.01,1,1,1,1,A2,A2
C2_00000049,15449.13348660162,pharmacy,debit_card,6,6,1,Airtel Payments Bank,2025-10-30 06:04:00,0,63.6,0.879,0.076,2,111.81,1,1,0,1,C2,C2
D2_00000180,10.8,clothing,debit_card,2,0,0,Union Bank,2025-12-21 02:43:00,0,30.4,0.612,0.298,6,19.74,1,1,0,1,D2,D2
B1_00000112,3216.55,unknown,UPI,20,6,1,SBI,2025-03-25 20:49:00,1,16.8,0.075,0.825,0,200.26,1,1,0,1,B1,B1
E1_00000223,1746.39,utilities,UPI,8,6,1,ICICI,2025-03-30 08:24:00,1,71.8,0.169,0.658,1,174.88,0,1,0,1,E1,E1
E1_00000232,910.25,fuel,credit_card,13,1,0,Axis,2025-05-25 13:30:00,1,136.9,0.356,0.564,4,97.19,0,1,0,1,E1,E1
D1_00000066,41.38,travel,credit_card,5,5,1,Airtel Payments Bank,2025-08-17 05:15:00,0,30.2,0.687,0.156,3,530.96,1,1,0,1,D1,D1
B1_00000166,4469.9,unknown,credit_card,20,5,1,SBI,2025-01-24 20:29:00,1,55.3,0.032,0.74,0,40.08,1,1,0,1,B1,B1
B1_00000236,3066.76,crypto,UPI,9,5,1,Axis,2025-02-25 09:24:00,1,23.1,0.011,0.903,2,179.63,1,1,0,1,B1,B1
E2_00000062,2126.35,electronics,UPI,14,2,0,ICICI,2025-10-19 14:27:00,1,90.4,0.155,0.483,1,176.36,0,1,0,1,E2,E2
C2_00000226,15449.13348660162,education,UPI,19,3,0,ICICI,2025-05-29 19:23:00,0,10.6,0.958,0.044,0,243.25,1,1,0,1,C2,C2
A2_00000284,9998.150005649877,crypto,UPI,10,5,1,Airtel Payments Bank,2025-10-28 11:25:00,0,0.4,0.29,0.911,4,148.65,1,1,1,1,A2,A2
C2_00000070,15449.13348660162,restaurant,UPI,12,2,0,ICICI,2025-02-06 12:11:00,0,4.9,0.91,0.048,2,113.22,0,1,0,1,C2,C2
B1_00000297,1203.29,unknown,debit_card,13,3,0,ICICI,2025-10-08 13:23:00,1,8.2,0.072,0.721,1,2258.74,1,1,0,1,B1,B1
C2_00000047,15449.13348660162,fuel,credit_card,10,3,0,HDFC,2025-06-07 10:51:00,0,14.7,0.922,0.05,0,161.36,1,1,0,1,C2,C2
D2_00000061,831.04,entertainment,debit_card,16,5,1,PNB,2025-03-29 16:26:00,0,8.4,0.795,0.321,2,197.29,1,1,0,1,D2,D2
E2_00000012,172.98,restaurant,UPI,18,4,0,PNB,2025-08-18 18:56:00,1,188.1,0.27,0.492,1,115.84,0,1,0,1,E2,E2
A3_00000194,500.5043031101388,unknown,wallet,16,1,0,Airtel Payments Bank,2025-12-30 23:14:00,0,0.5,0.258,0.946,0,954.54,1,1,0,1,A3,A3
B2_00000310,4155.34,unknown,UPI,17,3,0,Axis,2025-12-19 17:54:00,1,53.6,0.002,0.774,1,44.51,1,1,0,1,B2,B2
E2_00000119,153.31,healthcare,UPI,18,4,0,Airtel Payments Bank,2025-03-02 18:11:00,1,198.8,0.232,0.751,6,812.45,0,1,0,1,E2,E2
D1_00000272,223.28,electronics,credit_card,19,0,0,Kotak,2025-11-02 19:12:00,0,20.9,0.736,0.255,3,229.85,1,1,0,1,D1,D1
A3_00000228,500.26968095404465,unknown,debit_card,9,2,0,SBI,2025-03-10 12:45:00,0,1.0,0.175,0.831,3,134.19,1,1,1,1,A3,A3
C2_00000148,15449.13348660162,pharmacy,debit_card,22,2,0,Union Bank,2025-07-14 22:41:00,0,59.6,0.879,0.027,0,150.2,1,1,0,1,C2,C2
B2_00000158,3567.32,crypto,debit_card,22,3,0,ICICI,2025-10-15 22:53:00,1,50.3,0.044,0.771,1,1091.51,1,1,0,1,B2,B2
D2_00000088,145.92,restaurant,UPI,20,6,1,Airtel Payments Bank,2025-04-17 20:04:00,0,39.9,0.753,0.294,5,690.06,0,1,0,1,D2,D2
D2_00000339,24.36,restaurant,credit_card,5,6,1,Paytm Payments Bank,2025-08-25 05:28:00,0,49.8,0.816,0.154,0,146.32,0,1,0,1,D2,D2
D2_00000181,110.6,electronics,credit_card,18,6,1,HDFC,2025-07-18 18:19:00,0,20.4,0.752,0.341,4,171.28,0,1,0,1,D2,D2
D1_00000290,6774.59,fuel,credit_card,10,1,0,Union Bank,2025-08-30 10:04:00,0,7.1,0.844,0.299,1,15.45,1,1,0,1,D1,D1
C2_00000072,15449.13348660162,fuel,UPI,10,4,0,Airtel Payments Bank,2025-09-06 10:34:00,0,50.4,0.967,0.03,1,35.97,1,1,0,1,C2,C2
D2_00000338,135.17,restaurant,debit_card,15,3,0,BOI,2025-07-17 15:58:00,0,44.7,0.81,0.298,4,1032.1,0,1,0,1,D2,D2
A3_00000054,9999.559303823931,crypto,credit_card,14,5,1,PNB,2025-10-25 11:14:00,0,0.3,0.269,0.869,7,1315.22,1,1,1,1,A3,A3
E1_00000169,526.09,pharmacy,UPI,12,1,0,Axis,2025-03-07 12:59:00,1,180.3,0.126,0.799,7,82.96,0,1,0,1,E1,E1
C1_00000009,147.40139382475718,travel,UPI,10,4,0,HDFC,2025-08-01 10:36:00,0,20.6,0.88,0.054,1,35.76,0,1,0,1,C1,C1
C2_00000078,15449.13348660162,travel,UPI,15,0,0,HDFC,2025-09-19 15:34:00,0,36.8,0.9,0.095,1,919.48,1,1,0,1,C2,C2
B2_00000086,1267.53,unknown,UPI,5,0,0,Union Bank,2025-06-27 05:37:00,1,57.1,0.049,0.888,0,1740.74,1,1,0,1,B2,B2
D1_00000018,7.19,pharmacy,net_banking,9,3,0,Kotak,2025-01-06 09:07:00,0,70.9,0.661,0.286,0,56.27,1,1,0,1,D1,D1
B1_00000111,4075.16,unknown,credit_card,7,4,0,Paytm Payments Bank,2025-12-18 07:43:00,1,54.5,0.107,0.943,0,206.83,1,1,0,1,B1,B1
B3_00000089,25229.92,unknown,credit_card,13,4,0,Airtel Payments Bank,2025-09-21 13:00:00,1,43.6,0.136,0.906,11,360.31,1,1,0,1,B3,B3
A2_00000222,99999.16173830452,online_retail,UPI,15,0,0,Airtel Payments Bank,2025-07-15 17:24:00,1,0.8,0.244,0.873,0,248.71,1,1,1,1,A2,A2
D1_00000215,244.88,grocery,debit_card,6,5,1,Union Bank,2025-09-02 06:58:00,0,54.9,0.812,0.277,2,3666.44,1,1,0,1,D1,D1
B2_00000072,4711.3,crypto,UPI,7,1,0,Axis,2025-03-16 07:03:00,1,28.9,0.092,0.914,2,127.98,1,1,0,1,B2,B2
B2_00000033,4609.79,crypto,debit_card,18,6,1,Axis,2025-08-14 18:02:00,1,34.2,0.123,0.923,0,1396.38,1,1,0,1,B2,B2
A3_00000123,9998.531447002691,online_retail,UPI,11,0,0,Union Bank,2025-04-30 15:26:00,0,0.2,0.212,0.697,3,88.55,1,1,0,1,A3,A3
B1_00000093,1839.19,unknown,credit_card,19,1,0,ICICI,2025-05-30 19:54:00,1,20.3,0.143,0.837,1,45.31,1,1,0,1,B1,B1
A2_00000109,9999.740204507836,online_retail,wallet,15,2,0,BOI,2025-06-09 12:27:00,1,0.4,0.192,0.67,7,201.47,1,1,1,1,A2,A2
B1_00000279,3853.15,unknown,UPI,10,3,0,BOI,2025-12-11 10:34:00,1,2.5,0.073,0.744,0,521.57,1,1,0,1,B1,B1
B1_00000128,677.35,crypto,UPI,12,6,1,Kotak,2025-07-14 12:37:00,1,49.0,0.018,0.74,2,172.88,1,1,0,1,B1,B1
D1_00000262,71.37,grocery,wallet,8,2,0,Axis,2025-07-29 08:59:00,0,47.3,0.841,0.282,7,72.62,1,1,0,1,D1,D1
B3_00000207,16368.93,unknown,UPI,9,2,0,Kotak,2025-05-25 09:14:00,1,25.7,0.109,0.939,17,483.38,1,1,0,1,B3,B3
C1_00000167,147.40139382475718,pharmacy,debit_card,13,3,0,BOI,2025-03-20 13:40:00,0,11.1,0.96,0.102,0,1816.18,1,1,0,1,C1,C1
A2_00000216,999.0836539979965,unknown,wallet,16,3,0,Axis,2025-07-10 11:21:00,0,0.3,0.285,0.74,4,74.28,1,1,0,1,A2,A2
C1_00000154,147.40139382475718,travel,UPI,17,1,0,Union Bank,2025-11-15 17:28:00,0,39.4,0.927,0.084,1,50.19,0,1,0,1,C1,C1
C1_00000217,147.40139382475718,fuel,credit_card,11,4,0,ICICI,2025-04-30 11:21:00,0,41.7,0.936,0.042,2,674.83,1,1,0,1,C1,C1
B3_00000126,21957.39,unknown,net_banking,19,0,0,Airtel Payments Bank,2025-06-02 19:00:00,1,42.6,0.198,0.833,13,68.1,1,1,0,1,B3,B3
C1_00000183,147.40139382475718,utilities,UPI,21,4,0,Kotak,2025-05-24 21:33:00,0,61.4,0.91,0.084,0,206.69,1,1,0,1,C1,C1
B1_00000079,3450.23,unknown,debit_card,18,2,0,ICICI,2025-04-14 18:09:00,1,45.3,0.139,0.704,0,955.2,1,1,0,1,B1,B1
D2_00000168,2589.45,restaurant,wallet,17,3,0,HDFC,2025-04-24 17:49:00,0,5.4,0.637,0.158,1,38.88,0,1,0,1,D2,D2
E2_00000270,635.93,utilities,UPI,17,5,1,SBI,2025-09-13 17:01:00,1,109.8,0.252,0.544,5,66.84,0,1,0,1,E2,E2
B1_00000184,2008.72,unknown,credit_card,6,4,0,BOI,2025-02-21 06:33:00,1,7.4,0.003,0.753,1,137.49,1,1,0,1,B1,B1
D2_00000306,1937.71,fuel,UPI,23,3,0,Axis,2025-02-09 23:59:00,0,23.4,0.798,0.159,1,119.54,0,1,0,1,D2,D2
A2_00000084,99999.03562703384,unknown,UPI,10,0,0,Union Bank,2025-02-24 16:27:00,0,0.2,0.23,0.747,2,288.03,1,1,1,1,A2,A2
B2_00000117,4185.32,unknown,debit_card,2,2,0,Airtel Payments Bank,2025-06-18 02:10:00,1,47.2,0.093,0.715,1,208.11,1,1,0,1,B2,B2
E1_00000150,821.12,clothing,UPI,10,1,0,PNB,2025-09-17 10:23:00,1,106.2,0.348,0.564,0,1281.84,0,1,0,1,E1,E1
B2_00000211,4638.84,unknown,debit_card,8,2,0,SBI,2025-02-25 08:41:00,1,58.5,0.137,0.798,0,27.28,1,1,0,1,B2,B2
D1_00000181,1069.1,grocery,net_banking,1,2,0,Kotak,2025-09-21 01:08:00,0,33.2,0.779,0.258,1,107.73,0,1,0,1,D1,D1
B3_00000007,26436.02,unknown,debit_card,8,6,1,BOI,2025-04-21 08:44:00,1,49.0,0.135,0.974,8,360.8,1,1,0,1,B3,B3
B1_00000327,2037.53,unknown,debit_card,18,2,0,ICICI,2025-10-05 18:31:00,1,21.3,0.017,0.769,1,984.52,1,1,0,1,B1,B1
C1_00000327,147.40139382475718,healthcare,UPI,12,0,0,BOI,2025-05-05 12:12:00,0,12.5,0.884,0.055,1,104.18,1,1,0,1,C1,C1
C2_00000138,15449.13348660162,clothing,debit_card,10,2,0,SBI,2025-11-28 10:31:00,0,41.5,0.888,0.087,0,154.39,1,1,0,1,C2,C2
D2_00000192,1804.82,grocery,debit_card,13,6,1,PNB,2025-04-06 13:31:00,0,54.0,0.638,0.247,5,42.17,1,1,0,1,D2,D2
B1_00000160,3797.47,crypto,UPI,10,3,0,Kotak,2025-11-19 10:21:00,1,29.1,0.138,0.969,1,1485.67,1,1,0,1,B1,B1
C1_00000284,147.40139382475718,grocery,UPI,13,2,0,Axis,2025-08-22 13:35:00,0,37.5,0.99,0.088,2,11.37,1,1,0,1,C1,C1
C1_00000334,147.40139382475718,electronics,UPI,14,1,0,Union Bank,2025-07-26 14:43:00,0,3.0,0.991,0.101,2,241.67,1,1,0,1,C1,C1
A1_00000096,500.7037518244685,unknown,credit_card,11,5,1,SBI,2025-07-19 09:23:00,0,0.6,0.136,0.841,7,12.14,1,1,0,1,A1,A1
B1_00000000,3516.67,unknown,UPI,22,0,0,Kotak,2025-11-10 22:36:00,1,36.9,0.012,0.912,1,40.93,1,1,0,1,B1,B1
A1_00000198,4999.497511450008,crypto,credit_card,14,2,0,Airtel Payments Bank,2025-08-05 15:27:00,0,0.1,0.238,0.847,0,32.33,1,1,1,1,A1,A1
C2_00000260,15449.13348660162,entertainment,debit_card,19,6,1,SBI,2025-03-11 19:08:00,0,71.5,0.89,0.092,0,112.01,1,1,0,1,C2,C2
B2_00000237,591.0,unknown,credit_card,9,1,0,ICICI,2025-03-15 09:16:00,1,47.7,0.15,0.907,2,24.06,1,1,0,1,B2,B2
A2_00000150,1999.393951382405,online_retail,UPI,11,1,0,Axis,2025-12-21 12:38:00,0,0.4,0.103,0.767,5,575.17,1,1,1,1,A2,A2
A1_00000239,500.96666941310684,crypto,debit_card,21,5,1,ICICI,2025-05-30 09:19:00,0,0.5,0.25,0.68,7,162.09,1,1,1,1,A1,A1
A1_00000152,99999.34959729994,crypto,UPI,11,6,1,Paytm Payments Bank,2025-12-19 17:46:00,0,0.7,0.136,0.718,1,1404.95,1,0,1,1,A1,A1
D1_00000158,87.84,travel,credit_card,15,1,0,HDFC,2025-01-12 15:54:00,0,67.3,0.636,0.173,4,8.23,0,1,0,1,D1,D1
D1_00000128,2.14,restaurant,UPI,20,0,0,PNB,2025-06-05 20:17:00,0,70.8,0.808,0.269,6,105.3,1,1,0,1,D1,D1
D1_00000323,509.66,restaurant,UPI,0,1,0,BOI,2025-02-28 00:22:00,0,14.7,0.706,0.34,0,48.35,0,1,0,1,D1,D1
C1_00000210,147.40139382475718,fuel,net_banking,18,4,0,ICICI,2025-06-04 18:18:00,0,29.3,0.983,0.079,1,14.09,0,1,0,1,C1,C1
A3_00000256,49999.166059520714,online_retail,UPI,14,1,0,Union Bank,2025-07-16 11:51:00,0,0.5,0.17,0.685,5,133.72,1,1,0,1,A3,A3
D2_00000017,1546.83,utilities,credit_card,17,0,0,Axis,2025-08-08 17:20:00,0,35.5,0.69,0.154,7,10.33,0,1,0,1,D2,D2
A3_00000012,4999.6855467237665,online_retail,credit_card,16,0,0,Kotak,2025-02-08 12:37:00,0,0.2,0.117,0.873,6,388.13,1,1,1,1,A3,A3
C1_00000042,147.40139382475718,grocery,UPI,20,3,0,Union Bank,2025-09-10 20:24:00,0,49.8,0.855,0.108,1,94.61,1,1,0,1,C1,C1
E1_00000327,961.65,grocery,net_banking,19,1,0,Paytm Payments Bank,2025-02-09 19:13:00,1,110.3,0.27,0.772,2,192.58,0,1,0,1,E1,E1
B1_00000154,4042.11,unknown,net_banking,21,5,1,SBI,2025-05-06 21:31:00,1,40.7,0.13,0.71,1,1570.82,1,1,0,1,B1,B1
D2_00000130,1418.72,online_retail,debit_card,3,2,0,HDFC,2025-03-21 03:29:00,0,50.5,0.708,0.151,2,20.3,0,1,0,1,D2,D2
E2_00000251,5832.11,pharmacy,debit_card,11,5,1,Axis,2025-12-11 11:16:00,1,164.3,0.118,0.458,1,192.98,0,1,0,1,E2,E2
A3_00000163,99999.81801897546,crypto,UPI,10,3,0,Kotak,2025-02-06 07:02:00,0,0.0,0.223,0.919,4,954.59,1,1,1,1,A3,A3
B2_00000150,1426.73,crypto,debit_card,22,5,1,Union Bank,2025-01-03 22:30:00,1,25.8,0.119,0.739,0,317.23,1,1,0,1,B2,B2
B1_00000070,3913.29,crypto,debit_card,10,0,0,HDFC,2025-03-14 10:37:00,1,50.9,0.06,0.747,2,584.88,1,1,0,1,B1,B1
C1_00000307,147.40139382475718,travel,UPI,10,4,0,Axis,2025-03-31 10:51:00,0,11.3,0.962,0.012,0,431.72,0,1,0,1,C1,C1
C1_00000323,147.40139382475718,utilities,UPI,5,3,0,Union Bank,2025-03-01 05:04:00,0,6.5,0.888,0.05,2,309.68,0,1,0,1,C1,C1
E2_00000004,436.07,pharmacy,debit_card,1,1,0,ICICI,2025-08-18 01:18:00,1,80.1,0.397,0.617,2,379.3,0,1,0,1,E2,E2
E2_00000232,134.91,travel,credit_card,16,6,1,Axis,2025-10-01 16:08:00,1,102.0,0.315,0.725,6,9.17,0,1,0,1,E2,E2
C2_00000190,15449.13348660162,education,UPI,12,1,0,Paytm Payments Bank,2025-12-13 12:37:00,0,50.6,0.892,0.094,2,118.8,1,1,0,1,C2,C2
B2_00000330,1573.77,unknown,credit_card,10,5,1,ICICI,2025-11-11 10:21:00,1,42.6,0.079,0.836,2,87.75,1,1,0,1,B2,B2
E2_00000092,645.95,restaurant,UPI,12,4,0,Kotak,2025-08-14 12:01:00,1,55.5,0.352,0.645,4,32.46,0,0,0,1,E2,E2
D2_00000269,111.22,utilities,UPI,17,3,0,PNB,2025-03-07 17:27:00,0,8.9,0.715,0.257,2,16.95,0,1,0,1,D2,D2
E1_00000346,4204.96,grocery,UPI,4,6,1,Kotak,2025-11-07 04:55:00,1,144.7,0.296,0.777,1,120.42,0,1,0,1,E1,E1
E2_00000261,90.05,grocery,UPI,20,1,0,SBI,2025-12-18 20:30:00,1,85.4,0.306,0.756,0,220.04,0,1,0,1,E2,E2
D1_00000165,401.69,travel,UPI,16,3,0,ICICI,2025-12-26 16:45:00,0,3.9,0.631,0.312,4,1224.8,0,1,0,1,D1,D1
D2_00000119,825.75,grocery,UPI,18,4,0,BOI,2025-03-07 18:17:00,0,19.2,0.646,0.259,3,1378.05,1,1,0,1,D2,D2
C2_00000065,15449.13348660162,clothing,UPI,18,2,0,Airtel Payments Bank,2025-11-05 18:30:00,0,21.3,0.937,0.009,1,912.46,1,1,0,1,C2,C2
E2_00000035,75.86,pharmacy,credit_card,9,4,0,SBI,2025-01-07 09:51:00,1,80.3,0.213,0.727,3,537.04,1,1,0,1,E2,E2
D1_00000195,5920.33,online_retail,UPI,3,4,0,BOI,2025-07-20 03:43:00,0,53.2,0.794,0.254,5,42.29,1,1,0,1,D1,D1
D2_00000009,685.56,utilities,net_banking,3,3,0,BOI,2025-07-03 03:43:00,0,36.8,0.832,0.178,3,210.31,0,1,0,1,D2,D2
B2_00000246,3087.55,unknown,debit_card,19,2,0,Kotak,2025-08-13 19:27:00,1,14.0,0.113,0.91,2,1388.8,1,1,0,1,B2,B2
D1_00000129,1714.53,fuel,debit_card,6,5,1,PNB,2025-03-15 06:16:00,1,58.6,0.817,0.166,4,154.26,0,1,0,1,D1,D1
D1_00000190,130.91,healthcare,debit_card,3,6,1,Paytm Payments Bank,2025-02-01 03:28:00,0,61.9,0.738,0.181,4,39.68,0,1,0,1,D1,D1
D2_00000212,165.67,fuel,UPI,22,2,0,Union Bank,2025-03-22 22:38:00,0,64.9,0.727,0.246,2,206.35,1,1,0,1,D2,D2
E1_00000250,47.36,fuel,UPI,17,3,0,BOI,2025-06-05 17:23:00,1,179.8,0.258,0.727,4,51.24,0,1,1,1,E1,E1
A2_00000304,99998.54892640217,crypto,debit_card,14,5,1,Kotak,2025-02-15 19:04:00,0,0.3,0.109,0.851,7,879.32,1,1,1,1,A2,A2
A2_00000326,1999.763133959641,unknown,credit_card,10,3,0,Kotak,2025-04-27 21:47:00,0,0.9,0.119,0.627,5,13.87,1,1,1,1,A2,A2
A3_00000058,19998.527628782693,crypto,credit_card,21,2,0,Kotak,2025-12-04 21:05:00,1,0.5,0.123,0.908,7,868.67,1,1,1,1,A3,A3
E2_00000018,932.76,electronics,debit_card,14,2,0,HDFC,2025-01-22 14:18:00,1,143.5,0.208,0.734,4,14.87,0,1,0,1,E2,E2
A1_00000123,999.36810089615,online_retail,UPI,15,0,0,BOI,2025-12-15 13:42:00,1,0.9,0.187,0.667,2,185.26,1,1,1,1,A1,A1
B1_00000117,3259.13,unknown,debit_card,9,3,0,HDFC,2025-11-20 09:02:00,1,28.0,0.125,0.778,1,435.09,1,1,0,1,B1,B1
D1_00000084,90.68,grocery,UPI,6,3,0,Union Bank,2025-07-28 06:13:00,1,32.4,0.65,0.17,0,23.06,0,1,0,1,D1,D1
B2_00000015,1993.78,crypto,UPI,3,4,0,PNB,2025-05-27 03:32:00,1,25.8,0.052,0.98,2,82.47,1,1,0,1,B2,B2
D2_00000241,136.87,pharmacy,credit_card,11,1,0,ICICI,2025-08-10 11:46:00,0,52.7,0.649,0.163,3,51.11,0,1,0,1,D2,D2
C2_00000025,15449.13348660162,grocery,debit_card,22,5,1,Kotak,2025-09-17 22:43:00,0,23.1,0.997,0.029,0,47.84,1,1,0,1,C2,C2
D2_00000110,271.33,grocery,UPI,14,3,0,SBI,2025-12-08 14:10:00,0,53.0,0.692,0.252,5,70.25,0,1,0,1,D2,D2
E1_00000200,987.29,grocery,net_banking,20,3,0,BOI,2025-07-10 20:41:00,1,49.6,0.373,0.729,4,425.89,0,1,0,1,E1,E1
A1_00000019,99999.96388538626,unknown,debit_card,10,3,0,ICICI,2025-09-04 15:00:00,1,0.5,0.267,0.729,1,320.93,1,0,1,1,A1,A1
B3_00000066,52847.93,unknown,UPI,9,6,1,Union Bank,2025-06-09 09:38:00,1,33.8,0.192,0.865,7,198.17,1,1,0,1,B3,B3
B3_00000156,17221.84,unknown,UPI,10,3,0,ICICI,2025-01-19 10:16:00,1,71.4,0.156,0.883,16,182.67,1,1,0,1,B3,B3
C1_00000283,147.40139382475718,pharmacy,credit_card,14,2,0,SBI,2025-06-28 14:05:00,0,46.3,0.859,0.047,2,132.58,1,1,0,1,C1,C1
A3_00000140,999.7624607382053,unknown,UPI,10,4,0,Axis,2025-03-30 05:24:00,0,0.9,0.104,0.66,0,1918.09,1,1,1,1,A3,A3
D2_00000201,197.38,entertainment,wallet,2,0,0,Kotak,2025-12-29 02:36:00,0,23.6,0.701,0.301,3,34.35,0,1,0,1,D2,D2
B1_00000268,2455.99,unknown,debit_card,10,1,0,BOI,2025-08-26 10:05:00,1,12.5,0.055,0.929,2,54.72,1,1,0,1,B1,B1
B3_00000297,36534.92,unknown,net_banking,12,1,0,SBI,2025-12-20 12:23:00,1,18.8,0.016,0.941,16,199.3,1,1,1,1,B3,B3
D2_00000244,617.71,restaurant,UPI,22,5,1,SBI,2025-08-09 22:54:00,1,40.2,0.745,0.216,4,363.71,1,1,0,1,D2,D2
A2_00000116,99999.66678998315,crypto,UPI,15,6,1,Union Bank,2025-12-29 06:41:00,0,0.9,0.139,0.671,2,6.08,1,1,1,1,A2,A2
B2_00000325,3113.89,unknown,UPI,1,6,1,PNB,2025-04-04 01:27:00,1,63.1,0.069,0.863,1,741.35,1,1,0,1,B2,B2
A1_00000044,500.53183423547773,unknown,debit_card,10,6,1,Axis,2025-11-22 11:24:00,0,0.0,0.148,0.801,4,12.48,1,1,1,1,A1,A1
A2_00000329,19999.647142548198,unknown,credit_card,21,1,0,Union Bank,2025-10-24 11:39:00,0,0.0,0.113,0.713,1,76.27,1,1,1,1,A2,A2
A3_00000333,49998.83007409701,online_retail,net_banking,10,6,1,SBI,2025-06-30 14:23:00,0,0.0,0.1,0.703,5,264.85,1,1,0,1,A3,A3
A1_00000153,9998.725643901726,unknown,UPI,16,3,0,Airtel Payments Bank,2025-12-18 05:17:00,0,0.3,0.151,0.687,0,2.33,1,1,0,1,A1,A1
B1_00000347,3309.15,unknown,UPI,18,4,0,Union Bank,2025-09-02 18:22:00,1,21.3,0.041,0.892,1,88.44,1,1,0,1,B1,B1
E2_00000149,1910.65,electronics,UPI,13,1,0,BOI,2025-02-10 13:51:00,1,84.5,0.109,0.798,2,68.83,1,1,0,1,E2,E2
E2_00000289,27.8,grocery,UPI,21,2,0,Union Bank,2025-09-04 21:42:00,1,101.4,0.175,0.467,6,331.63,0,1,0,1,E2,E2
E1_00000020,4724.87,fuel,UPI,4,4,0,PNB,2025-03-14 04:04:00,1,196.2,0.229,0.748,6,1076.76,1,1,0,1,E1,E1
A2_00000026,998.9946898246986,crypto,UPI,20,2,0,HDFC,2025-05-14 23:18:00,0,1.0,0.226,0.636,7,214.46,1,1,1,1,A2,A2
E2_00000281,2155.48,entertainment,credit_card,1,4,0,SBI,2025-07-07 01:12:00,1,117.0,0.261,0.687,2,441.41,0,1,0,1,E2,E2
D2_00000178,1603.65,fuel,debit_card,16,5,1,BOI,2025-02-09 16:20:00,0,27.9,0.629,0.211,7,3080.67,1,1,0,1,D2,D2
E2_00000220,255.23,healthcare,credit_card,9,6,1,Kotak,2025-10-12 09:48:00,1,191.6,0.12,0.626,7,18.87,0,1,0,1,E2,E2
A2_00000021,99998.4355952992,crypto,debit_card,10,5,1,PNB,2025-08-15 03:25:00,0,0.3,0.284,0.655,0,1388.53,1,1,0,1,A2,A2
A2_00000277,1999.9183193433203,online_retail,credit_card,11,0,0,PNB,2025-01-15 09:30:00,0,0.5,0.274,0.625,0,10.6,1,1,1,1,A2,A2
A3_00000227,99999.48817380307,unknown,UPI,11,4,0,Axis,2025-05-30 12:50:00,0,0.2,0.117,0.79,2,42.68,1,1,0,1,A3,A3
A3_00000070,19999.48434826725,unknown,UPI,14,5,1,Kotak,2025-04-20 12:51:00,0,0.5,0.236,0.922,2,876.99,1,1,0,1,A3,A3
A1_00000170,1998.1474328652491,online_retail,UPI,21,1,0,Union Bank,2025-08-16 20:01:00,0,0.1,0.104,0.923,5,90.04,1,1,0,1,A1,A1
E1_00000263,132.97,restaurant,UPI,14,1,0,Paytm Payments Bank,2025-11-01 14:40:00,1,146.2,0.157,0.597,7,1727.64,0,1,0,1,E1,E1
B2_00000193,1214.17,unknown,debit_card,14,2,0,Airtel Payments Bank,2025-06-14 14:18:00,1,47.4,0.136,0.967,1,805.83,1,1,0,1,B2,B2
D2_00000220,37.03,pharmacy,net_banking,20,1,0,Kotak,2025-05-15 20:11:00,0,31.7,0.809,0.217,1,6.4,0,1,0,1,D2,D2
A2_00000338,9998.420011390961,unknown,UPI,21,4,0,HDFC,2025-11-04 05:31:00,0,0.4,0.223,0.774,6,29.79,1,1,1,1,A2,A2
E2_00000084,167.6,electronics,credit_card,15,2,0,SBI,2025-05-27 15:59:00,1,78.9,0.117,0.728,3,7.09,0,1,0,1,E2,E2
B2_00000308,2706.67,crypto,debit_card,10,5,1,Axis,2025-09-26 10:50:00,1,39.6,0.021,0.966,2,5.14,1,1,0,1,B2,B2
C1_00000013,147.40139382475718,education,UPI,19,4,0,BOI,2025-09-01 19:08:00,0,4.8,0.991,0.075,1,5713.26,1,1,0,1,C1,C1
B2_00000224,1661.8,unknown,UPI,9,2,0,Paytm Payments Bank,2025-02-08 09:02:00,1,2.7,0.065,0.868,1,411.58,1,1,0,1,B2,B2
D2_00000044,3.43,restaurant,credit_card,11,2,0,ICICI,2025-10-22 11:41:00,0,71.9,0.707,0.162,2,163.72,1,1,0,1,D2,D2
C1_00000059,147.40139382475718,online_retail,credit_card,15,4,0,PNB,2025-01-28 15:55:00,0,60.8,0.995,0.098,0,75.37,1,1,0,1,C1,C1
D2_00000228,513.27,restaurant,debit_card,20,4,0,Axis,2025-11-04 20:56:00,0,31.7,0.693,0.338,0,74.54,1,1,0,1,D2,D2
B3_00000227,20068.34,unknown,credit_card,7,6,1,Axis,2025-05-12 07:18:00,1,39.6,0.022,0.949,17,808.44,1,1,0,1,B3,B3
C1_00000126,147.40139382475718,fuel,UPI,20,0,0,SBI,2025-07-30 20:16:00,0,56.7,0.882,0.111,2,309.96,1,1,0,1,C1,C1
D2_00000041,46.21,healthcare,UPI,10,2,0,Kotak,2025-06-16 10:15:00,0,22.5,0.606,0.343,4,18.29,0,1,0,1,D2,D2
A2_00000229,99999.9569509281,unknown,debit_card,9,0,0,HDFC,2025-07-27 10:21:00,0,0.5,0.288,0.733,6,154.18,1,1,0,1,A2,A2
C2_00000051,15449.13348660162,entertainment,UPI,11,5,1,SBI,2025-11-08 11:58:00,0,22.1,0.949,0.006,1,60.21,1,1,0,1,C2,C2
D2_00000121,168.08,grocery,UPI,14,6,1,ICICI,2025-03-02 14:31:00,0,31.6,0.795,0.313,2,81.62,0,1,0,1,D2,D2
E2_00000294,3376.62,utilities,UPI,3,4,0,BOI,2025-12-20 03:50:00,1,161.3,0.208,0.612,5,1025.89,0,1,0,1,E2,E2
E2_00000091,121.57,restaurant,debit_card,19,6,1,Union Bank,2025-03-26 19:13:00,1,158.1,0.311,0.731,4,333.59,0,1,0,1,E2,E2
B3_00000182,28784.02,unknown,credit_card,8,2,0,Paytm Payments Bank,2025-06-20 08:43:00,1,18.7,0.119,0.984,8,23.36,1,1,0,1,B3,B3
E1_00000118,10.0,clothing,debit_card,8,0,0,Axis,2025-06-10 08:11:00,1,131.1,0.381,0.508,3,681.04,0,1,0,1,E1,E1
B3_00000043,25769.72,unknown,credit_card,11,2,0,ICICI,2025-02-27 11:43:00,1,36.5,0.181,0.87,17,33.95,1,1,0,1,B3,B3
C2_00000232,15449.13348660162,grocery,UPI,1,5,1,SBI,2025-11-19 01:31:00,0,35.5,0.902,0.01,0,196.42,0,1,0,1,C2,C2
B3_00000002,19071.65,unknown,UPI,18,6,1,ICICI,2025-07-08 18:18:00,1,54.8,0.112,0.872,18,26.46,1,1,0,1,B3,B3
B1_00000120,4931.87,crypto,debit_card,15,2,0,HDFC,2025-07-26 15:38:00,1,47.8,0.102,0.962,1,244.94,1,1,0,1,B1,B1
B3_00000147,71082.65,unknown,UPI,10,0,0,Paytm Payments Bank,2025-01-18 10:01:00,1,71.2,0.006,0.941,14,1829.99,1,1,0,1,B3,B3
B3_00000181,37094.15,unknown,UPI,20,1,0,Axis,2025-05-17 20:19:00,1,16.0,0.053,0.9,7,30.13,1,1,0,1,B3,B3
E2_00000064,1686.41,grocery,UPI,7,6,1,Kotak,2025-06-08 07:21:00,1,61.1,0.217,0.599,4,1274.87,0,1,0,1,E2,E2
D1_00000148,1082.84,travel,debit_card,14,0,0,Paytm Payments Bank,2025-09-26 14:51:00,0,43.8,0.716,0.151,0,59.19,1,1,0,1,D1,D1
E1_00000249,18.77,grocery,debit_card,16,4,0,BOI,2025-06-10 16:00:00,1,151.8,0.292,0.574,4,32.82,0,1,0,1,E1,E1
D1_00000111,322.42,restaurant,debit_card,9,3,0,Union Bank,2025-07-14 09:06:00,0,6.1,0.729,0.171,4,687.09,0,1,0,1,D1,D1
A2_00000163,4999.381875014191,crypto,wallet,10,5,1,PNB,2025-09-06 15:38:00,1,0.5,0.128,0.855,1,29.58,1,1,0,1,A2,A2
D1_00000203,124.15,restaurant,UPI,11,1,0,ICICI,2025-09-23 11:30:00,0,4.1,0.652,0.249,5,311.8,1,1,0,1,D1,D1
C1_00000169,147.40139382475718,electronics,UPI,7,3,0,PNB,2025-08-15 07:45:00,0,66.8,0.933,0.025,2,88.87,0,1,0,1,C1,C1
E1_00000304,12.24,restaurant,UPI,1,6,1,ICICI,2025-01-23 01:45:00,1,67.4,0.329,0.773,4,201.65,0,1,0,1,E1,E1
E1_00000329,746.41,entertainment,UPI,23,6,1,Paytm Payments Bank,2025-07-31 23:04:00,1,143.4,0.383,0.647,3,118.05,0,1,0,1,E1,E1
D1_00000201,40.2,grocery,UPI,10,2,0,SBI,2025-09-21 10:02:00,0,58.9,0.723,0.335,0,33.22,0,1,0,1,D1,D1
C2_00000252,15449.13348660162,restaurant,UPI,20,5,1,Kotak,2025-12-20 20:23:00,0,20.0,0.955,0.108,0,35.33,1,1,0,1,C2,C2
D2_00000294,62.51,restaurant,wallet,17,6,1,PNB,2025-06-09 17:03:00,0,10.6,0.801,0.169,6,54.03,1,1,0,1,D2,D2
E2_00000227,217.7,fuel,credit_card,20,1,0,HDFC,2025-10-11 20:59:00,1,150.7,0.334,0.471,7,205.59,0,1,0,1,E2,E2
B1_00000061,914.39,crypto,UPI,5,4,0,SBI,2025-02-22 05:29:00,1,15.1,0.028,0.801,1,699.69,1,1,0,1,B1,B1
A3_00000143,1998.4149446709323,unknown,debit_card,20,1,0,SBI,2025-08-26 16:01:00,0,0.8,0.137,0.601,2,118.95,1,1,1,1,A3,A3
D2_00000215,8.81,fuel,credit_card,23,4,0,PNB,2025-11-20 23:08:00,0,41.9,0.754,0.281,3,170.51,1,1,0,1,D2,D2
B2_00000143,4378.06,crypto,net_banking,17,6,1,HDFC,2025-02-23 17:18:00,1,59.4,0.092,0.787,2,30.91,1,1,0,1,B2,B2
E1_00000253,81.94,restaurant,UPI,14,4,0,Paytm Payments Bank,2025-08-31 14:10:00,1,85.6,0.158,0.626,7,3.44,1,1,0,1,E1,E1
A2_00000057,4998.877420571106,unknown,debit_card,16,6,1,BOI,2025-12-19 15:52:00,0,0.3,0.257,0.801,3,12.26,1,1,1,1,A2,A2
B3_00000218,20856.32,unknown,debit_card,4,6,1,ICICI,2025-06-09 04:39:00,1,71.2,0.073,0.947,8,172.99,1,1,0,1,B3,B3
D2_00000210,120.24,electronics,UPI,17,1,0,Axis,2025-07-05 17:30:00,0,71.4,0.825,0.295,1,74.44,1,1,0,1,D2,D2
B3_00000205,25837.14,unknown,credit_card,19,6,1,Axis,2025-11-20 19:50:00,1,68.6,0.057,0.828,14,376.57,1,1,1,1,B3,B3
B1_00000339,4570.1,crypto,debit_card,3,3,0,Axis,2025-06-26 03:44:00,1,26.5,0.13,0.714,0,123.83,1,1,0,1,B1,B1
E1_00000085,300.1,restaurant,UPI,19,3,0,Paytm Payments Bank,2025-05-27 19:15:00,1,150.6,0.338,0.464,3,511.86,0,1,0,1,E1,E1
A3_00000280,99999.65770098304,unknown,debit_card,11,1,0,Paytm Payments Bank,2025-08-13 11:26:00,0,0.5,0.162,0.724,4,732.3,1,1,1,1,A3,A3
D1_00000168,724.31,grocery,net_banking,10,3,0,BOI,2025-04-19 10:27:00,1,22.5,0.723,0.337,3,86.19,1,1,0,1,D1,D1
B1_00000020,4081.95,unknown,debit_card,13,0,0,PNB,2025-03-02 13:29:00,1,29.3,0.111,0.773,1,88.5,1,1,0,1,B1,B1
C1_00000193,147.40139382475718,restaurant,credit_card,11,3,0,SBI,2025-04-14 11:44:00,0,56.1,0.975,0.111,2,699.48,1,0,0,1,C1,C1
B2_00000038,2787.74,unknown,debit_card,7,5,1,HDFC,2025-04-14 07:18:00,1,42.6,0.011,0.887,0,25.71,1,1,0,1,B2,B2
A2_00000283,4999.183630261387,online_retail,debit_card,11,4,0,ICICI,2025-11-01 17:37:00,0,0.1,0.193,0.939,4,1422.99,1,1,1,1,A2,A2
B3_00000146,14942.84,unknown,debit_card,16,4,0,SBI,2025-02-05 16:05:00,1,7.5,0.039,0.961,13,183.95,1,1,0,1,B3,B3
B2_00000025,4077.88,unknown,UPI,9,3,0,PNB,2025-03-23 09:54:00,1,20.6,0.085,0.9,1,678.11,1,1,0,1,B2,B2
E2_00000214,424.24,entertainment,debit_card,19,0,0,Kotak,2025-02-12 19:34:00,1,54.5,0.351,0.777,3,68.24,1,1,0,1,E2,E2
D1_00000135,910.92,fuel,debit_card,19,5,1,Axis,2025-10-17 19:13:00,1,8.8,0.682,0.324,7,3.89,0,1,0,1,D1,D1
E1_00000183,107.85,entertainment,UPI,16,0,0,Airtel Payments Bank,2025-09-13 16:28:00,1,141.0,0.145,0.602,2,831.12,0,1,0,1,E1,E1
A3_00000139,9999.631622816476,unknown,wallet,11,1,0,SBI,2025-08-11 07:24:00,0,0.1,0.217,0.852,5,46.09,1,1,0,1,A3,A3
E1_00000192,49.96,restaurant,UPI,18,2,0,HDFC,2025-04-11 18:31:00,1,148.4,0.289,0.609,3,11.52,0,1,0,1,E1,E1
C2_00000123,15449.13348660162,fuel,debit_card,16,1,0,Kotak,2025-12-04 16:29:00,1,10.6,0.926,0.102,0,602.54,1,1,0,1,C2,C2
A3_00000340,49999.3447083571,unknown,UPI,11,0,0,Axis,2025-12-14 16:26:00,0,0.7,0.21,0.792,0,269.51,1,1,1,1,A3,A3
C1_00000101,147.40139382475718,pharmacy,UPI,17,3,0,SBI,2025-08-12 17:48:00,0,27.7,0.968,0.037,1,15.22,0,1,0,1,C1,C1
A1_00000318,4999.2246834780035,online_retail,UPI,15,3,0,SBI,2025-11-05 07:37:00,0,0.0,0.14,0.867,3,26.83,1,1,0,1,A1,A1
B3_00000046,44288.63,unknown,UPI,19,3,0,HDFC,2025-02-06 19:30:00,1,53.6,0.149,0.895,6,210.1,1,1,0,1,B3,B3
A2_00000135,4999.511944468129,unknown,UPI,15,4,0,SBI,2025-04-08 14:51:00,0,0.8,0.161,0.672,7,281.43,1,1,0,1,A2,A2
A3_00000158,4999.024021261751,unknown,debit_card,9,2,0,SBI,2025-02-18 19:45:00,0,0.8,0.269,0.861,7,449.73,1,1,0,1,A3,A3
E2_00000313,14.2,entertainment,UPI,15,3,0,BOI,2025-12-18 15:59:00,1,111.4,0.261,0.722,2,46.73,0,1,0,1,E2,E2
E1_00000347,1387.23,grocery,credit_card,9,2,0,HDFC,2025-06-23 09:54:00,1,117.6,0.223,0.731,7,932.67,0,1,0,1,E1,E1
B1_00000282,1501.29,unknown,debit_card,10,2,0,Union Bank,2025-08-11 10:00:00,1,70.0,0.091,0.985,0,4.76,1,1,0,1,B1,B1
C1_00000175,147.40139382475718,fuel,debit_card,11,3,0,Kotak,2025-05-23 11:36:00,0,66.7,0.912,0.025,1,50.78,0,1,0,1,C1,C1
E1_00000198,1563.85,clothing,net_banking,5,5,1,HDFC,2025-10-22 05:22:00,1,119.1,0.183,0.462,4,6.39,1,0,0,1,E1,E1
D2_00000155,14.7,fuel,credit_card,17,2,0,Union Bank,2025-01-30 17:05:00,1,18.9,0.752,0.177,3,13.95,1,1,0,1,D2,D2
B1_00000141,3700.19,unknown,UPI,11,2,0,BOI,2025-11-21 11:41:00,1,49.9,0.11,0.78,2,715.97,1,1,0,1,B1,B1
C1_00000299,147.40139382475718,clothing,credit_card,17,3,0,ICICI,2025-07-03 17:59:00,0,62.7,0.965,0.113,0,203.67,1,1,0,1,C1,C1
A3_00000048,49999.71258973879,online_retail,UPI,15,3,0,SBI,2025-12-12 13:42:00,1,0.9,0.194,0.684,3,1468.96,1,1,0,1,A3,A3
B1_00000197,2536.89,unknown,credit_card,11,5,1,ICICI,2025-08-27 11:40:00,1,30.4,0.089,0.959,2,43.1,1,1,0,1,B1,B1
B1_00000224,3606.24,crypto,UPI,18,3,0,Airtel Payments Bank,2025-03-23 18:50:00,1,20.6,0.094,0.945,1,283.46,1,1,0,1,B1,B1
C2_00000285,15449.13348660162,pharmacy,debit_card,6,2,0,Airtel Payments Bank,2025-06-15 06:05:00,1,3.6,0.931,0.04,0,93.62,1,1,0,1,C2,C2
C2_00000046,15449.13348660162,online_retail,net_banking,13,1,0,Paytm Payments Bank,2025-07-19 13:38:00,0,0.5,0.872,0.005,2,367.58,0,1,0,1,C2,C2
B3_00000004,58197.19,unknown,UPI,19,3,0,SBI,2025-11-07 19:53:00,1,6.0,0.011,0.978,12,56.18,1,1,0,1,B3,B3
C2_00000045,15449.13348660162,utilities,UPI,8,1,0,ICICI,2025-01-18 08:39:00,0,19.8,0.974,0.057,1,330.18,0,1,0,1,C2,C2
B2_00000178,3189.03,unknown,UPI,14,5,1,PNB,2025-01-16 14:21:00,1,48.3,0.063,0.83,2,117.75,1,1,0,1,B2,B2
D1_00000072,66.95,travel,debit_card,14,0,0,Kotak,2025-05-19 14:18:00,0,19.4,0.793,0.205,0,404.93,1,1,0,1,D1,D1
E1_00000212,1079.18,pharmacy,UPI,11,1,0,SBI,2025-04-12 11:36:00,1,109.6,0.127,0.692,4,8697.81,0,1,0,1,E1,E1
D2_00000328,317.33,clothing,UPI,18,2,0,BOI,2025-07-02 18:31:00,1,11.4,0.737,0.3,6,178.11,0,1,0,1,D2,D2
A2_00000239,19998.900267781497,unknown,UPI,20,6,1,Kotak,2025-01-07 19:10:00,0,0.5,0.237,0.84,2,671.22,1,1,0,1,A2,A2
B3_00000108,37255.26,unknown,credit_card,16,6,1,HDFC,2025-10-01 16:07:00,1,16.4,0.025,0.826,8,53.33,1,1,0,1,B3,B3
B1_00000168,1077.16,unknown,UPI,12,3,0,Paytm Payments Bank,2025-04-11 12:05:00,1,11.8,0.105,0.7,1,4.87,1,1,0,1,B1,B1
A1_00000059,19998.185490951048,online_retail,debit_card,16,4,0,ICICI,2025-12-27 09:35:00,0,0.1,0.246,0.668,3,840.1,1,1,0,1,A1,A1
C1_00000070,147.40139382475718,electronics,UPI,10,2,0,BOI,2025-03-05 10:59:00,0,58.2,0.985,0.114,2,83.76,1,1,0,1,C1,C1
D1_00000007,568.19,grocery,UPI,9,3,0,SBI,2025-11-24 09:44:00,1,22.0,0.703,0.226,2,297.47,0,1,0,1,D1,D1
A1_00000128,99999.42297364824,online_retail,UPI,16,1,0,BOI,2025-06-07 23:11:00,0,0.3,0.298,0.838,5,2253.99,1,1,0,1,A1,A1
A1_00000304,499.5542417788739,crypto,UPI,20,1,0,ICICI,2025-03-05 04:02:00,1,0.5,0.197,0.811,6,805.82,1,1,0,1,A1,A1
A2_00000158,99999.95200706589,crypto,UPI,21,1,0,SBI,2025-07-02 18:28:00,0,0.2,0.174,0.876,6,167.04,1,1,1,1,A2,A2
B3_00000278,20690.93,unknown,net_banking,16,1,0,Union Bank,2025-07-27 16:36:00,1,21.2,0.193,0.861,18,91.6,1,1,0,1,B3,B3
D1_00000106,983.32,clothing,debit_card,12,3,0,BOI,2025-06-06 12:58:00,0,37.8,0.604,0.317,0,142.89,0,1,0,1,D1,D1
C2_00000098,15449.13348660162,fuel,UPI,14,2,0,Union Bank,2025-09-29 14:11:00,0,11.6,0.896,0.083,1,8.23,0,0,0,1,C2,C2
C1_00000261,147.40139382475718,utilities,UPI,1,0,0,HDFC,2025-12-01 01:31:00,0,37.5,0.88,0.033,1,135.98,1,1,0,1,C1,C1
D2_00000234,17.3,electronics,debit_card,20,4,0,PNB,2025-04-17 20:29:00,0,56.4,0.725,0.336,3,497.69,1,1,0,1,D2,D2
E1_00000308,1318.26,fuel,UPI,12,5,1,ICICI,2025-04-15 12:15:00,1,191.0,0.165,0.717,3,411.71,0,1,0,1,E1,E1
A2_00000302,9999.407400079806,unknown,net_banking,15,6,1,Axis,2025-11-21 18:13:00,0,1.0,0.127,0.775,4,22.98,1,0,1,1,A2,A2
B1_00000008,2819.29,unknown,UPI,3,0,0,Airtel Payments Bank,2025-05-17 03:42:00,1,34.9,0.024,0.87,0,120.2,1,1,0,1,B1,B1
D2_00000249,5.25,grocery,net_banking,8,6,1,Kotak,2025-05-17 08:44:00,0,15.4,0.72,0.282,0,58.14,1,1,0,1,D2,D2
A3_00000020,4998.295770396085,online_retail,debit_card,9,1,0,Kotak,2025-01-09 14:22:00,0,0.0,0.248,0.74,6,902.88,1,1,0,1,A3,A3
C2_00000347,15449.13348660162,healthcare,debit_card,16,0,0,HDFC,2025-04-05 16:05:00,0,71.5,0.911,0.084,0,57.28,0,1,0,1,C2,C2
B3_00000042,35755.69,unknown,debit_card,10,6,1,SBI,2025-04-09 10:01:00,1,41.4,0.186,0.985,13,446.34,1,1,0,1,B3,B3
B1_00000337,1993.55,crypto,net_banking,11,3,0,Axis,2025-11-25 11:00:00,1,34.1,0.073,0.877,0,140.26,1,1,0,1,B1,B1
A3_00000071,19998.105619384583,unknown,debit_card,11,3,0,Airtel Payments Bank,2025-08-23 02:28:00,0,0.5,0.154,0.746,7,18.21,1,1,0,1,A3,A3
A1_00000046,9998.254806018098,online_retail,debit_card,16,3,0,Paytm Payments Bank,2025-12-20 20:25:00,0,0.3,0.256,0.602,6,95.52,1,1,0,1,A1,A1
B3_00000064,21586.13,unknown,net_banking,17,1,0,Union Bank,2025-10-28 17:45:00,1,58.4,0.178,0.861,10,172.46,1,1,0,1,B3,B3
D2_00000143,34.82,healthcare,debit_card,11,3,0,HDFC,2025-04-19 11:51:00,0,49.8,0.815,0.245,1,215.85,0,1,0,1,D2,D2
E1_00000107,198.31,pharmacy,debit_card,0,3,0,Axis,2025-04-19 00:34:00,1,71.2,0.141,0.641,1,38.98,0,1,0,1,E1,E1
A1_00000095,9999.488761452694,unknown,UPI,10,3,0,HDFC,2025-10-04 12:01:00,0,0.8,0.264,0.854,6,280.36,1,1,1,1,A1,A1
B2_00000222,846.17,crypto,credit_card,9,0,0,Airtel Payments Bank,2025-09-11 09:23:00,1,47.4,0.059,0.861,2,66.66,1,1,0,1,B2,B2
E2_00000271,10.0,pharmacy,credit_card,21,3,0,Paytm Payments Bank,2025-04-11 21:46:00,1,49.2,0.212,0.559,7,215.23,0,1,0,1,E2,E2
B2_00000197,2881.66,unknown,wallet,12,5,1,ICICI,2025-02-12 12:25:00,1,30.8,0.108,0.911,2,132.87,1,1,0,1,B2,B2
B1_00000130,702.63,crypto,UPI,14,6,1,Airtel Payments Bank,2025-05-20 14:41:00,1,4.6,0.104,0.879,0,5713.67,1,1,0,1,B1,B1
C1_00000345,147.40139382475718,pharmacy,credit_card,13,4,0,ICICI,2025-08-02 13:34:00,0,71.1,0.896,0.016,0,404.17,0,1,0,1,C1,C1
A3_00000131,500.523774315173,crypto,credit_card,10,1,0,Axis,2025-06-09 03:40:00,1,0.5,0.173,0.62,4,83.29,1,1,1,1,A3,A3
C2_00000261,15449.13348660162,entertainment,UPI,21,1,0,BOI,2025-02-02 21:02:00,0,20.4,0.871,0.019,0,39.09,1,1,0,1,C2,C2
A1_00000307,19999.055640156224,unknown,UPI,15,3,0,BOI,2025-02-11 08:12:00,0,0.8,0.193,0.757,7,88.95,1,1,1,1,A1,A1
E1_00000342,25.99,grocery,UPI,7,6,1,Paytm Payments Bank,2025-01-04 07:40:00,1,159.2,0.125,0.643,6,176.16,0,1,0,1,E1,E1
E2_00000326,79.64,travel,debit_card,16,0,0,Axis,2025-04-05 16:42:00,1,70.9,0.127,0.477,4,21.92,0,1,0,1,E2,E2
D2_00000272,176.68,online_retail,credit_card,20,0,0,PNB,2025-02-16 20:35:00,0,46.5,0.819,0.177,3,55.16,1,1,0,1,D2,D2
C2_00000245,15449.13348660162,restaurant,debit_card,19,1,0,Kotak,2025-11-09 19:11:00,1,63.7,0.95,0.091,1,106.21,1,1,0,1,C2,C2
C2_00000177,15449.13348660162,online_retail,UPI,15,0,0,Airtel Payments Bank,2025-09-17 15:48:00,0,45.3,0.921,0.031,2,84.99,1,1,0,1,C2,C2
A3_00000173,1998.7303717886425,unknown,debit_card,15,5,1,Airtel Payments Bank,2025-07-03 19:31:00,0,0.5,0.188,0.834,0,1846.74,1,0,1,1,A3,A3
B3_00000203,30904.43,unknown,UPI,7,4,0,PNB,2025-11-23 07:52:00,1,37.9,0.086,0.829,11,45.28,1,1,0,1,B3,B3
A3_00000040,998.3723252325083,unknown,UPI,16,4,0,HDFC,2025-07-27 11:21:00,0,0.1,0.167,0.608,4,2432.82,1,1,0,1,A3,A3
E1_00000144,94.15,healthcare,UPI,19,6,1,SBI,2025-12-31 19:14:00,1,119.4,0.118,0.568,7,269.67,0,1,0,1,E1,E1
B1_00000088,4085.23,unknown,UPI,1,3,0,ICICI,2025-10-02 01:31:00,1,43.1,0.005,0.836,2,16.7,1,1,0,1,B1,B1
A1_00000097,499.2778633582404,unknown,debit_card,11,2,0,Airtel Payments Bank,2025-04-04 21:14:00,1,0.5,0.136,0.923,3,150.08,1,1,0,1,A1,A1
C1_00000095,147.40139382475718,grocery,debit_card,14,2,0,ICICI,2025-05-24 14:47:00,0,39.5,0.871,0.065,2,32.04,1,1,0,1,C1,C1
E1_00000203,194.24,healthcare,UPI,18,0,0,BOI,2025-04-22 18:58:00,1,166.8,0.331,0.714,6,83.69,0,0,0,1,E1,E1
A3_00000238,500.07257703983936,unknown,UPI,10,3,0,SBI,2025-08-20 22:07:00,0,0.3,0.269,0.726,6,193.89,1,1,1,1,A3,A3
B3_00000128,33992.66,unknown,UPI,13,1,0,BOI,2025-04-03 13:04:00,1,29.6,0.069,0.879,13,288.67,1,1,0,1,B3,B3
B3_00000268,31661.73,unknown,debit_card,20,3,0,SBI,2025-02-14 20:13:00,1,38.2,0.013,0.824,17,6504.46,1,1,0,1,B3,B3
C2_00000215,15449.13348660162,clothing,UPI,7,1,0,Axis,2025-02-24 07:54:00,0,12.5,0.889,0.032,2,847.38,1,1,0,1,C2,C2
B1_00000131,2282.27,unknown,debit_card,12,4,0,BOI,2025-05-01 12:50:00,1,16.5,0.122,0.747,2,395.74,1,1,0,1,B1,B1
C2_00000286,15449.13348660162,clothing,debit_card,21,1,0,PNB,2025-03-28 21:17:00,1,66.6,0.961,0.065,2,5582.27,1,1,0,1,C2,C2
A3_00000166,99999.18919224432,unknown,credit_card,9,5,1,Airtel Payments Bank,2025-02-04 13:52:00,0,0.8,0.194,0.701,6,286.38,1,1,0,1,A3,A3
B1_00000232,1986.24,unknown,debit_card,18,3,0,SBI,2025-07-20 18:44:00,1,11.3,0.091,0.963,0,270.39,1,1,0,1,B1,B1
E1_00000281,404.71,fuel,UPI,7,3,0,SBI,2025-05-16 07:15:00,1,169.9,0.208,0.609,3,1447.32,0,1,0,1,E1,E1
B3_00000235,23954.53,unknown,UPI,16,6,1,BOI,2025-02-20 16:11:00,1,22.6,0.045,0.956,14,7.83,1,1,0,1,B3,B3
C2_00000035,15449.13348660162,healthcare,debit_card,12,5,1,ICICI,2025-01-15 12:58:00,0,5.5,0.917,0.089,0,23.82,1,1,0,1,C2,C2
B1_00000063,2354.42,crypto,debit_card,9,4,0,Kotak,2025-10-22 09:29:00,1,43.9,0.058,0.819,0,311.09,1,1,0,1,B1,B1
C2_00000060,15449.13348660162,grocery,credit_card,17,6,1,SBI,2025-08-13 17:03:00,0,19.0,0.954,0.105,1,113.98,1,1,0,1,C2,C2
D1_00000229,80.79,grocery,debit_card,20,3,0,SBI,2025-06-24 20:37:00,1,4.5,0.847,0.308,7,59.19,0,1,0,1,D1,D1
A2_00000220,4998.740279717405,unknown,debit_card,11,1,0,HDFC,2025-03-10 20:00:00,0,0.2,0.281,0.613,3,39.82,1,0,1,1,A2,A2
C2_00000022,15449.13348660162,grocery,UPI,6,0,0,PNB,2025-06-01 06:11:00,0,41.3,0.915,0.03,0,28.41,1,1,0,1,C2,C2
B2_00000137,901.21,unknown,UPI,23,1,0,PNB,2025-11-05 23:26:00,1,4.0,0.048,0.708,0,24.87,1,1,0,1,B2,B2
B3_00000065,54389.16,unknown,debit_card,19,0,0,SBI,2025-01-05 19:34:00,1,51.0,0.098,0.866,18,79.45,1,1,0,1,B3,B3
D1_00000205,1179.31,grocery,net_banking,15,5,1,HDFC,2025-07-13 15:56:00,0,16.0,0.827,0.171,0,18.76,0,1,0,1,D1,D1
E2_00000058,549.93,travel,UPI,20,3,0,Airtel Payments Bank,2025-09-25 20:24:00,1,148.7,0.383,0.592,6,135.85,0,1,0,1,E2,E2
E2_00000043,23609.57,clothing,debit_card,18,3,0,Paytm Payments Bank,2025-11-29 18:40:00,1,130.4,0.258,0.565,7,2.54,0,1,0,1,E2,E2
D1_00000153,722.1,restaurant,debit_card,16,5,1,ICICI,2025-07-11 16:47:00,1,41.1,0.631,0.33,0,41.77,1,1,0,1,D1,D1
B3_00000100,27777.65,unknown,debit_card,20,3,0,BOI,2025-05-05 20:07:00,1,26.4,0.057,0.824,8,39.67,1,1,0,1,B3,B3
A1_00000014,99999.15667182986,online_retail,debit_card,11,0,0,Paytm Payments Bank,2025-12-12 11:30:00,0,0.9,0.218,0.664,0,170.89,1,1,0,1,A1,A1
E1_00000248,403.86,education,UPI,6,1,0,Paytm Payments Bank,2025-03-02 06:37:00,1,53.7,0.25,0.575,2,111.39,0,1,0,1,E1,E1
A2_00000009,99998.27633899284,crypto,debit_card,10,4,0,Airtel Payments Bank,2025-02-28 19:13:00,0,0.9,0.175,0.825,7,130.77,1,1,1,1,A2,A2
C1_00000052,147.40139382475718,restaurant,UPI,14,0,0,ICICI,2025-01-30 14:39:00,0,3.6,0.935,0.115,0,907.85,1,1,0,1,C1,C1
C1_00000224,147.40139382475718,utilities,debit_card,9,3,0,BOI,2025-10-06 09:54:00,0,72.0,0.867,0.082,0,593.59,1,1,0,1,C1,C1
B1_00000198,635.28,unknown,UPI,9,4,0,PNB,2025-01-06 09:22:00,1,35.1,0.133,0.961,2,314.01,1,1,0,1,B1,B1
A2_00000048,49999.04687239363,unknown,UPI,20,3,0,Axis,2025-09-04 21:07:00,0,0.0,0.284,0.695,6,20.87,1,1,1,1,A2,A2
E2_00000020,6003.9,education,debit_card,8,6,1,SBI,2025-03-16 08:51:00,1,113.3,0.229,0.703,2,19.77,0,1,0,1,E2,E2
A3_00000023,998.821049062409,unknown,UPI,11,6,1,Kotak,2025-05-30 10:02:00,0,0.6,0.286,0.913,0,2158.28,1,1,1,1,A3,A3
A3_00000162,19999.085978804556,unknown,debit_card,14,5,1,Paytm Payments Bank,2025-11-10 07:49:00,0,0.3,0.107,0.79,5,241.03,1,1,0,1,A3,A3
A3_00000174,9998.590222678624,online_retail,debit_card,20,5,1,PNB,2025-07-16 20:42:00,0,0.8,0.278,0.671,6,578.58,1,1,0,1,A3,A3
D2_00000217,144.74,grocery,UPI,8,0,0,BOI,2025-09-30 08:39:00,0,49.9,0.742,0.187,6,696.42,1,1,0,1,D2,D2
D2_00000218,156.74,education,UPI,5,4,0,Axis,2025-11-04 05:02:00,0,53.4,0.773,0.178,2,91.67,0,1,0,1,D2,D2
D2_00000117,460.89,entertainment,UPI,12,5,1,BOI,2025-09-14 12:47:00,1,39.5,0.704,0.296,0,2840.9,0,1,0,1,D2,D2
A3_00000229,4999.038688323488,online_retail,UPI,10,3,0,Paytm Payments Bank,2025-04-09 21:50:00,0,0.9,0.229,0.678,6,11.5,1,1,0,1,A3,A3
D1_00000180,238.55,grocery,debit_card,20,5,1,ICICI,2025-09-27 20:49:00,0,18.1,0.791,0.197,5,162.59,1,1,0,1,D1,D1
A3_00000272,4998.68158953639,crypto,credit_card,11,4,0,Union Bank,2025-05-04 21:19:00,1,0.9,0.283,0.881,6,76.63,1,1,1,1,A3,A3
B3_00000164,24892.31,unknown,UPI,13,5,1,Paytm Payments Bank,2025-02-15 13:03:00,1,25.3,0.036,0.951,9,42.86,1,1,0,1,B3,B3
A2_00000279,1998.7779814409607,crypto,debit_card,10,6,1,Axis,2025-03-25 09:31:00,1,0.3,0.117,0.698,1,255.91,1,1,1,1,A2,A2
B3_00000305,24137.34,unknown,UPI,16,6,1,Kotak,2025-03-10 16:43:00,1,31.6,0.156,0.886,10,2896.95,1,1,0,1,B3,B3
A1_00000224,99998.7935037743,unknown,wallet,21,1,0,Union Bank,2025-05-10 22:29:00,1,0.6,0.241,0.824,0,166.44,1,1,1,1,A1,A1
B1_00000073,3160.84,unknown,UPI,6,1,0,ICICI,2025-11-20 06:17:00,1,18.2,0.128,0.855,0,136.15,1,1,0,1,B1,B1
E1_00000167,57.82,fuel,debit_card,14,3,0,Kotak,2025-10-28 14:20:00,1,110.6,0.253,0.69,3,62.93,0,1,0,1,E1,E1
B2_00000316,715.56,unknown,UPI,10,2,0,HDFC,2025-10-31 10:20:00,1,53.0,0.057,0.928,2,1482.98,1,1,0,1,B2,B2
A3_00000348,99999.7375832122,unknown,net_banking,10,0,0,Airtel Payments Bank,2025-07-12 22:23:00,0,0.5,0.126,0.917,3,311.19,1,1,0,1,A3,A3
C1_00000093,147.40139382475718,fuel,debit_card,15,5,1,BOI,2025-09-20 15:36:00,0,16.6,0.891,0.016,0,78.15,0,0,0,1,C1,C1
A1_00000159,4998.326736182274,unknown,credit_card,16,1,0,BOI,2025-03-24 09:35:00,0,0.2,0.251,0.856,3,223.36,1,1,0,1,A1,A1
A3_00000152,19999.341491888452,crypto,UPI,15,4,0,Paytm Payments Bank,2025-04-13 11:27:00,0,0.1,0.201,0.601,1,9.92,1,1,0,1,A3,A3
D1_00000174,198.69,entertainment,UPI,20,0,0,ICICI,2025-11-30 20:55:00,0,54.1,0.611,0.154,2,119.4,0,1,0,1,D1,D1
A1_00000247,9999.555088247764,crypto,debit_card,11,3,0,BOI,2025-07-06 11:14:00,0,0.8,0.212,0.873,4,146.43,1,1,1,1,A1,A1
A2_00000067,19999.58963703924,crypto,UPI,21,2,0,Airtel Payments Bank,2025-02-10 18:51:00,0,0.3,0.188,0.814,0,17.25,1,1,0,1,A2,A2
D1_00000095,401.9,grocery,credit_card,3,5,1,Paytm Payments Bank,2025-02-16 03:58:00,0,56.4,0.645,0.265,1,462.93,0,1,0,1,D1,D1
D2_00000236,249.81,grocery,UPI,13,0,0,Axis,2025-04-09 13:17:00,0,41.2,0.71,0.334,4,667.43,1,1,0,1,D2,D2
B2_00000301,3646.39,unknown,debit_card,13,2,0,PNB,2025-04-23 13:00:00,1,69.7,0.014,0.986,1,51.53,1,1,0,1,B2,B2
A2_00000028,9998.895865018667,crypto,debit_card,14,2,0,Airtel Payments Bank,2025-04-10 13:32:00,0,0.9,0.124,0.644,3,1179.19,1,1,1,1,A2,A2
D2_00000011,32.12,grocery,wallet,16,6,1,BOI,2025-02-26 16:27:00,0,51.3,0.73,0.194,1,60.97,0,1,0,1,D2,D2
A2_00000004,500.923468001628,unknown,debit_card,15,0,0,HDFC,2025-02-27 16:43:00,0,0.9,0.159,0.844,6,649.96,1,1,0,1,A2,A2
D1_00000176,547.24,travel,debit_card,10,1,0,Paytm Payments Bank,2025-12-08 10:23:00,0,44.4,0.739,0.294,3,142.84,1,1,0,1,D1,D1
C2_00000267,15449.13348660162,healthcare,net_banking,5,6,1,SBI,2025-07-20 05:38:00,0,21.3,0.881,0.111,1,522.62,1,1,0,1,C2,C2
D1_00000216,230.79,grocery,UPI,10,0,0,Airtel Payments Bank,2025-12-23 10:38:00,0,37.2,0.712,0.164,3,182.11,1,1,0,1,D1,D1
C2_00000119,15449.13348660162,education,debit_card,13,5,1,Union Bank,2025-05-26 13:00:00,0,55.3,0.909,0.024,0,375.89,1,1,1,1,C2,C2
B3_00000055,10524.09,unknown,debit_card,12,0,0,Axis,2025-01-02 12:38:00,1,7.4,0.187,0.815,18,1818.17,1,1,0,1,B3,B3
E2_00000263,40.67,fuel,debit_card,11,0,0,Kotak,2025-03-17 11:47:00,1,54.8,0.296,0.628,5,1404.75,0,1,0,1,E2,E2
A1_00000292,99998.23528315053,crypto,net_banking,10,0,0,PNB,2025-03-09 01:47:00,0,0.4,0.133,0.66,4,3.74,1,1,1,1,A1,A1
A2_00000134,19998.890337634297,online_retail,net_banking,11,2,0,BOI,2025-03-30 11:21:00,0,0.8,0.157,0.898,0,346.51,1,1,1,1,A2,A2
A3_00000230,500.2469162281134,crypto,UPI,16,4,0,Axis,2025-11-12 11:48:00,0,0.3,0.202,0.797,5,107.79,1,1,0,1,A3,A3
A1_00000246,998.4530007913647,crypto,UPI,21,5,1,HDFC,2025-08-08 08:42:00,0,0.6,0.294,0.918,4,1041.05,1,1,1,1,A1,A1
E2_00000275,601.58,electronics,UPI,21,4,0,Airtel Payments Bank,2025-11-08 21:12:00,1,86.6,0.143,0.8,1,1303.93,0,1,0,1,E2,E2
D1_00000090,595.66,pharmacy,credit_card,13,1,0,ICICI,2025-11-01 13:20:00,0,8.6,0.81,0.155,0,525.73,0,1,0,1,D1,D1
E2_00000033,36.94,education,UPI,10,5,1,HDFC,2025-11-29 10:32:00,1,106.1,0.24,0.794,6,52.73,0,1,0,1,E2,E2
C1_00000105,147.40139382475718,grocery,UPI,7,6,1,Airtel Payments Bank,2025-03-29 07:18:00,0,17.5,0.855,0.011,0,88.19,0,1,0,1,C1,C1
C2_00000324,15449.13348660162,entertainment,UPI,6,2,0,PNB,2025-09-02 06:39:00,0,2.0,0.957,0.044,0,2766.49,0,1,0,1,C2,C2
E2_00000028,2921.84,grocery,UPI,15,6,1,ICICI,2025-12-05 15:00:00,1,73.2,0.352,0.456,5,249.89,0,1,0,1,E2,E2
C1_00000262,147.40139382475718,electronics,UPI,16,1,0,Union Bank,2025-06-26 16:11:00,0,36.3,0.944,0.079,2,169.71,1,1,0,1,C1,C1
D2_00000275,1142.75,restaurant,UPI,15,6,1,BOI,2025-01-01 15:18:00,0,65.0,0.647,0.223,6,1015.29,1,1,0,1,D2,D2
A1_00000106,500.50689307716783,unknown,debit_card,14,1,0,Airtel Payments Bank,2025-02-20 22:29:00,0,0.2,0.291,0.876,6,17.74,1,1,1,1,A1,A1
E2_00000341,471.76,pharmacy,UPI,15,1,0,Kotak,2025-02-19 15:02:00,1,166.6,0.322,0.644,1,190.93,1,1,0,1,E2,E2
E2_00000133,35.81,grocery,credit_card,18,5,1,Axis,2025-03-30 18:31:00,1,73.7,0.172,0.729,3,101.72,0,1,0,1,E2,E2
C1_00000314,147.40139382475718,education,UPI,15,1,0,Airtel Payments Bank,2025-06-12 15:20:00,0,16.7,0.997,0.052,2,1229.92,0,1,1,1,C1,C1
A3_00000283,1999.4299764320876,unknown,credit_card,10,5,1,Paytm Payments Bank,2025-02-26 09:16:00,1,0.8,0.286,0.685,1,123.22,1,1,1,1,A3,A3
D2_00000239,137.21,fuel,debit_card,7,6,1,SBI,2025-05-23 07:01:00,0,40.8,0.739,0.296,5,305.3,0,1,0,1,D2,D2
B1_00000211,2832.61,unknown,UPI,17,5,1,BOI,2025-06-30 17:15:00,1,41.7,0.15,0.898,0,201.8,1,1,0,1,B1,B1
A1_00000241,1999.5564964522039,crypto,UPI,15,5,1,PNB,2025-07-19 13:35:00,0,0.0,0.111,0.642,7,92.03,1,1,0,1,A1,A1
D2_00000221,242.42,electronics,credit_card,20,3,0,SBI,2025-09-17 20:44:00,0,12.5,0.629,0.301,0,2.76,0,1,0,1,D2,D2
D2_00000112,418.13,fuel,UPI,23,5,1,Airtel Payments Bank,2025-02-02 23:22:00,0,69.0,0.615,0.258,3,22.25,0,1,0,1,D2,D2
B3_00000040,12605.62,unknown,UPI,19,5,1,Paytm Payments Bank,2025-03-11 19:03:00,1,22.6,0.084,0.876,11,314.85,1,1,0,1,B3,B3
E1_00000007,117.27,electronics,UPI,9,0,0,HDFC,2025-02-17 09:43:00,1,162.6,0.228,0.482,0,31.9,1,1,0,1,E1,E1
A3_00000094,4998.9575306466895,unknown,credit_card,21,0,0,ICICI,2025-01-01 12:19:00,0,0.5,0.174,0.671,7,1116.39,1,1,1,1,A3,A3
B2_00000208,1826.86,unknown,UPI,20,4,0,Kotak,2025-12-26 20:45:00,1,5.4,0.105,0.989,2,7959.48,1,1,0,1,B2,B2
B1_00000349,1963.31,unknown,debit_card,18,5,1,Kotak,2025-05-06 18:36:00,1,12.3,0.096,0.716,0,132.06,1,1,0,1,B1,B1
D1_00000076,5.35,grocery,debit_card,10,2,0,HDFC,2025-11-08 10:43:00,0,63.5,0.73,0.172,6,171.79,1,1,0,1,D1,D1
A3_00000122,999.7117978864931,crypto,credit_card,9,4,0,ICICI,2025-02-22 22:46:00,1,0.4,0.172,0.882,6,38.62,1,1,0,1,A3,A3
D2_00000173,2352.16,electronics,debit_card,7,6,1,Paytm Payments Bank,2025-07-24 07:22:00,0,13.7,0.615,0.239,3,137.63,0,1,0,1,D2,D2
D2_00000114,19.96,travel,UPI,7,6,1,BOI,2025-04-03 07:37:00,0,10.1,0.61,0.318,7,15.13,0,1,0,1,D2,D2
E1_00000280,23.57,entertainment,UPI,18,0,0,Airtel Payments Bank,2025-06-22 18:52:00,1,56.0,0.221,0.65,6,129.64,0,1,0,1,E1,E1
B3_00000034,28337.04,unknown,UPI,13,6,1,Airtel Payments Bank,2025-02-10 13:18:00,1,63.5,0.139,0.922,6,210.69,1,1,0,1,B3,B3
B1_00000210,1112.82,unknown,UPI,10,2,0,PNB,2025-07-27 10:06:00,1,4.3,0.018,0.702,2,189.66,1,1,0,1,B1,B1
D1_00000233,14.37,electronics,credit_card,15,6,1,HDFC,2025-10-05 15:56:00,0,28.8,0.789,0.174,7,468.08,0,1,0,1,D1,D1
A2_00000155,999.1901400899593,unknown,UPI,11,4,0,PNB,2025-10-28 14:38:00,0,0.6,0.25,0.729,1,214.64,1,1,0,1,A2,A2
B1_00000302,3029.32,unknown,wallet,9,6,1,BOI,2025-03-26 09:22:00,1,46.1,0.084,0.804,2,1627.08,1,1,0,1,B1,B1
E2_00000297,10.0,electronics,debit_card,11,3,0,Kotak,2025-01-18 11:34:00,1,96.2,0.13,0.797,4,373.29,0,1,0,1,E2,E2
A3_00000145,500.45520849125984,crypto,debit_card,11,2,0,Kotak,2025-06-27 09:30:00,1,0.9,0.132,0.655,3,130.22,1,0,0,1,A3,A3
B1_00000003,1633.03,crypto,debit_card,20,5,1,Axis,2025-12-18 20:55:00,1,37.4,0.072,0.874,2,125.62,1,1,0,1,B1,B1
D1_00000344,525.01,grocery,debit_card,12,6,1,Airtel Payments Bank,2025-04-21 12:06:00,0,68.9,0.791,0.282,0,21.11,0,1,0,1,D1,D1
A1_00000145,4999.128825642241,online_retail,UPI,11,5,1,Airtel Payments Bank,2025-04-27 10:55:00,0,0.2,0.106,0.657,3,938.33,1,1,1,1,A1,A1
C2_00000249,15449.13348660162,pharmacy,UPI,17,1,0,Axis,2025-08-08 17:46:00,0,29.9,0.981,0.084,2,31.27,1,1,0,1,C2,C2
A2_00000179,99999.69871010314,online_retail,UPI,11,3,0,Airtel Payments Bank,2025-12-26 05:15:00,0,0.2,0.189,0.78,3,86.47,1,0,1,1,A2,A2
E1_00000122,1269.14,travel,UPI,10,3,0,SBI,2025-09-09 10:59:00,1,78.3,0.112,0.51,1,414.33,0,1,0,1,E1,E1
D2_00000320,776.64,restaurant,UPI,12,2,0,PNB,2025-02-21 12:04:00,0,24.2,0.753,0.175,4,132.52,0,1,0,1,D2,D2
D1_00000064,1867.36,travel,UPI,18,5,1,BOI,2025-11-26 18:05:00,1,38.9,0.652,0.303,0,186.67,0,1,0,1,D1,D1
B1_00000164,3869.85,unknown,UPI,7,5,1,ICICI,2025-12-24 07:12:00,1,53.8,0.034,0.757,1,41.36,1,1,0,1,B1,B1
D2_00000116,287.93,grocery,credit_card,9,6,1,Paytm Payments Bank,2025-02-01 09:42:00,0,63.7,0.672,0.294,2,57.82,1,1,0,1,D2,D2
D1_00000199,172.48,fuel,UPI,19,6,1,HDFC,2025-06-28 19:50:00,1,52.5,0.606,0.184,1,30.17,1,1,0,1,D1,D1
B3_00000290,22926.15,unknown,UPI,8,2,0,PNB,2025-09-12 08:09:00,1,64.3,0.142,0.821,13,148.64,1,1,0,1,B3,B3
A3_00000033,998.0237305083779,unknown,UPI,11,5,1,SBI,2025-06-21 09:09:00,0,1.0,0.293,0.831,4,233.79,1,1,1,1,A3,A3
A1_00000013,9999.1228015351,crypto,credit_card,20,4,0,PNB,2025-08-08 12:19:00,0,0.4,0.229,0.932,6,1247.96,1,1,1,1,A1,A1
E2_00000258,932.84,fuel,UPI,13,2,0,Airtel Payments Bank,2025-09-16 13:14:00,1,126.9,0.233,0.605,7,8.85,0,1,0,1,E2,E2
B1_00000262,2890.88,crypto,debit_card,9,4,0,ICICI,2025-02-10 09:59:00,1,59.7,0.094,0.84,1,388.2,1,1,0,1,B1,B1
B3_00000028,46773.52,unknown,UPI,4,5,1,Paytm Payments Bank,2025-10-27 04:04:00,1,53.8,0.015,0.976,13,219.66,1,1,0,1,B3,B3
B2_00000191,2818.77,crypto,debit_card,17,0,0,HDFC,2025-10-15 17:28:00,1,35.1,0.122,0.712,1,134.1,1,1,0,1,B2,B2
C1_00000050,147.40139382475718,clothing,credit_card,13,2,0,PNB,2025-07-18 13:30:00,0,11.4,0.992,0.008,0,54.33,1,1,0,1,C1,C1
B3_00000280,10386.34,unknown,UPI,15,4,0,Axis,2025-06-28 15:40:00,1,37.9,0.07,0.821,5,162.11,1,1,0,1,B3,B3
C2_00000064,15449.13348660162,healthcare,wallet,4,3,0,SBI,2025-12-05 04:11:00,0,7.7,0.903,0.089,0,12.83,1,1,0,1,C2,C2
B3_00000021,28627.44,unknown,debit_card,13,6,1,PNB,2025-05-07 13:05:00,1,39.7,0.16,0.816,10,244.41,1,1,0,1,B3,B3
D1_00000326,110.95,grocery,credit_card,14,5,1,Paytm Payments Bank,2025-05-19 14:24:00,0,28.2,0.733,0.305,6,219.89,0,1,0,1,D1,D1
B1_00000005,4240.58,crypto,debit_card,14,3,0,SBI,2025-10-19 14:49:00,1,19.9,0.077,0.973,0,642.06,1,1,0,1,B1,B1
E2_00000041,13.02,fuel,debit_card,16,0,0,BOI,2025-08-16 16:02:00,1,52.7,0.294,0.611,3,223.96,0,1,0,1,E2,E2
A2_00000000,49999.86675092048,unknown,UPI,15,1,0,SBI,2025-04-23 04:06:00,0,0.3,0.216,0.907,6,5981.07,1,1,1,1,A2,A2
D1_00000024,515.86,entertainment,UPI,21,2,0,SBI,2025-01-11 21:58:00,1,9.3,0.845,0.159,3,11.98,0,1,0,1,D1,D1
A3_00000182,49999.87925106504,unknown,credit_card,16,4,0,ICICI,2025-08-29 00:44:00,0,0.4,0.219,0.762,0,76.7,1,1,0,1,A3,A3
D2_00000271,4069.77,clothing,debit_card,9,0,0,Paytm Payments Bank,2025-03-15 09:55:00,0,34.5,0.773,0.188,6,25.61,1,1,0,1,D2,D2
D2_00000083,998.05,electronics,UPI,13,0,0,Airtel Payments Bank,2025-05-24 13:43:00,0,36.3,0.825,0.176,6,84.75,0,1,0,1,D2,D2
B1_00000064,2291.15,unknown,credit_card,8,3,0,SBI,2025-04-01 08:00:00,1,58.4,0.068,0.913,2,87.52,1,1,0,1,B1,B1
D1_00000274,56.3,grocery,debit_card,19,6,1,Paytm Payments Bank,2025-02-21 19:07:00,0,67.5,0.788,0.279,2,74.44,0,1,0,1,D1,D1
E1_00000093,417.32,clothing,UPI,15,0,0,Airtel Payments Bank,2025-09-08 15:18:00,1,179.7,0.257,0.452,5,199.03,0,1,0,1,E1,E1
C1_00000148,147.40139382475718,education,UPI,11,2,0,Paytm Payments Bank,2025-01-23 11:49:00,0,57.2,0.991,0.078,0,96.31,1,1,0,1,C1,C1
A3_00000005,499.1237447350351,unknown,UPI,20,4,0,PNB,2025-03-14 12:52:00,0,0.3,0.183,0.863,3,79.32,1,1,1,1,A3,A3
E2_00000148,234.1,electronics,UPI,10,0,0,ICICI,2025-10-28 10:25:00,1,199.2,0.17,0.497,6,159.69,0,1,0,1,E2,E2
A3_00000081,19998.81538185593,unknown,net_banking,15,6,1,Kotak,2025-10-08 11:37:00,0,0.1,0.179,0.93,1,260.64,1,1,0,1,A3,A3
D2_00000165,398.26,pharmacy,debit_card,11,0,0,Axis,2025-01-11 11:13:00,1,63.9,0.694,0.154,1,381.01,0,1,0,1,D2,D2
A2_00000221,99999.66789738154,unknown,debit_card,14,4,0,Airtel Payments Bank,2025-03-13 08:02:00,0,0.2,0.198,0.839,6,243.35,1,1,1,1,A2,A2
A2_00000120,499.54131713919435,unknown,credit_card,20,0,0,Paytm Payments Bank,2025-12-28 02:49:00,0,0.7,0.193,0.685,4,56.05,1,1,1,1,A2,A2
A3_00000028,49999.02236339501,unknown,UPI,21,5,1,Paytm Payments Bank,2025-04-30 15:34:00,0,0.6,0.113,0.629,3,701.45,1,1,1,1,A3,A3
E1_00000226,620.5,electronics,debit_card,20,0,0,Kotak,2025-01-20 20:28:00,1,101.9,0.398,0.591,4,17.72,0,1,0,1,E1,E1
E1_00000076,339.48,restaurant,net_banking,8,3,0,ICICI,2025-12-09 08:54:00,1,186.1,0.193,0.69,2,4724.66,0,1,0,1,E1,E1
B2_00000260,937.82,crypto,credit_card,10,6,1,Airtel Payments Bank,2025-02-27 10:37:00,1,18.1,0.124,0.968,1,1912.1,1,1,0,1,B2,B2
A2_00000123,9999.157027801517,unknown,UPI,10,4,0,Paytm Payments Bank,2025-09-07 09:30:00,0,0.7,0.155,0.764,2,1238.99,1,1,1,1,A2,A2
C1_00000011,147.40139382475718,fuel,debit_card,12,0,0,BOI,2025-12-27 12:54:00,0,41.4,0.939,0.085,2,30.57,1,1,0,1,C1,C1
A2_00000226,19998.155964449343,crypto,UPI,14,5,1,ICICI,2025-11-29 20:06:00,0,0.1,0.246,0.612,3,48.06,1,1,0,1,A2,A2
B3_00000258,49197.16,unknown,UPI,0,4,0,Kotak,2025-12-25 00:32:00,1,53.9,0.065,0.981,14,1147.95,1,1,0,1,B3,B3
A3_00000063,19999.94076141109,online_retail,UPI,21,0,0,Union Bank,2025-03-30 01:02:00,0,0.3,0.251,0.638,4,139.15,1,1,1,1,A3,A3
B1_00000169,3229.05,unknown,debit_card,9,5,1,ICICI,2025-07-28 09:17:00,1,15.1,0.032,0.907,0,1370.34,1,1,0,1,B1,B1
B2_00000187,1979.33,unknown,UPI,18,1,0,SBI,2025-10-23 18:41:00,1,21.7,0.008,0.837,0,132.45,1,1,0,1,B2,B2
B1_00000065,883.44,unknown,credit_card,15,3,0,Paytm Payments Bank,2025-12-27 15:00:00,1,17.1,0.118,0.733,2,134.34,1,1,0,1,B1,B1
A1_00000257,500.38796908629297,unknown,UPI,10,5,1,SBI,2025-08-19 07:56:00,0,0.3,0.173,0.91,0,298.83,1,1,1,1,A1,A1
A1_00000125,500.7936024645275,unknown,debit_card,10,5,1,ICICI,2025-12-24 10:03:00,0,0.3,0.155,0.937,5,35.93,1,1,0,1,A1,A1
A2_00000291,4998.410906724194,crypto,net_banking,20,4,0,Union Bank,2025-02-16 06:08:00,0,0.1,0.11,0.735,4,19.15,1,1,1,1,A2,A2
A1_00000283,9998.329565304131,unknown,credit_card,14,1,0,Union Bank,2025-03-22 19:37:00,0,0.6,0.156,0.61,5,125.06,1,1,0,1,A1,A1
A1_00000119,499.84747488594087,online_retail,UPI,16,4,0,BOI,2025-04-02 00:31:00,0,0.8,0.274,0.94,0,174.17,1,1,0,1,A1,A1
B3_00000032,37382.45,unknown,debit_card,19,1,0,Paytm Payments Bank,2025-07-13 19:15:00,1,25.4,0.133,0.898,16,86.54,1,1,0,1,B3,B3
C2_00000163,15449.13348660162,entertainment,credit_card,7,4,0,Kotak,2025-12-10 07:46:00,0,69.0,0.968,0.11,0,364.32,1,1,0,1,C2,C2
A2_00000046,4999.551113798425,crypto,debit_card,21,5,1,Axis,2025-06-23 02:53:00,0,0.5,0.195,0.786,1,485.63,1,1,0,1,A2,A2
D1_00000228,1915.16,grocery,wallet,17,4,0,ICICI,2025-06-29 17:26:00,0,11.0,0.739,0.261,6,17.59,0,1,0,1,D1,D1
E2_00000089,3920.13,restaurant,UPI,12,3,0,Airtel Payments Bank,2025-04-26 12:35:00,1,128.2,0.214,0.683,1,49.7,0,1,0,1,E2,E2
C2_00000054,15449.13348660162,grocery,debit_card,10,2,0,ICICI,2025-10-25 10:36:00,0,54.6,0.981,0.093,0,138.43,1,1,0,1,C2,C2
B2_00000126,957.58,unknown,UPI,13,2,0,Union Bank,2025-04-04 13:03:00,1,34.4,0.038,0.795,1,110.39,1,1,0,1,B2,B2
A3_00000121,1999.3923982821743,crypto,UPI,14,3,0,Kotak,2025-07-25 20:21:00,0,0.6,0.16,0.81,2,3360.65,1,1,0,1,A3,A3
A3_00000346,998.1492269343856,unknown,UPI,15,2,0,Paytm Payments Bank,2025-02-05 13:52:00,0,0.4,0.114,0.841,3,147.77,1,1,0,1,A3,A3
A2_00000247,99999.8660433351,crypto,UPI,11,5,1,HDFC,2025-11-22 17:41:00,0,0.1,0.186,0.787,5,5.49,1,1,0,1,A2,A2
E2_00000264,276.41,clothing,net_banking,17,4,0,SBI,2025-06-30 17:20:00,1,105.3,0.26,0.608,3,1163.32,0,1,0,1,E2,E2
E1_00000088,53.31,restaurant,debit_card,14,3,0,PNB,2025-09-17 14:31:00,1,142.2,0.228,0.455,3,176.39,0,1,0,1,E1,E1
A1_00000129,1999.1380517085267,unknown,debit_card,11,0,0,Union Bank,2025-12-08 16:36:00,0,0.6,0.21,0.676,4,6.94,1,0,1,1,A1,A1
D2_00000278,28.74,fuel,credit_card,8,2,0,Airtel Payments Bank,2025-06-29 08:11:00,0,3.0,0.63,0.25,3,1486.18,0,1,0,1,D2,D2
B3_00000048,18377.37,unknown,UPI,21,1,0,Paytm Payments Bank,2025-02-09 21:22:00,1,2.8,0.134,0.95,7,172.4,1,1,0,1,B3,B3
A1_00000137,1999.5060999797313,crypto,debit_card,14,0,0,Union Bank,2025-04-01 05:24:00,1,0.3,0.199,0.92,4,631.31,1,1,1,1,A1,A1
B1_00000220,3191.54,unknown,debit_card,7,2,0,Axis,2025-03-04 07:33:00,1,41.8,0.128,0.832,0,348.03,1,1,0,1,B1,B1
B2_00000156,1145.46,crypto,UPI,19,4,0,Kotak,2025-01-10 19:58:00,1,37.5,0.026,0.855,2,50.82,1,1,0,1,B2,B2
D1_00000227,20.68,entertainment,debit_card,21,2,0,SBI,2025-03-06 21:23:00,1,47.7,0.661,0.206,5,53.95,1,1,0,1,D1,D1
B3_00000328,23148.39,unknown,debit_card,14,5,1,BOI,2025-07-06 14:34:00,1,5.5,0.032,0.918,14,582.26,1,1,0,1,B3,B3
E1_00000018,4371.36,pharmacy,net_banking,9,5,1,Paytm Payments Bank,2025-06-28 09:42:00,1,147.2,0.296,0.561,2,39.08,0,1,0,1,E1,E1
A1_00000228,499.00979882997717,unknown,credit_card,14,2,0,Paytm Payments Bank,2025-09-08 10:12:00,0,0.8,0.135,0.742,6,33.77,1,1,1,1,A1,A1
D2_00000324,1350.53,travel,credit_card,21,2,0,ICICI,2025-01-29 21:24:00,0,30.5,0.617,0.265,6,52.42,1,1,0,1,D2,D2
D1_00000124,87.84,clothing,UPI,12,2,0,Union Bank,2025-11-24 12:31:00,0,53.4,0.777,0.204,2,207.89,0,1,0,1,D1,D1
D2_00000042,30.42,pharmacy,UPI,9,2,0,BOI,2025-03-20 09:03:00,0,19.7,0.819,0.264,4,48.45,1,1,0,1,D2,D2
B3_00000116,54145.62,unknown,debit_card,11,3,0,BOI,2025-01-28 11:25:00,1,31.1,0.19,0.884,8,42.89,1,1,0,1,B3,B3
C2_00000283,15449.13348660162,healthcare,debit_card,15,3,0,Airtel Payments Bank,2025-11-22 15:29:00,0,0.1,0.974,0.03,0,139.66,1,1,0,1,C2,C2
A3_00000156,49999.491999581005,unknown,net_banking,10,2,0,SBI,2025-09-12 16:14:00,0,0.1,0.297,0.937,0,63.08,1,1,1,1,A3,A3
D1_00000347,2.57,grocery,UPI,8,0,0,Kotak,2025-06-15 08:29:00,0,13.7,0.822,0.264,1,320.09,0,1,0,1,D1,D1
A2_00000263,4998.140316620599,unknown,UPI,14,3,0,Kotak,2025-10-27 20:47:00,0,0.8,0.248,0.742,7,110.23,1,1,1,1,A2,A2
A2_00000142,998.5388359649829,unknown,debit_card,9,0,0,SBI,2025-01-29 21:15:00,0,0.7,0.109,0.919,4,33.7,1,1,1,1,A2,A2
C2_00000176,15449.13348660162,pharmacy,UPI,11,3,0,BOI,2025-07-17 11:40:00,0,46.5,0.903,0.021,1,1014.21,1,1,0,1,C2,C2
C1_00000348,147.40139382475718,pharmacy,debit_card,13,0,0,HDFC,2025-12-07 13:04:00,0,69.3,0.923,0.097,0,55.25,1,1,0,1,C1,C1
C1_00000156,147.40139382475718,grocery,UPI,20,4,0,Kotak,2025-02-19 20:25:00,0,47.3,0.899,0.052,2,1196.89,1,1,0,1,C1,C1
A1_00000151,4998.35081949997,crypto,net_banking,9,2,0,Airtel Payments Bank,2025-09-03 20:42:00,0,0.4,0.119,0.828,6,150.96,1,1,0,1,A1,A1
C2_00000206,15449.13348660162,grocery,debit_card,19,3,0,Union Bank,2025-01-25 19:29:00,0,20.4,0.881,0.089,0,38.73,1,1,0,1,C2,C2
C1_00000082,147.40139382475718,clothing,UPI,11,4,0,Axis,2025-12-11 11:14:00,0,59.1,0.914,0.022,0,396.91,1,1,0,1,C1,C1
C1_00000200,147.40139382475718,restaurant,credit_card,10,3,0,SBI,2025-07-11 10:35:00,0,57.4,0.996,0.021,0,49.76,1,1,0,1,C1,C1
D1_00000248,458.21,utilities,UPI,19,0,0,Airtel Payments Bank,2025-04-11 19:56:00,1,49.8,0.756,0.34,0,13.73,0,1,0,1,D1,D1
B1_00000012,4577.73,crypto,net_banking,17,2,0,SBI,2025-04-04 17:16:00,1,53.1,0.045,0.945,1,178.56,1,1,0,1,B1,B1
E1_00000149,519.37,utilities,credit_card,22,0,0,Paytm Payments Bank,2025-02-23 22:27:00,1,186.4,0.375,0.633,1,28.77,0,1,0,1,E1,E1
D1_00000152,645.67,grocery,credit_card,6,1,0,Union Bank,2025-01-30 06:33:00,0,20.0,0.822,0.31,1,38.05,0,1,0,1,D1,D1
A1_00000144,4999.725899997166,unknown,UPI,11,1,0,Union Bank,2025-08-18 18:04:00,0,0.8,0.153,0.893,6,593.04,1,1,0,1,A1,A1
A3_00000309,49998.76657537921,online_retail,UPI,10,0,0,Axis,2025-05-06 07:25:00,0,0.4,0.116,0.817,5,11.34,1,1,1,1,A3,A3
A3_00000025,500.5642569605663,unknown,net_banking,15,5,1,Axis,2025-09-18 11:54:00,0,0.1,0.168,0.646,4,243.42,1,1,1,1,A3,A3
B3_00000273,12785.04,unknown,credit_card,3,3,0,Paytm Payments Bank,2025-12-24 03:57:00,1,29.6,0.132,0.91,10,407.82,1,1,0,1,B3,B3
B3_00000323,16046.59,unknown,net_banking,16,3,0,BOI,2025-05-30 16:00:00,1,19.3,0.062,0.84,15,58.79,1,1,0,1,B3,B3
B2_00000347,1025.76,crypto,UPI,22,2,0,PNB,2025-12-17 22:09:00,1,55.1,0.101,0.77,0,17.25,1,1,0,1,B2,B2
D2_00000138,34.13,fuel,credit_card,9,6,1,HDFC,2025-11-22 09:46:00,0,15.9,0.721,0.184,6,11.74,0,1,0,1,D2,D2
E1_00000210,82.89,pharmacy,net_banking,19,1,0,Axis,2025-12-26 19:40:00,1,125.5,0.177,0.609,1,254.95,0,1,0,1,E1,E1
D1_00000057,139.67,restaurant,wallet,10,4,0,BOI,2025-08-31 10:04:00,0,32.8,0.742,0.298,7,75.51,0,1,0,1,D1,D1
B2_00000190,2458.86,unknown,UPI,10,3,0,Paytm Payments Bank,2025-12-06 10:43:00,1,27.6,0.133,0.974,2,374.55,1,1,0,1,B2,B2
C1_00000278,147.40139382475718,grocery,UPI,10,0,0,HDFC,2025-07-15 10:12:00,0,9.4,0.901,0.116,2,81.22,0,1,0,1,C1,C1
B3_00000275,26537.26,unknown,debit_card,6,4,0,Airtel Payments Bank,2025-12-12 06:03:00,1,61.8,0.037,0.887,8,76.19,1,1,0,1,B3,B3
A1_00000138,19998.878457863717,unknown,debit_card,11,3,0,ICICI,2025-02-19 21:08:00,0,0.6,0.264,0.666,0,279.55,1,1,0,1,A1,A1
A1_00000035,9998.35445348095,unknown,net_banking,15,5,1,PNB,2025-04-04 10:35:00,0,0.3,0.2,0.83,0,190.62,1,1,1,1,A1,A1
D1_00000088,238.18,restaurant,UPI,10,2,0,Union Bank,2025-11-05 10:02:00,0,62.8,0.745,0.317,4,377.18,0,1,0,1,D1,D1
A2_00000233,1998.7380348971762,unknown,UPI,10,2,0,BOI,2025-04-16 11:37:00,0,0.1,0.276,0.681,4,42.02,1,1,0,1,A2,A2
C2_00000239,15449.13348660162,entertainment,credit_card,16,2,0,Union Bank,2025-03-25 16:37:00,0,48.2,0.926,0.084,0,677.93,0,1,0,1,C2,C2
E1_00000317,180.42,entertainment,UPI,11,0,0,SBI,2025-06-24 11:37:00,1,78.0,0.113,0.528,1,85.07,0,1,0,1,E1,E1
E2_00000274,184.53,clothing,UPI,3,3,0,ICICI,2025-06-25 03:05:00,1,63.3,0.282,0.769,7,2276.05,0,1,0,1,E2,E2
D1_00000000,882.13,utilities,UPI,22,1,0,Axis,2025-02-02 22:35:00,0,55.2,0.694,0.151,0,67.36,1,1,0,1,D1,D1
B1_00000290,1042.62,crypto,UPI,19,6,1,BOI,2025-04-05 19:16:00,1,69.4,0.115,0.903,0,592.7,1,1,0,1,B1,B1
C2_00000186,15449.13348660162,utilities,debit_card,8,6,1,BOI,2025-08-14 08:36:00,0,26.6,0.875,0.045,0,546.05,1,1,0,1,C2,C2
D1_00000318,157.3,grocery,debit_card,10,1,0,SBI,2025-05-05 10:23:00,0,13.7,0.647,0.213,0,498.76,0,1,0,1,D1,D1
C1_00000152,147.40139382475718,healthcare,UPI,12,1,0,SBI,2025-01-28 12:30:00,0,63.3,0.906,0.052,0,239.27,1,1,0,1,C1,C1
B2_00000319,1678.92,unknown,net_banking,20,4,0,HDFC,2025-09-28 20:47:00,1,36.9,0.06,0.888,0,5941.41,1,1,0,1,B2,B2
C1_00000104,147.40139382475718,utilities,debit_card,17,6,1,Union Bank,2025-09-14 17:46:00,1,28.5,0.894,0.107,1,274.22,1,1,0,1,C1,C1
A1_00000245,99999.05656488011,unknown,credit_card,10,2,0,Paytm Payments Bank,2025-04-25 20:23:00,0,0.1,0.107,0.678,6,196.72,1,1,0,1,A1,A1
C1_00000131,147.40139382475718,fuel,UPI,13,0,0,Axis,2025-01-19 13:21:00,0,66.8,0.894,0.089,0,1375.48,0,1,0,1,C1,C1
B3_00000325,21275.6,unknown,UPI,16,0,0,ICICI,2025-06-30 16:56:00,1,68.5,0.027,0.947,18,12.43,1,1,0,1,B3,B3
B2_00000001,3253.32,unknown,UPI,9,4,0,Union Bank,2025-01-29 09:13:00,1,23.4,0.038,0.794,2,58.53,1,1,0,1,B2,B2
C1_00000077,147.40139382475718,pharmacy,UPI,20,3,0,BOI,2025-03-15 20:06:00,1,6.5,0.917,0.043,1,225.12,1,1,0,1,C1,C1
E2_00000224,247.07,pharmacy,UPI,14,4,0,Kotak,2025-12-14 14:00:00,1,167.9,0.241,0.755,7,412.18,0,1,0,1,E2,E2
D2_00000099,63.89,utilities,UPI,14,6,1,Axis,2025-10-28 14:47:00,0,19.7,0.68,0.327,5,376.61,0,1,0,1,D2,D2
C1_00000177,147.40139382475718,grocery,UPI,18,0,0,BOI,2025-02-28 18:05:00,0,45.1,0.936,0.051,0,653.31,0,1,0,1,C1,C1
C1_00000331,147.40139382475718,electronics,UPI,22,0,0,BOI,2025-08-08 22:17:00,1,70.2,0.932,0.049,1,282.58,1,1,0,1,C1,C1
A1_00000148,998.172024872122,unknown,debit_card,15,1,0,Axis,2025-04-17 14:09:00,0,0.5,0.154,0.642,0,45.04,1,1,0,1,A1,A1
D1_00000302,462.47,restaurant,UPI,10,1,0,ICICI,2025-05-26 10:47:00,1,11.0,0.708,0.291,2,46.0,1,1,0,1,D1,D1
B2_00000152,4519.34,unknown,credit_card,9,6,1,Union Bank,2025-12-09 09:47:00,1,50.3,0.123,0.848,2,170.71,1,1,0,1,B2,B2
D1_00000081,1247.61,grocery,credit_card,20,5,1,PNB,2025-07-25 20:39:00,0,20.2,0.816,0.255,7,428.96,1,1,0,1,D1,D1
D1_00000269,254.85,restaurant,debit_card,18,4,0,Airtel Payments Bank,2025-02-26 18:08:00,0,64.0,0.625,0.169,5,526.35,0,1,0,1,D1,D1
B3_00000053,31105.55,unknown,UPI,22,3,0,ICICI,2025-12-18 22:17:00,1,10.1,0.081,0.87,5,4.07,1,1,0,1,B3,B3
B2_00000229,1821.15,unknown,debit_card,8,2,0,SBI,2025-11-30 08:43:00,1,38.3,0.071,0.989,0,32.1,1,1,0,1,B2,B2
B3_00000295,25182.0,unknown,credit_card,12,5,1,SBI,2025-01-14 12:15:00,1,71.3,0.131,0.916,9,3164.7,1,1,0,1,B3,B3
A2_00000001,49999.89355075858,unknown,debit_card,11,3,0,Airtel Payments Bank,2025-12-09 21:53:00,0,0.9,0.193,0.646,0,425.99,1,1,0,1,A2,A2
D2_00000292,1.66,travel,net_banking,20,0,0,Paytm Payments Bank,2025-05-08 20:54:00,0,4.6,0.628,0.221,5,195.19,1,1,0,1,D2,D2
C1_00000060,147.40139382475718,restaurant,debit_card,22,4,0,HDFC,2025-08-28 22:54:00,0,7.4,0.855,0.084,1,2954.68,0,1,0,1,C1,C1
C2_00000103,15449.13348660162,travel,debit_card,13,4,0,PNB,2025-08-04 13:18:00,0,43.7,0.935,0.102,1,13.0,1,1,0,1,C2,C2
D2_00000214,186.48,restaurant,net_banking,21,6,1,HDFC,2025-09-12 21:27:00,0,5.4,0.783,0.27,5,9.79,0,1,0,1,D2,D2
E1_00000234,181.27,grocery,debit_card,15,6,1,BOI,2025-10-10 15:06:00,1,126.8,0.248,0.627,6,59.02,0,1,0,1,E1,E1
B1_00000042,635.8,unknown,debit_card,11,0,0,Airtel Payments Bank,2025-08-31 11:02:00,1,3.5,0.01,0.837,1,7.83,1,1,0,1,B1,B1
A3_00000104,499.1944504809698,unknown,debit_card,15,6,1,HDFC,2025-07-19 17:51:00,0,0.1,0.108,0.702,5,57.03,1,1,0,1,A3,A3
A1_00000211,9998.782587514157,crypto,debit_card,11,1,0,Kotak,2025-11-26 14:42:00,0,0.3,0.232,0.886,5,161.86,1,1,1,1,A1,A1
B3_00000294,15274.72,unknown,UPI,3,0,0,BOI,2025-10-05 03:17:00,1,13.7,0.154,0.983,8,329.95,1,1,1,1,B3,B3
A2_00000297,499.39657398631084,online_retail,debit_card,14,6,1,Axis,2025-05-18 04:01:00,0,0.1,0.173,0.897,4,28.64,1,1,1,1,A2,A2
E1_00000173,53.52,grocery,debit_card,12,6,1,Axis,2025-05-03 12:07:00,1,101.4,0.289,0.719,0,66.52,0,0,0,1,E1,E1
B2_00000180,3021.78,unknown,debit_card,6,3,0,Axis,2025-11-25 06:27:00,1,54.3,0.122,0.809,0,268.83,1,1,0,1,B2,B2
D1_00000292,58.89,clothing,debit_card,10,0,0,Union Bank,2025-12-10 10:01:00,0,44.4,0.608,0.308,0,386.2,1,1,0,1,D1,D1
C1_00000120,147.40139382475718,restaurant,UPI,18,5,1,SBI,2025-06-24 18:01:00,0,42.1,0.856,0.115,0,477.08,0,1,0,1,C1,C1
D1_00000067,123.2,pharmacy,credit_card,4,1,0,PNB,2025-05-21 04:36:00,0,18.7,0.75,0.226,6,65.42,0,1,0,1,D1,D1
A1_00000278,19998.737643033393,crypto,credit_card,15,6,1,Paytm Payments Bank,2025-01-11 18:49:00,0,0.0,0.149,0.603,6,264.14,1,1,1,1,A1,A1
B2_00000008,4277.46,unknown,net_banking,2,3,0,Airtel Payments Bank,2025-12-01 02:11:00,1,35.9,0.109,0.741,2,185.0,1,1,0,1,B2,B2
B2_00000279,999.93,unknown,credit_card,12,5,1,Union Bank,2025-11-05 12:28:00,1,69.8,0.101,0.95,1,550.13,1,1,0,1,B2,B2
E1_00000320,33.72,fuel,debit_card,6,1,0,Paytm Payments Bank,2025-04-18 06:35:00,1,164.9,0.376,0.5,6,4.6,0,1,0,1,E1,E1
E1_00000030,912.11,entertainment,UPI,7,5,1,Axis,2025-05-18 07:31:00,1,68.7,0.222,0.654,4,38.77,0,1,0,1,E1,E1
B3_00000138,25117.88,unknown,UPI,11,2,0,HDFC,2025-08-11 11:15:00,1,11.8,0.165,0.888,9,278.04,1,1,0,1,B3,B3
B1_00000340,2971.56,unknown,credit_card,12,6,1,Paytm Payments Bank,2025-02-01 12:24:00,1,56.2,0.117,0.736,1,31.66,1,1,0,1,B1,B1
A3_00000049,9999.644635389486,online_retail,debit_card,10,4,0,HDFC,2025-06-29 17:31:00,0,1.0,0.235,0.723,4,217.84,1,1,1,1,A3,A3
A1_00000090,1998.8348962244088,online_retail,UPI,14,4,0,Paytm Payments Bank,2025-11-05 07:07:00,0,0.0,0.283,0.884,1,240.89,1,1,1,1,A1,A1
A3_00000210,500.93645110302157,unknown,UPI,20,2,0,ICICI,2025-03-01 12:44:00,0,0.2,0.15,0.756,1,198.11,1,1,1,1,A3,A3
B3_00000013,24686.75,unknown,UPI,18,4,0,HDFC,2025-06-09 18:37:00,1,67.9,0.162,0.952,18,122.69,1,1,0,1,B3,B3
A1_00000072,4999.827381525415,unknown,UPI,16,0,0,Union Bank,2025-08-02 07:59:00,0,0.4,0.295,0.666,7,115.37,1,1,0,1,A1,A1
B3_00000003,30132.61,unknown,net_banking,19,5,1,PNB,2025-06-01 19:26:00,1,7.5,0.001,0.884,16,28.08,1,1,0,1,B3,B3
D1_00000177,1152.16,entertainment,UPI,19,6,1,Kotak,2025-04-16 19:27:00,0,25.3,0.637,0.313,0,782.18,1,1,0,1,D1,D1
C2_00000290,15449.13348660162,grocery,credit_card,8,5,1,Union Bank,2025-05-07 08:18:00,0,48.6,0.991,0.072,1,117.57,1,1,0,1,C2,C2
A1_00000041,500.74704526224144,crypto,UPI,10,2,0,Axis,2025-05-19 06:35:00,1,0.8,0.236,0.604,0,68.65,1,1,1,1,A1,A1
B3_00000243,38464.77,unknown,net_banking,18,4,0,Kotak,2025-08-03 18:13:00,1,20.3,0.164,0.876,9,4.11,1,1,0,1,B3,B3
C2_00000314,15449.13348660162,clothing,UPI,9,5,1,HDFC,2025-11-26 09:16:00,0,26.3,0.97,0.093,2,90.77,1,1,0,1,C2,C2
C2_00000172,15449.13348660162,grocery,UPI,19,2,0,ICICI,2025-02-20 19:31:00,0,35.5,0.926,0.117,1,3861.01,1,1,0,1,C2,C2
A1_00000067,19999.60183407322,online_retail,credit_card,16,1,0,SBI,2025-11-07 17:21:00,0,0.5,0.163,0.932,7,24.4,1,1,0,1,A1,A1
A3_00000264,499.96021883548,crypto,debit_card,21,5,1,Paytm Payments Bank,2025-05-24 07:33:00,0,0.6,0.265,0.734,5,212.84,1,1,0,1,A3,A3
B2_00000298,3065.33,unknown,UPI,8,2,0,ICICI,2025-06-07 08:46:00,1,36.1,0.041,0.98,2,277.59,1,1,0,1,B2,B2
E2_00000164,5095.68,education,UPI,18,0,0,Kotak,2025-05-18 18:51:00,1,115.0,0.34,0.648,7,106.3,0,1,0,1,E2,E2
A2_00000038,999.3751483424815,crypto,credit_card,14,3,0,Union Bank,2025-03-28 18:06:00,0,0.1,0.106,0.923,6,931.22,1,1,0,1,A2,A2
C2_00000028,15449.13348660162,grocery,credit_card,9,3,0,Union Bank,2025-09-27 09:56:00,1,3.2,0.933,0.097,1,169.24,1,1,0,1,C2,C2
D2_00000046,144.74,electronics,UPI,21,5,1,Kotak,2025-02-27 21:41:00,0,9.8,0.799,0.212,6,112.9,0,1,0,1,D2,D2
B1_00000196,4254.68,crypto,debit_card,7,4,0,BOI,2025-04-06 07:26:00,1,65.5,0.089,0.861,2,109.77,1,1,0,1,B1,B1
E2_00000195,402.43,healthcare,credit_card,11,5,1,Union Bank,2025-05-14 11:11:00,1,52.5,0.116,0.739,2,73.8,0,1,0,1,E2,E2
C2_00000253,15449.13348660162,online_retail,UPI,9,0,0,PNB,2025-01-18 09:29:00,0,53.0,0.879,0.087,1,610.59,1,1,0,1,C2,C2
D2_00000268,8131.6,fuel,net_banking,18,5,1,HDFC,2025-04-22 18:41:00,0,40.7,0.833,0.206,2,8.44,0,1,0,1,D2,D2
C2_00000308,15449.13348660162,pharmacy,UPI,15,2,0,HDFC,2025-10-01 15:16:00,0,13.9,0.968,0.031,0,35.14,1,1,0,1,C2,C2
A3_00000252,99999.22983328262,unknown,UPI,11,3,0,Kotak,2025-06-25 19:26:00,0,0.6,0.109,0.796,3,50.21,1,1,1,1,A3,A3
A1_00000259,1999.4657721537174,crypto,debit_card,20,3,0,SBI,2025-12-05 15:28:00,0,0.5,0.152,0.869,0,58.74,1,1,0,1,A1,A1
A3_00000211,4998.754657058529,unknown,UPI,14,3,0,Paytm Payments Bank,2025-12-20 10:16:00,0,0.8,0.177,0.66,5,279.01,1,1,1,1,A3,A3
E2_00000034,77.68,grocery,credit_card,15,4,0,Union Bank,2025-07-10 15:45:00,1,67.6,0.182,0.611,1,3.73,0,1,0,1,E2,E2
A3_00000273,19998.90577413319,unknown,credit_card,21,3,0,Paytm Payments Bank,2025-08-16 20:43:00,0,0.7,0.169,0.941,6,16.6,1,1,1,1,A3,A3
A3_00000255,99998.70227885264,crypto,wallet,20,3,0,ICICI,2025-03-09 22:17:00,0,0.3,0.145,0.944,0,27.44,1,1,1,1,A3,A3
A3_00000043,1998.2355932811392,unknown,debit_card,14,1,0,PNB,2025-03-08 04:35:00,1,0.2,0.135,0.851,0,3.78,1,1,1,1,A3,A3
D1_00000105,358.63,grocery,UPI,15,4,0,HDFC,2025-12-29 15:32:00,0,43.2,0.801,0.299,6,4.81,1,1,0,1,D1,D1
B2_00000318,3585.25,unknown,debit_card,8,0,0,SBI,2025-06-11 08:37:00,1,47.0,0.137,0.974,0,555.97,1,1,0,1,B2,B2
B3_00000256,16255.44,unknown,debit_card,18,6,1,Axis,2025-11-07 18:54:00,1,68.3,0.147,0.964,18,94.91,1,1,0,1,B3,B3
A2_00000054,19998.31898453422,unknown,credit_card,15,5,1,Kotak,2025-02-14 11:04:00,0,0.3,0.205,0.87,1,620.51,1,1,0,1,A2,A2
D2_00000154,229.53,fuel,credit_card,11,1,0,SBI,2025-03-27 11:39:00,1,54.4,0.734,0.33,1,92.73,0,1,0,1,D2,D2
C2_00000007,15449.13348660162,grocery,UPI,9,2,0,PNB,2025-09-16 09:37:00,0,50.5,0.881,0.015,0,56.45,1,1,0,1,C2,C2
B3_00000292,23002.23,unknown,UPI,15,4,0,Union Bank,2025-10-16 15:14:00,1,0.1,0.129,0.822,11,36.23,1,1,0,1,B3,B3
B2_00000285,2998.44,crypto,UPI,12,6,1,Airtel Payments Bank,2025-10-29 12:07:00,1,25.0,0.044,0.879,1,6.02,1,1,0,1,B2,B2
B2_00000323,1095.17,unknown,credit_card,9,4,0,Axis,2025-02-06 09:31:00,1,50.7,0.062,0.957,0,54.96,1,1,0,1,B2,B2
C2_00000037,15449.13348660162,travel,credit_card,9,4,0,BOI,2025-03-31 09:51:00,0,36.2,0.972,0.001,2,240.07,0,1,0,1,C2,C2
A3_00000291,998.9097182914297,unknown,UPI,11,5,1,Kotak,2025-04-24 20:23:00,0,0.2,0.154,0.893,7,41.29,1,1,1,1,A3,A3
D1_00000313,7373.84,grocery,debit_card,11,3,0,PNB,2025-03-07 11:31:00,0,71.4,0.82,0.165,1,51.52,0,1,0,1,D1,D1
B1_00000200,4296.82,unknown,credit_card,19,0,0,Axis,2025-10-31 19:52:00,1,12.8,0.094,0.735,1,721.57,1,1,0,1,B1,B1
D2_00000034,2425.5,travel,UPI,14,5,1,Union Bank,2025-03-28 14:53:00,0,25.5,0.722,0.152,3,162.5,1,1,0,1,D2,D2
A2_00000209,1999.1719625896621,online_retail,debit_card,9,2,0,Airtel Payments Bank,2025-07-16 20:30:00,0,0.4,0.111,0.875,5,29.19,1,1,0,1,A2,A2
B3_00000286,9990.38,unknown,net_banking,7,6,1,Kotak,2025-09-17 07:15:00,1,70.5,0.044,0.975,14,970.72,1,1,0,1,B3,B3
D1_00000164,1097.93,education,debit_card,20,4,0,BOI,2025-03-20 20:18:00,0,35.2,0.601,0.231,7,158.63,1,1,0,1,D1,D1
D2_00000073,128.61,fuel,UPI,15,6,1,BOI,2025-06-27 15:07:00,0,18.6,0.717,0.22,4,387.39,1,1,0,1,D2,D2
C1_00000081,147.40139382475718,fuel,credit_card,18,6,1,Airtel Payments Bank,2025-09-29 18:38:00,0,39.7,0.857,0.09,0,17.36,1,1,0,1,C1,C1
D1_00000108,684.08,utilities,credit_card,11,5,1,Axis,2025-09-28 11:43:00,0,14.9,0.804,0.234,3,198.82,0,1,0,1,D1,D1
C1_00000032,147.40139382475718,education,UPI,19,5,1,Airtel Payments Bank,2025-12-22 19:33:00,0,14.2,0.853,0.05,1,142.4,1,1,0,1,C1,C1
A1_00000071,1999.3102421279827,crypto,net_banking,16,6,1,PNB,2025-12-10 18:30:00,1,0.6,0.115,0.882,1,136.56,1,1,1,1,A1,A1
C1_00000227,147.40139382475718,clothing,UPI,7,0,0,BOI,2025-09-04 07:49:00,0,9.6,0.931,0.048,2,147.55,0,1,0,1,C1,C1
E2_00000256,103.8,restaurant,credit_card,19,5,1,ICICI,2025-12-05 19:26:00,1,142.2,0.324,0.668,0,212.7,0,1,0,1,E2,E2
E2_00000013,27.29,fuel,debit_card,15,2,0,Paytm Payments Bank,2025-08-30 15:51:00,1,49.3,0.261,0.484,2,52.29,0,1,0,1,E2,E2
B2_00000103,2740.87,crypto,net_banking,1,2,0,Kotak,2025-01-10 01:57:00,1,47.7,0.126,0.92,0,113.28,1,1,0,1,B2,B2
D2_00000124,109.71,entertainment,UPI,18,2,0,HDFC,2025-12-10 18:22:00,0,53.1,0.794,0.194,2,668.77,0,1,0,1,D2,D2
D1_00000071,705.38,fuel,UPI,18,3,0,Airtel Payments Bank,2025-06-23 18:17:00,1,36.8,0.688,0.246,5,1452.58,1,1,0,1,D1,D1
C2_00000117,15449.13348660162,travel,UPI,20,4,0,Union Bank,2025-10-22 20:03:00,0,70.8,0.949,0.013,0,234.58,0,1,0,1,C2,C2
C2_00000030,15449.13348660162,restaurant,credit_card,22,2,0,BOI,2025-02-24 22:53:00,1,22.2,0.985,0.044,0,64.72,1,1,0,1,C2,C2
A2_00000237,99998.3141561217,crypto,credit_card,15,3,0,ICICI,2025-07-22 10:40:00,0,0.0,0.295,0.78,3,47.81,1,1,1,1,A2,A2
C2_00000032,15449.13348660162,education,credit_card,0,4,0,Paytm Payments Bank,2025-02-28 00:20:00,0,53.4,0.926,0.107,1,4731.98,1,1,0,1,C2,C2
A1_00000103,999.9593774170194,crypto,UPI,21,1,0,Airtel Payments Bank,2025-06-24 19:03:00,0,0.4,0.166,0.618,3,60.36,1,1,1,1,A1,A1
A3_00000132,99999.41087085898,unknown,net_banking,9,6,1,Paytm Payments Bank,2025-02-16 14:51:00,0,0.4,0.132,0.763,7,136.85,1,0,0,1,A3,A3
A1_00000266,499.39096502595316,unknown,debit_card,9,6,1,Airtel Payments Bank,2025-08-09 19:21:00,0,0.5,0.279,0.872,3,724.25,1,1,1,1,A1,A1
A3_00000069,19999.503982291724,crypto,credit_card,9,3,0,SBI,2025-09-22 19:59:00,0,0.7,0.209,0.727,7,2015.68,1,1,0,1,A3,A3
A1_00000323,4998.856049038088,online_retail,UPI,16,4,0,SBI,2025-01-06 22:23:00,0,0.8,0.278,0.751,4,277.83,1,1,1,1,A1,A1
E1_00000158,361.44,restaurant,UPI,10,4,0,Union Bank,2025-01-28 10:08:00,1,137.7,0.372,0.639,5,1006.0,0,1,0,1,E1,E1
A1_00000327,99999.88341231106,unknown,UPI,21,6,1,Kotak,2025-09-28 14:50:00,0,0.3,0.169,0.939,5,315.88,1,1,1,1,A1,A1
B3_00000250,18953.37,unknown,UPI,8,4,0,ICICI,2025-06-15 08:11:00,1,34.6,0.04,0.892,9,426.63,1,1,0,1,B3,B3
C2_00000140,15449.13348660162,travel,credit_card,20,2,0,Axis,2025-08-11 20:36:00,0,19.4,0.889,0.077,0,107.44,1,1,0,1,C2,C2
C2_00000001,15449.13348660162,restaurant,UPI,6,2,0,Paytm Payments Bank,2025-08-05 06:42:00,0,41.3,0.904,0.08,0,36.92,1,1,0,1,C2,C2
B1_00000298,4125.62,unknown,UPI,15,4,0,PNB,2025-07-27 15:40:00,1,7.0,0.097,0.895,0,204.29,1,1,0,1,B1,B1
A2_00000292,4999.11938100408,unknown,UPI,15,1,0,Union Bank,2025-03-07 16:23:00,0,0.0,0.221,0.62,0,333.92,1,1,0,1,A2,A2
E1_00000070,1147.49,pharmacy,net_banking,20,1,0,Kotak,2025-11-12 20:28:00,1,143.4,0.141,0.468,7,83.03,0,1,0,1,E1,E1
A2_00000344,19998.259231659893,online_retail,wallet,11,3,0,Paytm Payments Bank,2025-09-11 13:59:00,0,0.8,0.202,0.617,3,57.57,1,1,1,1,A2,A2
B1_00000016,2830.85,unknown,UPI,13,4,0,ICICI,2025-09-13 13:50:00,1,25.3,0.083,0.943,0,345.26,1,1,0,1,B1,B1
D1_00000267,680.53,healthcare,UPI,20,2,0,ICICI,2025-03-14 20:45:00,0,50.9,0.625,0.309,7,643.43,0,1,0,1,D1,D1
A3_00000064,19998.931677812398,unknown,credit_card,9,2,0,PNB,2025-11-17 19:07:00,0,0.5,0.256,0.68,2,100.9,1,1,1,1,A3,A3
A2_00000255,19999.016312288783,online_retail,UPI,14,5,1,HDFC,2025-02-05 08:05:00,0,0.5,0.121,0.761,4,47.39,1,1,0,1,A2,A2
D2_00000146,253.3,fuel,debit_card,18,4,0,ICICI,2025-01-11 18:27:00,0,62.2,0.722,0.156,7,25.15,1,1,0,1,D2,D2
B1_00000095,4915.99,unknown,UPI,10,4,0,Paytm Payments Bank,2025-10-29 10:58:00,1,28.7,0.137,0.778,2,90.79,1,1,0,1,B1,B1
B3_00000281,13954.2,unknown,credit_card,8,4,0,Axis,2025-06-28 08:58:00,1,7.1,0.094,0.941,5,1039.37,1,1,0,1,B3,B3
B1_00000034,4313.44,unknown,credit_card,19,6,1,SBI,2025-11-23 19:03:00,1,20.7,0.002,0.925,0,398.05,1,1,0,1,B1,B1
B3_00000299,31580.17,unknown,UPI,19,1,0,ICICI,2025-05-13 19:01:00,1,58.6,0.017,0.915,13,203.94,1,1,0,1,B3,B3
B3_00000165,15254.46,unknown,UPI,15,4,0,Kotak,2025-03-15 15:24:00,1,9.4,0.071,0.869,19,345.61,1,1,0,1,B3,B3
D2_00000252,270.63,restaurant,UPI,13,5,1,Kotak,2025-04-05 13:29:00,1,29.8,0.836,0.345,1,51.88,0,1,0,1,D2,D2
C1_00000219,147.40139382475718,education,credit_card,9,4,0,SBI,2025-09-18 09:22:00,0,28.6,0.953,0.074,1,190.06,1,1,0,1,C1,C1
C2_00000173,15449.13348660162,electronics,credit_card,12,0,0,BOI,2025-05-25 12:39:00,0,68.8,0.911,0.073,0,95.16,0,1,0,1,C2,C2
E1_00000108,621.0,fuel,UPI,10,2,0,Axis,2025-12-13 10:06:00,1,147.9,0.374,0.703,0,36.1,0,1,0,1,E1,E1
A1_00000057,19999.014939721088,unknown,debit_card,10,4,0,Axis,2025-09-11 20:59:00,1,0.6,0.217,0.7,7,56.67,1,1,0,1,A1,A1
D1_00000198,3786.61,utilities,credit_card,19,6,1,HDFC,2025-03-28 19:32:00,0,27.0,0.761,0.245,0,256.54,0,1,0,1,D1,D1
B2_00000349,848.53,unknown,UPI,10,6,1,Paytm Payments Bank,2025-09-24 10:47:00,1,49.7,0.102,0.871,2,123.95,1,1,0,1,B2,B2
A3_00000343,19999.648424203035,unknown,UPI,20,2,0,Paytm Payments Bank,2025-06-09 16:48:00,0,0.0,0.289,0.63,4,221.52,1,1,1,1,A3,A3
A3_00000183,99998.68287247962,crypto,credit_card,20,5,1,Axis,2025-10-14 09:19:00,0,0.8,0.201,0.862,7,68.97,1,1,1,1,A3,A3
B2_00000333,2634.21,crypto,debit_card,10,6,1,Kotak,2025-01-05 10:10:00,1,24.9,0.131,0.983,1,993.21,1,1,0,1,B2,B2
D2_00000279,558.56,restaurant,UPI,20,1,0,ICICI,2025-01-15 20:10:00,0,40.3,0.728,0.194,4,648.15,1,1,0,1,D2,D2
E1_00000109,366.31,travel,credit_card,20,4,0,Axis,2025-11-07 20:00:00,1,86.2,0.216,0.678,1,1444.62,1,1,0,1,E1,E1
B2_00000270,4674.33,unknown,UPI,9,6,1,Airtel Payments Bank,2025-07-12 09:28:00,1,39.4,0.06,0.955,1,45.07,1,1,0,1,B2,B2
C2_00000016,15449.13348660162,fuel,debit_card,16,4,0,Paytm Payments Bank,2025-09-30 16:52:00,0,47.4,0.944,0.016,1,427.71,0,1,0,1,C2,C2
B3_00000326,13413.38,unknown,wallet,21,3,0,Paytm Payments Bank,2025-05-24 21:06:00,1,51.1,0.193,0.828,10,374.77,1,1,0,1,B3,B3
B2_00000028,3534.35,crypto,UPI,9,6,1,ICICI,2025-05-29 09:26:00,1,47.6,0.149,0.802,1,51.35,1,1,0,1,B2,B2
E1_00000050,22.98,travel,debit_card,5,2,0,BOI,2025-09-20 05:11:00,1,139.9,0.271,0.602,3,87.24,0,1,0,1,E1,E1
B2_00000019,4750.36,crypto,debit_card,18,2,0,ICICI,2025-08-20 18:33:00,1,55.1,0.124,0.746,1,74.45,1,1,0,1,B2,B2
B2_00000172,2093.84,crypto,wallet,17,3,0,HDFC,2025-12-25 17:46:00,1,70.2,0.012,0.948,0,2940.18,1,1,0,1,B2,B2
A1_00000281,9999.87313216695,online_retail,UPI,11,3,0,PNB,2025-06-22 11:48:00,0,0.0,0.109,0.727,4,14.16,1,1,1,1,A1,A1
A3_00000016,19999.50028104102,unknown,debit_card,16,5,1,Union Bank,2025-11-28 17:25:00,1,0.1,0.177,0.784,0,40.53,1,1,0,1,A3,A3
E1_00000305,387.24,restaurant,UPI,9,5,1,Union Bank,2025-06-29 09:08:00,1,152.6,0.365,0.7,6,41.66,0,1,0,1,E1,E1
B3_00000133,32732.19,unknown,UPI,8,3,0,Airtel Payments Bank,2025-05-30 08:45:00,1,35.4,0.156,0.825,14,200.07,1,1,0,1,B3,B3
E1_00000096,52.51,entertainment,UPI,16,6,1,ICICI,2025-12-03 16:15:00,1,111.1,0.102,0.703,4,94.2,0,1,0,1,E1,E1
A3_00000258,4999.886424971503,unknown,credit_card,21,1,0,PNB,2025-06-24 07:31:00,0,0.5,0.187,0.673,3,114.35,1,1,1,1,A3,A3
E1_00000012,2103.86,fuel,debit_card,9,3,0,BOI,2025-07-23 09:06:00,1,76.9,0.155,0.663,5,441.73,0,1,0,1,E1,E1
A1_00000314,49999.18380556643,unknown,UPI,9,0,0,Union Bank,2025-04-26 20:28:00,0,1.0,0.191,0.772,2,13.41,1,1,0,1,A1,A1
E1_00000295,103.48,travel,net_banking,16,6,1,Union Bank,2025-12-12 16:22:00,1,79.9,0.135,0.462,7,1156.34,0,1,0,1,E1,E1
A1_00000298,49998.38363429627,unknown,credit_card,15,3,0,HDFC,2025-04-03 20:46:00,0,0.6,0.156,0.912,3,44.09,1,1,1,1,A1,A1
A1_00000131,19999.06432094695,online_retail,UPI,21,1,0,Kotak,2025-04-25 20:06:00,0,0.1,0.27,0.673,6,737.92,1,1,0,1,A1,A1
A1_00000226,1999.875810217272,online_retail,credit_card,11,5,1,Paytm Payments Bank,2025-10-18 07:43:00,0,0.1,0.244,0.755,0,37.24,1,1,0,1,A1,A1
B3_00000215,49548.03,unknown,debit_card,17,3,0,HDFC,2025-08-05 17:16:00,1,48.1,0.029,0.877,13,201.89,1,1,0,1,B3,B3
B3_00000161,32455.45,unknown,debit_card,8,1,0,Union Bank,2025-07-02 08:54:00,1,37.0,0.16,0.937,11,122.35,1,1,0,1,B3,B3
C2_00000002,15449.13348660162,fuel,UPI,15,2,0,Paytm Payments Bank,2025-06-06 15:07:00,0,38.6,0.944,0.105,0,7.55,1,1,0,1,C2,C2
E2_00000309,117.87,restaurant,UPI,22,1,0,Paytm Payments Bank,2025-11-20 22:53:00,1,172.1,0.26,0.491,1,1.74,0,1,0,1,E2,E2
C2_00000055,15449.13348660162,grocery,UPI,19,0,0,Paytm Payments Bank,2025-12-22 19:55:00,0,22.5,0.891,0.024,0,44.64,1,1,0,1,C2,C2
A1_00000277,99999.35559755619,online_retail,credit_card,14,2,0,Axis,2025-10-19 14:08:00,1,0.0,0.251,0.722,2,108.01,1,1,1,1,A1,A1
B3_00000039,34295.88,unknown,debit_card,16,1,0,SBI,2025-12-15 16:03:00,1,27.6,0.082,0.85,17,101.45,1,1,0,1,B3,B3
A1_00000111,998.5878485119491,unknown,debit_card,16,4,0,SBI,2025-05-01 21:42:00,1,0.8,0.192,0.826,3,38.61,1,1,1,1,A1,A1
E2_00000284,5674.39,education,UPI,15,6,1,Paytm Payments Bank,2025-05-08 15:34:00,1,176.0,0.348,0.584,7,3.36,0,1,0,1,E2,E2
C2_00000095,15449.13348660162,education,UPI,11,5,1,PNB,2025-09-25 11:31:00,0,6.4,0.971,0.119,0,733.58,1,1,0,1,C2,C2
E1_00000199,38.74,travel,credit_card,14,4,0,PNB,2025-09-22 14:04:00,1,159.4,0.262,0.56,0,48.02,0,1,0,1,E1,E1
B2_00000068,1420.63,crypto,UPI,16,2,0,Paytm Payments Bank,2025-07-10 16:12:00,1,63.8,0.046,0.853,0,122.87,1,1,0,1,B2,B2
B1_00000235,4026.84,unknown,credit_card,10,5,1,SBI,2025-06-26 10:20:00,1,44.5,0.004,0.779,2,156.64,1,1,0,1,B1,B1
B2_00000291,1730.92,unknown,UPI,11,4,0,Airtel Payments Bank,2025-06-16 11:00:00,1,49.0,0.094,0.853,1,66.17,1,1,0,1,B2,B2
E2_00000139,106.51,online_retail,UPI,12,5,1,Paytm Payments Bank,2025-12-01 12:09:00,1,190.5,0.15,0.553,1,175.8,0,1,0,1,E2,E2
A3_00000112,99998.18446885423,crypto,debit_card,14,4,0,Airtel Payments Bank,2025-10-17 15:05:00,0,0.3,0.243,0.938,0,2673.39,1,1,0,1,A3,A3
A2_00000050,4998.3188792367355,crypto,UPI,16,0,0,Airtel Payments Bank,2025-08-04 10:07:00,0,0.8,0.236,0.908,7,157.81,1,0,0,1,A2,A2
A2_00000347,500.6731980551146,unknown,UPI,15,5,1,HDFC,2025-02-05 14:34:00,0,0.1,0.217,0.692,0,286.27,1,1,1,1,A2,A2
B3_00000296,18958.14,unknown,debit_card,13,4,0,HDFC,2025-04-10 13:34:00,1,55.3,0.028,0.928,7,41.92,1,1,0,1,B3,B3
B1_00000023,953.43,unknown,net_banking,12,5,1,SBI,2025-09-01 12:31:00,1,10.3,0.093,0.977,0,43.46,1,1,0,1,B1,B1
A3_00000041,500.9358854021921,unknown,UPI,14,3,0,Paytm Payments Bank,2025-09-25 11:51:00,0,0.9,0.27,0.822,5,97.55,1,1,0,1,A3,A3
C2_00000092,15449.13348660162,clothing,wallet,12,4,0,PNB,2025-05-25 12:28:00,0,63.4,0.868,0.118,2,495.24,1,1,0,1,C2,C2
B1_00000138,3716.53,unknown,UPI,20,6,1,Airtel Payments Bank,2025-12-17 20:13:00,1,65.6,0.102,0.734,1,4927.33,1,1,0,1,B1,B1
D1_00000121,8606.06,utilities,UPI,10,3,0,SBI,2025-04-11 10:50:00,0,5.7,0.732,0.24,2,167.75,0,1,0,1,D1,D1
B2_00000134,4292.86,crypto,UPI,11,2,0,SBI,2025-05-05 11:37:00,1,23.1,0.105,0.892,1,111.46,1,1,0,1,B2,B2
B2_00000145,1724.14,crypto,credit_card,16,5,1,Airtel Payments Bank,2025-02-07 16:37:00,1,29.9,0.081,0.918,0,1896.38,1,1,0,1,B2,B2
A1_00000199,49999.287409524164,crypto,credit_card,16,1,0,HDFC,2025-08-16 09:20:00,0,0.0,0.215,0.669,0,167.26,1,1,0,1,A1,A1
C1_00000066,147.40139382475718,restaurant,UPI,4,2,0,SBI,2025-11-02 04:22:00,0,12.6,0.921,0.025,1,83.07,1,1,0,1,C1,C1
E2_00000170,145.31,healthcare,debit_card,21,5,1,Union Bank,2025-02-15 21:36:00,1,125.1,0.341,0.66,0,50.52,0,1,0,1,E2,E2
D2_00000072,24.83,grocery,credit_card,10,6,1,PNB,2025-06-26 10:32:00,0,16.3,0.615,0.231,1,33.7,1,1,0,1,D2,D2
A1_00000202,1998.7054868313928,online_retail,credit_card,10,1,0,Union Bank,2025-10-12 08:41:00,0,0.8,0.121,0.786,2,75.07,1,1,0,1,A1,A1
C1_00000231,147.40139382475718,travel,credit_card,20,0,0,HDFC,2025-06-16 20:27:00,0,32.1,0.88,0.021,0,286.42,1,1,0,1,C1,C1
B3_00000331,10374.03,unknown,debit_card,7,1,0,BOI,2025-06-13 07:39:00,1,64.7,0.094,0.866,7,73.37,1,1,0,1,B3,B3
E2_00000046,47.33,fuel,UPI,15,4,0,SBI,2025-02-21 15:15:00,1,99.7,0.274,0.58,6,43.71,0,1,0,1,E2,E2
A2_00000128,999.4526994193573,unknown,debit_card,21,2,0,SBI,2025-03-16 11:46:00,0,0.3,0.166,0.859,5,46.48,1,1,1,1,A2,A2
D1_00000120,6992.7,fuel,debit_card,2,6,1,PNB,2025-08-23 02:32:00,0,10.1,0.739,0.212,1,105.81,1,1,0,1,D1,D1
B1_00000283,3045.82,unknown,debit_card,17,3,0,SBI,2025-11-12 17:01:00,1,35.0,0.128,0.725,2,1264.15,1,1,0,1,B1,B1
A3_00000265,4998.982289778212,unknown,credit_card,15,3,0,ICICI,2025-06-26 19:41:00,0,0.7,0.138,0.86,2,44.17,1,1,1,1,A3,A3
D2_00000057,3.33,entertainment,UPI,9,1,0,SBI,2025-02-25 09:41:00,1,10.2,0.694,0.192,0,71.55,0,1,0,1,D2,D2
A2_00000032,19998.889860623978,unknown,UPI,16,4,0,BOI,2025-07-16 10:13:00,0,0.2,0.174,0.637,5,271.39,1,1,1,1,A2,A2
B1_00000284,3318.74,unknown,credit_card,10,1,0,HDFC,2025-08-30 10:41:00,1,31.9,0.089,0.859,2,23.19,1,1,0,1,B1,B1
A2_00000240,19999.83230368558,unknown,net_banking,15,3,0,Kotak,2025-10-22 07:15:00,0,1.0,0.106,0.628,5,71.35,1,1,1,1,A2,A2
B1_00000189,823.83,unknown,debit_card,14,3,0,PNB,2025-12-11 14:22:00,1,20.8,0.14,0.741,1,62.14,1,1,0,1,B1,B1
B2_00000232,2121.5,unknown,net_banking,17,3,0,Airtel Payments Bank,2025-05-11 17:28:00,1,54.5,0.045,0.863,0,39.09,1,1,0,1,B2,B2
A2_00000047,1999.1790381758312,unknown,UPI,9,6,1,Kotak,2025-06-13 06:47:00,0,0.9,0.206,0.775,3,77.08,1,1,0,1,A2,A2
C2_00000320,15449.13348660162,utilities,UPI,7,4,0,Airtel Payments Bank,2025-10-14 07:17:00,0,30.8,0.896,0.062,1,101.78,1,1,0,1,C2,C2
A3_00000134,500.7042103423882,unknown,debit_card,16,6,1,BOI,2025-03-22 09:39:00,0,0.1,0.299,0.776,0,119.61,1,1,0,1,A3,A3
A3_00000317,999.2079049444102,online_retail,UPI,15,5,1,BOI,2025-02-23 15:16:00,0,0.8,0.244,0.879,7,237.89,1,1,0,1,A3,A3
A2_00000052,99998.80042059178,crypto,UPI,16,1,0,ICICI,2025-03-17 08:49:00,0,0.9,0.279,0.77,4,16.64,1,1,1,1,A2,A2
A3_00000200,99998.09299714175,unknown,credit_card,11,3,0,Kotak,2025-08-17 10:22:00,0,0.3,0.262,0.723,0,1143.9,1,1,1,1,A3,A3
A1_00000164,4999.1154951652425,online_retail,debit_card,21,1,0,SBI,2025-08-07 09:56:00,0,0.0,0.187,0.673,2,2874.19,1,1,0,1,A1,A1
A3_00000208,4999.22525385755,crypto,UPI,14,6,1,Paytm Payments Bank,2025-05-26 08:37:00,0,0.9,0.26,0.649,4,1927.82,1,1,0,1,A3,A3
E2_00000310,134.57,grocery,UPI,18,3,0,Axis,2025-03-02 18:02:00,1,100.2,0.26,0.66,2,831.74,0,1,0,1,E2,E2
C2_00000108,15449.13348660162,restaurant,UPI,19,4,0,SBI,2025-12-03 19:22:00,0,18.6,0.882,0.053,0,401.41,1,1,0,1,C2,C2
B3_00000092,34399.52,unknown,UPI,8,6,1,Kotak,2025-05-06 08:43:00,1,35.1,0.128,0.881,12,596.44,1,1,0,1,B3,B3
A3_00000062,19998.956216927156,online_retail,credit_card,9,6,1,HDFC,2025-05-03 12:24:00,0,0.6,0.168,0.61,4,813.68,1,1,0,1,A3,A3
B1_00000030,4103.52,unknown,credit_card,7,1,0,Union Bank,2025-07-23 07:37:00,1,23.4,0.076,0.961,2,1435.75,1,1,0,1,B1,B1
B3_00000074,16641.01,unknown,net_banking,12,0,0,Axis,2025-12-12 12:46:00,1,39.9,0.167,0.941,14,161.58,1,1,0,1,B3,B3
E1_00000323,90.28,clothing,UPI,18,4,0,HDFC,2025-12-07 18:34:00,1,184.4,0.308,0.673,1,209.94,1,1,0,1,E1,E1
C1_00000236,147.40139382475718,grocery,debit_card,0,1,0,Airtel Payments Bank,2025-09-02 00:11:00,0,31.1,0.906,0.117,1,845.09,1,1,0,1,C1,C1
D2_00000093,37.67,clothing,credit_card,9,3,0,Kotak,2025-05-14 09:38:00,0,16.6,0.652,0.239,2,2441.18,0,1,0,1,D2,D2
C2_00000307,15449.13348660162,restaurant,UPI,14,2,0,SBI,2025-07-02 14:10:00,1,45.4,0.952,0.024,1,286.31,1,1,0,1,C2,C2
E2_00000169,19.7,restaurant,net_banking,10,2,0,Kotak,2025-11-19 10:59:00,1,146.2,0.255,0.626,7,86.26,0,1,0,1,E2,E2
B3_00000130,9229.81,unknown,UPI,11,6,1,ICICI,2025-09-09 11:20:00,1,4.8,0.071,0.811,18,216.73,1,1,0,1,B3,B3
B2_00000076,2128.59,unknown,debit_card,20,4,0,Paytm Payments Bank,2025-09-10 20:14:00,1,2.1,0.149,0.8,2,9.62,1,1,0,1,B2,B2
E1_00000161,10.63,grocery,debit_card,8,6,1,ICICI,2025-05-09 08:23:00,1,169.9,0.159,0.512,6,292.74,0,1,0,1,E1,E1
C1_00000186,147.40139382475718,education,UPI,15,4,0,HDFC,2025-12-19 15:25:00,1,30.9,0.909,0.101,1,701.75,1,1,0,1,C1,C1
A3_00000294,9998.695962657193,crypto,UPI,21,5,1,PNB,2025-06-05 09:22:00,0,0.8,0.233,0.854,4,183.11,1,1,1,1,A3,A3
E1_00000022,55.47,restaurant,credit_card,19,3,0,Airtel Payments Bank,2025-03-20 19:19:00,1,154.3,0.225,0.578,6,234.87,0,1,0,1,E1,E1
E2_00000156,57.22,pharmacy,credit_card,13,1,0,Airtel Payments Bank,2025-10-05 13:37:00,1,74.9,0.354,0.775,0,296.29,0,1,0,1,E2,E2
A1_00000034,500.4881949585653,online_retail,UPI,11,3,0,Airtel Payments Bank,2025-08-18 20:14:00,0,0.5,0.179,0.617,6,98.12,1,1,1,1,A1,A1
C1_00000267,147.40139382475718,entertainment,debit_card,6,3,0,SBI,2025-07-11 06:33:00,0,71.9,0.878,0.011,1,27.5,1,1,0,1,C1,C1
D2_00000164,18.86,fuel,debit_card,2,4,0,BOI,2025-03-14 02:47:00,0,28.8,0.659,0.268,4,52.08,0,1,0,1,D2,D2
E2_00000245,22.07,entertainment,debit_card,10,2,0,HDFC,2025-10-13 10:05:00,1,79.6,0.383,0.577,6,115.56,0,1,0,1,E2,E2
A1_00000028,49998.39021479691,crypto,debit_card,9,4,0,BOI,2025-08-11 07:27:00,0,0.2,0.225,0.925,4,46.73,1,1,1,1,A1,A1
B2_00000032,4192.67,crypto,debit_card,12,2,0,PNB,2025-03-02 12:18:00,1,29.0,0.051,0.825,1,1082.26,1,1,0,1,B2,B2
A1_00000216,19999.515193171665,unknown,UPI,16,4,0,Axis,2025-08-04 09:59:00,0,0.5,0.102,0.612,4,237.09,1,1,1,1,A1,A1
C1_00000223,147.40139382475718,grocery,UPI,12,0,0,Paytm Payments Bank,2025-03-28 12:44:00,0,13.9,0.999,0.009,0,232.25,0,1,0,1,C1,C1
A1_00000058,99999.57933146492,crypto,UPI,10,3,0,SBI,2025-11-20 19:52:00,1,0.1,0.101,0.65,5,544.17,1,1,1,1,A1,A1
B2_00000248,1489.32,unknown,UPI,12,4,0,PNB,2025-05-12 12:51:00,1,18.8,0.067,0.793,2,41.32,1,1,0,1,B2,B2
E1_00000258,579.22,restaurant,debit_card,13,3,0,Airtel Payments Bank,2025-07-15 13:16:00,1,117.8,0.274,0.711,1,97.1,0,1,0,1,E1,E1
C1_00000251,147.40139382475718,education,debit_card,20,5,1,BOI,2025-12-27 20:11:00,0,15.5,0.951,0.063,2,13.75,0,1,0,1,C1,C1
A3_00000303,9998.891711580465,unknown,credit_card,20,1,0,Airtel Payments Bank,2025-02-20 20:07:00,0,0.4,0.116,0.613,4,139.32,1,1,0,1,A3,A3
B3_00000008,11822.72,unknown,debit_card,3,4,0,Axis,2025-09-08 03:46:00,1,37.9,0.005,0.832,15,61.05,1,1,0,1,B3,B3
B2_00000251,766.32,unknown,net_banking,9,2,0,ICICI,2025-05-08 09:25:00,1,66.4,0.068,0.857,2,1351.51,1,1,0,1,B2,B2
E2_00000237,402.66,entertainment,UPI,11,2,0,Airtel Payments Bank,2025-05-16 11:04:00,1,67.5,0.14,0.741,3,169.3,0,1,0,1,E2,E2
A1_00000171,19998.4928119381,crypto,UPI,14,6,1,PNB,2025-11-16 19:34:00,1,0.3,0.298,0.838,7,66.46,1,1,1,1,A1,A1
B3_00000322,19410.99,unknown,UPI,8,1,0,Paytm Payments Bank,2025-10-06 08:03:00,1,41.4,0.184,0.862,6,169.86,1,1,0,1,B3,B3
B2_00000029,3420.75,unknown,debit_card,4,1,0,Axis,2025-11-20 04:53:00,1,65.5,0.017,0.937,0,5468.29,1,1,0,1,B2,B2
B3_00000082,15493.65,unknown,UPI,14,5,1,Axis,2025-05-23 14:48:00,1,5.9,0.083,0.985,7,63.04,1,1,0,1,B3,B3
B2_00000345,2493.79,unknown,UPI,15,4,0,Paytm Payments Bank,2025-02-28 15:14:00,1,4.4,0.075,0.969,0,366.37,1,1,0,1,B2,B2
B3_00000335,30619.99,unknown,UPI,16,0,0,ICICI,2025-12-03 16:55:00,1,43.0,0.155,0.81,13,73.22,1,1,0,1,B3,B3
C2_00000305,15449.13348660162,education,debit_card,7,5,1,HDFC,2025-08-23 07:02:00,0,16.6,0.872,0.003,1,64.62,1,1,0,1,C2,C2
B1_00000193,3736.13,crypto,debit_card,13,4,0,ICICI,2025-05-08 13:22:00,1,4.4,0.039,0.843,0,1325.64,1,1,0,1,B1,B1
B3_00000097,20869.09,unknown,UPI,12,2,0,SBI,2025-08-26 12:38:00,1,6.1,0.116,0.885,13,156.27,1,1,0,1,B3,B3
A2_00000006,4999.877369053544,crypto,UPI,21,6,1,Axis,2025-05-25 20:34:00,0,0.8,0.149,0.741,7,70.64,1,1,1,1,A2,A2
A2_00000107,9998.361539913565,crypto,wallet,11,1,0,ICICI,2025-06-30 19:27:00,0,0.9,0.12,0.95,3,899.79,1,1,1,1,A2,A2
C2_00000149,15449.13348660162,restaurant,UPI,6,2,0,Airtel Payments Bank,2025-12-21 06:48:00,0,56.7,0.861,0.005,0,135.95,1,1,0,1,C2,C2
E2_00000324,44.12,grocery,debit_card,9,4,0,Union Bank,2025-01-01 09:56:00,1,105.9,0.131,0.548,2,135.62,0,1,0,1,E2,E2
C2_00000227,15449.13348660162,grocery,credit_card,20,5,1,BOI,2025-07-04 20:15:00,0,51.5,0.978,0.102,0,45.17,0,1,0,1,C2,C2
C1_00000253,147.40139382475718,online_retail,UPI,12,5,1,HDFC,2025-09-28 12:45:00,0,3.6,0.969,0.023,2,5.11,1,1,0,1,C1,C1
D1_00000273,2710.64,fuel,net_banking,16,3,0,HDFC,2025-03-14 16:39:00,0,11.5,0.738,0.276,6,8.75,0,1,0,1,D1,D1
B1_00000098,4710.82,crypto,wallet,6,2,0,Union Bank,2025-09-06 06:57:00,1,37.9,0.057,0.748,0,139.66,1,1,0,1,B1,B1
A2_00000129,4999.967551025937,unknown,debit_card,9,1,0,PNB,2025-05-12 08:48:00,0,0.6,0.25,0.932,7,954.29,1,1,0,1,A2,A2
C1_00000234,147.40139382475718,grocery,UPI,13,4,0,SBI,2025-02-07 13:41:00,0,62.3,0.953,0.087,0,12.63,1,1,0,1,C1,C1
A2_00000053,19999.54849910233,unknown,net_banking,10,1,0,Kotak,2025-07-21 09:25:00,0,0.5,0.107,0.741,6,61.56,1,1,0,1,A2,A2
B1_00000332,1560.59,unknown,UPI,22,3,0,HDFC,2025-09-02 22:33:00,1,61.2,0.137,0.843,2,195.07,1,1,0,1,B1,B1
C2_00000107,15449.13348660162,grocery,UPI,9,5,1,HDFC,2025-04-20 09:24:00,0,71.0,0.96,0.016,0,638.11,0,1,0,1,C2,C2
D1_00000001,270.06,travel,UPI,20,3,0,Union Bank,2025-12-18 20:37:00,0,10.9,0.758,0.183,5,919.06,0,1,0,1,D1,D1
A1_00000045,19999.830647920222,online_retail,UPI,16,4,0,HDFC,2025-09-04 19:13:00,0,0.1,0.124,0.646,5,290.72,1,1,0,1,A1,A1
A2_00000303,99998.93291922276,unknown,debit_card,14,1,0,Union Bank,2025-11-21 14:29:00,0,0.5,0.226,0.833,6,211.04,1,1,1,1,A2,A2
E1_00000105,136.44,grocery,net_banking,17,5,1,BOI,2025-09-08 17:21:00,1,186.0,0.191,0.583,5,42.17,0,1,0,1,E1,E1
C1_00000190,147.40139382475718,fuel,UPI,21,0,0,Paytm Payments Bank,2025-02-04 21:26:00,0,65.4,0.929,0.086,0,250.33,1,1,0,1,C1,C1
A1_00000325,4998.162647382614,unknown,debit_card,20,6,1,Kotak,2025-03-14 20:53:00,0,0.7,0.177,0.913,0,7.13,1,1,1,1,A1,A1
A2_00000324,500.5928886859457,crypto,net_banking,21,5,1,HDFC,2025-10-14 17:14:00,0,0.2,0.188,0.679,5,13.14,1,1,0,1,A2,A2
A3_00000124,1999.9582960333298,unknown,debit_card,21,0,0,HDFC,2025-03-28 14:56:00,0,0.5,0.138,0.643,0,92.81,1,1,1,1,A3,A3
B2_00000097,1787.89,unknown,UPI,2,5,1,Kotak,2025-01-08 02:37:00,1,69.3,0.0,0.92,1,67.11,1,1,0,1,B2,B2
B1_00000142,3466.69,unknown,UPI,17,4,0,Axis,2025-05-29 17:29:00,1,30.0,0.048,0.834,0,136.92,1,1,0,1,B1,B1
D2_00000043,117.17,entertainment,UPI,20,3,0,Paytm Payments Bank,2025-08-15 20:58:00,0,48.9,0.79,0.28,7,6.29,1,1,0,1,D2,D2
D2_00000298,84.24,healthcare,UPI,7,5,1,BOI,2025-11-10 07:34:00,1,67.7,0.633,0.238,1,105.24,1,1,0,1,D2,D2
A2_00000335,49998.09454694783,crypto,UPI,20,1,0,Airtel Payments Bank,2025-02-27 11:05:00,0,0.2,0.105,0.787,0,3.04,1,0,1,1,A2,A2
A3_00000267,4999.77856690276,online_retail,debit_card,11,4,0,Paytm Payments Bank,2025-07-17 01:44:00,1,0.4,0.208,0.698,0,1294.12,1,1,0,1,A3,A3
E2_00000105,41.06,electronics,net_banking,21,2,0,ICICI,2025-01-13 21:20:00,1,56.6,0.129,0.787,7,214.37,1,1,0,1,E2,E2
D1_00000041,58.18,pharmacy,debit_card,6,5,1,Kotak,2025-12-15 06:15:00,0,22.5,0.789,0.239,5,50.21,1,1,0,1,D1,D1
B2_00000044,1079.79,unknown,net_banking,8,3,0,Axis,2025-05-31 08:28:00,1,14.9,0.106,0.732,2,394.88,1,1,0,1,B2,B2
E1_00000021,441.96,travel,debit_card,2,0,0,Kotak,2025-05-09 02:23:00,1,71.4,0.214,0.481,5,853.59,0,1,0,1,E1,E1
D1_00000230,215.37,restaurant,UPI,7,5,1,HDFC,2025-11-22 07:18:00,1,42.7,0.667,0.245,6,39.49,0,1,0,1,D1,D1
A2_00000094,999.467513062363,online_retail,debit_card,9,4,0,Union Bank,2025-10-15 03:35:00,0,0.8,0.215,0.894,0,190.82,1,1,1,1,A2,A2
A1_00000227,499.18955335672234,online_retail,UPI,10,2,0,Kotak,2025-04-10 13:33:00,0,0.6,0.109,0.649,7,327.77,1,1,1,1,A1,A1
E1_00000257,94.82,fuel,debit_card,7,5,1,BOI,2025-05-13 07:33:00,1,142.0,0.362,0.762,2,32.83,0,1,0,1,E1,E1
C2_00000024,15449.13348660162,grocery,credit_card,11,3,0,BOI,2025-05-14 11:44:00,1,47.6,0.932,0.042,0,1734.16,1,1,0,1,C2,C2
C1_00000073,147.40139382475718,entertainment,debit_card,13,6,1,BOI,2025-11-25 13:12:00,0,57.5,0.913,0.003,0,374.97,1,1,0,1,C1,C1
A3_00000007,998.7539502897222,online_retail,debit_card,14,2,0,Axis,2025-07-03 07:28:00,0,0.8,0.288,0.706,1,164.53,1,1,1,1,A3,A3
A3_00000095,998.3364019606076,unknown,net_banking,15,3,0,SBI,2025-03-25 10:28:00,0,0.6,0.226,0.941,6,20.22,1,1,1,1,A3,A3
D2_00000300,25.46,grocery,UPI,8,5,1,Kotak,2025-09-22 08:10:00,0,37.9,0.816,0.2,2,371.68,0,1,0,1,D2,D2
C1_00000083,147.40139382475718,grocery,UPI,12,4,0,Union Bank,2025-08-27 12:53:00,0,22.7,0.921,0.021,0,76.85,0,1,0,1,C1,C1
E2_00000296,222.25,entertainment,UPI,16,3,0,ICICI,2025-07-05 16:25:00,1,53.2,0.215,0.62,0,54.8,0,1,0,1,E2,E2
D1_00000316,228.6,restaurant,UPI,11,5,1,SBI,2025-10-16 11:45:00,0,54.3,0.602,0.228,2,1455.37,0,1,0,1,D1,D1
E1_00000321,405.74,fuel,UPI,8,1,0,PNB,2025-06-15 08:08:00,1,54.9,0.372,0.604,1,201.57,0,0,0,1,E1,E1
A2_00000172,1998.3956051995851,online_retail,debit_card,16,0,0,ICICI,2025-07-06 12:52:00,0,0.3,0.223,0.759,2,200.18,1,1,1,1,A2,A2
A3_00000314,9998.318163400721,crypto,net_banking,20,6,1,HDFC,2025-12-08 17:04:00,0,0.4,0.154,0.819,5,95.46,1,1,0,1,A3,A3
D1_00000329,53.37,entertainment,UPI,13,0,0,Axis,2025-08-28 13:47:00,0,5.4,0.736,0.282,5,93.95,0,1,0,1,D1,D1
A2_00000091,4999.9410920024975,crypto,credit_card,16,5,1,ICICI,2025-05-26 17:14:00,0,0.3,0.275,0.778,6,107.33,1,1,0,1,A2,A2
B2_00000012,629.49,unknown,credit_card,8,3,0,Union Bank,2025-07-28 08:13:00,1,32.2,0.014,0.809,1,218.04,1,1,0,1,B2,B2
A2_00000296,9999.551157297174,unknown,credit_card,14,2,0,Kotak,2025-02-28 11:54:00,0,0.2,0.273,0.64,6,122.01,1,1,0,1,A2,A2
B2_00000022,1571.45,unknown,credit_card,6,2,0,Airtel Payments Bank,2025-04-21 06:27:00,1,63.2,0.061,0.924,1,160.7,1,1,0,1,B2,B2
C1_00000116,147.40139382475718,grocery,credit_card,14,2,0,HDFC,2025-03-09 14:27:00,0,7.7,0.939,0.02,0,18.41,1,1,0,1,C1,C1
A2_00000171,9998.853694304962,crypto,credit_card,10,6,1,ICICI,2025-10-06 18:26:00,0,0.1,0.125,0.625,1,262.26,1,1,1,1,A2,A2
B3_00000270,18394.48,unknown,debit_card,12,4,0,BOI,2025-07-08 12:25:00,1,54.0,0.105,0.971,12,1377.31,1,1,0,1,B3,B3
D1_00000167,79.72,education,UPI,7,1,0,SBI,2025-04-02 07:17:00,0,53.5,0.615,0.307,6,664.92,0,1,0,1,D1,D1
E1_00000239,234.75,clothing,UPI,11,6,1,Paytm Payments Bank,2025-10-31 11:53:00,1,54.1,0.316,0.796,5,226.84,0,0,0,1,E1,E1
B2_00000023,1135.9,unknown,debit_card,17,6,1,Kotak,2025-08-01 17:50:00,1,25.1,0.1,0.873,1,489.74,1,1,0,1,B2,B2
C1_00000119,147.40139382475718,grocery,UPI,16,4,0,Airtel Payments Bank,2025-08-07 16:57:00,0,0.0,0.967,0.064,0,313.27,1,1,0,1,C1,C1
B3_00000239,19319.09,unknown,credit_card,19,6,1,Axis,2025-05-25 19:25:00,1,23.7,0.197,0.942,19,29.9,1,1,0,1,B3,B3
E1_00000303,249.65,fuel,debit_card,20,5,1,Kotak,2025-07-19 20:32:00,1,196.2,0.143,0.688,4,83.81,0,1,0,1,E1,E1
A1_00000261,9998.925735618259,crypto,UPI,21,2,0,Union Bank,2025-01-21 03:02:00,0,0.9,0.114,0.706,7,20.28,1,1,1,1,A1,A1
B3_00000212,17861.16,unknown,debit_card,5,0,0,Axis,2025-07-07 05:02:00,1,19.8,0.054,0.936,8,2.49,1,1,0,1,B3,B3
A1_00000321,4999.131547814432,crypto,UPI,9,4,0,ICICI,2025-04-12 21:15:00,1,1.0,0.199,0.831,5,712.06,1,1,1,1,A1,A1
A2_00000069,499.89970440017964,crypto,UPI,15,6,1,Union Bank,2025-06-10 09:26:00,0,0.2,0.132,0.668,0,552.29,1,1,0,1,A2,A2
E2_00000097,409.6,clothing,debit_card,15,6,1,Paytm Payments Bank,2025-05-13 15:16:00,1,186.4,0.233,0.598,7,591.87,0,1,0,1,E2,E2
C2_00000250,15449.13348660162,grocery,credit_card,12,1,0,BOI,2025-08-13 12:18:00,1,18.4,0.898,0.095,0,113.68,1,1,0,1,C2,C2
E2_00000094,2391.79,pharmacy,UPI,8,4,0,Union Bank,2025-02-02 08:22:00,1,155.5,0.302,0.506,5,30.61,0,1,0,1,E2,E2
C2_00000319,15449.13348660162,restaurant,UPI,10,6,1,ICICI,2025-05-10 10:29:00,0,37.5,0.91,0.043,0,41.42,1,1,0,1,C2,C2
A1_00000023,500.9565314276803,unknown,debit_card,14,2,0,BOI,2025-09-24 12:54:00,0,0.1,0.129,0.853,2,62.55,1,1,1,1,A1,A1
A1_00000186,500.16996536045133,crypto,debit_card,16,6,1,ICICI,2025-05-14 18:05:00,0,0.5,0.238,0.893,7,190.67,1,1,0,1,A1,A1
D1_00000045,145.2,grocery,UPI,4,5,1,Axis,2025-02-08 04:06:00,0,4.6,0.696,0.202,5,63.97,1,1,0,1,D1,D1
D1_00000278,52.46,education,debit_card,19,5,1,BOI,2025-09-14 19:51:00,0,69.6,0.627,0.231,4,365.84,0,1,0,1,D1,D1
B3_00000111,9307.76,unknown,UPI,4,4,0,Paytm Payments Bank,2025-07-08 04:55:00,1,62.6,0.032,0.824,8,1963.71,1,1,0,1,B3,B3
D2_00000345,129.68,electronics,credit_card,10,0,0,Axis,2025-01-27 10:39:00,1,29.4,0.764,0.169,5,37.36,0,1,0,1,D2,D2
A2_00000003,9998.783457505948,unknown,credit_card,10,2,0,Union Bank,2025-05-14 14:37:00,0,0.2,0.184,0.683,4,760.61,1,1,1,1,A2,A2
C2_00000101,15449.13348660162,pharmacy,debit_card,11,0,0,BOI,2025-04-27 11:17:00,0,0.6,0.923,0.099,2,58.9,1,1,0,1,C2,C2
C2_00000142,15449.13348660162,restaurant,net_banking,20,6,1,BOI,2025-03-30 20:41:00,0,8.0,0.912,0.009,1,169.03,0,1,0,1,C2,C2
C1_00000232,147.40139382475718,grocery,credit_card,14,4,0,Kotak,2025-12-27 14:38:00,0,39.3,0.88,0.061,0,1200.11,1,1,0,1,C1,C1
B1_00000182,1497.34,unknown,UPI,11,5,1,Axis,2025-03-21 11:11:00,1,50.3,0.031,0.867,2,169.9,1,1,0,1,B1,B1
A1_00000120,9999.172600707181,crypto,net_banking,11,2,0,Axis,2025-03-31 13:56:00,0,0.5,0.12,0.8,0,75.85,1,1,1,1,A1,A1
E2_00000085,24.5,restaurant,UPI,18,0,0,Axis,2025-08-21 18:22:00,1,72.9,0.375,0.675,0,23.02,0,1,0,1,E2,E2
E1_00000230,81.55,travel,debit_card,11,0,0,Union Bank,2025-02-08 11:12:00,1,168.3,0.133,0.725,6,70.6,0,1,0,1,E1,E1
E2_00000260,263.36,grocery,UPI,5,3,0,PNB,2025-02-03 05:18:00,1,83.3,0.34,0.764,0,198.37,0,1,0,1,E2,E2
C1_00000197,147.40139382475718,grocery,UPI,9,3,0,PNB,2025-02-06 09:58:00,0,48.2,0.993,0.076,2,126.0,1,1,0,1,C1,C1
E2_00000005,33.59,entertainment,UPI,21,6,1,Union Bank,2025-04-09 21:19:00,1,132.0,0.125,0.547,1,246.06,0,1,0,1,E2,E2
A3_00000189,9999.307107567905,unknown,credit_card,14,2,0,Airtel Payments Bank,2025-10-17 12:33:00,0,0.4,0.174,0.941,4,45.76,1,1,0,1,A3,A3
A1_00000190,49998.03578284179,crypto,UPI,10,0,0,BOI,2025-07-04 15:00:00,0,0.6,0.207,0.901,4,70.73,1,1,1,1,A1,A1
D2_00000063,43.58,restaurant,net_banking,10,6,1,Union Bank,2025-05-01 10:19:00,0,68.0,0.715,0.232,7,1726.31,0,1,0,1,D2,D2
B2_00000043,3807.15,crypto,credit_card,10,4,0,Union Bank,2025-01-03 10:44:00,1,43.0,0.054,0.862,1,66.48,1,1,0,1,B2,B2
B1_00000269,1729.11,unknown,UPI,5,0,0,PNB,2025-06-07 05:52:00,1,44.4,0.042,0.731,2,545.04,1,1,0,1,B1,B1
B3_00000153,32855.45,unknown,credit_card,6,2,0,Kotak,2025-12-22 06:58:00,1,20.1,0.003,0.824,8,381.07,1,1,0,1,B3,B3
C1_00000329,147.40139382475718,education,UPI,22,6,1,SBI,2025-02-13 22:57:00,0,32.9,0.952,0.045,2,255.2,1,1,0,1,C1,C1
E1_00000052,47.57,grocery,debit_card,21,3,0,PNB,2025-10-30 21:59:00,1,198.2,0.351,0.717,3,89.04,0,1,0,1,E1,E1
D1_00000134,149.42,fuel,UPI,8,5,1,Kotak,2025-10-10 08:47:00,0,23.1,0.659,0.279,6,49.67,0,1,0,1,D1,D1
B1_00000123,3988.45,unknown,UPI,17,0,0,Airtel Payments Bank,2025-05-02 17:43:00,1,51.4,0.129,0.782,0,173.21,1,1,0,1,B1,B1
B3_00000337,32704.88,unknown,UPI,13,3,0,Airtel Payments Bank,2025-06-11 13:23:00,1,69.0,0.047,0.839,16,147.62,1,1,0,1,B3,B3
B2_00000203,3819.93,unknown,UPI,8,0,0,Union Bank,2025-04-08 08:10:00,1,23.7,0.022,0.969,1,346.1,1,1,0,1,B2,B2
B3_00000168,12323.82,unknown,debit_card,19,1,0,HDFC,2025-02-04 19:38:00,1,17.4,0.11,0.865,19,67.72,1,1,0,1,B3,B3
D2_00000053,193.84,healthcare,wallet,15,1,0,Paytm Payments Bank,2025-05-21 15:57:00,0,10.1,0.71,0.301,5,298.7,0,1,0,1,D2,D2
C2_00000067,15449.13348660162,grocery,UPI,19,0,0,Axis,2025-06-19 19:23:00,0,8.6,0.989,0.08,1,342.52,1,1,0,1,C2,C2
C1_00000317,147.40139382475718,grocery,UPI,10,0,0,Kotak,2025-12-14 10:02:00,0,70.4,0.961,0.081,0,228.8,0,1,0,1,C1,C1
B1_00000091,545.45,unknown,UPI,15,6,1,Axis,2025-01-19 15:01:00,1,16.6,0.092,0.926,0,5.48,1,1,0,1,B1,B1
A3_00000044,499.042087377687,unknown,credit_card,15,4,0,SBI,2025-08-11 22:29:00,0,0.8,0.152,0.742,2,27.83,1,1,1,1,A3,A3
B3_00000223,18645.95,unknown,debit_card,17,1,0,Kotak,2025-04-19 17:22:00,1,62.2,0.187,0.961,7,1352.57,1,1,0,1,B3,B3
C2_00000183,15449.13348660162,grocery,credit_card,18,5,1,Axis,2025-04-07 18:53:00,0,71.2,0.965,0.053,1,60.4,0,1,0,1,C2,C2
B3_00000315,23659.49,unknown,UPI,9,2,0,SBI,2025-01-07 09:52:00,1,40.3,0.017,0.921,10,487.71,1,1,0,1,B3,B3
A1_00000173,19998.788373532057,unknown,UPI,14,0,0,SBI,2025-02-12 12:34:00,0,0.3,0.192,0.758,0,47.32,1,1,1,1,A1,A1
E1_00000024,33.19,restaurant,credit_card,7,4,0,Axis,2025-01-27 07:41:00,1,50.7,0.263,0.716,3,106.77,0,0,0,1,E1,E1
D1_00000038,2193.42,grocery,credit_card,11,0,0,Union Bank,2025-07-01 11:08:00,0,16.0,0.839,0.338,2,1062.55,0,1,0,1,D1,D1
B3_00000269,18442.11,unknown,credit_card,14,5,1,Kotak,2025-07-31 14:47:00,1,53.0,0.196,0.969,19,15.66,1,1,0,1,B3,B3
A2_00000104,19999.169153859086,unknown,UPI,9,3,0,SBI,2025-07-02 16:02:00,1,0.3,0.282,0.79,0,23.65,1,1,0,1,A2,A2
B2_00000259,1504.11,unknown,UPI,18,2,0,Paytm Payments Bank,2025-03-05 18:41:00,1,22.3,0.049,0.899,2,1971.07,1,1,0,1,B2,B2
A2_00000300,999.6861548843366,crypto,UPI,15,2,0,Paytm Payments Bank,2025-04-29 14:24:00,0,0.6,0.282,0.65,0,139.7,1,1,1,1,A2,A2
B1_00000345,3048.2,unknown,debit_card,20,6,1,PNB,2025-07-04 20:27:00,1,46.2,0.118,0.955,1,8.78,1,1,0,1,B1,B1
D2_00000001,33.03,pharmacy,UPI,22,4,0,Airtel Payments Bank,2025-07-22 22:26:00,0,5.8,0.705,0.271,7,43.76,1,1,0,1,D2,D2
E2_00000059,224.49,grocery,debit_card,10,1,0,Union Bank,2025-02-10 10:24:00,1,85.7,0.332,0.784,3,20.47,1,1,0,1,E2,E2
A1_00000121,4998.245381320352,unknown,UPI,20,5,1,PNB,2025-06-30 21:40:00,0,0.8,0.108,0.742,2,114.1,1,1,0,1,A1,A1
D2_00000016,654.1,utilities,UPI,8,5,1,BOI,2025-04-24 08:12:00,0,10.5,0.643,0.295,2,281.28,1,1,0,1,D2,D2
C2_00000090,15449.13348660162,grocery,debit_card,16,5,1,ICICI,2025-02-23 16:55:00,0,12.4,0.854,0.11,0,315.6,1,1,0,1,C2,C2
E1_00000182,230.93,online_retail,debit_card,22,4,0,Paytm Payments Bank,2025-04-08 22:17:00,1,133.6,0.175,0.59,7,1345.47,1,1,0,1,E1,E1
A2_00000204,1998.5117835562767,unknown,UPI,9,3,0,ICICI,2025-02-28 19:19:00,0,0.9,0.204,0.849,0,40.81,1,1,0,1,A2,A2
D2_00000200,15581.34,restaurant,net_banking,12,5,1,SBI,2025-04-01 12:44:00,0,64.3,0.734,0.15,4,183.89,0,1,0,1,D2,D2
D1_00000340,235.61,electronics,debit_card,23,3,0,Airtel Payments Bank,2025-11-18 23:45:00,0,61.5,0.605,0.308,6,7.43,1,1,0,1,D1,D1
C2_00000306,15449.13348660162,clothing,debit_card,13,1,0,SBI,2025-06-09 13:22:00,0,4.1,0.92,0.024,1,503.81,1,1,0,1,C2,C2
C2_00000010,15449.13348660162,grocery,UPI,10,2,0,Kotak,2025-11-27 10:55:00,0,19.4,0.854,0.104,0,158.34,1,1,0,1,C2,C2
D1_00000297,142.83,electronics,debit_card,2,4,0,Kotak,2025-02-16 02:06:00,0,36.1,0.791,0.261,1,23.33,0,1,0,1,D1,D1
E2_00000238,10.0,grocery,debit_card,16,1,0,Kotak,2025-06-12 16:37:00,1,111.1,0.357,0.601,3,5.48,0,1,0,1,E2,E2
B1_00000259,2353.07,crypto,debit_card,22,3,0,Union Bank,2025-07-25 22:06:00,1,19.4,0.005,0.8,1,449.21,1,1,0,1,B1,B1
D1_00000125,338.86,electronics,credit_card,5,3,0,Union Bank,2025-03-09 05:02:00,0,37.2,0.825,0.209,1,150.23,1,1,0,1,D1,D1
B1_00000102,4994.54,unknown,UPI,9,4,0,ICICI,2025-09-27 09:53:00,1,33.6,0.142,0.94,2,2006.19,1,1,0,1,B1,B1
E2_00000221,955.6,education,UPI,20,5,1,HDFC,2025-10-11 20:40:00,1,155.1,0.113,0.609,4,10.9,0,1,0,1,E2,E2
C2_00000015,15449.13348660162,fuel,debit_card,9,0,0,Kotak,2025-02-11 09:23:00,0,40.9,0.964,0.118,1,1477.17,1,1,0,1,C2,C2
B1_00000218,3175.77,unknown,UPI,10,4,0,Kotak,2025-02-21 10:01:00,1,41.7,0.051,0.948,1,256.21,1,1,0,1,B1,B1
C2_00000301,15449.13348660162,travel,debit_card,11,2,0,Axis,2025-10-04 11:48:00,0,50.1,0.947,0.038,0,29.37,1,1,0,1,C2,C2
C1_00000275,147.40139382475718,travel,UPI,19,6,1,Union Bank,2025-01-19 19:24:00,0,39.8,0.921,0.068,1,37.14,1,1,0,1,C1,C1
A3_00000019,1998.8717866491277,unknown,debit_card,20,3,0,PNB,2025-03-07 19:05:00,0,0.3,0.134,0.623,6,520.79,1,1,1,1,A3,A3
B1_00000241,2260.72,crypto,debit_card,15,1,0,Kotak,2025-12-31 15:26:00,1,25.3,0.024,0.957,1,191.52,1,1,0,1,B1,B1
E2_00000110,1358.18,electronics,credit_card,8,4,0,Airtel Payments Bank,2025-05-11 08:53:00,1,195.2,0.196,0.582,6,167.71,1,1,0,1,E2,E2
D2_00000230,28.69,grocery,debit_card,2,1,0,Paytm Payments Bank,2025-09-08 02:53:00,1,16.5,0.751,0.347,0,15.87,1,1,0,1,D2,D2
C1_00000135,147.40139382475718,pharmacy,UPI,17,4,0,Paytm Payments Bank,2025-11-23 17:26:00,0,61.4,0.976,0.011,1,140.04,0,1,0,1,C1,C1
A2_00000299,49998.10441981262,unknown,debit_card,16,4,0,HDFC,2025-08-31 14:19:00,0,0.3,0.124,0.855,3,339.58,1,1,0,1,A2,A2
A2_00000008,9999.020269905404,unknown,debit_card,10,4,0,Axis,2025-07-09 11:34:00,0,0.0,0.171,0.75,7,887.97,1,1,0,1,A2,A2
B1_00000148,4675.01,unknown,wallet,21,5,1,Union Bank,2025-04-22 21:29:00,1,44.2,0.067,0.878,0,901.98,1,1,0,1,B1,B1
D1_00000122,405.45,electronics,credit_card,7,1,0,Kotak,2025-01-28 07:07:00,0,54.5,0.82,0.314,5,8623.38,0,1,0,1,D1,D1
B2_00000281,4213.99,unknown,net_banking,21,0,0,HDFC,2025-10-23 21:27:00,1,18.6,0.033,0.92,1,188.98,1,1,0,1,B2,B2
D1_00000012,350.25,grocery,credit_card,20,6,1,Kotak,2025-06-06 20:14:00,0,5.9,0.814,0.345,2,23.85,0,1,0,1,D1,D1
B2_00000052,1153.31,crypto,credit_card,14,5,1,Union Bank,2025-10-20 14:20:00,1,36.9,0.086,0.734,1,1705.61,1,1,0,1,B2,B2
B3_00000345,24052.43,unknown,debit_card,18,1,0,BOI,2025-01-29 18:45:00,1,30.1,0.136,0.843,17,62.37,1,1,0,1,B3,B3
E1_00000151,48.98,pharmacy,net_banking,15,6,1,ICICI,2025-03-08 15:50:00,1,128.6,0.318,0.598,3,223.13,0,1,0,1,E1,E1
C2_00000053,15449.13348660162,pharmacy,UPI,12,5,1,Axis,2025-05-02 12:26:00,0,69.7,0.937,0.038,0,860.25,0,1,0,1,C2,C2
C1_00000163,147.40139382475718,education,credit_card,9,3,0,Kotak,2025-10-27 09:54:00,0,35.9,0.944,0.111,1,304.2,1,1,0,1,C1,C1
C2_00000170,15449.13348660162,grocery,UPI,2,5,1,Paytm Payments Bank,2025-08-13 02:18:00,0,51.6,0.9,0.055,2,124.25,1,0,0,1,C2,C2
B1_00000171,2441.01,unknown,UPI,1,5,1,SBI,2025-08-31 01:19:00,1,59.1,0.084,0.809,1,76.14,1,1,0,1,B1,B1
D2_00000038,154.82,grocery,UPI,12,3,0,Axis,2025-02-07 12:10:00,0,50.6,0.681,0.257,5,224.7,0,1,0,1,D2,D2
B3_00000338,36385.14,unknown,UPI,9,1,0,ICICI,2025-02-17 09:11:00,1,0.6,0.152,0.845,11,21.99,1,1,0,1,B3,B3
C1_00000044,147.40139382475718,clothing,UPI,19,5,1,SBI,2025-06-02 19:05:00,1,19.0,0.896,0.052,0,36.77,1,1,0,1,C1,C1
E1_00000001,1165.43,entertainment,UPI,18,3,0,Kotak,2025-04-02 18:51:00,1,139.8,0.189,0.507,5,194.46,0,1,0,1,E1,E1
B2_00000160,643.98,unknown,UPI,1,3,0,SBI,2025-01-09 01:43:00,1,6.7,0.111,0.866,2,29.08,1,1,0,1,B2,B2
D2_00000120,551.42,grocery,UPI,10,4,0,Union Bank,2025-03-01 10:37:00,0,21.2,0.614,0.26,3,163.16,0,1,0,1,D2,D2
D1_00000044,12.88,grocery,UPI,21,6,1,HDFC,2025-01-20 21:23:00,1,67.6,0.635,0.279,0,462.23,0,1,0,1,D1,D1
A2_00000285,500.9931901188984,crypto,credit_card,14,2,0,Airtel Payments Bank,2025-01-18 15:32:00,0,0.0,0.18,0.612,4,158.28,1,0,1,1,A2,A2
E2_00000191,10.0,travel,UPI,20,1,0,Kotak,2025-03-18 20:54:00,1,98.8,0.384,0.653,0,213.83,0,1,0,1,E2,E2
A2_00000315,99999.48417207036,unknown,UPI,15,5,1,HDFC,2025-08-12 19:27:00,0,0.5,0.202,0.845,5,8.3,1,1,1,1,A2,A2
B1_00000187,751.28,unknown,debit_card,13,0,0,Paytm Payments Bank,2025-08-07 13:44:00,1,54.1,0.016,0.871,1,166.06,1,1,0,1,B1,B1
B2_00000228,3967.13,crypto,UPI,12,4,0,BOI,2025-03-08 12:35:00,1,27.4,0.139,0.72,0,10.23,1,1,0,1,B2,B2
C1_00000007,147.40139382475718,travel,net_banking,11,4,0,Axis,2025-07-16 11:16:00,0,49.8,0.896,0.06,0,21.89,1,1,0,1,C1,C1
B3_00000099,46447.28,unknown,debit_card,20,3,0,PNB,2025-02-15 20:47:00,1,8.1,0.165,0.966,5,32.67,1,1,0,1,B3,B3
A1_00000306,1999.1538152862324,unknown,wallet,14,4,0,ICICI,2025-01-27 19:42:00,0,0.5,0.107,0.603,2,723.84,1,1,1,1,A1,A1
D2_00000091,395.21,pharmacy,debit_card,8,0,0,Paytm Payments Bank,2025-12-15 08:16:00,0,9.2,0.645,0.181,3,173.8,0,1,0,1,D2,D2
D2_00000260,102.41,grocery,UPI,18,5,1,Airtel Payments Bank,2025-12-26 18:45:00,0,69.6,0.689,0.261,0,78.98,1,1,0,1,D2,D2
A2_00000177,49999.04437108785,crypto,wallet,11,1,0,HDFC,2025-10-13 10:43:00,0,0.4,0.172,0.87,3,698.34,1,1,1,1,A2,A2
B1_00000084,3167.32,crypto,UPI,21,1,0,SBI,2025-09-08 21:53:00,1,23.6,0.068,0.858,2,247.06,1,1,0,1,B1,B1
C2_00000318,15449.13348660162,electronics,UPI,7,4,0,HDFC,2025-03-28 07:43:00,0,56.1,0.977,0.021,1,6.96,0,1,0,1,C2,C2
B3_00000157,19092.38,unknown,debit_card,16,6,1,BOI,2025-10-22 16:09:00,1,68.5,0.084,0.968,17,91.68,1,1,0,1,B3,B3
E2_00000027,127.66,fuel,credit_card,23,2,0,PNB,2025-04-06 23:35:00,1,91.8,0.382,0.485,3,761.12,0,1,0,1,E2,E2
D1_00000098,150.23,grocery,UPI,21,2,0,PNB,2025-11-18 21:16:00,1,37.3,0.615,0.233,6,31.45,0,1,0,1,D1,D1
B2_00000027,3513.8,crypto,debit_card,19,1,0,ICICI,2025-01-05 19:57:00,1,26.5,0.12,0.956,0,261.06,1,1,0,1,B2,B2
B1_00000092,4231.6,unknown,debit_card,17,2,0,Kotak,2025-09-10 17:43:00,1,18.0,0.067,0.768,0,217.34,1,1,0,1,B1,B1
B3_00000050,29003.32,unknown,net_banking,16,5,1,ICICI,2025-01-09 16:50:00,1,62.8,0.19,0.88,5,246.89,1,1,0,1,B3,B3
B1_00000161,1814.99,unknown,credit_card,5,2,0,Axis,2025-12-02 05:05:00,1,43.1,0.122,0.981,2,292.44,1,1,0,1,B1,B1
C1_00000102,147.40139382475718,grocery,debit_card,20,4,0,Kotak,2025-10-13 20:20:00,0,20.6,0.929,0.087,0,365.16,1,1,0,1,C1,C1
B1_00000150,4530.82,crypto,UPI,16,0,0,Airtel Payments Bank,2025-09-01 16:24:00,1,28.4,0.014,0.889,2,33.77,1,1,0,1,B1,B1
C1_00000263,147.40139382475718,restaurant,UPI,21,6,1,Kotak,2025-10-15 21:50:00,0,36.0,0.907,0.033,2,191.08,1,1,0,1,C1,C1
B1_00000265,2002.98,crypto,UPI,9,5,1,HDFC,2025-01-11 09:06:00,1,24.5,0.034,0.781,0,223.2,1,1,0,1,B1,B1
C2_00000069,15449.13348660162,restaurant,credit_card,18,5,1,HDFC,2025-02-04 18:35:00,0,13.4,0.879,0.046,0,3.24,1,1,0,1,C2,C2
C2_00000322,15449.13348660162,electronics,debit_card,13,5,1,Union Bank,2025-04-12 13:05:00,0,55.3,0.882,0.019,1,283.38,0,1,0,1,C2,C2
D2_00000184,142.88,fuel,UPI,10,5,1,Kotak,2025-06-15 10:03:00,0,35.1,0.696,0.24,5,160.69,0,1,0,1,D2,D2
D1_00000021,238.8,restaurant,UPI,9,6,1,BOI,2025-02-10 09:25:00,0,25.9,0.78,0.331,4,196.0,0,1,0,1,D1,D1
A3_00000199,4999.296566396306,online_retail,debit_card,14,0,0,Kotak,2025-12-14 07:22:00,0,0.7,0.279,0.62,2,345.11,1,1,1,1,A3,A3
C1_00000171,147.40139382475718,entertainment,UPI,7,3,0,PNB,2025-11-25 07:13:00,0,17.8,0.91,0.092,1,24.59,1,1,1,1,C1,C1
E2_00000314,3616.76,travel,debit_card,17,0,0,Kotak,2025-11-19 17:24:00,1,113.7,0.348,0.731,5,573.01,1,1,0,1,E2,E2
A3_00000113,4999.746578035765,crypto,UPI,11,4,0,HDFC,2025-02-17 10:09:00,1,0.2,0.132,0.735,3,7.07,1,0,1,1,A3,A3
E1_00000271,40.4,restaurant,debit_card,18,2,0,PNB,2025-09-23 18:31:00,1,161.2,0.104,0.611,3,18.89,0,1,0,1,E1,E1
C1_00000067,147.40139382475718,electronics,net_banking,15,1,0,Paytm Payments Bank,2025-08-14 15:57:00,0,5.8,0.988,0.005,1,15.32,1,1,0,1,C1,C1
B1_00000203,4807.13,unknown,credit_card,10,1,0,Airtel Payments Bank,2025-07-17 10:43:00,1,45.3,0.128,0.813,0,485.54,1,1,0,1,B1,B1
C1_00000338,147.40139382475718,fuel,wallet,16,4,0,Kotak,2025-05-09 16:44:00,0,3.8,0.988,0.018,2,321.35,0,0,0,1,C1,C1
C1_00000143,147.40139382475718,clothing,UPI,14,4,0,PNB,2025-08-27 14:01:00,0,66.7,0.975,0.021,0,127.97,1,1,1,1,C1,C1
B2_00000116,4745.96,unknown,UPI,22,0,0,Axis,2025-01-26 22:10:00,1,8.0,0.144,0.927,2,1686.7,1,1,0,1,B2,B2
A2_00000117,1998.8291629796256,unknown,UPI,9,0,0,SBI,2025-06-17 09:30:00,0,0.2,0.209,0.845,7,97.4,1,1,1,1,A2,A2
C1_00000322,147.40139382475718,pharmacy,debit_card,15,4,0,Union Bank,2025-05-18 15:29:00,0,38.2,0.939,0.021,0,58.91,0,1,0,1,C1,C1
E2_00000192,4900.48,healthcare,UPI,10,1,0,Kotak,2025-11-27 10:40:00,1,181.7,0.367,0.618,2,249.44,0,0,0,1,E2,E2
E1_00000074,173.86,grocery,credit_card,16,2,0,ICICI,2025-09-20 16:30:00,1,58.1,0.315,0.682,7,9.55,0,1,0,1,E1,E1
B2_00000000,1395.94,crypto,credit_card,18,0,0,Airtel Payments Bank,2025-08-08 18:55:00,1,71.6,0.038,0.722,2,180.37,1,1,0,1,B2,B2
D2_00000033,25.04,fuel,UPI,18,1,0,Airtel Payments Bank,2025-09-29 18:43:00,0,64.9,0.694,0.315,0,359.24,1,1,0,1,D2,D2
A3_00000216,998.0761914300908,unknown,UPI,9,4,0,Paytm Payments Bank,2025-02-17 12:20:00,0,0.3,0.203,0.647,1,85.0,1,1,1,1,A3,A3
B1_00000035,1713.26,unknown,UPI,19,0,0,BOI,2025-11-06 19:44:00,1,37.4,0.127,0.988,2,10.79,1,1,0,1,B1,B1
A1_00000033,49998.999945647316,crypto,UPI,11,5,1,Paytm Payments Bank,2025-08-26 08:30:00,0,0.9,0.184,0.638,2,518.68,1,1,0,1,A1,A1
D1_00000003,597.92,restaurant,debit_card,18,6,1,BOI,2025-04-15 18:19:00,0,59.1,0.718,0.168,0,796.43,1,1,0,1,D1,D1
B2_00000239,660.06,crypto,UPI,12,2,0,ICICI,2025-07-24 12:36:00,1,8.9,0.017,0.846,0,84.11,1,1,0,1,B2,B2
C1_00000347,147.40139382475718,travel,debit_card,10,3,0,Union Bank,2025-01-03 10:53:00,0,22.4,0.887,0.03,0,216.73,0,1,0,1,C1,C1
A1_00000048,1998.1406525071384,online_retail,UPI,21,4,0,Union Bank,2025-02-05 14:47:00,0,0.3,0.135,0.752,5,33.45,1,1,1,1,A1,A1
C1_00000245,147.40139382475718,clothing,UPI,17,2,0,SBI,2025-08-23 17:31:00,0,1.3,0.957,0.019,1,184.71,0,1,0,1,C1,C1
C2_00000272,15449.13348660162,electronics,net_banking,9,5,1,Kotak,2025-08-13 09:56:00,0,46.7,0.854,0.108,2,130.13,1,1,0,1,C2,C2
B2_00000272,3158.33,unknown,debit_card,22,6,1,Kotak,2025-02-12 22:13:00,1,12.5,0.042,0.716,1,78.11,1,1,0,1,B2,B2
D2_00000141,1469.78,entertainment,debit_card,17,2,0,Union Bank,2025-04-14 17:11:00,1,20.8,0.657,0.265,4,49.98,0,1,0,1,D2,D2
B3_00000101,20125.53,unknown,credit_card,9,3,0,SBI,2025-08-25 09:51:00,1,51.6,0.108,0.817,7,32.98,1,1,0,1,B3,B3
B2_00000161,3371.83,unknown,UPI,10,5,1,Paytm Payments Bank,2025-10-12 10:04:00,1,56.5,0.111,0.909,1,61.87,1,1,0,1,B2,B2
A2_00000280,998.9570719129497,unknown,UPI,20,0,0,Airtel Payments Bank,2025-06-01 18:10:00,0,0.4,0.281,0.836,4,98.52,1,1,0,1,A2,A2
A3_00000167,1999.225059788464,unknown,UPI,14,6,1,Axis,2025-05-22 13:23:00,0,0.0,0.18,0.675,1,1084.17,1,1,1,1,A3,A3
A1_00000007,499.28249311380205,unknown,credit_card,16,1,0,HDFC,2025-04-22 21:43:00,0,0.9,0.26,0.866,3,585.55,1,1,1,1,A1,A1
D2_00000100,113.8,fuel,UPI,16,2,0,BOI,2025-02-13 16:54:00,0,49.5,0.764,0.156,1,19.84,1,1,0,1,D2,D2
A2_00000262,99998.89842683797,unknown,debit_card,11,3,0,Union Bank,2025-04-04 10:10:00,0,0.0,0.229,0.941,4,2128.06,1,1,1,1,A2,A2
D1_00000147,224.95,fuel,debit_card,14,5,1,Union Bank,2025-05-23 14:04:00,0,54.5,0.849,0.202,1,188.84,0,1,0,1,D1,D1
D2_00000261,432.3,travel,UPI,13,2,0,ICICI,2025-11-22 13:06:00,1,33.0,0.757,0.213,7,128.82,0,1,0,1,D2,D2
D2_00000095,148.21,electronics,UPI,1,6,1,BOI,2025-02-21 01:49:00,0,44.0,0.792,0.298,0,68.07,0,1,0,1,D2,D2
A3_00000035,4998.907405565823,online_retail,UPI,15,1,0,Axis,2025-06-18 14:13:00,1,0.9,0.259,0.647,5,58.39,1,1,1,1,A3,A3
E1_00000044,667.11,entertainment,UPI,22,2,0,SBI,2025-10-10 22:49:00,1,134.3,0.21,0.738,2,62.1,0,1,0,1,E1,E1
E1_00000231,693.75,entertainment,UPI,8,3,0,Airtel Payments Bank,2025-06-17 08:08:00,1,152.8,0.395,0.629,0,732.38,0,1,0,1,E1,E1
D1_00000300,638.99,fuel,UPI,11,0,0,Paytm Payments Bank,2025-08-17 11:30:00,0,56.8,0.629,0.282,7,6.53,0,1,0,1,D1,D1
C1_00000260,147.40139382475718,fuel,UPI,8,1,0,BOI,2025-01-26 08:00:00,0,38.2,0.868,0.007,0,428.07,1,1,0,1,C1,C1
B2_00000179,596.85,crypto,UPI,13,5,1,HDFC,2025-01-02 13:52:00,1,30.5,0.03,0.956,0,127.47,1,1,0,1,B2,B2
A3_00000115,4999.71363433125,unknown,UPI,9,5,1,Union Bank,2025-02-27 21:47:00,0,1.0,0.264,0.779,1,59.84,1,1,0,1,A3,A3
E1_00000170,1811.57,utilities,UPI,12,5,1,Airtel Payments Bank,2025-05-16 12:09:00,1,156.1,0.149,0.758,1,872.35,0,1,0,1,E1,E1
A1_00000286,99998.09653119,unknown,UPI,16,0,0,ICICI,2025-03-18 13:39:00,0,0.9,0.155,0.629,0,10.86,1,1,0,1,A1,A1
D2_00000204,25.15,travel,debit_card,11,3,0,HDFC,2025-05-22 11:27:00,0,30.0,0.69,0.254,7,33.13,0,1,0,1,D2,D2
D2_00000018,69.02,utilities,net_banking,6,3,0,BOI,2025-10-27 06:05:00,0,60.3,0.761,0.23,2,668.96,1,1,0,1,D2,D2
A1_00000340,19999.868572076517,unknown,credit_card,14,3,0,Union Bank,2025-10-11 12:11:00,0,0.9,0.213,0.697,1,17.88,1,1,0,1,A1,A1
E1_00000219,59.55,grocery,UPI,20,1,0,Union Bank,2025-07-15 20:30:00,1,63.9,0.228,0.621,5,4150.3,1,1,0,1,E1,E1
B1_00000106,4607.07,unknown,UPI,9,3,0,HDFC,2025-07-11 09:58:00,1,57.4,0.143,0.798,1,180.86,1,1,0,1,B1,B1
C1_00000330,147.40139382475718,clothing,debit_card,12,6,1,BOI,2025-03-14 12:36:00,1,56.9,0.936,0.111,0,484.44,1,1,0,1,C1,C1
B2_00000312,2542.46,crypto,debit_card,16,3,0,HDFC,2025-09-29 16:45:00,1,39.4,0.021,0.849,0,9.04,1,1,0,1,B2,B2
A3_00000036,500.4157011670933,crypto,UPI,16,3,0,Airtel Payments Bank,2025-11-14 02:47:00,0,0.8,0.128,0.605,1,1169.06,1,1,1,1,A3,A3
E1_00000101,1436.07,clothing,UPI,12,1,0,Paytm Payments Bank,2025-01-02 12:10:00,1,134.2,0.335,0.793,4,179.6,0,1,0,1,E1,E1
C1_00000003,147.40139382475718,restaurant,net_banking,14,1,0,HDFC,2025-10-22 14:28:00,0,56.6,0.862,0.06,2,1635.45,0,1,0,1,C1,C1
A3_00000205,49998.9871159253,crypto,debit_card,15,3,0,Paytm Payments Bank,2025-09-27 12:55:00,0,0.6,0.234,0.801,4,356.1,1,1,1,1,A3,A3
C1_00000241,147.40139382475718,fuel,credit_card,10,5,1,Paytm Payments Bank,2025-09-29 10:23:00,0,50.6,0.999,0.104,0,137.18,0,1,0,1,C1,C1
A1_00000009,49999.42923707331,crypto,UPI,14,1,0,ICICI,2025-05-30 21:21:00,1,0.8,0.159,0.905,1,9.86,1,1,1,1,A1,A1
E1_00000152,88.85,grocery,UPI,2,4,0,PNB,2025-06-19 02:37:00,1,149.8,0.185,0.56,1,463.82,0,1,0,1,E1,E1
B1_00000199,959.02,crypto,debit_card,20,3,0,PNB,2025-11-12 20:37:00,1,71.0,0.02,0.704,2,14.85,1,1,0,1,B1,B1
E1_00000016,2804.32,fuel,debit_card,15,0,0,Paytm Payments Bank,2025-11-13 15:36:00,1,79.0,0.375,0.637,5,1120.39,0,1,0,1,E1,E1
E1_00000228,153.09,grocery,UPI,17,5,1,ICICI,2025-06-13 17:41:00,1,181.5,0.231,0.599,5,36.98,0,1,0,1,E1,E1
A2_00000031,9999.548591401322,unknown,debit_card,10,0,0,Axis,2025-12-07 16:54:00,0,0.6,0.11,0.861,7,4338.67,1,1,1,1,A2,A2
B2_00000040,2751.2,unknown,wallet,21,6,1,Airtel Payments Bank,2025-10-24 21:51:00,1,8.1,0.028,0.836,2,192.54,1,1,0,1,B2,B2
D1_00000042,862.3,online_retail,debit_card,17,2,0,PNB,2025-12-15 17:26:00,1,34.3,0.824,0.196,4,63.38,1,1,0,1,D1,D1
E2_00000320,385.25,pharmacy,UPI,8,2,0,Kotak,2025-12-15 08:36:00,1,165.3,0.333,0.75,3,271.86,0,1,0,1,E2,E2
A1_00000308,9998.710698362345,unknown,UPI,20,4,0,SBI,2025-10-13 11:57:00,0,0.7,0.23,0.694,6,163.5,1,1,1,1,A1,A1
C1_00000259,147.40139382475718,pharmacy,UPI,10,0,0,Paytm Payments Bank,2025-05-23 10:32:00,0,60.6,0.962,0.083,1,284.16,0,0,0,1,C1,C1
E2_00000203,19039.89,entertainment,credit_card,12,5,1,BOI,2025-03-05 12:39:00,1,64.0,0.24,0.72,2,102.94,0,1,0,1,E2,E2
C2_00000084,15449.13348660162,grocery,credit_card,10,2,0,Union Bank,2025-07-14 10:37:00,1,4.9,0.929,0.063,2,12.59,0,1,0,1,C2,C2
B2_00000021,4727.48,unknown,UPI,13,2,0,Kotak,2025-09-08 13:38:00,1,64.5,0.097,0.958,0,134.78,1,1,0,1,B2,B2
D1_00000295,3.29,clothing,UPI,15,1,0,SBI,2025-10-19 15:59:00,1,3.6,0.81,0.34,3,264.03,1,1,0,1,D1,D1
D2_00000266,2.84,grocery,debit_card,14,1,0,Paytm Payments Bank,2025-07-10 14:18:00,1,10.0,0.751,0.194,0,997.83,1,1,0,1,D2,D2
A3_00000321,1999.4817775103368,crypto,debit_card,20,4,0,SBI,2025-08-17 19:27:00,0,1.0,0.177,0.814,3,11.71,1,1,0,1,A3,A3
B1_00000007,3627.6,unknown,UPI,20,2,0,Airtel Payments Bank,2025-07-27 20:06:00,1,56.1,0.098,0.957,0,30.9,1,1,0,1,B1,B1
B1_00000071,4369.1,unknown,UPI,13,4,0,Axis,2025-06-07 13:17:00,1,62.5,0.091,0.747,1,138.93,1,1,0,1,B1,B1
C1_00000272,147.40139382475718,restaurant,debit_card,10,4,0,Airtel Payments Bank,2025-04-15 10:03:00,0,37.1,0.94,0.109,1,218.89,1,1,1,1,C1,C1
D2_00000207,67.25,grocery,debit_card,7,6,1,Union Bank,2025-11-24 07:23:00,0,32.4,0.77,0.22,6,756.87,1,1,0,1,D2,D2
B1_00000050,1097.01,unknown,UPI,20,1,0,SBI,2025-03-30 20:24:00,1,23.1,0.064,0.832,2,3292.24,1,1,0,1,B1,B1
A2_00000068,500.9044114113001,unknown,credit_card,10,1,0,HDFC,2025-04-18 07:42:00,0,0.9,0.17,0.932,1,165.67,1,1,0,1,A2,A2
C1_00000165,147.40139382475718,grocery,debit_card,9,2,0,ICICI,2025-07-22 09:56:00,0,44.2,0.971,0.02,0,69.64,1,1,0,1,C1,C1
B1_00000165,4027.81,unknown,debit_card,13,4,0,BOI,2025-04-17 13:12:00,1,11.2,0.105,0.909,0,75.62,1,1,0,1,B1,B1
D2_00000071,1035.08,restaurant,debit_card,10,0,0,Union Bank,2025-08-16 10:42:00,0,22.0,0.787,0.285,2,96.91,1,1,0,1,D2,D2
B1_00000001,3019.67,unknown,credit_card,23,5,1,HDFC,2025-10-11 23:40:00,1,6.8,0.087,0.861,1,58.92,1,1,0,1,B1,B1
B1_00000341,1803.02,unknown,net_banking,8,6,1,Union Bank,2025-03-02 08:49:00,1,14.2,0.092,0.767,1,35.09,1,1,0,1,B1,B1
B3_00000085,17142.28,unknown,credit_card,13,4,0,Airtel Payments Bank,2025-06-12 13:40:00,1,28.2,0.172,0.983,15,94.79,1,1,0,1,B3,B3
B3_00000158,23238.9,unknown,credit_card,20,1,0,HDFC,2025-11-28 20:39:00,1,19.2,0.046,0.855,14,478.02,1,1,0,1,B3,B3
B2_00000082,866.88,crypto,credit_card,13,3,0,ICICI,2025-11-08 13:08:00,1,37.3,0.098,0.85,0,431.17,1,1,0,1,B2,B2
D2_00000085,85.36,fuel,net_banking,0,0,0,Kotak,2025-07-21 00:17:00,0,17.6,0.705,0.203,7,138.52,0,1,0,1,D2,D2
D1_00000110,98.03,restaurant,debit_card,10,5,1,Airtel Payments Bank,2025-08-28 10:46:00,0,55.1,0.681,0.332,3,13.14,0,1,0,1,D1,D1
C2_00000334,15449.13348660162,electronics,debit_card,16,6,1,Paytm Payments Bank,2025-02-09 16:02:00,0,58.9,0.98,0.06,0,1661.5,1,1,0,1,C2,C2
D1_00000277,119.91,travel,credit_card,9,5,1,ICICI,2025-06-02 09:20:00,0,8.5,0.655,0.184,5,69.0,0,1,0,1,D1,D1
E2_00000088,477.95,travel,credit_card,11,6,1,Airtel Payments Bank,2025-02-01 11:36:00,1,95.0,0.331,0.66,0,44.3,0,0,0,1,E2,E2
A2_00000178,1999.5660006560556,unknown,net_banking,11,3,0,Paytm Payments Bank,2025-01-01 12:03:00,0,0.0,0.165,0.702,2,124.89,1,1,1,1,A2,A2
C2_00000000,15449.13348660162,pharmacy,UPI,22,4,0,PNB,2025-09-30 22:53:00,0,6.5,0.989,0.096,0,132.92,1,1,0,1,C2,C2
A1_00000076,499.6510912322014,crypto,UPI,21,1,0,Union Bank,2025-01-05 13:44:00,0,0.8,0.181,0.884,4,70.48,1,1,1,1,A1,A1
B1_00000312,2079.3,unknown,UPI,7,4,0,Paytm Payments Bank,2025-09-11 07:53:00,1,16.8,0.015,0.832,0,187.32,1,1,0,1,B1,B1
B2_00000037,4073.95,crypto,UPI,21,2,0,SBI,2025-04-01 21:15:00,1,25.0,0.146,0.78,1,144.91,1,1,0,1,B2,B2
A2_00000159,19999.922408079412,unknown,debit_card,20,4,0,HDFC,2025-03-05 13:00:00,0,0.1,0.294,0.909,7,64.09,1,1,1,1,A2,A2
D1_00000333,146.86,grocery,credit_card,11,3,0,HDFC,2025-11-19 11:35:00,0,22.3,0.719,0.24,0,44.31,0,1,0,1,D1,D1
B3_00000262,29808.7,unknown,debit_card,19,5,1,Kotak,2025-02-18 19:57:00,1,31.5,0.154,0.832,11,475.47,1,1,0,1,B3,B3
A2_00000202,1999.1141356107591,crypto,UPI,21,5,1,Airtel Payments Bank,2025-07-16 20:16:00,1,0.0,0.176,0.602,3,26.58,1,1,0,1,A2,A2
B2_00000220,3063.82,crypto,UPI,17,4,0,SBI,2025-05-23 17:02:00,1,22.4,0.026,0.724,0,344.2,1,1,0,1,B2,B2
D1_00000103,195.94,travel,UPI,11,4,0,Paytm Payments Bank,2025-08-24 11:41:00,0,66.4,0.632,0.327,0,203.89,0,1,0,1,D1,D1
E1_00000123,10.0,education,credit_card,9,4,0,BOI,2025-01-28 09:35:00,1,91.1,0.256,0.607,3,276.85,0,1,0,1,E1,E1
C1_00000028,147.40139382475718,grocery,UPI,6,4,0,Union Bank,2025-03-10 06:55:00,0,11.0,0.92,0.105,0,249.98,0,1,0,1,C1,C1
D2_00000056,765.79,travel,net_banking,11,2,0,Axis,2025-10-25 11:27:00,0,39.1,0.674,0.327,6,762.47,0,1,0,1,D2,D2
E2_00000346,889.89,pharmacy,debit_card,5,1,0,Union Bank,2025-12-30 05:17:00,1,67.3,0.224,0.637,3,32.13,0,1,0,1,E2,E2
E1_00000306,701.59,clothing,UPI,15,2,0,Airtel Payments Bank,2025-03-22 15:33:00,1,51.4,0.302,0.603,7,217.86,0,1,0,1,E1,E1
E2_00000015,726.96,grocery,credit_card,0,3,0,Paytm Payments Bank,2025-04-08 00:08:00,1,56.3,0.327,0.695,0,63.16,0,1,0,1,E2,E2
B1_00000024,2733.57,unknown,net_banking,18,3,0,PNB,2025-05-15 18:59:00,1,26.1,0.132,0.939,1,178.57,1,1,0,1,B1,B1
A2_00000346,500.0586150740862,crypto,net_banking,15,3,0,Kotak,2025-07-10 14:46:00,0,0.9,0.293,0.64,3,273.66,1,1,1,1,A2,A2
A2_00000301,49998.26325477151,online_retail,net_banking,10,1,0,Airtel Payments Bank,2025-01-25 19:12:00,0,0.9,0.116,0.879,2,670.72,1,1,1,1,A2,A2
B3_00000261,15884.28,unknown,debit_card,23,6,1,Kotak,2025-04-11 23:16:00,1,70.1,0.143,0.954,10,49.6,1,1,0,1,B3,B3
B3_00000071,12500.79,unknown,UPI,11,5,1,Axis,2025-01-19 11:32:00,1,27.9,0.11,0.96,14,274.72,1,1,0,1,B3,B3
C2_00000242,15449.13348660162,education,UPI,14,1,0,Airtel Payments Bank,2025-12-04 14:09:00,0,58.4,0.874,0.09,0,109.94,1,1,0,1,C2,C2
B2_00000344,2604.38,unknown,UPI,13,5,1,BOI,2025-03-14 13:48:00,1,2.2,0.019,0.786,0,79.22,1,1,0,1,B2,B2
B3_00000079,36032.73,unknown,UPI,12,5,1,ICICI,2025-06-13 12:23:00,1,41.6,0.095,0.861,15,5.57,1,1,0,1,B3,B3
B3_00000308,34682.22,unknown,UPI,12,2,0,Paytm Payments Bank,2025-07-27 12:18:00,1,13.5,0.025,0.861,15,56.54,1,1,0,1,B3,B3
A1_00000162,4999.113670980108,unknown,wallet,14,0,0,PNB,2025-09-12 06:12:00,0,0.7,0.268,0.608,0,911.98,1,1,0,1,A1,A1
D1_00000033,250.04,fuel,UPI,10,0,0,SBI,2025-04-16 10:53:00,0,15.4,0.629,0.29,6,365.46,0,1,0,1,D1,D1
C2_00000088,15449.13348660162,restaurant,net_banking,3,1,0,Axis,2025-08-10 03:57:00,0,23.8,0.989,0.117,0,32.15,1,1,0,1,C2,C2
A3_00000180,1999.5142592243164,unknown,debit_card,15,2,0,PNB,2025-03-18 20:06:00,0,0.2,0.206,0.876,1,1021.06,1,1,0,1,A3,A3
A1_00000012,9999.820511532433,online_retail,credit_card,21,3,0,PNB,2025-09-27 11:07:00,0,0.9,0.288,0.911,0,590.86,1,1,1,1,A1,A1
C1_00000053,147.40139382475718,grocery,UPI,14,1,0,Airtel Payments Bank,2025-10-01 14:32:00,0,36.2,0.997,0.011,0,79.21,0,1,0,1,C1,C1
A1_00000098,4999.407571538533,unknown,UPI,14,6,1,Kotak,2025-09-10 10:34:00,0,0.0,0.291,0.868,4,145.55,1,1,1,1,A1,A1
A3_00000330,99998.75414395794,online_retail,UPI,11,0,0,Union Bank,2025-04-30 21:05:00,0,0.8,0.11,0.924,3,62.57,1,0,1,1,A3,A3
A1_00000254,999.2498819233359,unknown,debit_card,21,3,0,Paytm Payments Bank,2025-04-08 00:58:00,0,0.1,0.116,0.686,7,718.59,1,1,0,1,A1,A1
E2_00000060,1448.23,clothing,debit_card,3,0,0,Kotak,2025-12-25 03:26:00,1,156.4,0.195,0.774,1,246.08,0,1,0,1,E2,E2
D1_00000240,154.02,healthcare,net_banking,20,1,0,BOI,2025-10-24 20:58:00,1,16.2,0.707,0.187,2,30.66,1,1,0,1,D1,D1
E1_00000035,409.92,travel,UPI,19,3,0,Axis,2025-06-02 19:29:00,1,95.8,0.137,0.657,3,126.83,0,1,0,1,E1,E1
A2_00000249,1999.1979063435942,unknown,UPI,11,1,0,Airtel Payments Bank,2025-06-11 13:52:00,0,0.9,0.249,0.865,2,80.35,1,1,0,1,A2,A2
A2_00000271,4998.57998833211,unknown,debit_card,21,0,0,Union Bank,2025-09-24 14:45:00,0,0.3,0.176,0.607,7,5670.48,1,1,1,1,A2,A2
C2_00000178,15449.13348660162,electronics,UPI,1,0,0,Axis,2025-02-11 01:15:00,1,63.9,0.87,0.034,0,15.46,1,1,0,1,C2,C2
D2_00000069,6807.3,grocery,UPI,6,6,1,PNB,2025-01-20 06:52:00,1,7.6,0.783,0.282,0,52.67,0,1,0,1,D2,D2
D1_00000093,12287.94,education,credit_card,14,6,1,ICICI,2025-09-03 14:05:00,0,26.6,0.623,0.242,4,61.81,0,1,0,1,D1,D1
B2_00000341,4116.44,unknown,credit_card,8,2,0,ICICI,2025-01-18 08:29:00,1,41.6,0.059,0.781,2,4.13,1,1,0,1,B2,B2
B1_00000314,2274.22,unknown,UPI,20,5,1,Union Bank,2025-07-20 20:59:00,1,32.0,0.014,0.889,1,27.66,1,1,0,1,B1,B1
B3_00000038,23653.31,unknown,credit_card,20,2,0,ICICI,2025-06-03 20:43:00,1,9.7,0.106,0.969,17,253.69,1,1,0,1,B3,B3
B1_00000083,1419.75,unknown,credit_card,10,3,0,SBI,2025-11-04 10:42:00,1,64.6,0.074,0.879,1,2482.44,1,1,0,1,B1,B1
C2_00000106,15449.13348660162,grocery,credit_card,19,0,0,SBI,2025-04-27 19:57:00,0,21.2,0.927,0.1,0,74.55,1,1,0,1,C2,C2
C2_00000157,15449.13348660162,entertainment,credit_card,20,3,0,PNB,2025-05-02 20:27:00,0,12.7,0.947,0.113,0,707.02,1,1,0,1,C2,C2
C1_00000087,147.40139382475718,online_retail,UPI,10,5,1,Union Bank,2025-03-22 10:57:00,0,2.1,0.973,0.045,1,585.28,0,1,0,1,C1,C1
A1_00000313,99999.24780556388,unknown,UPI,10,6,1,Union Bank,2025-09-14 21:32:00,0,0.1,0.212,0.632,5,115.81,1,1,1,1,A1,A1
C2_00000197,15449.13348660162,grocery,UPI,13,1,0,BOI,2025-11-19 13:48:00,0,63.3,0.914,0.054,1,34.15,1,1,0,1,C2,C2
B1_00000214,3392.18,unknown,UPI,21,6,1,PNB,2025-07-14 21:19:00,1,6.1,0.134,0.945,1,26.81,1,1,0,1,B1,B1
C1_00000343,147.40139382475718,healthcare,UPI,13,6,1,Paytm Payments Bank,2025-03-20 13:44:00,1,57.6,0.938,0.118,0,424.89,1,1,0,1,C1,C1
B1_00000107,1019.04,unknown,debit_card,20,5,1,Paytm Payments Bank,2025-07-16 20:02:00,1,27.8,0.145,0.747,0,37.54,1,1,0,1,B1,B1
E1_00000025,3966.06,utilities,credit_card,9,5,1,Union Bank,2025-07-12 09:26:00,1,92.2,0.355,0.509,2,994.55,0,1,0,1,E1,E1
A3_00000138,49999.452518842525,unknown,debit_card,15,4,0,Paytm Payments Bank,2025-08-14 10:11:00,0,0.1,0.205,0.62,6,445.79,1,1,1,1,A3,A3
D1_00000236,205.59,restaurant,debit_card,20,0,0,Union Bank,2025-10-17 20:38:00,0,61.8,0.834,0.234,6,398.87,0,1,0,1,D1,D1
B1_00000213,4572.11,unknown,net_banking,16,2,0,Union Bank,2025-02-21 16:54:00,1,69.2,0.113,0.741,1,914.05,1,1,0,1,B1,B1
D1_00000312,6384.75,education,UPI,5,2,0,Paytm Payments Bank,2025-08-27 05:01:00,0,11.5,0.782,0.211,3,6.64,0,1,0,1,D1,D1
E1_00000324,128.21,grocery,debit_card,13,2,0,BOI,2025-03-20 13:45:00,1,154.9,0.182,0.605,1,226.71,0,1,0,1,E1,E1
C2_00000171,15449.13348660162,grocery,UPI,2,1,0,SBI,2025-11-05 02:13:00,0,13.9,0.997,0.09,0,78.52,1,1,0,1,C2,C2
A3_00000263,499.59357984842785,crypto,UPI,16,5,1,Airtel Payments Bank,2025-10-25 08:15:00,0,0.9,0.117,0.788,0,141.58,1,1,1,1,A3,A3
B1_00000108,730.17,unknown,credit_card,15,1,0,Union Bank,2025-01-26 15:40:00,1,50.8,0.126,0.701,1,199.33,1,1,0,1,B1,B1
A2_00000141,1998.8752599186198,crypto,UPI,10,4,0,Paytm Payments Bank,2025-06-04 17:04:00,0,0.0,0.241,0.707,7,179.54,1,1,0,1,A2,A2
A2_00000097,9998.928394680612,crypto,UPI,9,2,0,BOI,2025-02-22 13:02:00,0,0.1,0.282,0.701,1,707.84,1,1,1,1,A2,A2
B3_00000077,18793.98,unknown,credit_card,12,3,0,Axis,2025-04-27 12:22:00,1,31.1,0.078,0.952,12,2204.84,1,1,0,1,B3,B3
E2_00000208,78.02,clothing,UPI,13,6,1,ICICI,2025-09-14 13:31:00,1,148.6,0.388,0.552,0,446.37,0,1,0,1,E2,E2
C1_00000144,147.40139382475718,clothing,credit_card,15,4,0,Airtel Payments Bank,2025-04-19 15:19:00,0,26.4,0.914,0.046,2,104.23,1,1,0,1,C1,C1
B2_00000213,903.89,unknown,UPI,7,3,0,Union Bank,2025-07-26 07:12:00,1,50.5,0.147,0.955,2,6.16,1,1,0,1,B2,B2
C1_00000080,147.40139382475718,restaurant,wallet,12,5,1,HDFC,2025-07-30 12:15:00,0,15.9,0.869,0.056,1,341.08,0,0,0,1,C1,C1
A1_00000082,1998.1736297444297,online_retail,credit_card,21,3,0,PNB,2025-02-28 18:17:00,0,1.0,0.109,0.755,4,319.21,1,1,1,1,A1,A1
A2_00000167,9999.734051511341,online_retail,wallet,16,1,0,ICICI,2025-01-09 10:00:00,0,0.9,0.131,0.669,0,137.83,1,1,1,1,A2,A2
B3_00000117,35050.21,unknown,credit_card,20,3,0,HDFC,2025-08-06 20:27:00,1,63.8,0.15,0.969,5,184.29,1,1,1,1,B3,B3
B3_00000263,26849.47,unknown,credit_card,18,0,0,Axis,2025-09-07 18:30:00,1,54.1,0.133,0.985,14,18.5,1,1,0,1,B3,B3
A2_00000312,4999.46190258682,unknown,UPI,21,2,0,ICICI,2025-11-29 17:34:00,0,0.3,0.19,0.751,7,789.41,1,1,0,1,A2,A2
A3_00000142,500.05379960230863,crypto,UPI,14,6,1,Airtel Payments Bank,2025-06-18 10:56:00,0,0.4,0.291,0.621,2,25.72,1,1,1,1,A3,A3
A1_00000018,9998.177871280492,online_retail,wallet,20,1,0,Kotak,2025-11-03 20:47:00,0,0.9,0.134,0.827,7,181.28,1,1,0,1,A1,A1
E1_00000208,91.18,grocery,credit_card,10,0,0,Union Bank,2025-10-06 10:13:00,1,97.4,0.372,0.583,4,553.7,1,1,0,1,E1,E1
E1_00000011,675.09,travel,UPI,9,1,0,SBI,2025-07-24 09:57:00,1,85.8,0.32,0.516,7,61.27,0,1,0,1,E1,E1
A3_00000056,49998.31957844787,crypto,UPI,16,3,0,Airtel Payments Bank,2025-02-17 13:41:00,1,1.0,0.2,0.669,0,344.7,1,1,1,1,A3,A3
D2_00000020,270.44,healthcare,UPI,20,2,0,SBI,2025-06-03 20:27:00,0,28.1,0.744,0.166,5,1441.74,0,1,0,1,D2,D2
B2_00000287,2399.39,crypto,UPI,14,1,0,ICICI,2025-12-27 14:17:00,1,6.7,0.119,0.83,2,167.35,1,1,0,1,B2,B2
E2_00000278,16.2,grocery,UPI,16,1,0,HDFC,2025-11-16 16:13:00,1,90.2,0.141,0.773,2,192.26,0,1,0,1,E2,E2
C2_00000031,15449.13348660162,restaurant,UPI,21,1,0,Union Bank,2025-11-25 21:55:00,0,30.3,0.87,0.095,0,4384.88,1,1,0,1,C2,C2
E2_00000134,35.55,healthcare,UPI,13,4,0,HDFC,2025-04-29 13:24:00,1,72.0,0.167,0.505,0,1009.29,0,1,0,1,E2,E2
E2_00000205,47.09,restaurant,UPI,12,6,1,PNB,2025-06-20 12:45:00,1,81.4,0.143,0.685,2,130.12,0,1,0,1,E2,E2
C2_00000175,15449.13348660162,clothing,debit_card,12,4,0,Kotak,2025-10-31 12:48:00,0,31.6,0.945,0.0,1,489.43,0,1,0,1,C2,C2
B1_00000152,4502.4,crypto,net_banking,13,1,0,Kotak,2025-03-13 13:24:00,1,23.0,0.061,0.957,2,85.27,1,1,0,1,B1,B1
B2_00000115,2621.25,unknown,debit_card,22,0,0,BOI,2025-11-18 22:08:00,1,42.9,0.059,0.985,0,200.51,1,1,0,1,B2,B2
A3_00000014,4999.192957201361,crypto,credit_card,15,3,0,BOI,2025-03-09 15:55:00,1,0.9,0.253,0.722,6,1363.83,1,1,1,1,A3,A3
A1_00000265,49999.39142270562,crypto,wallet,9,3,0,Paytm Payments Bank,2025-03-30 19:35:00,0,0.3,0.244,0.615,5,432.19,1,1,1,1,A1,A1
D1_00000059,84.88,online_retail,debit_card,17,1,0,Union Bank,2025-11-25 17:53:00,0,19.9,0.696,0.152,4,1863.74,0,1,0,1,D1,D1
A1_00000157,99999.02434731567,unknown,credit_card,16,0,0,PNB,2025-08-30 09:47:00,0,0.3,0.249,0.652,4,21.78,1,1,1,1,A1,A1
C2_00000146,15449.13348660162,grocery,UPI,15,5,1,PNB,2025-12-08 15:57:00,0,24.7,0.955,0.024,1,8.3,1,1,1,1,C2,C2
C2_00000289,15449.13348660162,restaurant,credit_card,21,4,0,ICICI,2025-07-10 21:22:00,0,44.7,0.992,0.019,0,78.23,1,1,0,1,C2,C2
B3_00000150,19876.57,unknown,UPI,11,0,0,Paytm Payments Bank,2025-08-07 11:46:00,1,23.7,0.154,0.877,11,40.29,1,1,1,1,B3,B3
D2_00000080,43.82,pharmacy,UPI,9,3,0,Airtel Payments Bank,2025-03-19 09:57:00,0,8.3,0.748,0.228,4,63.83,0,1,0,1,D2,D2
D1_00000209,331.24,utilities,UPI,11,3,0,ICICI,2025-11-07 11:48:00,0,10.0,0.764,0.186,4,66.8,0,1,0,1,D1,D1
B2_00000036,3733.55,unknown,UPI,1,0,0,HDFC,2025-02-03 01:04:00,1,25.2,0.132,0.762,2,11.51,1,1,0,1,B2,B2
E2_00000019,402.06,entertainment,net_banking,10,0,0,HDFC,2025-07-30 10:39:00,1,55.3,0.35,0.598,0,315.99,0,1,0,1,E2,E2
A3_00000137,998.6091868089323,online_retail,UPI,20,5,1,SBI,2025-09-26 12:54:00,0,0.1,0.19,0.808,2,66.83,1,1,1,1,A3,A3
D2_00000245,468.48,grocery,UPI,9,2,0,Kotak,2025-09-18 09:11:00,0,51.2,0.661,0.318,1,26.63,1,1,0,1,D2,D2
B3_00000320,28097.08,unknown,net_banking,15,5,1,Kotak,2025-06-20 15:50:00,1,27.9,0.043,0.875,8,821.69,1,1,0,1,B3,B3
B2_00000102,4657.1,unknown,debit_card,12,6,1,Kotak,2025-05-05 12:31:00,1,3.6,0.116,0.775,0,144.73,1,1,0,1,B2,B2
A1_00000336,19999.030320733804,unknown,UPI,14,2,0,Kotak,2025-07-19 09:35:00,1,0.4,0.186,0.703,1,172.83,1,1,1,1,A1,A1
C1_00000312,147.40139382475718,grocery,debit_card,11,5,1,ICICI,2025-12-16 11:03:00,0,4.8,0.972,0.096,1,31.31,1,1,0,1,C1,C1
B1_00000249,3068.11,unknown,UPI,18,5,1,Airtel Payments Bank,2025-09-15 18:46:00,1,38.9,0.093,0.78,0,1486.24,1,1,0,1,B1,B1
B2_00000122,907.12,unknown,net_banking,1,6,1,ICICI,2025-11-17 01:58:00,1,64.9,0.068,0.772,0,160.8,1,1,0,1,B2,B2
C1_00000248,147.40139382475718,grocery,wallet,11,4,0,Union Bank,2025-09-20 11:54:00,0,56.5,0.965,0.064,0,302.12,1,1,0,1,C1,C1
B3_00000052,14347.98,unknown,UPI,9,6,1,PNB,2025-08-24 09:08:00,1,16.7,0.188,0.868,12,284.02,1,1,0,1,B3,B3
E1_00000053,317.26,grocery,net_banking,11,0,0,Kotak,2025-08-05 11:15:00,1,183.6,0.36,0.494,4,48.99,0,1,0,1,E1,E1
D2_00000032,1496.46,pharmacy,UPI,21,5,1,Airtel Payments Bank,2025-02-20 21:44:00,0,18.2,0.809,0.222,3,193.41,0,1,0,1,D2,D2
C1_00000222,147.40139382475718,travel,credit_card,8,4,0,BOI,2025-11-17 08:13:00,0,52.9,0.858,0.113,0,30.79,1,1,0,1,C1,C1
E1_00000119,232.28,fuel,debit_card,10,4,0,SBI,2025-03-07 10:17:00,1,144.6,0.293,0.584,2,38.82,0,1,0,1,E1,E1
B3_00000129,24464.01,unknown,credit_card,6,1,0,Airtel Payments Bank,2025-06-17 06:13:00,1,31.6,0.009,0.892,10,234.92,1,1,0,1,B3,B3
E1_00000068,72.04,electronics,debit_card,19,4,0,Union Bank,2025-02-02 19:26:00,1,89.7,0.207,0.483,4,2.25,0,1,0,1,E1,E1
D1_00000311,598.71,grocery,UPI,20,0,0,Union Bank,2025-05-10 20:14:00,1,35.4,0.607,0.28,2,272.25,0,1,0,1,D1,D1
B3_00000310,13329.72,unknown,net_banking,9,0,0,HDFC,2025-05-25 09:37:00,1,52.2,0.087,0.958,9,643.44,1,1,0,1,B3,B3
E2_00000126,122.68,healthcare,UPI,15,6,1,BOI,2025-05-24 15:52:00,1,174.3,0.12,0.567,6,821.38,0,1,0,1,E2,E2
E2_00000242,17.6,restaurant,UPI,20,5,1,HDFC,2025-02-05 20:44:00,1,106.2,0.118,0.757,2,2605.58,0,1,0,1,E2,E2
B3_00000298,15112.75,unknown,UPI,19,6,1,Axis,2025-07-26 19:09:00,1,7.5,0.162,0.935,11,14.77,1,1,0,1,B3,B3
E2_00000116,2354.77,restaurant,UPI,11,4,0,Paytm Payments Bank,2025-06-11 11:15:00,1,186.3,0.131,0.456,1,55.04,0,1,0,1,E2,E2
B1_00000247,3715.81,unknown,UPI,15,1,0,SBI,2025-03-09 15:47:00,1,62.6,0.026,0.856,0,332.53,1,1,0,1,B1,B1
B2_00000110,825.62,unknown,credit_card,14,0,0,ICICI,2025-07-15 14:55:00,1,66.6,0.059,0.805,1,41.79,1,1,0,1,B2,B2
B3_00000010,33635.91,unknown,UPI,8,6,1,Airtel Payments Bank,2025-05-20 08:47:00,1,25.8,0.128,0.877,18,195.11,1,1,0,1,B3,B3
D2_00000248,56.54,fuel,UPI,9,0,0,PNB,2025-10-28 09:13:00,0,17.0,0.74,0.225,2,49.93,0,1,0,1,D2,D2
A2_00000213,19999.459885098848,unknown,UPI,15,0,0,PNB,2025-01-12 05:47:00,0,0.3,0.177,0.663,1,408.93,1,1,0,1,A2,A2
C1_00000188,147.40139382475718,grocery,debit_card,5,3,0,SBI,2025-06-13 05:41:00,0,20.0,0.985,0.071,0,35.61,1,1,0,1,C1,C1
C2_00000077,15449.13348660162,entertainment,debit_card,22,3,0,Paytm Payments Bank,2025-11-15 22:43:00,0,28.3,0.975,0.022,2,379.53,1,1,0,1,C2,C2
B2_00000340,2914.93,crypto,UPI,16,4,0,BOI,2025-08-16 16:15:00,1,62.7,0.11,0.803,2,264.66,1,1,0,1,B2,B2
A2_00000330,1998.9420673738555,unknown,net_banking,21,0,0,BOI,2025-09-13 16:43:00,1,0.8,0.105,0.884,7,49.01,1,1,1,1,A2,A2
A1_00000155,99999.88735553046,unknown,debit_card,16,1,0,SBI,2025-01-02 08:49:00,1,0.7,0.144,0.603,4,2.57,1,1,1,1,A1,A1
D1_00000097,259.56,fuel,UPI,12,6,1,ICICI,2025-01-30 12:28:00,1,14.9,0.78,0.195,5,971.44,0,1,0,1,D1,D1
B2_00000284,3167.67,unknown,UPI,8,6,1,Union Bank,2025-03-23 08:09:00,1,19.5,0.127,0.885,0,1006.75,1,1,0,1,B2,B2
C2_00000109,15449.13348660162,utilities,UPI,12,3,0,Kotak,2025-09-22 12:13:00,0,39.2,0.869,0.026,1,153.79,1,1,0,1,C2,C2
B2_00000075,3274.28,crypto,UPI,14,6,1,Airtel Payments Bank,2025-02-15 14:59:00,1,61.0,0.069,0.883,0,95.59,1,1,0,1,B2,B2
B1_00000078,1858.96,crypto,UPI,9,5,1,Kotak,2025-11-22 09:15:00,1,7.2,0.074,0.811,0,26.65,1,1,0,1,B1,B1
C1_00000247,147.40139382475718,healthcare,wallet,10,5,1,Union Bank,2025-02-13 10:30:00,0,23.5,0.984,0.018,1,85.79,0,1,0,1,C1,C1
C2_00000135,15449.13348660162,grocery,net_banking,18,5,1,BOI,2025-11-23 18:16:00,0,29.5,0.903,0.069,1,1868.53,0,1,0,1,C2,C2
E2_00000115,30.76,education,UPI,15,2,0,PNB,2025-09-10 15:12:00,1,192.9,0.162,0.579,1,12.74,0,1,0,1,E2,E2
B2_00000070,3428.91,unknown,debit_card,19,4,0,BOI,2025-03-13 19:26:00,1,54.2,0.111,0.741,0,220.12,1,1,0,1,B2,B2
B3_00000139,13020.15,unknown,credit_card,11,2,0,Airtel Payments Bank,2025-08-08 11:28:00,1,47.8,0.072,0.972,12,614.02,1,1,0,1,B3,B3
A1_00000312,19998.774589830104,crypto,UPI,15,5,1,Axis,2025-02-16 20:57:00,0,0.3,0.132,0.842,0,1643.68,1,1,0,1,A1,A1
A1_00000263,9998.458303339994,crypto,debit_card,9,3,0,Axis,2025-06-30 18:32:00,0,0.7,0.168,0.918,0,7.21,1,1,1,1,A1,A1
C2_00000342,15449.13348660162,pharmacy,UPI,15,5,1,ICICI,2025-08-23 15:26:00,0,33.6,0.917,0.016,1,80.6,1,1,0,1,C2,C2
A1_00000060,49999.15751700665,unknown,debit_card,15,0,0,Paytm Payments Bank,2025-11-08 07:33:00,0,0.8,0.174,0.605,1,64.12,1,1,1,1,A1,A1
D1_00000031,520.61,grocery,UPI,22,2,0,Paytm Payments Bank,2025-06-30 22:41:00,0,16.7,0.646,0.309,5,239.89,0,1,0,1,D1,D1
A2_00000080,49999.62572781386,online_retail,UPI,16,5,1,ICICI,2025-03-20 03:15:00,0,0.7,0.185,0.908,0,441.44,1,1,1,1,A2,A2
E1_00000319,106.02,online_retail,credit_card,14,3,0,Kotak,2025-11-25 14:21:00,1,84.7,0.359,0.592,6,47.06,0,1,0,1,E1,E1
B1_00000059,1940.59,unknown,UPI,12,4,0,SBI,2025-04-22 12:55:00,1,49.5,0.046,0.804,2,577.82,1,1,0,1,B1,B1
A1_00000214,999.3613726511404,unknown,UPI,11,6,1,Union Bank,2025-02-19 10:05:00,1,0.7,0.12,0.771,1,389.63,1,1,1,1,A1,A1
B3_00000044,6608.18,unknown,net_banking,18,6,1,SBI,2025-01-02 18:17:00,1,57.4,0.003,0.899,19,904.87,1,1,0,1,B3,B3
D2_00000183,3249.02,grocery,debit_card,20,5,1,Paytm Payments Bank,2025-09-06 20:34:00,0,20.8,0.732,0.217,1,5168.9,0,1,0,1,D2,D2
A2_00000019,999.2254870401546,unknown,UPI,11,2,0,Axis,2025-10-08 17:44:00,0,0.5,0.184,0.784,7,245.04,1,1,1,1,A2,A2
C1_00000202,147.40139382475718,fuel,UPI,10,3,0,BOI,2025-12-19 10:20:00,0,3.2,0.992,0.074,0,9.28,0,1,0,1,C1,C1
E2_00000086,4901.96,online_retail,debit_card,10,5,1,Kotak,2025-07-07 10:07:00,1,67.3,0.376,0.751,3,5.72,0,1,0,1,E2,E2
E1_00000086,164.53,utilities,debit_card,12,2,0,Axis,2025-01-11 12:02:00,1,160.6,0.268,0.531,0,128.87,1,1,0,1,E1,E1
A1_00000133,999.994020586145,unknown,UPI,14,0,0,Paytm Payments Bank,2025-10-09 13:16:00,0,0.4,0.227,0.714,1,39.98,1,1,1,1,A1,A1
B2_00000104,2532.42,unknown,UPI,11,0,0,Paytm Payments Bank,2025-11-27 11:30:00,1,2.8,0.083,0.711,0,591.62,1,1,0,1,B2,B2
B2_00000199,1212.64,unknown,net_banking,9,4,0,BOI,2025-10-23 09:54:00,1,64.6,0.028,0.937,1,976.13,1,1,0,1,B2,B2
C2_00000277,15449.13348660162,healthcare,credit_card,20,5,1,SBI,2025-03-04 20:22:00,0,68.6,0.93,0.116,0,7.86,1,1,0,1,C2,C2
C1_00000282,147.40139382475718,travel,UPI,19,3,0,Kotak,2025-02-25 19:54:00,0,28.4,0.92,0.023,0,348.85,1,1,0,1,C1,C1
D1_00000155,924.13,fuel,debit_card,23,5,1,SBI,2025-02-17 23:49:00,0,2.3,0.849,0.34,5,154.48,0,1,0,1,D1,D1
A2_00000265,9998.322246688223,online_retail,UPI,20,0,0,Airtel Payments Bank,2025-05-28 08:11:00,0,0.3,0.145,0.87,5,3.15,1,1,1,1,A2,A2
B1_00000101,4855.68,unknown,UPI,6,4,0,Kotak,2025-05-26 06:50:00,1,24.1,0.051,0.793,2,123.85,1,1,0,1,B1,B1
D2_00000264,36073.44,restaurant,UPI,5,1,0,Axis,2025-04-26 05:39:00,0,13.8,0.6,0.204,0,94.72,1,1,0,1,D2,D2
E1_00000333,6975.88,fuel,debit_card,5,3,0,Kotak,2025-06-19 05:29:00,1,194.2,0.197,0.701,5,14.41,0,1,0,1,E1,E1
D1_00000026,26.01,clothing,debit_card,14,5,1,SBI,2025-12-23 14:23:00,1,64.6,0.773,0.15,3,535.12,1,1,0,1,D1,D1
E2_00000066,71.36,entertainment,UPI,15,5,1,HDFC,2025-10-13 15:04:00,1,162.3,0.242,0.659,1,163.24,0,1,0,1,E2,E2
A3_00000092,9998.631721580068,online_retail,debit_card,16,3,0,ICICI,2025-05-25 10:41:00,1,0.9,0.227,0.627,3,99.26,1,1,0,1,A3,A3
D2_00000238,191.74,online_retail,debit_card,8,2,0,Union Bank,2025-02-09 08:41:00,0,51.4,0.745,0.281,3,5169.85,0,1,0,1,D2,D2
B1_00000041,616.4,unknown,credit_card,16,2,0,ICICI,2025-09-10 16:38:00,1,58.5,0.105,0.82,1,553.38,1,1,0,1,B1,B1
A1_00000042,499.9446006735,crypto,net_banking,9,6,1,Airtel Payments Bank,2025-06-09 22:42:00,0,0.3,0.155,0.668,1,33.91,1,1,1,1,A1,A1
E1_00000113,5498.49,travel,UPI,18,3,0,SBI,2025-07-25 18:50:00,1,119.7,0.39,0.781,3,82.62,0,1,0,1,E1,E1
E1_00000116,16198.01,entertainment,credit_card,12,3,0,Paytm Payments Bank,2025-02-05 12:27:00,1,79.1,0.221,0.469,6,104.66,0,1,0,1,E1,E1
C1_00000332,147.40139382475718,pharmacy,UPI,10,1,0,Airtel Payments Bank,2025-09-29 10:52:00,0,30.8,0.974,0.063,0,185.59,1,1,0,1,C1,C1
E1_00000079,60.09,electronics,credit_card,13,2,0,Kotak,2025-10-02 13:13:00,1,84.8,0.134,0.7,4,1712.51,0,1,0,1,E1,E1
A1_00000332,99999.94326250858,online_retail,UPI,20,6,1,ICICI,2025-11-10 11:29:00,0,0.7,0.103,0.731,7,524.18,1,1,1,1,A1,A1
C2_00000331,15449.13348660162,pharmacy,credit_card,20,5,1,ICICI,2025-07-08 20:26:00,0,19.9,0.886,0.099,0,353.55,1,0,0,1,C2,C2
D1_00000014,93.7,utilities,debit_card,1,1,0,SBI,2025-03-15 01:39:00,0,23.6,0.683,0.346,2,87.92,0,1,0,1,D1,D1
D2_00000150,255.97,clothing,credit_card,8,2,0,Paytm Payments Bank,2025-06-22 08:55:00,0,69.7,0.746,0.311,3,65.27,0,1,0,1,D2,D2
A2_00000314,500.59338158502464,unknown,net_banking,21,4,0,Paytm Payments Bank,2025-12-12 07:31:00,0,0.2,0.255,0.866,4,434.0,1,1,0,1,A2,A2
D1_00000249,64.13,entertainment,debit_card,19,4,0,BOI,2025-05-13 19:14:00,0,38.3,0.69,0.298,1,146.7,1,1,0,1,D1,D1
A2_00000230,1998.043213758181,crypto,debit_card,15,3,0,Airtel Payments Bank,2025-09-03 13:17:00,0,0.3,0.145,0.834,7,163.03,1,1,0,1,A2,A2
E1_00000264,76.29,restaurant,debit_card,19,4,0,Paytm Payments Bank,2025-01-30 19:23:00,1,78.0,0.128,0.552,0,692.7,0,1,0,1,E1,E1
B1_00000239,1575.99,unknown,UPI,12,0,0,SBI,2025-05-12 12:37:00,1,31.2,0.04,0.871,1,1.51,1,1,0,1,B1,B1
A2_00000181,99999.04753083475,unknown,debit_card,16,6,1,BOI,2025-01-07 21:52:00,0,0.2,0.21,0.84,4,142.15,1,1,1,1,A2,A2
C1_00000298,147.40139382475718,fuel,UPI,17,0,0,Axis,2025-10-19 17:56:00,0,63.1,0.966,0.1,2,321.17,1,1,0,1,C1,C1
A3_00000282,19998.874580592674,online_retail,UPI,9,1,0,Airtel Payments Bank,2025-02-27 14:42:00,0,0.3,0.233,0.791,0,307.42,1,1,1,1,A3,A3
D1_00000089,423.23,entertainment,UPI,18,0,0,Paytm Payments Bank,2025-05-06 18:23:00,0,58.8,0.697,0.299,2,1798.55,0,1,0,1,D1,D1
B2_00000133,1581.18,unknown,UPI,18,0,0,BOI,2025-11-11 18:17:00,1,27.9,0.135,0.79,0,4.79,1,1,0,1,B2,B2
A2_00000014,99999.16298242987,unknown,UPI,20,4,0,Kotak,2025-07-07 18:36:00,0,0.8,0.101,0.695,4,42.09,1,1,1,1,A2,A2
D2_00000126,2060.92,utilities,UPI,12,1,0,ICICI,2025-10-27 12:45:00,0,10.3,0.619,0.202,1,312.55,1,1,0,1,D2,D2
B2_00000048,3169.01,unknown,net_banking,16,2,0,Union Bank,2025-08-29 16:35:00,1,9.5,0.075,0.936,1,249.55,1,1,0,1,B2,B2
B1_00000006,2650.16,unknown,debit_card,2,5,1,Airtel Payments Bank,2025-07-18 02:53:00,1,49.7,0.04,0.943,0,972.24,1,1,0,1,B1,B1
D2_00000102,116.05,grocery,credit_card,13,2,0,ICICI,2025-04-08 13:24:00,0,5.0,0.665,0.152,0,613.57,0,1,0,1,D2,D2
D2_00000222,124.64,utilities,debit_card,19,1,0,SBI,2025-04-19 19:25:00,0,13.6,0.824,0.322,3,49.66,0,1,0,1,D2,D2
E1_00000017,733.71,electronics,credit_card,2,6,1,Kotak,2025-05-05 02:48:00,1,143.0,0.326,0.718,5,1585.69,0,1,0,1,E1,E1
A3_00000301,1998.265556493413,unknown,debit_card,20,4,0,HDFC,2025-08-15 14:15:00,1,0.9,0.124,0.728,4,33.41,1,1,1,1,A3,A3
A1_00000333,1999.7953968702352,crypto,UPI,10,5,1,HDFC,2025-03-07 14:55:00,0,0.9,0.293,0.827,4,264.63,1,1,1,1,A1,A1
D2_00000226,21.82,restaurant,debit_card,9,2,0,Paytm Payments Bank,2025-11-25 09:33:00,0,44.9,0.68,0.206,0,218.39,1,1,0,1,D2,D2
D1_00000053,191.97,clothing,UPI,14,4,0,Union Bank,2025-03-20 14:07:00,0,57.3,0.841,0.199,3,2976.05,1,1,0,1,D1,D1
E1_00000010,1815.44,travel,wallet,20,0,0,SBI,2025-02-15 20:05:00,1,170.4,0.107,0.523,3,4810.72,0,1,0,1,E1,E1
D2_00000136,507.27,clothing,debit_card,5,2,0,Paytm Payments Bank,2025-02-21 05:57:00,0,64.3,0.694,0.331,5,74.94,1,1,0,1,D2,D2
B1_00000177,3785.14,unknown,UPI,21,3,0,Axis,2025-08-25 21:46:00,1,60.9,0.036,0.947,1,262.67,1,1,0,1,B1,B1
C1_00000301,147.40139382475718,restaurant,wallet,15,6,1,Airtel Payments Bank,2025-09-01 15:23:00,0,5.9,0.947,0.019,0,319.25,0,0,0,1,C1,C1
B1_00000038,2507.9,crypto,net_banking,19,4,0,Airtel Payments Bank,2025-02-06 19:48:00,1,55.6,0.018,0.984,1,37.41,1,1,0,1,B1,B1
D1_00000222,76.18,restaurant,UPI,10,5,1,Paytm Payments Bank,2025-12-31 10:01:00,1,0.6,0.76,0.194,6,168.31,0,1,0,1,D1,D1
B3_00000124,21746.99,unknown,UPI,21,0,0,HDFC,2025-09-13 21:28:00,1,56.9,0.06,0.886,12,66.58,1,1,0,1,B3,B3
B2_00000063,771.7,unknown,UPI,6,6,1,Union Bank,2025-09-29 06:58:00,1,34.0,0.021,0.85,2,43.58,1,1,0,1,B2,B2
D1_00000154,1253.45,clothing,UPI,22,4,0,HDFC,2025-01-05 22:08:00,0,0.0,0.665,0.344,7,205.96,0,1,0,1,D1,D1
D1_00000221,360.07,clothing,debit_card,20,1,0,SBI,2025-05-20 20:22:00,0,35.8,0.832,0.321,3,17.26,1,1,0,1,D1,D1
E2_00000157,340.44,education,UPI,2,2,0,HDFC,2025-12-22 02:54:00,1,76.0,0.184,0.457,2,118.72,0,1,0,1,E2,E2
B2_00000171,2669.05,unknown,UPI,14,3,0,Kotak,2025-05-15 14:27:00,1,46.3,0.107,0.737,2,725.75,1,1,0,1,B2,B2
B1_00000076,2994.33,crypto,UPI,12,0,0,Axis,2025-11-20 12:00:00,1,19.4,0.113,0.904,2,19.93,1,1,0,1,B1,B1
A1_00000221,9999.496448550162,unknown,credit_card,16,2,0,Axis,2025-01-09 12:43:00,0,0.0,0.241,0.612,4,12.52,1,1,0,1,A1,A1
D1_00000113,765.94,healthcare,debit_card,13,2,0,Airtel Payments Bank,2025-01-13 13:48:00,1,2.4,0.832,0.338,1,2453.32,1,1,0,1,D1,D1
E2_00000188,838.78,utilities,net_banking,20,0,0,SBI,2025-05-10 20:36:00,1,142.3,0.225,0.671,2,192.13,1,1,0,1,E2,E2
A2_00000316,1998.160783654128,unknown,wallet,9,5,1,HDFC,2025-02-18 06:07:00,0,0.2,0.165,0.671,7,215.2,1,0,1,1,A2,A2
D1_00000100,36.56,fuel,debit_card,16,0,0,PNB,2025-04-29 16:28:00,0,12.7,0.809,0.244,1,176.37,0,1,0,1,D1,D1
D2_00000313,378.7,entertainment,wallet,16,3,0,Union Bank,2025-12-10 16:51:00,0,46.8,0.717,0.273,5,300.51,1,1,0,1,D2,D2
D2_00000341,5.05,education,UPI,18,5,1,Airtel Payments Bank,2025-10-09 18:17:00,0,45.5,0.707,0.313,2,33.12,0,1,0,1,D2,D2
B2_00000334,595.35,unknown,credit_card,19,2,0,PNB,2025-11-02 19:02:00,1,51.7,0.016,0.865,2,22.12,1,1,0,1,B2,B2
A2_00000212,9999.303088503846,unknown,net_banking,15,0,0,Axis,2025-04-24 13:45:00,1,0.7,0.221,0.946,0,37.61,1,1,0,1,A2,A2
E1_00000336,58.39,grocery,UPI,8,1,0,Airtel Payments Bank,2025-10-12 08:53:00,1,173.7,0.135,0.669,5,214.26,0,1,0,1,E1,E1
C1_00000276,147.40139382475718,healthcare,debit_card,9,3,0,SBI,2025-07-03 09:10:00,0,14.1,0.992,0.02,1,25.93,1,1,0,1,C1,C1
C2_00000196,15449.13348660162,electronics,net_banking,20,3,0,PNB,2025-01-06 20:12:00,0,18.1,0.857,0.017,1,14.16,1,1,0,1,C2,C2
B3_00000115,22307.56,unknown,debit_card,2,1,0,PNB,2025-07-18 02:09:00,1,32.9,0.199,0.941,10,47.17,1,1,0,1,B3,B3
B2_00000060,4696.38,unknown,UPI,12,2,0,HDFC,2025-08-04 12:50:00,1,52.2,0.007,0.835,2,585.46,1,1,0,1,B2,B2
C2_00000344,15449.13348660162,utilities,UPI,19,3,0,BOI,2025-01-26 19:24:00,0,63.5,0.895,0.063,0,1298.47,1,1,0,1,C2,C2
C2_00000130,15449.13348660162,restaurant,debit_card,21,6,1,Airtel Payments Bank,2025-02-17 21:36:00,0,32.6,0.93,0.095,0,72.76,1,1,0,1,C2,C2
D2_00000289,1560.49,education,debit_card,21,0,0,Paytm Payments Bank,2025-12-15 21:10:00,1,53.7,0.796,0.168,7,1322.1,0,1,0,1,D2,D2
D2_00000321,344.69,utilities,UPI,17,0,0,Axis,2025-11-29 17:47:00,1,26.9,0.73,0.186,5,46.65,1,1,0,1,D2,D2
C1_00000043,147.40139382475718,electronics,net_banking,17,3,0,ICICI,2025-12-05 17:25:00,0,33.9,0.855,0.088,0,8.27,1,1,0,1,C1,C1
C1_00000142,147.40139382475718,entertainment,debit_card,15,3,0,Union Bank,2025-03-17 15:39:00,0,30.0,0.961,0.095,0,139.88,1,1,1,1,C1,C1
D1_00000126,159.04,fuel,debit_card,6,4,0,SBI,2025-08-21 06:57:00,0,18.2,0.768,0.284,5,104.09,1,1,0,1,D1,D1
B1_00000344,2240.69,unknown,debit_card,15,5,1,PNB,2025-03-27 15:59:00,1,21.5,0.006,0.791,0,361.86,1,1,0,1,B1,B1
D1_00000162,1386.02,electronics,debit_card,7,2,0,SBI,2025-04-27 07:44:00,0,23.6,0.601,0.185,7,345.15,1,1,0,1,D1,D1
E2_00000225,19.15,entertainment,debit_card,14,0,0,HDFC,2025-07-24 14:44:00,1,121.1,0.123,0.694,4,29.2,0,1,0,1,E2,E2
D1_00000163,3385.82,restaurant,debit_card,12,3,0,PNB,2025-04-19 12:59:00,0,13.1,0.615,0.264,4,127.88,1,1,0,1,D1,D1
C2_00000312,15449.13348660162,utilities,credit_card,13,5,1,Paytm Payments Bank,2025-07-31 13:00:00,0,38.6,0.863,0.104,0,70.57,1,1,0,1,C2,C2
B3_00000178,43794.86,unknown,credit_card,16,2,0,Paytm Payments Bank,2025-10-14 16:10:00,1,28.0,0.01,0.959,14,97.93,1,1,0,1,B3,B3
B2_00000283,2501.34,crypto,net_banking,15,0,0,Airtel Payments Bank,2025-12-30 15:23:00,1,0.5,0.03,0.864,0,129.95,1,1,0,1,B2,B2
A2_00000108,19998.135735800744,crypto,credit_card,10,5,1,Airtel Payments Bank,2025-06-06 19:44:00,1,0.1,0.146,0.845,6,56.49,1,1,0,1,A2,A2
A2_00000199,99999.9119267578,crypto,net_banking,11,5,1,PNB,2025-08-12 20:42:00,0,0.3,0.207,0.613,4,602.55,1,1,1,1,A2,A2
D1_00000263,132.86,travel,net_banking,20,2,0,ICICI,2025-04-23 20:19:00,0,55.3,0.635,0.219,3,188.82,0,1,0,1,D1,D1
B2_00000155,511.08,unknown,debit_card,13,5,1,PNB,2025-07-08 13:25:00,1,26.1,0.085,0.898,1,55.56,1,1,0,1,B2,B2
E2_00000099,755.85,restaurant,UPI,5,1,0,ICICI,2025-06-19 05:47:00,1,79.7,0.193,0.639,3,663.14,1,1,0,1,E2,E2
A2_00000270,19998.480682049674,unknown,debit_card,9,6,1,Axis,2025-09-02 08:52:00,0,0.7,0.147,0.819,3,85.57,1,1,0,1,A2,A2
D2_00000317,146.28,pharmacy,UPI,15,6,1,Axis,2025-02-09 15:39:00,0,18.5,0.802,0.171,1,15.23,0,1,0,1,D2,D2
A2_00000332,19999.510703361935,crypto,UPI,16,0,0,PNB,2025-12-03 09:40:00,0,1.0,0.24,0.629,7,256.82,1,1,1,1,A2,A2
D1_00000208,78.24,grocery,net_banking,10,2,0,HDFC,2025-10-06 10:57:00,0,13.2,0.73,0.21,3,4016.62,0,1,0,1,D1,D1
E1_00000214,46.94,restaurant,UPI,21,0,0,SBI,2025-10-19 21:15:00,1,197.1,0.249,0.555,7,206.56,0,1,0,1,E1,E1
B3_00000228,16513.69,unknown,credit_card,9,6,1,Axis,2025-02-28 09:40:00,1,60.8,0.198,0.957,15,102.98,1,1,0,1,B3,B3
D2_00000246,175.35,pharmacy,UPI,20,3,0,Union Bank,2025-09-11 20:33:00,1,1.1,0.692,0.179,1,8.03,0,1,0,1,D2,D2
A1_00000102,1998.848212970888,unknown,credit_card,14,4,0,Union Bank,2025-11-19 11:08:00,0,0.5,0.165,0.604,4,339.94,1,0,1,1,A1,A1
A1_00000187,49998.95317684341,online_retail,UPI,10,3,0,PNB,2025-06-13 09:46:00,0,0.2,0.292,0.658,3,60.9,1,1,1,1,A1,A1
A3_00000002,998.3374088268389,crypto,debit_card,10,1,0,SBI,2025-08-12 10:45:00,0,0.7,0.204,0.763,4,47.28,1,1,1,1,A3,A3
B2_00000066,2379.81,unknown,UPI,10,1,0,HDFC,2025-04-21 10:17:00,1,29.0,0.136,0.839,0,50.32,1,1,0,1,B2,B2
A1_00000209,1999.7041046649256,unknown,UPI,20,2,0,PNB,2025-07-30 15:18:00,0,1.0,0.131,0.936,3,512.43,1,1,1,1,A1,A1
D2_00000303,68.74,restaurant,UPI,8,2,0,Airtel Payments Bank,2025-08-10 08:27:00,0,10.6,0.754,0.196,6,47.46,0,1,0,1,D2,D2
C2_00000209,15449.13348660162,clothing,UPI,7,3,0,BOI,2025-09-26 07:14:00,0,21.9,0.896,0.118,1,229.36,1,1,0,1,C2,C2
B2_00000282,531.61,unknown,UPI,13,2,0,Axis,2025-12-26 13:08:00,1,9.4,0.03,0.833,1,494.27,1,1,0,1,B2,B2
B3_00000206,10353.4,unknown,debit_card,21,0,0,Axis,2025-11-17 21:57:00,1,26.6,0.054,0.831,17,121.89,1,1,0,1,B3,B3
A3_00000292,99998.64231815579,crypto,UPI,16,2,0,BOI,2025-10-20 20:48:00,1,0.0,0.184,0.923,4,78.58,1,1,0,1,A3,A3
B2_00000263,4717.84,unknown,credit_card,11,5,1,Axis,2025-02-02 11:39:00,1,59.6,0.073,0.892,2,916.22,1,1,0,1,B2,B2
C2_00000162,15449.13348660162,online_retail,UPI,12,2,0,Union Bank,2025-05-20 12:18:00,0,23.0,0.876,0.106,0,40.53,1,1,0,1,C2,C2
A3_00000339,499.2914692848904,crypto,UPI,15,4,0,Union Bank,2025-07-29 06:14:00,0,0.6,0.111,0.843,3,387.12,1,1,1,1,A3,A3
B1_00000137,1656.19,crypto,debit_card,8,0,0,Union Bank,2025-10-26 08:55:00,1,13.7,0.121,0.703,0,229.22,1,1,0,1,B1,B1
C2_00000154,15449.13348660162,entertainment,credit_card,7,5,1,HDFC,2025-02-02 07:32:00,0,55.7,0.982,0.064,2,481.21,0,1,0,1,C2,C2
C1_00000035,147.40139382475718,grocery,credit_card,21,3,0,Axis,2025-03-05 21:14:00,0,42.3,0.903,0.101,1,1032.46,0,1,0,1,C1,C1
C1_00000124,147.40139382475718,entertainment,debit_card,12,1,0,BOI,2025-03-29 12:07:00,0,13.3,0.9,0.045,0,175.59,1,1,0,1,C1,C1
D2_00000142,50.5,restaurant,UPI,12,1,0,Paytm Payments Bank,2025-06-25 12:41:00,1,48.1,0.651,0.253,6,1840.96,0,1,0,1,D2,D2
E2_00000342,459.72,clothing,debit_card,9,2,0,Paytm Payments Bank,2025-05-08 09:35:00,1,191.9,0.165,0.776,1,15.5,0,1,0,1,E2,E2
B1_00000080,952.53,unknown,UPI,12,2,0,ICICI,2025-12-17 12:57:00,1,30.8,0.034,0.825,0,61.22,1,1,0,1,B1,B1
C2_00000205,15449.13348660162,fuel,debit_card,14,1,0,Union Bank,2025-09-29 14:14:00,0,26.9,0.857,0.082,0,551.03,1,1,0,1,C2,C2
E1_00000175,204.1,fuel,credit_card,7,2,0,Axis,2025-03-18 07:36:00,1,124.1,0.152,0.521,7,3056.16,0,1,0,1,E1,E1
E1_00000345,1710.35,grocery,net_banking,9,0,0,BOI,2025-09-15 09:29:00,1,185.0,0.178,0.526,1,292.89,0,1,0,1,E1,E1
D1_00000247,1407.38,grocery,net_banking,17,1,0,SBI,2025-02-09 17:02:00,0,38.4,0.81,0.165,1,137.43,0,1,0,1,D1,D1
D2_00000075,179.3,fuel,UPI,23,4,0,PNB,2025-08-30 23:29:00,0,50.2,0.771,0.16,2,79.64,0,1,0,1,D2,D2
C2_00000294,15449.13348660162,education,debit_card,12,2,0,Axis,2025-09-21 12:30:00,0,20.5,0.908,0.096,1,49.1,1,1,0,1,C2,C2
D2_00000066,4.28,fuel,UPI,14,6,1,Axis,2025-07-12 14:46:00,1,41.4,0.629,0.268,6,261.92,0,1,0,1,D2,D2
A2_00000244,998.9098398216122,unknown,UPI,21,4,0,ICICI,2025-09-11 11:53:00,0,0.8,0.262,0.905,7,101.34,1,1,0,1,A2,A2
A3_00000240,499.62599520755805,crypto,net_banking,11,3,0,Airtel Payments Bank,2025-10-04 19:42:00,1,0.7,0.107,0.906,3,1107.19,1,1,0,1,A3,A3
E1_00000290,167.13,healthcare,UPI,19,2,0,PNB,2025-07-27 19:11:00,1,170.6,0.342,0.654,4,21.79,0,1,0,1,E1,E1
E2_00000152,79.56,clothing,credit_card,12,0,0,HDFC,2025-09-02 12:00:00,1,174.4,0.377,0.554,7,18.83,0,1,0,1,E2,E2
C1_00000099,147.40139382475718,electronics,debit_card,12,2,0,Kotak,2025-01-21 12:25:00,0,28.3,0.9,0.065,0,6.28,1,1,0,1,C1,C1
A3_00000008,99999.0732433682,unknown,credit_card,20,3,0,PNB,2025-10-25 12:42:00,0,0.8,0.122,0.775,0,293.53,1,1,1,1,A3,A3
E2_00000219,4821.2,restaurant,credit_card,17,4,0,HDFC,2025-05-28 17:18:00,1,182.1,0.371,0.638,1,97.22,0,1,0,1,E2,E2
B1_00000105,2774.59,unknown,UPI,11,6,1,BOI,2025-08-15 11:52:00,1,28.1,0.013,0.923,1,211.88,1,1,0,1,B1,B1
B1_00000202,914.07,unknown,debit_card,16,2,0,Union Bank,2025-12-08 16:32:00,1,42.6,0.14,0.863,2,30.74,1,1,0,1,B1,B1
D1_00000023,335.07,electronics,credit_card,9,5,1,Axis,2025-05-28 09:34:00,0,12.3,0.658,0.23,1,44.67,0,1,0,1,D1,D1
B3_00000134,20898.78,unknown,UPI,12,3,0,HDFC,2025-09-15 12:01:00,1,52.8,0.139,0.843,14,35.36,1,1,0,1,B3,B3
B2_00000317,2603.94,crypto,debit_card,16,4,0,Axis,2025-10-11 16:30:00,1,39.8,0.003,0.96,0,17.48,1,1,0,1,B2,B2
B1_00000192,4450.48,unknown,UPI,14,4,0,Airtel Payments Bank,2025-01-26 14:51:00,1,31.0,0.078,0.712,1,293.16,1,1,0,1,B1,B1
A3_00000245,4998.233980468139,unknown,debit_card,11,1,0,Paytm Payments Bank,2025-11-23 09:31:00,0,0.6,0.274,0.618,4,416.64,1,1,0,1,A3,A3
A1_00000338,999.3046979313781,crypto,UPI,20,5,1,Paytm Payments Bank,2025-09-20 10:59:00,0,0.6,0.278,0.723,5,1253.03,1,0,0,1,A1,A1
C1_00000031,147.40139382475718,restaurant,debit_card,19,6,1,Kotak,2025-05-25 19:10:00,1,11.8,0.922,0.105,0,28.02,0,1,0,1,C1,C1
E2_00000200,493.25,fuel,UPI,7,5,1,PNB,2025-05-01 07:51:00,1,82.9,0.216,0.775,5,64.61,1,1,0,1,E2,E2
D2_00000307,571.91,travel,credit_card,15,5,1,Kotak,2025-11-23 15:57:00,0,57.9,0.736,0.193,3,17.92,1,1,0,1,D2,D2
B1_00000077,3354.82,unknown,credit_card,21,0,0,Axis,2025-06-08 21:28:00,1,7.3,0.137,0.832,2,137.77,1,1,0,1,B1,B1
D1_00000078,160.06,pharmacy,debit_card,1,2,0,PNB,2025-09-10 01:24:00,0,40.3,0.626,0.169,4,191.08,1,1,0,1,D1,D1
A3_00000135,19999.620949180327,crypto,UPI,16,6,1,Union Bank,2025-05-21 18:00:00,0,0.4,0.274,0.755,3,1906.22,1,1,0,1,A3,A3
B2_00000327,4230.47,unknown,UPI,14,2,0,Paytm Payments Bank,2025-11-11 14:31:00,1,58.2,0.129,0.861,2,136.36,1,1,0,1,B2,B2
B1_00000031,4958.61,unknown,debit_card,17,2,0,Airtel Payments Bank,2025-08-13 17:25:00,1,8.6,0.121,0.911,2,193.12,1,1,0,1,B1,B1
A1_00000184,49998.47788742338,crypto,UPI,15,3,0,Kotak,2025-06-20 05:27:00,1,1.0,0.178,0.894,5,94.74,1,1,1,1,A1,A1
B1_00000343,4447.21,unknown,UPI,21,2,0,ICICI,2025-12-31 21:48:00,1,14.4,0.107,0.731,2,208.45,1,1,0,1,B1,B1
E1_00000134,162.97,education,UPI,20,2,0,Union Bank,2025-07-21 20:38:00,1,61.0,0.193,0.686,4,18.9,0,1,0,1,E1,E1
D1_00000046,274.6,education,UPI,17,6,1,ICICI,2025-10-02 17:34:00,0,22.4,0.837,0.238,2,3854.62,1,1,0,1,D1,D1
A1_00000147,99999.7976475305,crypto,UPI,21,6,1,Airtel Payments Bank,2025-05-06 22:33:00,0,0.2,0.216,0.935,2,55.21,1,1,1,1,A1,A1
E2_00000077,5763.66,restaurant,debit_card,13,3,0,ICICI,2025-04-03 13:18:00,1,93.3,0.333,0.698,4,81.87,0,1,0,1,E2,E2
B2_00000320,4476.72,unknown,debit_card,16,1,0,SBI,2025-12-18 16:30:00,1,20.4,0.119,0.708,2,26.94,1,1,0,1,B2,B2
B1_00000320,2436.19,unknown,UPI,11,2,0,Kotak,2025-01-17 11:05:00,1,29.5,0.059,0.844,2,88.0,1,1,0,1,B1,B1
C1_00000249,147.40139382475718,online_retail,UPI,5,2,0,SBI,2025-12-19 05:15:00,0,7.6,0.935,0.067,1,51.17,0,1,0,1,C1,C1
A1_00000219,19999.64561426619,unknown,UPI,10,0,0,Airtel Payments Bank,2025-03-04 23:51:00,1,0.2,0.193,0.765,7,235.44,1,1,0,1,A1,A1
E1_00000260,10.0,entertainment,net_banking,16,0,0,Union Bank,2025-04-15 16:25:00,1,72.9,0.321,0.757,7,327.02,0,1,0,1,E1,E1
E1_00000039,5240.39,travel,debit_card,13,1,0,BOI,2025-05-30 13:30:00,1,117.0,0.306,0.517,3,10.47,0,1,0,1,E1,E1
C1_00000091,147.40139382475718,grocery,UPI,10,5,1,Axis,2025-06-05 10:04:00,0,63.8,0.993,0.006,0,400.11,0,1,0,1,C1,C1
E1_00000244,28.05,grocery,UPI,20,6,1,ICICI,2025-02-25 20:43:00,1,168.9,0.395,0.495,4,1237.74,1,1,0,1,E1,E1
B1_00000068,1450.22,crypto,UPI,10,1,0,ICICI,2025-07-26 10:43:00,1,22.2,0.126,0.928,1,76.24,1,1,0,1,B1,B1
B3_00000120,26299.6,unknown,net_banking,13,1,0,BOI,2025-09-02 13:54:00,1,27.1,0.021,0.924,5,230.0,1,1,0,1,B3,B3
D2_00000036,154.63,grocery,credit_card,20,1,0,HDFC,2025-07-06 20:59:00,0,59.3,0.831,0.257,4,168.23,1,1,0,1,D2,D2
A1_00000008,999.3401236986299,crypto,UPI,16,0,0,SBI,2025-04-26 14:42:00,0,0.1,0.15,0.651,4,238.78,1,1,0,1,A1,A1
B3_00000225,27535.88,unknown,credit_card,10,0,0,SBI,2025-12-29 10:18:00,1,22.1,0.12,0.971,7,320.33,1,1,0,1,B3,B3
B1_00000127,1757.89,crypto,net_banking,6,1,0,BOI,2025-11-11 06:19:00,1,56.3,0.02,0.818,1,47.51,1,1,0,1,B1,B1
C1_00000097,147.40139382475718,grocery,UPI,11,4,0,BOI,2025-07-16 11:38:00,0,18.6,0.943,0.013,1,3522.02,1,1,0,1,C1,C1
E1_00000165,1479.73,utilities,net_banking,13,4,0,Kotak,2025-02-23 13:28:00,1,148.9,0.175,0.553,5,52.56,0,1,0,1,E1,E1
A1_00000220,998.358125375166,unknown,UPI,10,6,1,PNB,2025-08-22 07:08:00,0,0.7,0.281,0.639,3,34.67,1,0,1,1,A1,A1
B2_00000105,1750.04,crypto,credit_card,18,4,0,BOI,2025-04-18 18:13:00,1,46.5,0.04,0.975,0,42.23,1,1,0,1,B2,B2
A1_00000001,19999.335778811143,unknown,UPI,20,0,0,Paytm Payments Bank,2025-07-24 13:25:00,0,0.5,0.286,0.698,0,77.78,1,1,0,1,A1,A1
B1_00000272,2774.43,unknown,UPI,17,3,0,BOI,2025-01-04 17:21:00,1,38.5,0.005,0.893,0,54.86,1,1,0,1,B1,B1
C2_00000091,15449.13348660162,restaurant,UPI,11,3,0,Union Bank,2025-02-24 11:01:00,0,60.0,0.945,0.117,2,73.12,0,1,0,1,C2,C2
A1_00000024,4999.179740056642,unknown,debit_card,14,6,1,SBI,2025-06-24 09:22:00,0,0.9,0.263,0.719,7,646.94,1,1,0,1,A1,A1
B1_00000278,1738.09,crypto,UPI,14,3,0,Kotak,2025-01-12 14:22:00,1,30.2,0.052,0.987,0,2402.15,1,1,0,1,B1,B1
E2_00000162,31283.03,electronics,debit_card,13,1,0,Airtel Payments Bank,2025-03-27 13:51:00,1,122.0,0.148,0.652,5,109.74,0,1,0,1,E2,E2
D1_00000171,951.51,grocery,UPI,10,1,0,HDFC,2025-02-25 10:07:00,0,23.9,0.747,0.198,5,7.36,0,1,0,1,D1,D1
D1_00000086,258.54,travel,debit_card,16,5,1,PNB,2025-05-03 16:59:00,0,67.4,0.748,0.169,6,265.07,0,1,0,1,D1,D1
E1_00000334,45.37,clothing,credit_card,10,2,0,PNB,2025-08-16 10:56:00,1,69.1,0.266,0.724,6,146.45,0,1,0,1,E1,E1
E1_00000140,757.73,utilities,debit_card,8,0,0,ICICI,2025-11-10 08:30:00,1,151.2,0.255,0.67,0,29205.74,0,1,0,1,E1,E1
E2_00000272,41.95,grocery,debit_card,8,5,1,Union Bank,2025-10-18 08:04:00,1,102.9,0.181,0.69,5,426.15,0,1,0,1,E2,E2
C2_00000337,15449.13348660162,online_retail,UPI,16,4,0,PNB,2025-12-13 16:31:00,1,57.1,0.861,0.06,1,318.02,1,1,0,1,C2,C2
D2_00000148,124.47,electronics,UPI,7,4,0,Kotak,2025-01-28 07:33:00,0,3.3,0.761,0.182,2,1293.96,0,1,0,1,D2,D2
C2_00000116,15449.13348660162,restaurant,net_banking,15,4,0,HDFC,2025-11-30 15:35:00,0,57.9,0.943,0.055,0,942.76,1,1,0,1,C2,C2
B2_00000342,2736.48,unknown,debit_card,14,4,0,Airtel Payments Bank,2025-03-02 14:55:00,1,40.1,0.045,0.709,0,379.87,1,1,0,1,B2,B2
A1_00000086,9998.64457344948,online_retail,debit_card,10,2,0,ICICI,2025-05-19 14:28:00,0,0.6,0.23,0.81,6,6.5,1,1,1,1,A1,A1
A1_00000194,9998.214954456773,crypto,UPI,14,0,0,Kotak,2025-05-17 13:49:00,0,0.4,0.189,0.901,5,1378.08,1,1,1,1,A1,A1
C1_00000295,147.40139382475718,pharmacy,credit_card,6,3,0,SBI,2025-02-24 06:13:00,0,8.9,0.964,0.076,1,516.95,1,1,0,1,C1,C1
D2_00000068,9.7,travel,debit_card,20,4,0,PNB,2025-10-02 20:01:00,0,55.1,0.731,0.321,0,21.09,1,1,0,1,D2,D2
D1_00000070,201.46,fuel,debit_card,10,1,0,Union Bank,2025-11-01 10:00:00,0,46.6,0.779,0.243,2,28.1,0,1,0,1,D1,D1
A3_00000009,9999.256776642196,unknown,UPI,10,5,1,Airtel Payments Bank,2025-06-29 21:03:00,1,0.2,0.152,0.858,6,428.65,1,1,1,1,A3,A3
A1_00000141,19999.45224702187,crypto,credit_card,14,1,0,BOI,2025-11-08 06:38:00,0,0.5,0.154,0.704,2,408.4,1,1,1,1,A1,A1
B1_00000087,3242.16,unknown,UPI,18,1,0,Axis,2025-05-05 18:15:00,1,19.8,0.148,0.941,0,122.22,1,1,0,1,B1,B1
C1_00000138,147.40139382475718,restaurant,UPI,6,1,0,ICICI,2025-10-30 06:12:00,0,50.2,0.9,0.092,0,340.16,1,1,0,1,C1,C1
B1_00000275,890.57,crypto,UPI,13,6,1,SBI,2025-02-23 13:37:00,1,41.1,0.047,0.892,1,79.92,1,1,0,1,B1,B1
A3_00000110,500.8595812022341,online_retail,UPI,9,5,1,Paytm Payments Bank,2025-02-23 18:25:00,0,1.0,0.194,0.856,4,1695.54,1,1,1,1,A3,A3
E2_00000202,1772.9,electronics,UPI,10,3,0,Airtel Payments Bank,2025-10-23 10:08:00,1,194.3,0.395,0.62,0,51.77,0,1,0,1,E2,E2
B2_00000050,4623.7,unknown,credit_card,16,0,0,Paytm Payments Bank,2025-12-09 16:45:00,1,66.6,0.099,0.895,0,371.94,1,1,0,1,B2,B2
D2_00000029,71.33,restaurant,UPI,7,4,0,PNB,2025-09-04 07:45:00,1,27.8,0.609,0.285,6,3808.39,0,1,0,1,D2,D2
A2_00000259,4999.309705139004,unknown,UPI,11,2,0,ICICI,2025-04-19 09:22:00,0,0.7,0.136,0.922,0,647.71,1,1,1,1,A2,A2
B3_00000094,12784.33,unknown,UPI,14,5,1,Axis,2025-07-26 14:25:00,1,40.2,0.079,0.943,11,2.32,1,1,0,1,B3,B3
D2_00000105,892.11,healthcare,UPI,18,0,0,Paytm Payments Bank,2025-11-24 18:35:00,0,24.2,0.659,0.227,3,57.3,1,1,0,1,D2,D2
C2_00000102,15449.13348660162,restaurant,UPI,11,6,1,Airtel Payments Bank,2025-07-28 11:09:00,0,42.4,0.893,0.048,0,196.46,1,1,0,1,C2,C2
C2_00000081,15449.13348660162,pharmacy,UPI,13,6,1,BOI,2025-05-05 13:21:00,0,26.7,0.99,0.009,1,732.7,0,1,0,1,C2,C2
A2_00000110,1999.2341655078353,unknown,UPI,10,6,1,HDFC,2025-07-10 02:15:00,0,0.9,0.292,0.65,1,323.89,1,1,1,1,A2,A2
B1_00000075,1095.72,crypto,credit_card,13,5,1,PNB,2025-04-10 13:06:00,1,6.5,0.022,0.769,2,45.86,1,1,0,1,B1,B1
B3_00000036,20232.76,unknown,UPI,11,0,0,PNB,2025-06-28 11:09:00,1,62.6,0.085,0.917,13,49.32,1,1,1,1,B3,B3
A1_00000185,500.6435840054604,crypto,UPI,10,0,0,PNB,2025-04-24 16:30:00,0,0.8,0.112,0.77,0,37.28,1,0,1,1,A1,A1
A1_00000242,999.776979773823,unknown,debit_card,14,4,0,PNB,2025-10-29 16:16:00,0,0.2,0.256,0.675,0,20.89,1,1,0,1,A1,A1
B3_00000035,40318.32,unknown,credit_card,14,2,0,ICICI,2025-01-13 14:23:00,1,17.7,0.048,0.864,6,57.15,1,1,0,1,B3,B3
D2_00000344,6.37,electronics,credit_card,16,4,0,Union Bank,2025-06-08 16:00:00,0,57.9,0.72,0.214,1,108.61,0,1,0,1,D2,D2
A2_00000059,999.079354998122,online_retail,UPI,9,5,1,BOI,2025-03-10 20:40:00,0,0.1,0.102,0.686,0,626.63,1,0,0,1,A2,A2
D2_00000176,12.78,restaurant,credit_card,22,6,1,Airtel Payments Bank,2025-04-10 22:03:00,1,52.2,0.77,0.192,2,1155.11,1,1,0,1,D2,D2
C2_00000019,15449.13348660162,grocery,UPI,20,1,0,Paytm Payments Bank,2025-10-02 20:23:00,1,6.2,0.949,0.019,1,18150.68,1,1,0,1,C2,C2
D2_00000316,214.88,electronics,UPI,12,6,1,SBI,2025-11-24 12:57:00,0,48.0,0.724,0.286,7,36.09,0,1,0,1,D2,D2
E1_00000227,102.64,restaurant,wallet,11,3,0,Paytm Payments Bank,2025-05-10 11:02:00,1,78.1,0.131,0.529,2,81.84,0,0,0,1,E1,E1
B2_00000051,2544.52,crypto,credit_card,11,2,0,Paytm Payments Bank,2025-02-19 11:54:00,1,20.8,0.012,0.741,1,364.92,1,1,0,1,B2,B2
A1_00000037,1998.12579099691,unknown,credit_card,15,1,0,PNB,2025-12-01 11:29:00,0,0.8,0.165,0.622,0,1084.24,1,1,1,1,A1,A1
C2_00000013,15449.13348660162,fuel,UPI,20,0,0,Axis,2025-02-13 20:45:00,0,40.0,0.97,0.085,0,445.21,1,1,0,1,C2,C2
E2_00000079,257.71,grocery,UPI,9,6,1,ICICI,2025-07-10 09:34:00,1,78.6,0.168,0.452,0,63.34,0,1,0,1,E2,E2
E1_00000213,35.77,education,net_banking,10,3,0,SBI,2025-01-03 10:24:00,1,67.4,0.318,0.521,5,49.37,0,1,0,1,E1,E1
A3_00000220,49999.011937969015,online_retail,credit_card,15,1,0,Union Bank,2025-07-03 19:14:00,0,0.8,0.117,0.697,7,170.44,1,1,0,1,A3,A3
C1_00000229,147.40139382475718,education,UPI,17,2,0,ICICI,2025-12-02 17:06:00,0,2.5,0.972,0.053,0,326.36,1,1,0,1,C1,C1
D1_00000289,1702.68,clothing,UPI,11,1,0,Kotak,2025-12-13 11:43:00,1,6.3,0.712,0.268,1,44.43,0,1,0,1,D1,D1
B1_00000305,2777.99,unknown,debit_card,21,3,0,Union Bank,2025-01-26 21:54:00,1,33.5,0.064,0.711,1,140.0,1,1,0,1,B1,B1
D2_00000267,10.11,travel,credit_card,20,4,0,BOI,2025-02-28 20:26:00,0,35.8,0.806,0.256,7,327.63,0,1,0,1,D2,D2
C1_00000027,147.40139382475718,pharmacy,credit_card,16,5,1,BOI,2025-03-23 16:35:00,0,27.8,0.856,0.042,1,168.2,0,1,0,1,C1,C1
C1_00000005,147.40139382475718,grocery,debit_card,9,3,0,Kotak,2025-01-13 09:22:00,0,50.8,0.919,0.046,0,15.18,0,1,0,1,C1,C1
A2_00000322,9998.389391308672,crypto,debit_card,11,5,1,PNB,2025-10-07 11:54:00,0,0.5,0.145,0.918,1,65.33,1,1,0,1,A2,A2
A3_00000237,4999.731089364749,unknown,net_banking,11,2,0,BOI,2025-03-25 18:56:00,0,0.5,0.166,0.771,2,374.11,1,1,0,1,A3,A3
D1_00000306,60.98,clothing,UPI,20,0,0,Airtel Payments Bank,2025-09-15 20:35:00,0,43.5,0.748,0.211,4,188.63,1,1,0,1,D1,D1
B3_00000302,57614.42,unknown,UPI,14,1,0,Kotak,2025-01-11 14:47:00,1,67.4,0.074,0.963,15,56.7,1,1,0,1,B3,B3
E2_00000070,211.23,fuel,UPI,8,2,0,SBI,2025-04-25 08:53:00,1,52.8,0.241,0.656,3,4.76,0,1,0,1,E2,E2
A3_00000193,99999.24063725109,unknown,UPI,11,2,0,PNB,2025-09-05 20:02:00,0,0.9,0.104,0.648,1,154.76,1,1,0,1,A3,A3
B3_00000121,7358.94,unknown,UPI,11,5,1,BOI,2025-06-04 11:51:00,1,48.5,0.022,0.972,18,285.71,1,1,0,1,B3,B3
B2_00000062,556.68,crypto,debit_card,15,1,0,Axis,2025-06-17 15:51:00,1,48.9,0.001,0.938,2,528.1,1,1,0,1,B2,B2
B2_00000024,2394.05,unknown,credit_card,10,6,1,HDFC,2025-09-14 10:14:00,1,17.8,0.023,0.956,1,86.53,1,1,0,1,B2,B2
C2_00000293,15449.13348660162,grocery,UPI,15,6,1,BOI,2025-11-04 15:31:00,0,29.3,0.872,0.045,2,1012.46,0,1,0,1,C2,C2
C1_00000281,147.40139382475718,electronics,net_banking,8,5,1,Paytm Payments Bank,2025-07-29 08:48:00,0,65.6,0.886,0.052,0,328.42,1,1,0,1,C1,C1
C1_00000063,147.40139382475718,travel,UPI,9,1,0,Kotak,2025-03-13 09:39:00,0,31.8,0.934,0.108,0,85.53,1,1,0,1,C1,C1
E2_00000327,659.26,utilities,UPI,11,2,0,Paytm Payments Bank,2025-02-21 11:52:00,1,194.4,0.223,0.543,2,46.46,0,1,0,1,E2,E2
D2_00000288,957.24,travel,debit_card,3,6,1,Paytm Payments Bank,2025-05-05 03:44:00,0,31.5,0.81,0.227,3,120.1,0,1,0,1,D2,D2
C1_00000273,147.40139382475718,grocery,wallet,16,4,0,BOI,2025-04-22 16:52:00,0,16.8,0.893,0.009,0,15.71,1,1,0,1,C1,C1
D2_00000205,1692.24,restaurant,debit_card,13,5,1,SBI,2025-12-27 13:38:00,0,37.6,0.707,0.207,2,1092.34,1,1,0,1,D2,D2
D2_00000047,6.47,pharmacy,net_banking,22,3,0,Union Bank,2025-09-25 22:20:00,0,38.6,0.646,0.339,2,113.22,0,1,0,1,D2,D2
C2_00000259,15449.13348660162,utilities,UPI,11,2,0,ICICI,2025-06-08 11:30:00,0,60.7,0.867,0.116,0,80.38,1,1,0,1,C2,C2
C2_00000188,15449.13348660162,online_retail,UPI,16,3,0,Axis,2025-03-30 16:37:00,0,22.2,1.0,0.028,0,779.16,1,1,0,1,C2,C2
B2_00000182,996.61,unknown,debit_card,0,2,0,PNB,2025-08-06 00:36:00,1,8.6,0.067,0.72,1,100.59,1,1,0,1,B2,B2
D2_00000216,59.14,clothing,UPI,5,1,0,PNB,2025-10-19 05:49:00,0,47.5,0.846,0.163,2,98.49,0,1,0,1,D2,D2
A1_00000335,49999.20773931548,unknown,UPI,14,6,1,BOI,2025-07-28 06:20:00,0,1.0,0.205,0.896,7,293.35,1,1,0,1,A1,A1
B1_00000194,1613.54,unknown,net_banking,21,0,0,Union Bank,2025-06-21 21:57:00,1,13.0,0.15,0.821,1,15.42,1,1,0,1,B1,B1
A3_00000218,999.8982313016994,crypto,UPI,15,5,1,Paytm Payments Bank,2025-12-19 07:45:00,0,0.9,0.28,0.89,6,75.58,1,1,1,1,A3,A3
D1_00000149,38.53,utilities,debit_card,8,0,0,Kotak,2025-04-08 08:49:00,0,9.1,0.739,0.324,1,49.77,0,1,0,1,D1,D1
B2_00000313,2230.61,crypto,credit_card,14,3,0,HDFC,2025-01-15 14:35:00,1,62.2,0.098,0.942,0,4266.07,1,1,0,1,B2,B2
A1_00000113,4999.141369571719,unknown,credit_card,16,0,0,Paytm Payments Bank,2025-02-12 22:02:00,1,0.5,0.137,0.923,1,6.72,1,1,0,1,A1,A1
B3_00000170,32451.36,unknown,UPI,22,4,0,Paytm Payments Bank,2025-11-29 22:00:00,1,28.4,0.093,0.929,9,68.5,1,1,0,1,B3,B3
D1_00000015,7872.51,pharmacy,UPI,10,3,0,Axis,2025-12-20 10:28:00,0,57.6,0.753,0.191,7,73.94,0,1,0,1,D1,D1
A3_00000196,19998.76745385356,crypto,UPI,11,5,1,Airtel Payments Bank,2025-07-06 22:31:00,0,0.1,0.284,0.875,2,15.26,1,1,1,1,A3,A3
B1_00000251,4067.07,unknown,UPI,7,0,0,Paytm Payments Bank,2025-03-12 07:11:00,1,13.3,0.052,0.967,1,19.73,1,1,0,1,B1,B1
B2_00000276,2143.99,crypto,credit_card,15,2,0,BOI,2025-08-18 15:26:00,1,19.6,0.102,0.752,2,932.62,1,1,0,1,B2,B2
C2_00000228,15449.13348660162,pharmacy,debit_card,6,4,0,Union Bank,2025-09-16 06:09:00,0,41.3,0.869,0.026,2,67.32,0,1,0,1,C2,C2
B3_00000253,21734.77,unknown,debit_card,8,6,1,Union Bank,2025-10-05 08:42:00,1,9.1,0.035,0.838,14,35.82,1,1,0,1,B3,B3
C1_00000189,147.40139382475718,utilities,UPI,7,2,0,Paytm Payments Bank,2025-12-28 07:42:00,0,69.4,0.905,0.049,0,1431.44,1,1,0,1,C1,C1
D1_00000252,1484.45,online_retail,debit_card,6,0,0,Union Bank,2025-12-01 06:47:00,1,56.1,0.643,0.179,7,67.56,1,1,0,1,D1,D1
C1_00000158,147.40139382475718,clothing,net_banking,15,3,0,HDFC,2025-04-05 15:11:00,0,63.5,0.995,0.094,1,783.64,1,1,1,1,C1,C1
B3_00000313,14142.54,unknown,credit_card,19,6,1,Paytm Payments Bank,2025-11-02 19:08:00,1,17.3,0.043,0.838,14,230.67,1,1,0,1,B3,B3
B1_00000170,2191.39,unknown,UPI,19,4,0,SBI,2025-01-10 19:40:00,1,4.8,0.065,0.884,2,24.62,1,1,0,1,B1,B1
D2_00000284,221.13,entertainment,UPI,6,5,1,BOI,2025-09-05 06:48:00,0,15.5,0.695,0.251,0,120.92,1,1,0,1,D2,D2
B2_00000243,3371.96,crypto,credit_card,19,1,0,Axis,2025-09-28 19:03:00,1,14.2,0.146,0.704,2,47.82,1,1,0,1,B2,B2
D1_00000016,1755.06,electronics,debit_card,23,0,0,Airtel Payments Bank,2025-11-12 23:51:00,0,10.5,0.668,0.2,7,53.94,1,1,0,1,D1,D1
A1_00000091,99999.08281996725,unknown,credit_card,11,5,1,PNB,2025-04-06 21:00:00,0,0.1,0.268,0.804,2,740.27,1,1,1,1,A1,A1
A1_00000004,1999.4964970066035,unknown,UPI,10,4,0,BOI,2025-11-14 18:09:00,0,0.4,0.231,0.939,7,478.2,1,1,0,1,A1,A1
E2_00000292,6919.07,online_retail,wallet,10,0,0,PNB,2025-07-07 10:45:00,1,80.8,0.31,0.608,2,12.93,0,1,0,1,E2,E2
E2_00000172,10.0,pharmacy,UPI,11,4,0,ICICI,2025-11-09 11:59:00,1,104.5,0.258,0.642,7,250.05,1,1,0,1,E2,E2
A1_00000099,49999.64220617679,online_retail,UPI,10,1,0,HDFC,2025-08-09 19:27:00,0,0.8,0.142,0.736,5,4943.98,1,1,1,1,A1,A1
B3_00000341,18407.18,unknown,UPI,14,4,0,Airtel Payments Bank,2025-06-06 14:35:00,1,63.0,0.135,0.909,14,110.36,1,1,0,1,B3,B3
A3_00000126,9999.502791066496,crypto,credit_card,14,6,1,SBI,2025-09-09 00:33:00,0,0.7,0.102,0.831,6,84.32,1,1,0,1,A3,A3
D1_00000343,224.39,education,net_banking,12,5,1,Airtel Payments Bank,2025-11-06 12:46:00,0,7.8,0.789,0.206,0,155.59,1,1,0,1,D1,D1
C1_00000341,147.40139382475718,travel,credit_card,12,3,0,ICICI,2025-06-06 12:18:00,0,41.5,0.941,0.104,0,261.82,1,1,0,1,C1,C1
A3_00000281,4998.989092639056,unknown,UPI,15,2,0,Kotak,2025-02-14 12:13:00,0,0.9,0.291,0.607,0,233.41,1,1,0,1,A3,A3
B3_00000318,27624.04,unknown,UPI,18,3,0,Kotak,2025-07-27 18:11:00,1,1.8,0.125,0.973,17,129.6,1,1,0,1,B3,B3
A2_00000148,1998.765713451094,online_retail,credit_card,16,4,0,Axis,2025-03-25 15:53:00,0,0.9,0.186,0.652,0,98.29,1,1,1,1,A2,A2
A3_00000233,19998.522657924343,online_retail,credit_card,9,0,0,BOI,2025-12-27 14:01:00,0,0.0,0.26,0.694,4,340.58,1,1,1,1,A3,A3
D2_00000335,9.91,travel,credit_card,12,6,1,Axis,2025-11-02 12:48:00,0,47.1,0.609,0.274,2,237.72,0,1,0,1,D2,D2
B1_00000163,2299.61,unknown,net_banking,7,0,0,Kotak,2025-11-19 07:24:00,1,56.4,0.026,0.89,0,200.83,1,1,0,1,B1,B1
D2_00000337,6.77,entertainment,credit_card,11,2,0,SBI,2025-06-17 11:46:00,0,6.5,0.837,0.344,1,256.4,1,1,0,1,D2,D2
E1_00000217,829.93,pharmacy,wallet,22,2,0,PNB,2025-10-10 22:26:00,1,151.0,0.213,0.655,0,38.56,0,1,0,1,E1,E1
E2_00000180,10.0,pharmacy,UPI,17,4,0,Kotak,2025-09-28 17:42:00,1,71.3,0.256,0.701,6,123.42,0,1,0,1,E2,E2
D2_00000026,462.88,electronics,UPI,10,0,0,Kotak,2025-07-05 10:14:00,0,52.6,0.829,0.277,6,306.87,0,1,0,1,D2,D2
C1_00000303,147.40139382475718,entertainment,credit_card,13,3,0,Union Bank,2025-05-22 13:33:00,0,21.0,0.98,0.021,0,1652.94,1,1,0,1,C1,C1
C1_00000240,147.40139382475718,restaurant,credit_card,18,3,0,Airtel Payments Bank,2025-08-19 18:35:00,0,37.2,0.995,0.005,1,427.21,1,1,0,1,C1,C1
E1_00000142,143.62,grocery,debit_card,9,2,0,HDFC,2025-06-06 09:09:00,1,162.4,0.341,0.563,0,402.46,0,1,0,1,E1,E1
E2_00000031,23.43,grocery,net_banking,7,5,1,HDFC,2025-04-02 07:37:00,1,76.1,0.109,0.632,6,11.52,0,1,0,1,E2,E2
D1_00000051,57.31,online_retail,net_banking,12,5,1,PNB,2025-12-13 12:26:00,0,10.9,0.705,0.222,1,1279.33,0,1,0,1,D1,D1
B2_00000290,1470.74,unknown,UPI,11,6,1,Union Bank,2025-07-12 11:55:00,1,18.6,0.045,0.904,0,4234.25,1,1,0,1,B2,B2
A2_00000334,19999.439473141945,unknown,UPI,11,5,1,Airtel Payments Bank,2025-10-04 14:32:00,0,0.6,0.245,0.637,7,184.88,1,1,1,1,A2,A2
D1_00000054,16.98,pharmacy,UPI,14,1,0,Axis,2025-11-21 14:52:00,0,53.9,0.716,0.185,4,3.96,1,1,0,1,D1,D1
E1_00000190,225.87,grocery,UPI,15,5,1,Axis,2025-10-02 15:02:00,1,63.0,0.217,0.697,7,184.49,1,1,0,1,E1,E1
C1_00000161,147.40139382475718,grocery,credit_card,11,5,1,Kotak,2025-07-15 11:06:00,0,69.5,0.94,0.094,0,12.46,0,1,0,1,C1,C1
A3_00000116,19999.175823179474,crypto,debit_card,10,2,0,PNB,2025-04-11 19:03:00,1,0.4,0.207,0.723,6,37.04,1,1,1,1,A3,A3
A2_00000248,1998.5165480134806,unknown,debit_card,21,1,0,ICICI,2025-09-24 12:59:00,0,0.5,0.154,0.785,2,18.44,1,1,1,1,A2,A2
D2_00000065,303.72,electronics,credit_card,7,4,0,Union Bank,2025-04-29 07:00:00,0,33.5,0.839,0.25,0,567.8,0,1,0,1,D2,D2
C2_00000099,15449.13348660162,utilities,debit_card,21,1,0,Paytm Payments Bank,2025-09-25 21:56:00,0,54.9,0.854,0.027,0,51.07,1,1,0,1,C2,C2
B3_00000060,6322.6,unknown,debit_card,18,5,1,Kotak,2025-12-26 18:18:00,1,4.5,0.148,0.908,12,192.33,1,1,0,1,B3,B3
C2_00000311,15449.13348660162,electronics,UPI,21,5,1,PNB,2025-07-10 21:16:00,0,55.7,0.983,0.039,0,121.88,1,0,0,1,C2,C2
B3_00000219,46008.49,unknown,credit_card,20,0,0,ICICI,2025-02-16 20:50:00,1,65.0,0.07,0.888,16,71.53,1,1,0,1,B3,B3
D1_00000040,7.04,grocery,UPI,18,4,0,Paytm Payments Bank,2025-02-04 18:18:00,0,30.6,0.637,0.217,4,53.75,0,1,0,1,D1,D1
B3_00000114,16922.71,unknown,UPI,20,3,0,HDFC,2025-07-20 20:55:00,1,64.4,0.173,0.939,13,805.78,1,1,0,1,B3,B3
C1_00000277,147.40139382475718,grocery,wallet,14,2,0,BOI,2025-10-30 14:03:00,0,28.5,0.872,0.066,1,490.6,1,1,0,1,C1,C1
A2_00000149,1998.2971311662948,unknown,UPI,20,5,1,HDFC,2025-05-27 14:33:00,0,0.7,0.122,0.844,7,1693.14,1,1,1,1,A2,A2
D1_00000062,214.24,grocery,net_banking,18,1,0,Union Bank,2025-09-21 18:35:00,0,40.2,0.846,0.179,0,605.3,0,1,0,1,D1,D1
B2_00000159,3087.18,unknown,UPI,9,1,0,Paytm Payments Bank,2025-03-14 09:59:00,1,56.3,0.069,0.912,0,197.79,1,1,0,1,B2,B2
A1_00000160,49999.766837467265,unknown,debit_card,10,2,0,Paytm Payments Bank,2025-04-09 13:33:00,0,0.5,0.123,0.864,4,197.85,1,1,1,1,A1,A1
B2_00000109,2306.36,unknown,debit_card,9,5,1,Kotak,2025-12-07 09:15:00,1,11.1,0.073,0.797,1,1300.62,1,1,0,1,B2,B2
B3_00000282,20751.58,unknown,net_banking,17,2,0,HDFC,2025-12-06 17:19:00,1,58.6,0.003,0.854,10,4.58,1,1,0,1,B3,B3
C2_00000151,15449.13348660162,pharmacy,UPI,20,1,0,PNB,2025-04-07 20:39:00,0,43.5,0.887,0.106,0,401.55,1,1,0,1,C2,C2
B1_00000316,2924.58,unknown,debit_card,15,5,1,Paytm Payments Bank,2025-10-06 15:06:00,1,5.3,0.109,0.861,2,31.84,1,1,0,1,B1,B1
B2_00000053,3739.09,unknown,UPI,9,5,1,PNB,2025-04-07 09:35:00,1,16.9,0.071,0.906,2,526.56,1,1,0,1,B2,B2
D1_00000246,103.44,healthcare,UPI,7,6,1,ICICI,2025-04-07 07:46:00,0,38.9,0.786,0.278,1,89.98,1,1,0,1,D1,D1
C1_00000216,147.40139382475718,utilities,credit_card,20,6,1,Union Bank,2025-04-22 20:11:00,1,59.7,0.893,0.02,0,481.31,0,1,0,1,C1,C1
D1_00000083,214.03,entertainment,credit_card,10,0,0,SBI,2025-04-25 10:19:00,0,41.4,0.652,0.238,5,53.84,0,1,0,1,D1,D1
A2_00000207,499.6265402923887,online_retail,debit_card,10,0,0,HDFC,2025-10-21 15:38:00,1,0.4,0.128,0.866,5,54.92,1,1,1,1,A2,A2
B1_00000110,4685.53,unknown,net_banking,22,1,0,Kotak,2025-07-30 22:41:00,1,36.3,0.092,0.936,2,221.11,1,1,0,1,B1,B1
B1_00000261,2898.2,unknown,UPI,16,6,1,HDFC,2025-08-17 16:05:00,1,26.5,0.088,0.741,0,310.23,1,1,0,1,B1,B1
B1_00000216,1145.5,crypto,credit_card,14,3,0,Kotak,2025-04-12 14:19:00,1,53.0,0.001,0.788,2,436.8,1,1,0,1,B1,B1
E1_00000332,3911.11,utilities,UPI,11,0,0,Paytm Payments Bank,2025-07-11 11:59:00,1,68.5,0.358,0.743,5,156.17,0,1,0,1,E1,E1
A2_00000126,99998.88697508124,online_retail,wallet,9,4,0,PNB,2025-10-26 15:54:00,0,0.7,0.246,0.695,3,6.86,1,1,0,1,A2,A2
E2_00000198,634.69,grocery,credit_card,7,3,0,Kotak,2025-07-29 07:52:00,1,196.6,0.251,0.618,3,63.07,0,1,0,1,E2,E2
B3_00000201,26041.74,unknown,credit_card,7,5,1,Kotak,2025-08-22 07:48:00,1,11.7,0.151,0.903,8,10.92,1,1,0,1,B3,B3
E1_00000072,25.35,restaurant,UPI,22,6,1,Union Bank,2025-07-08 22:42:00,1,59.6,0.123,0.533,3,326.24,0,1,0,1,E1,E1
B3_00000189,39971.71,unknown,debit_card,5,5,1,Union Bank,2025-11-03 05:20:00,1,61.5,0.091,0.912,8,74.43,1,1,0,1,B3,B3
A1_00000200,999.4515153701037,online_retail,debit_card,21,6,1,Kotak,2025-01-24 22:13:00,0,0.2,0.146,0.81,0,20.46,1,1,1,1,A1,A1
B1_00000155,2463.64,unknown,UPI,10,0,0,ICICI,2025-04-07 10:56:00,1,69.7,0.105,0.925,1,740.96,1,1,0,1,B1,B1
B1_00000048,2916.54,unknown,debit_card,16,5,1,Kotak,2025-10-03 16:37:00,1,1.5,0.012,0.826,0,1289.45,1,1,0,1,B1,B1
C1_00000201,147.40139382475718,grocery,UPI,8,1,0,Paytm Payments Bank,2025-03-11 08:29:00,0,17.0,0.903,0.006,0,46.51,0,1,0,1,C1,C1
E1_00000073,114.61,travel,UPI,5,4,0,ICICI,2025-07-21 05:40:00,1,63.0,0.264,0.453,1,89.89,0,1,0,1,E1,E1
A2_00000309,99999.70396684339,crypto,debit_card,14,3,0,Kotak,2025-08-22 13:20:00,0,0.7,0.144,0.742,2,195.46,1,0,1,1,A2,A2
E2_00000319,61.36,fuel,credit_card,11,4,0,PNB,2025-04-29 11:32:00,1,175.1,0.239,0.573,0,1939.76,0,1,0,1,E2,E2
A2_00000035,9999.323272303518,unknown,UPI,9,0,0,Union Bank,2025-09-08 14:30:00,0,0.5,0.233,0.687,2,299.06,1,1,1,1,A2,A2
C2_00000287,15449.13348660162,pharmacy,UPI,14,5,1,Union Bank,2025-06-20 14:23:00,0,25.3,0.857,0.031,1,3.14,1,1,0,1,C2,C2
B2_00000231,4738.67,unknown,wallet,18,1,0,Union Bank,2025-01-29 18:45:00,1,65.6,0.069,0.937,2,85.38,1,1,0,1,B2,B2
B2_00000078,3110.24,unknown,UPI,10,4,0,PNB,2025-05-01 10:03:00,1,59.2,0.071,0.763,1,70.12,1,1,0,1,B2,B2
A1_00000054,49998.63603477569,unknown,credit_card,11,2,0,Paytm Payments Bank,2025-11-10 12:28:00,0,0.8,0.183,0.949,5,3.95,1,1,1,1,A1,A1
D2_00000027,1205.45,travel,credit_card,19,5,1,Union Bank,2025-03-24 19:48:00,0,7.3,0.798,0.24,6,588.82,0,1,0,1,D2,D2
D2_00000087,637.96,travel,credit_card,11,4,0,Airtel Payments Bank,2025-01-14 11:58:00,0,8.8,0.626,0.175,4,102.61,1,1,0,1,D2,D2
B3_00000091,18703.26,unknown,UPI,21,3,0,Paytm Payments Bank,2025-10-11 21:59:00,1,22.1,0.004,0.884,7,78.11,1,1,0,1,B3,B3
D2_00000084,22.13,utilities,UPI,19,4,0,HDFC,2025-07-21 19:56:00,0,6.8,0.743,0.263,5,77.51,0,1,0,1,D2,D2
D1_00000047,446.92,utilities,UPI,11,5,1,HDFC,2025-07-13 11:57:00,0,17.8,0.74,0.19,7,7.81,0,1,0,1,D1,D1
B2_00000300,4451.86,unknown,debit_card,15,1,0,Paytm Payments Bank,2025-04-13 15:19:00,1,36.2,0.133,0.826,0,119.49,1,1,0,1,B2,B2
D2_00000258,1012.38,travel,debit_card,2,4,0,HDFC,2025-10-07 02:22:00,0,19.0,0.686,0.313,7,2668.94,0,1,0,1,D2,D2
A3_00000198,499.69470467439277,unknown,UPI,9,2,0,PNB,2025-02-22 15:51:00,0,0.7,0.223,0.616,0,837.53,1,1,0,1,A3,A3
C1_00000048,147.40139382475718,entertainment,credit_card,9,4,0,ICICI,2025-09-18 09:37:00,0,15.2,0.968,0.043,0,91.01,0,1,0,1,C1,C1
C1_00000006,147.40139382475718,electronics,credit_card,21,2,0,Axis,2025-11-02 21:55:00,1,61.1,0.969,0.008,0,299.07,1,1,0,1,C1,C1
C2_00000079,15449.13348660162,pharmacy,net_banking,11,0,0,ICICI,2025-08-05 11:15:00,0,31.2,0.926,0.103,0,247.95,0,1,0,1,C2,C2
D1_00000085,768.94,grocery,net_banking,11,5,1,Kotak,2025-08-21 11:21:00,0,27.5,0.617,0.243,7,93.43,1,1,0,1,D1,D1
D1_00000019,95.39,fuel,credit_card,8,3,0,Airtel Payments Bank,2025-01-08 08:50:00,0,15.4,0.641,0.342,5,30.69,0,1,0,1,D1,D1
E1_00000326,493.6,restaurant,debit_card,10,2,0,ICICI,2025-01-09 10:30:00,1,100.0,0.119,0.476,2,191.26,1,1,0,1,E1,E1
C2_00000251,15449.13348660162,restaurant,UPI,2,2,0,ICICI,2025-09-15 02:25:00,0,60.7,0.998,0.104,1,30.05,1,1,0,1,C2,C2
A2_00000112,4999.590174924573,online_retail,UPI,15,3,0,Kotak,2025-03-02 21:59:00,0,0.8,0.146,0.663,0,11.31,1,1,0,1,A2,A2
B3_00000226,21765.79,unknown,net_banking,11,6,1,SBI,2025-01-13 11:07:00,1,35.4,0.17,0.939,7,146.8,1,1,0,1,B3,B3
A3_00000300,49999.46274977839,unknown,debit_card,14,0,0,ICICI,2025-07-20 01:18:00,0,0.5,0.296,0.686,2,86.55,1,1,1,1,A3,A3
B1_00000062,1487.03,unknown,UPI,11,6,1,Airtel Payments Bank,2025-09-25 11:50:00,1,7.3,0.072,0.787,0,55.29,1,1,0,1,B1,B1
B1_00000307,2993.42,unknown,debit_card,4,6,1,Kotak,2025-04-13 04:31:00,1,37.0,0.057,0.789,0,272.57,1,1,0,1,B1,B1
D1_00000218,103.55,grocery,UPI,13,0,0,Airtel Payments Bank,2025-07-23 13:19:00,0,47.9,0.653,0.198,0,195.53,1,1,0,1,D1,D1
B3_00000088,45022.82,unknown,net_banking,21,1,0,Union Bank,2025-03-07 21:40:00,1,46.3,0.031,0.962,17,99.82,1,1,0,1,B3,B3
E1_00000046,263.94,grocery,UPI,11,6,1,SBI,2025-04-18 11:01:00,1,158.1,0.258,0.723,2,378.96,0,1,0,1,E1,E1
D1_00000298,413.93,education,UPI,12,1,0,Paytm Payments Bank,2025-10-10 12:13:00,0,66.7,0.614,0.25,7,61.67,1,1,0,1,D1,D1
A1_00000002,9999.916827263556,crypto,debit_card,11,1,0,Paytm Payments Bank,2025-11-21 20:14:00,0,0.2,0.176,0.742,3,150.8,1,1,1,1,A1,A1
B1_00000139,3055.37,unknown,UPI,12,5,1,Airtel Payments Bank,2025-12-31 12:46:00,1,35.7,0.099,0.777,1,390.66,1,1,0,1,B1,B1
E1_00000240,635.69,grocery,debit_card,13,2,0,PNB,2025-10-17 13:55:00,1,118.7,0.156,0.757,2,461.61,0,1,0,1,E1,E1
A2_00000320,500.7875631660864,crypto,UPI,16,4,0,BOI,2025-12-17 12:30:00,0,0.1,0.225,0.651,7,4.55,1,1,0,1,A2,A2
D1_00000191,2101.38,electronics,UPI,15,0,0,Airtel Payments Bank,2025-05-27 15:30:00,0,66.0,0.695,0.243,3,242.33,1,1,0,1,D1,D1
D1_00000291,123.04,pharmacy,debit_card,13,5,1,BOI,2025-03-26 13:21:00,1,55.0,0.839,0.172,0,390.21,1,1,0,1,D1,D1
B2_00000207,2129.13,unknown,debit_card,7,2,0,SBI,2025-12-09 07:08:00,1,37.5,0.147,0.704,0,233.68,1,1,0,1,B2,B2
D2_00000094,355.26,restaurant,UPI,5,5,1,Paytm Payments Bank,2025-09-12 05:09:00,0,5.4,0.805,0.168,1,11.3,0,1,0,1,D2,D2
A2_00000318,998.8518457257277,unknown,UPI,14,5,1,Axis,2025-12-26 09:05:00,0,0.7,0.22,0.775,3,30.04,1,1,0,1,A2,A2
C2_00000068,15449.13348660162,fuel,UPI,7,2,0,HDFC,2025-04-07 07:36:00,0,29.4,0.955,0.003,2,18.42,0,1,0,1,C2,C2
A2_00000132,1998.6477710585439,crypto,credit_card,20,6,1,HDFC,2025-03-14 11:55:00,0,0.3,0.295,0.784,5,138.94,1,1,0,1,A2,A2
E1_00000069,47.37,clothing,net_banking,19,1,0,Kotak,2025-12-01 19:38:00,1,97.1,0.177,0.722,0,307.72,0,1,0,1,E1,E1
E2_00000132,1622.85,electronics,debit_card,7,1,0,PNB,2025-05-16 07:44:00,1,100.0,0.142,0.743,6,112.65,0,1,0,1,E2,E2
D1_00000150,448.06,grocery,UPI,0,4,0,PNB,2025-03-07 00:20:00,1,42.4,0.776,0.234,5,11.7,0,1,0,1,D1,D1
B3_00000072,22714.19,unknown,debit_card,19,0,0,Paytm Payments Bank,2025-02-22 19:49:00,1,50.8,0.068,0.881,17,866.04,1,1,0,1,B3,B3
B1_00000264,2108.45,unknown,UPI,20,2,0,HDFC,2025-03-08 20:53:00,1,12.3,0.077,0.83,0,122.99,1,1,0,1,B1,B1
E2_00000121,59.78,restaurant,debit_card,6,4,0,SBI,2025-06-01 06:30:00,1,110.9,0.316,0.685,0,553.84,0,1,0,1,E2,E2
B1_00000096,1027.84,unknown,net_banking,12,5,1,BOI,2025-07-03 12:37:00,1,16.6,0.15,0.81,2,60.89,1,1,0,1,B1,B1
D2_00000308,132.74,grocery,net_banking,16,5,1,BOI,2025-03-29 16:10:00,0,26.7,0.749,0.28,1,548.06,1,1,0,1,D2,D2
D2_00000311,65.94,online_retail,UPI,14,2,0,SBI,2025-12-04 14:55:00,0,0.4,0.611,0.347,2,178.92,0,1,0,1,D2,D2
A3_00000108,9999.745568059325,crypto,UPI,10,0,0,Union Bank,2025-07-20 16:21:00,0,0.4,0.239,0.898,1,153.71,1,1,0,1,A3,A3
A2_00000060,19998.178372198487,crypto,debit_card,14,5,1,Union Bank,2025-11-26 13:21:00,0,0.2,0.133,0.873,3,207.72,1,1,1,1,A2,A2
C1_00000335,147.40139382475718,restaurant,UPI,11,1,0,ICICI,2025-10-15 11:44:00,0,48.1,0.884,0.081,1,1624.85,1,1,0,1,C1,C1
C2_00000349,15449.13348660162,education,credit_card,12,2,0,Airtel Payments Bank,2025-12-12 12:13:00,0,63.1,0.955,0.022,1,2814.85,1,1,0,1,C2,C2
D1_00000028,435.73,utilities,debit_card,22,0,0,Paytm Payments Bank,2025-09-12 22:44:00,0,26.6,0.713,0.217,4,129.91,1,1,0,1,D1,D1
D2_00000078,102.3,travel,UPI,10,3,0,Kotak,2025-10-19 10:31:00,0,39.5,0.792,0.325,2,60.81,0,1,0,1,D2,D2
A2_00000236,9998.462283415609,unknown,credit_card,9,6,1,PNB,2025-10-01 08:57:00,1,0.2,0.107,0.786,0,121.05,1,1,1,1,A2,A2
B2_00000098,4655.46,unknown,UPI,9,4,0,Axis,2025-05-17 09:19:00,1,15.8,0.007,0.857,2,1756.22,1,1,0,1,B2,B2
D1_00000337,218.1,restaurant,UPI,6,0,0,HDFC,2025-08-07 06:33:00,0,5.9,0.721,0.294,6,53.87,1,1,0,1,D1,D1
D2_00000147,242.57,electronics,UPI,21,6,1,SBI,2025-04-23 21:52:00,0,5.7,0.769,0.301,7,30.41,0,1,0,1,D2,D2
A2_00000130,4998.710237764672,unknown,debit_card,15,4,0,Paytm Payments Bank,2025-12-05 05:15:00,0,0.4,0.119,0.756,1,35.72,1,1,1,1,A2,A2
A2_00000261,4998.039633385698,crypto,debit_card,21,1,0,PNB,2025-08-22 11:15:00,0,0.1,0.217,0.852,2,388.34,1,1,1,1,A2,A2
D2_00000024,48.88,grocery,credit_card,14,3,0,Axis,2025-05-06 14:56:00,1,22.8,0.846,0.165,6,195.94,1,1,0,1,D2,D2
A2_00000175,9998.29812966074,crypto,debit_card,15,2,0,PNB,2025-07-10 15:15:00,0,0.6,0.107,0.673,7,368.42,1,1,1,1,A2,A2
D2_00000223,655.61,education,credit_card,10,2,0,Union Bank,2025-09-20 10:34:00,0,5.2,0.799,0.212,7,436.69,1,1,0,1,D2,D2
B2_00000167,2455.35,unknown,UPI,17,2,0,ICICI,2025-09-17 17:24:00,1,30.4,0.066,0.841,1,420.05,1,1,0,1,B2,B2
D1_00000346,573.68,fuel,net_banking,19,1,0,SBI,2025-12-16 19:01:00,0,11.3,0.691,0.173,5,15.9,0,1,0,1,D1,D1
C2_00000087,15449.13348660162,restaurant,net_banking,16,5,1,Kotak,2025-08-13 16:46:00,1,8.5,0.951,0.114,0,89.99,1,0,0,1,C2,C2
A1_00000127,9998.080436441809,unknown,credit_card,9,0,0,BOI,2025-07-17 10:56:00,0,0.2,0.127,0.627,0,197.24,1,1,0,1,A1,A1
C1_00000128,147.40139382475718,electronics,debit_card,8,4,0,ICICI,2025-04-27 08:12:00,0,43.9,0.897,0.061,0,1704.0,1,1,0,1,C1,C1
A2_00000093,499.2475565908957,crypto,debit_card,20,5,1,HDFC,2025-02-02 13:55:00,0,0.6,0.147,0.884,7,632.74,1,1,0,1,A2,A2
B2_00000293,776.54,unknown,credit_card,19,4,0,PNB,2025-04-05 19:36:00,1,13.4,0.055,0.961,0,62.91,1,1,0,1,B2,B2
E2_00000151,250.65,fuel,UPI,21,3,0,PNB,2025-02-09 21:07:00,1,63.1,0.317,0.694,1,38.36,0,1,1,1,E2,E2
E2_00000129,122.44,restaurant,debit_card,1,6,1,Kotak,2025-09-30 01:42:00,1,177.9,0.368,0.768,4,8.52,1,1,0,1,E2,E2
A3_00000186,19998.438107584294,unknown,debit_card,21,3,0,SBI,2025-10-30 17:55:00,0,0.3,0.126,0.874,1,246.65,1,1,1,1,A3,A3
B3_00000283,26925.45,unknown,net_banking,11,3,0,SBI,2025-10-02 11:52:00,1,65.5,0.006,0.874,14,72.91,1,1,0,1,B3,B3
C1_00000030,147.40139382475718,grocery,UPI,18,3,0,Kotak,2025-04-01 18:15:00,1,49.6,0.923,0.033,1,14.9,1,1,0,1,C1,C1
C2_00000043,15449.13348660162,travel,UPI,10,1,0,ICICI,2025-10-11 10:47:00,1,70.9,0.997,0.101,0,16.21,1,1,0,1,C2,C2
A1_00000154,1998.6597916649878,online_retail,credit_card,21,3,0,HDFC,2025-01-05 09:37:00,0,0.5,0.268,0.918,1,129.62,1,1,0,1,A1,A1
E1_00000340,67.51,electronics,UPI,22,1,0,Axis,2025-02-22 22:44:00,1,73.5,0.265,0.585,4,75.6,0,1,0,1,E1,E1
E1_00000307,72.53,grocery,credit_card,12,6,1,Union Bank,2025-10-06 12:47:00,1,53.1,0.298,0.468,5,81.15,0,0,0,1,E1,E1
C2_00000321,15449.13348660162,restaurant,debit_card,9,6,1,Union Bank,2025-09-01 09:01:00,0,67.2,0.94,0.118,1,69.76,0,1,0,1,C2,C2
A2_00000024,1999.591128311615,unknown,debit_card,21,0,0,Airtel Payments Bank,2025-09-30 10:13:00,0,0.4,0.187,0.702,5,36.54,1,1,0,1,A2,A2
A3_00000051,1999.4806885177236,crypto,UPI,9,1,0,Axis,2025-03-07 10:04:00,1,0.3,0.14,0.624,1,401.03,1,1,1,1,A3,A3
B3_00000183,26817.96,unknown,UPI,14,4,0,PNB,2025-07-14 14:31:00,1,38.8,0.18,0.883,10,53.06,1,1,0,1,B3,B3
A3_00000017,500.77691126248527,unknown,UPI,14,3,0,Airtel Payments Bank,2025-06-29 09:49:00,0,0.6,0.115,0.753,2,447.99,1,1,1,1,A3,A3
C2_00000160,15449.13348660162,fuel,UPI,8,1,0,Airtel Payments Bank,2025-01-11 08:27:00,0,35.7,0.862,0.007,1,35.91,0,1,0,1,C2,C2
B3_00000200,16408.84,unknown,UPI,7,0,0,PNB,2025-08-09 07:30:00,1,51.7,0.189,0.922,9,326.63,1,1,0,1,B3,B3
B2_00000247,1214.0,crypto,UPI,20,6,1,SBI,2025-05-21 20:05:00,1,27.8,0.069,0.895,0,420.47,1,1,0,1,B2,B2
D1_00000332,4359.57,entertainment,UPI,20,1,0,Axis,2025-11-25 20:48:00,0,22.3,0.849,0.212,1,30.13,0,1,0,1,D1,D1
C1_00000137,147.40139382475718,pharmacy,UPI,15,5,1,HDFC,2025-05-24 15:38:00,1,55.3,0.889,0.017,0,13.3,1,1,0,1,C1,C1
B1_00000099,2481.29,unknown,UPI,7,0,0,SBI,2025-03-12 07:15:00,1,70.2,0.002,0.906,2,61.92,1,1,0,1,B1,B1
D1_00000259,764.01,healthcare,UPI,19,0,0,BOI,2025-03-05 19:38:00,0,54.9,0.771,0.155,7,1195.47,0,1,0,1,D1,D1
A1_00000322,4999.971539270393,unknown,debit_card,9,6,1,BOI,2025-09-01 21:56:00,0,0.0,0.172,0.898,7,28.97,1,1,1,1,A1,A1
C1_00000055,147.40139382475718,utilities,debit_card,15,6,1,SBI,2025-03-22 15:55:00,0,33.4,0.892,0.017,1,438.1,0,1,0,1,C1,C1
B1_00000011,2556.12,crypto,credit_card,6,4,0,SBI,2025-03-12 06:44:00,1,16.6,0.11,0.817,1,39.38,1,1,0,1,B1,B1
B3_00000093,13959.96,unknown,credit_card,5,2,0,Kotak,2025-10-21 05:58:00,1,35.9,0.123,0.937,18,79.18,1,1,0,1,B3,B3
D2_00000291,18.24,entertainment,UPI,20,2,0,Airtel Payments Bank,2025-11-17 20:29:00,0,38.4,0.82,0.288,4,1285.26,1,1,0,1,D2,D2
E1_00000141,22.09,grocery,net_banking,12,5,1,HDFC,2025-03-05 12:39:00,1,149.0,0.389,0.524,4,189.78,0,1,0,1,E1,E1
E2_00000102,175.78,healthcare,debit_card,7,1,0,BOI,2025-06-19 07:12:00,1,122.3,0.368,0.626,3,3919.19,0,1,0,1,E2,E2
B1_00000004,3889.76,unknown,debit_card,7,4,0,Kotak,2025-06-21 07:54:00,1,46.2,0.101,0.923,0,148.45,1,1,0,1,B1,B1
E1_00000043,486.55,clothing,UPI,15,5,1,ICICI,2025-05-25 15:22:00,1,56.2,0.254,0.562,1,764.53,0,1,0,1,E1,E1
D2_00000325,2070.4,entertainment,debit_card,10,5,1,SBI,2025-03-07 10:02:00,0,27.0,0.665,0.29,0,185.2,1,1,0,1,D2,D2
A2_00000144,99998.4514706788,online_retail,UPI,21,2,0,PNB,2025-11-22 15:18:00,0,0.1,0.108,0.635,6,504.16,1,1,1,1,A2,A2
A3_00000055,499.0556415862411,online_retail,debit_card,21,4,0,PNB,2025-12-14 10:02:00,0,0.4,0.204,0.883,7,34.73,1,1,0,1,A3,A3
B2_00000230,2044.16,unknown,UPI,17,2,0,SBI,2025-09-13 17:13:00,1,25.3,0.116,0.767,1,90.63,1,1,0,1,B2,B2
A1_00000075,99998.76362955994,unknown,UPI,10,5,1,BOI,2025-09-20 06:53:00,0,0.7,0.106,0.92,0,75.49,1,1,1,1,A1,A1
A2_00000044,99998.48775930342,unknown,debit_card,14,5,1,PNB,2025-08-28 08:42:00,0,0.9,0.14,0.798,2,14.13,1,1,1,1,A2,A2
B1_00000176,4677.78,unknown,credit_card,15,6,1,Airtel Payments Bank,2025-07-01 15:24:00,1,43.7,0.143,0.731,1,20.8,1,1,0,1,B1,B1
D1_00000271,286.44,entertainment,UPI,20,0,0,Airtel Payments Bank,2025-09-27 20:43:00,1,70.0,0.676,0.256,7,45.58,0,1,0,1,D1,D1
E1_00000087,38.98,travel,debit_card,8,3,0,HDFC,2025-01-09 08:14:00,1,114.0,0.238,0.623,6,38.48,0,1,0,1,E1,E1
D2_00000113,439.26,grocery,credit_card,10,4,0,PNB,2025-08-21 10:32:00,1,2.0,0.829,0.179,4,317.66,0,1,0,1,D2,D2
E1_00000283,734.96,grocery,UPI,14,2,0,SBI,2025-02-08 14:48:00,1,143.5,0.102,0.664,1,105.74,0,1,0,1,E1,E1
E2_00000131,24.78,fuel,UPI,15,2,0,PNB,2025-09-19 15:14:00,1,139.5,0.34,0.463,7,793.19,0,1,0,1,E2,E2
C2_00000129,15449.13348660162,online_retail,debit_card,21,6,1,HDFC,2025-07-22 21:26:00,0,63.9,0.979,0.086,0,378.6,1,0,0,1,C2,C2
A2_00000311,4999.576183234527,unknown,UPI,11,5,1,BOI,2025-08-04 20:42:00,0,0.1,0.2,0.788,7,250.2,1,1,0,1,A2,A2
A3_00000078,1999.8952476862125,crypto,UPI,10,5,1,SBI,2025-10-03 12:42:00,0,0.6,0.223,0.937,7,30.51,1,1,0,1,A3,A3
B1_00000227,4195.44,unknown,UPI,10,1,0,ICICI,2025-02-25 10:52:00,1,50.1,0.12,0.859,2,214.18,1,1,0,1,B1,B1
D1_00000157,315.57,clothing,net_banking,7,2,0,Paytm Payments Bank,2025-02-15 07:35:00,0,11.4,0.617,0.208,1,228.08,1,1,0,1,D1,D1
E2_00000252,793.24,fuel,debit_card,19,6,1,Union Bank,2025-10-17 19:56:00,1,170.7,0.366,0.752,2,17.5,0,1,0,1,E2,E2
B2_00000201,2602.24,unknown,credit_card,22,2,0,Kotak,2025-02-22 22:51:00,1,52.2,0.028,0.852,0,59.36,1,1,0,1,B2,B2
B2_00000227,1262.64,unknown,debit_card,20,5,1,Airtel Payments Bank,2025-11-25 20:31:00,1,19.3,0.056,0.851,2,31.59,1,1,0,1,B2,B2
E1_00000275,6835.72,online_retail,UPI,21,4,0,SBI,2025-03-15 21:38:00,1,61.7,0.27,0.636,7,27.2,0,1,0,1,E1,E1
A3_00000225,99998.92455921536,unknown,debit_card,10,3,0,Airtel Payments Bank,2025-12-16 22:48:00,0,0.6,0.273,0.856,7,108.32,1,1,0,1,A3,A3
A3_00000234,500.5389854131181,unknown,UPI,10,1,0,HDFC,2025-12-10 11:33:00,0,0.8,0.107,0.663,2,329.5,1,1,1,1,A3,A3
D1_00000345,1535.81,restaurant,debit_card,18,1,0,Axis,2025-04-02 18:55:00,1,4.9,0.78,0.17,3,115.01,1,1,0,1,D1,D1
E2_00000182,10.0,electronics,debit_card,8,6,1,Axis,2025-09-08 08:57:00,1,188.0,0.225,0.648,2,128.48,0,0,0,1,E2,E2
E1_00000143,714.68,fuel,debit_card,13,5,1,Airtel Payments Bank,2025-07-26 13:31:00,1,136.7,0.181,0.464,1,13.06,0,1,0,1,E1,E1
B2_00000299,2690.58,crypto,credit_card,14,2,0,BOI,2025-08-08 14:51:00,1,8.9,0.05,0.783,2,86.59,1,1,0,1,B2,B2
E2_00000057,10.0,online_retail,credit_card,19,3,0,Axis,2025-03-13 19:31:00,1,94.5,0.121,0.609,6,2539.22,0,1,0,1,E2,E2
D2_00000028,1037.05,clothing,UPI,17,2,0,Paytm Payments Bank,2025-03-21 17:49:00,1,2.4,0.653,0.203,4,26.02,0,1,0,1,D2,D2
B2_00000123,2967.01,crypto,credit_card,22,4,0,BOI,2025-02-04 22:39:00,1,60.6,0.103,0.909,0,270.87,1,1,0,1,B2,B2
B2_00000184,1287.45,unknown,UPI,11,4,0,ICICI,2025-07-12 11:27:00,1,32.8,0.127,0.904,0,127.37,1,1,0,1,B2,B2
C2_00000153,15449.13348660162,fuel,debit_card,21,5,1,BOI,2025-09-27 21:31:00,0,40.1,0.858,0.051,1,101.39,1,1,0,1,C2,C2
B1_00000310,3410.28,crypto,credit_card,10,5,1,HDFC,2025-02-14 10:04:00,1,16.0,0.141,0.856,0,50.02,1,1,0,1,B1,B1
C2_00000057,15449.13348660162,entertainment,UPI,8,2,0,ICICI,2025-05-25 08:39:00,0,10.3,0.859,0.065,0,761.49,1,1,0,1,C2,C2
A1_00000038,4999.4517617275515,unknown,debit_card,14,2,0,Union Bank,2025-12-16 15:31:00,0,0.5,0.113,0.866,7,82.35,1,1,1,1,A1,A1
E1_00000002,177.5,travel,UPI,21,2,0,Airtel Payments Bank,2025-08-30 21:48:00,1,119.6,0.383,0.572,7,131.56,0,1,0,1,E1,E1
E2_00000063,2620.34,education,UPI,15,6,1,SBI,2025-11-30 15:56:00,1,189.4,0.169,0.512,1,14.61,0,1,0,1,E2,E2
E1_00000282,25.85,clothing,UPI,17,2,0,SBI,2025-09-22 17:08:00,1,99.6,0.299,0.744,7,334.13,1,1,0,1,E1,E1
E2_00000322,1363.65,grocery,UPI,9,1,0,HDFC,2025-07-14 09:15:00,1,177.9,0.303,0.687,1,48.69,0,1,0,1,E2,E2
B3_00000175,10312.93,unknown,UPI,21,6,1,Paytm Payments Bank,2025-05-05 21:18:00,1,52.4,0.159,0.962,12,193.39,1,0,0,1,B3,B3
E2_00000228,293.49,grocery,credit_card,16,0,0,BOI,2025-02-23 16:14:00,1,188.2,0.159,0.568,2,30.2,0,1,0,1,E2,E2
E2_00000122,4757.48,travel,credit_card,15,2,0,SBI,2025-01-17 15:23:00,1,152.1,0.383,0.749,6,49.4,0,1,0,1,E2,E2
A1_00000077,99999.98805354242,unknown,debit_card,10,1,0,PNB,2025-03-08 20:49:00,0,0.4,0.198,0.63,1,364.12,1,1,0,1,A1,A1
E2_00000178,223.58,grocery,credit_card,10,6,1,Axis,2025-04-29 10:29:00,1,197.1,0.292,0.645,5,41.49,0,0,0,1,E2,E2
C1_00000164,147.40139382475718,grocery,credit_card,19,5,1,PNB,2025-11-17 19:55:00,0,66.6,0.983,0.119,2,619.47,1,1,0,1,C1,C1
E1_00000259,29.48,grocery,UPI,11,2,0,BOI,2025-09-02 11:02:00,1,197.1,0.218,0.74,6,31.54,0,1,0,1,E1,E1
E2_00000318,305.24,travel,UPI,18,2,0,Axis,2025-12-28 18:09:00,1,123.2,0.366,0.493,5,69.95,0,1,0,1,E2,E2
A2_00000133,1999.022354467129,online_retail,UPI,9,5,1,Paytm Payments Bank,2025-01-02 13:07:00,0,0.5,0.212,0.913,3,2.33,1,1,0,1,A2,A2
C2_00000278,15449.13348660162,grocery,debit_card,12,2,0,HDFC,2025-03-20 12:18:00,1,50.7,0.967,0.004,2,108.84,1,1,0,1,C2,C2
B3_00000334,19393.21,unknown,UPI,15,6,1,Paytm Payments Bank,2025-07-29 15:00:00,1,14.0,0.062,0.977,14,182.83,1,1,0,1,B3,B3
A2_00000164,999.5081412720941,unknown,debit_card,15,6,1,Axis,2025-05-06 09:18:00,0,0.7,0.263,0.613,6,159.81,1,1,0,1,A2,A2
D1_00000315,1460.16,restaurant,debit_card,4,4,0,Kotak,2025-10-07 04:31:00,0,25.2,0.634,0.278,2,94.42,0,1,0,1,D1,D1
A2_00000203,1999.7310372979439,unknown,debit_card,20,3,0,Axis,2025-06-06 19:36:00,1,0.2,0.136,0.638,5,29.18,1,1,0,1,A2,A2
E2_00000207,373.44,online_retail,UPI,11,3,0,SBI,2025-01-11 11:55:00,1,95.9,0.281,0.607,0,422.41,0,1,0,1,E2,E2
A1_00000025,49998.63936327257,crypto,net_banking,15,3,0,Airtel Payments Bank,2025-01-09 07:22:00,0,0.5,0.235,0.922,7,222.37,1,1,1,1,A1,A1
E1_00000075,39.72,grocery,debit_card,19,0,0,Union Bank,2025-05-02 19:20:00,1,155.6,0.193,0.465,0,130.49,1,1,0,1,E1,E1
D2_00000189,665.23,utilities,debit_card,17,6,1,Airtel Payments Bank,2025-03-17 17:48:00,0,5.9,0.642,0.159,4,26.05,0,1,0,1,D2,D2
C1_00000306,147.40139382475718,travel,UPI,21,5,1,HDFC,2025-08-20 21:30:00,0,46.4,0.976,0.063,2,397.96,1,1,0,1,C1,C1
E2_00000055,85.03,restaurant,credit_card,21,3,0,PNB,2025-12-10 21:11:00,1,65.2,0.238,0.705,7,1117.29,0,1,0,1,E2,E2
E1_00000090,4781.26,entertainment,UPI,12,3,0,Kotak,2025-03-14 12:11:00,1,148.3,0.285,0.514,5,54.6,0,1,0,1,E1,E1
B1_00000276,554.25,unknown,credit_card,7,0,0,Kotak,2025-06-29 07:45:00,1,6.8,0.144,0.94,1,160.38,1,1,0,1,B1,B1
A1_00000108,19998.95229414394,crypto,net_banking,11,4,0,Union Bank,2025-09-23 17:34:00,0,0.6,0.249,0.712,6,22.8,1,1,0,1,A1,A1
C1_00000045,147.40139382475718,grocery,UPI,11,3,0,SBI,2025-09-21 11:57:00,1,5.3,0.984,0.009,0,766.1,1,1,0,1,C1,C1
A1_00000248,49998.34015700323,crypto,credit_card,16,1,0,ICICI,2025-09-08 01:34:00,0,0.9,0.116,0.757,0,7866.0,1,1,1,1,A1,A1
A3_00000326,9998.474309224812,unknown,UPI,20,0,0,Kotak,2025-10-31 12:26:00,1,0.6,0.231,0.877,5,285.17,1,1,0,1,A3,A3
A2_00000293,99998.76895165467,unknown,UPI,20,6,1,HDFC,2025-08-06 03:49:00,0,0.1,0.113,0.883,1,33.05,1,1,0,1,A2,A2
A3_00000206,49998.414680459166,online_retail,UPI,11,6,1,HDFC,2025-08-04 13:32:00,0,0.3,0.122,0.848,7,6897.72,1,1,0,1,A3,A3
B2_00000164,3477.91,unknown,wallet,9,5,1,Axis,2025-03-10 09:59:00,1,51.0,0.129,0.754,1,51.14,1,1,0,1,B2,B2
A3_00000311,499.6926198851661,online_retail,UPI,20,2,0,Airtel Payments Bank,2025-03-05 07:51:00,0,0.1,0.266,0.889,6,24.57,1,1,0,1,A3,A3
B2_00000007,2122.59,unknown,debit_card,15,2,0,SBI,2025-02-21 15:05:00,1,35.3,0.017,0.74,0,276.3,1,1,0,1,B2,B2
E2_00000145,142.0,entertainment,credit_card,15,1,0,SBI,2025-03-30 15:33:00,1,150.7,0.268,0.495,6,166.14,0,1,0,1,E2,E2
D2_00000067,109.65,grocery,UPI,9,2,0,BOI,2025-09-27 09:54:00,0,47.0,0.819,0.176,1,110.22,0,1,0,1,D2,D2
E1_00000266,85.38,healthcare,debit_card,20,4,0,HDFC,2025-03-21 20:56:00,1,174.8,0.281,0.532,4,128.13,0,1,0,1,E1,E1
B2_00000073,4082.01,crypto,debit_card,14,5,1,HDFC,2025-12-03 14:44:00,1,62.4,0.101,0.844,0,53.56,1,1,0,1,B2,B2
A1_00000329,49998.024202831344,crypto,credit_card,15,3,0,HDFC,2025-10-03 07:02:00,0,0.0,0.249,0.717,1,39.02,1,1,0,1,A1,A1
A1_00000223,499.85171248058805,crypto,credit_card,15,1,0,Paytm Payments Bank,2025-11-10 07:32:00,0,0.0,0.137,0.687,5,178.53,1,1,1,1,A1,A1
B1_00000013,4669.96,unknown,net_banking,20,0,0,HDFC,2025-01-21 20:39:00,1,20.5,0.058,0.919,0,14.88,1,1,0,1,B1,B1
D2_00000031,178.03,fuel,net_banking,17,6,1,ICICI,2025-11-15 17:54:00,1,11.6,0.751,0.315,4,275.63,1,1,0,1,D2,D2
A2_00000066,49999.58150111519,online_retail,debit_card,21,3,0,Union Bank,2025-12-21 22:01:00,0,0.9,0.241,0.817,0,206.16,1,1,1,1,A2,A2
B1_00000286,2679.88,unknown,debit_card,18,0,0,PNB,2025-12-29 18:52:00,1,19.0,0.057,0.903,2,19.29,1,1,0,1,B1,B1
D2_00000274,2836.61,restaurant,UPI,8,4,0,BOI,2025-11-02 08:45:00,1,29.2,0.602,0.203,0,159.73,0,1,0,1,D2,D2
A2_00000196,1999.532009303477,unknown,debit_card,10,3,0,Axis,2025-02-01 06:44:00,0,0.4,0.246,0.666,0,108.08,1,1,0,1,A2,A2
A1_00000297,4999.102089991587,unknown,credit_card,9,2,0,HDFC,2025-03-09 18:33:00,0,0.3,0.196,0.766,2,20.8,1,1,0,1,A1,A1
E2_00000000,1546.35,entertainment,debit_card,7,6,1,Kotak,2025-07-25 07:22:00,1,77.4,0.395,0.709,5,603.11,0,1,0,1,E2,E2
B3_00000185,16051.29,unknown,credit_card,19,4,0,Axis,2025-08-31 19:10:00,1,32.1,0.068,0.849,16,136.08,1,1,0,1,B3,B3
D2_00000190,220.9,restaurant,UPI,18,6,1,SBI,2025-11-15 18:39:00,0,0.3,0.839,0.245,7,2.62,0,1,0,1,D2,D2
A3_00000179,499.5416464322695,unknown,wallet,10,3,0,Kotak,2025-04-03 12:45:00,0,0.8,0.132,0.671,4,135.39,1,1,1,1,A3,A3
C1_00000192,147.40139382475718,clothing,debit_card,20,3,0,BOI,2025-01-08 20:26:00,1,33.4,0.887,0.034,1,63.18,1,1,0,1,C1,C1
E1_00000077,113075.26,restaurant,debit_card,8,0,0,HDFC,2025-06-11 08:01:00,1,109.2,0.107,0.5,4,7.49,0,1,0,1,E1,E1
E1_00000162,598.56,travel,debit_card,13,4,0,PNB,2025-12-24 13:19:00,1,77.9,0.152,0.791,3,342.03,0,1,0,1,E1,E1
A3_00000074,999.2732241814813,crypto,UPI,11,0,0,Kotak,2025-08-28 12:12:00,0,0.8,0.221,0.894,3,2063.71,1,1,0,1,A3,A3
B1_00000311,4776.04,crypto,UPI,10,2,0,Airtel Payments Bank,2025-08-19 10:02:00,1,24.5,0.11,0.754,0,187.24,1,1,0,1,B1,B1
B3_00000330,39774.19,unknown,debit_card,19,4,0,SBI,2025-07-10 19:13:00,1,62.3,0.144,0.839,9,75.54,1,1,0,1,B3,B3
D2_00000097,29.22,electronics,credit_card,10,3,0,PNB,2025-07-01 10:45:00,0,52.4,0.831,0.191,6,137.48,1,1,0,1,D2,D2
A1_00000055,99999.42175972654,crypto,debit_card,11,5,1,ICICI,2025-08-16 20:26:00,0,0.2,0.117,0.748,7,50.18,1,1,1,1,A1,A1
D2_00000139,5252.54,utilities,debit_card,20,2,0,ICICI,2025-01-05 20:35:00,0,17.0,0.716,0.266,5,2579.95,1,1,0,1,D2,D2
B3_00000006,12398.82,unknown,credit_card,14,4,0,BOI,2025-12-12 14:44:00,1,16.5,0.111,0.964,10,68.84,1,1,0,1,B3,B3
C1_00000100,147.40139382475718,clothing,UPI,14,0,0,SBI,2025-05-18 14:46:00,1,26.9,0.861,0.092,0,60.22,1,1,0,1,C1,C1
C1_00000065,147.40139382475718,grocery,debit_card,14,6,1,PNB,2025-09-26 14:48:00,0,27.0,0.981,0.033,1,2020.67,0,1,0,1,C1,C1
D1_00000178,8.49,fuel,UPI,19,4,0,PNB,2025-10-03 19:06:00,1,6.4,0.611,0.298,3,20.67,0,1,0,1,D1,D1
C1_00000235,147.40139382475718,pharmacy,UPI,22,3,0,Axis,2025-10-10 22:19:00,0,39.4,0.878,0.072,0,8.92,1,1,0,1,C1,C1
E1_00000060,2574.46,education,credit_card,4,4,0,Paytm Payments Bank,2025-10-26 04:54:00,1,83.7,0.184,0.551,3,234.84,0,1,0,1,E1,E1
A3_00000299,99999.82082552687,crypto,net_banking,21,2,0,SBI,2025-02-11 13:57:00,0,0.1,0.251,0.722,7,834.6,1,1,1,1,A3,A3
B2_00000026,3437.88,unknown,UPI,15,4,0,PNB,2025-10-17 15:29:00,1,71.3,0.066,0.983,2,276.45,1,1,0,1,B2,B2
A1_00000176,998.3040158050451,online_retail,UPI,10,0,0,PNB,2025-07-06 08:21:00,0,0.4,0.144,0.698,7,23.04,1,1,1,1,A1,A1
B1_00000115,2787.05,unknown,credit_card,13,0,0,Kotak,2025-09-03 13:14:00,1,24.3,0.002,0.89,2,1174.91,1,1,0,1,B1,B1
B1_00000159,4681.77,unknown,debit_card,22,5,1,Union Bank,2025-11-28 22:25:00,1,43.1,0.083,0.947,1,836.22,1,1,0,1,B1,B1
D1_00000342,49.91,healthcare,net_banking,15,3,0,ICICI,2025-01-28 15:42:00,0,57.8,0.667,0.31,2,102.29,0,1,0,1,D1,D1
E1_00000041,69.39,healthcare,credit_card,8,5,1,Axis,2025-11-25 08:03:00,1,48.4,0.372,0.789,5,1487.2,0,1,0,1,E1,E1
A1_00000061,19998.394469894592,unknown,debit_card,11,3,0,BOI,2025-10-26 11:28:00,0,0.4,0.153,0.841,0,482.87,1,1,0,1,A1,A1
E1_00000099,427.88,fuel,credit_card,11,0,0,Paytm Payments Bank,2025-09-01 11:24:00,1,114.9,0.33,0.452,5,262.5,0,1,0,1,E1,E1
A3_00000100,4998.597347410857,online_retail,credit_card,9,1,0,Paytm Payments Bank,2025-06-02 11:25:00,0,0.7,0.264,0.774,1,218.36,1,1,0,1,A3,A3
B1_00000121,3932.77,unknown,UPI,12,2,0,Axis,2025-10-26 12:28:00,1,69.1,0.127,0.957,2,69.07,1,1,0,1,B1,B1
E1_00000291,386.81,pharmacy,debit_card,16,5,1,Airtel Payments Bank,2025-07-18 16:10:00,1,50.6,0.206,0.784,6,58.23,1,1,0,1,E1,E1
C2_00000302,15449.13348660162,restaurant,UPI,14,1,0,Airtel Payments Bank,2025-03-18 14:05:00,0,40.8,0.926,0.049,1,10.44,1,1,0,1,C2,C2
D2_00000191,130.03,grocery,debit_card,18,4,0,ICICI,2025-07-05 18:33:00,0,5.3,0.815,0.223,0,1036.78,1,1,0,1,D2,D2
B2_00000083,2759.53,unknown,UPI,10,1,0,PNB,2025-12-16 10:45:00,1,27.6,0.019,0.903,0,147.13,1,1,0,1,B2,B2
E1_00000186,1681.18,education,debit_card,15,4,0,BOI,2025-03-24 15:17:00,1,187.9,0.373,0.508,0,710.02,0,1,0,1,E1,E1
B2_00000249,1058.54,unknown,UPI,18,4,0,Paytm Payments Bank,2025-11-11 18:29:00,1,31.5,0.117,0.709,2,23.35,1,1,0,1,B2,B2
B2_00000292,4931.37,unknown,UPI,10,3,0,SBI,2025-05-27 10:09:00,1,14.3,0.113,0.753,0,609.5,1,1,0,1,B2,B2
B3_00000107,52977.9,unknown,UPI,9,3,0,Axis,2025-01-08 09:19:00,1,40.7,0.088,0.853,6,18.89,1,1,1,1,B3,B3
A3_00000276,1999.7054721295146,unknown,UPI,20,6,1,Kotak,2025-10-15 06:11:00,0,0.2,0.111,0.648,4,33.01,1,1,0,1,A3,A3
C1_00000151,147.40139382475718,travel,net_banking,17,4,0,SBI,2025-02-22 17:22:00,0,60.9,0.899,0.01,0,227.1,1,1,0,1,C1,C1
A1_00000201,4998.165617151793,crypto,UPI,10,3,0,Airtel Payments Bank,2025-07-17 20:31:00,0,0.1,0.233,0.912,5,190.5,1,1,1,1,A1,A1
B2_00000234,3852.42,crypto,UPI,0,1,0,HDFC,2025-01-22 00:33:00,1,28.5,0.007,0.744,2,227.81,1,1,0,1,B2,B2
A2_00000082,4998.035315767011,unknown,net_banking,9,6,1,BOI,2025-08-27 19:56:00,0,0.5,0.204,0.741,2,94.91,1,1,0,1,A2,A2
B1_00000323,604.82,unknown,UPI,12,1,0,Airtel Payments Bank,2025-03-05 12:17:00,1,31.1,0.12,0.72,0,1145.93,1,1,0,1,B1,B1
E1_00000202,565.84,electronics,debit_card,8,6,1,Axis,2025-12-10 08:46:00,1,89.9,0.116,0.466,2,17.21,0,1,0,1,E1,E1
C1_00000123,147.40139382475718,healthcare,UPI,19,6,1,Kotak,2025-09-26 19:29:00,0,4.3,0.991,0.115,1,1035.27,1,1,0,1,C1,C1
E1_00000125,579.69,fuel,UPI,11,4,0,ICICI,2025-07-17 11:22:00,1,115.3,0.166,0.76,1,1200.41,0,1,0,1,E1,E1
C1_00000034,147.40139382475718,utilities,UPI,10,2,0,Airtel Payments Bank,2025-02-14 10:30:00,0,57.7,0.87,0.069,2,149.69,1,1,0,1,C1,C1
A2_00000241,9999.766655042306,unknown,debit_card,10,1,0,Union Bank,2025-04-08 05:12:00,1,0.3,0.118,0.639,5,172.46,1,1,1,1,A2,A2
B2_00000261,2120.97,unknown,UPI,20,0,0,Axis,2025-01-14 20:37:00,1,15.9,0.137,0.841,1,210.34,1,1,0,1,B2,B2
B3_00000031,20841.06,unknown,UPI,15,3,0,PNB,2025-02-08 15:13:00,1,3.5,0.128,0.806,11,60.92,1,0,0,1,B3,B3
E1_00000187,102.44,restaurant,UPI,8,0,0,HDFC,2025-03-06 08:59:00,1,110.4,0.357,0.594,3,745.41,0,1,0,1,E1,E1
B3_00000070,20607.75,unknown,debit_card,9,6,1,Union Bank,2025-12-01 09:26:00,1,0.9,0.196,0.852,6,119.76,1,1,0,1,B3,B3
E1_00000100,3483.11,grocery,UPI,16,1,0,Union Bank,2025-01-04 16:40:00,1,64.4,0.256,0.612,5,449.27,0,1,0,1,E1,E1
B2_00000328,4928.71,crypto,UPI,18,4,0,Airtel Payments Bank,2025-02-26 18:18:00,1,54.5,0.02,0.837,0,476.84,1,1,0,1,B2,B2
D2_00000273,450.49,utilities,UPI,16,0,0,BOI,2025-02-06 16:54:00,0,25.4,0.604,0.249,7,972.69,0,1,0,1,D2,D2
B1_00000254,2395.84,crypto,wallet,10,6,1,Union Bank,2025-08-01 10:38:00,1,69.7,0.047,0.753,1,282.82,1,1,0,1,B1,B1
A1_00000347,998.2860041685285,unknown,UPI,21,5,1,Kotak,2025-04-05 17:06:00,0,0.7,0.143,0.639,1,946.93,1,1,1,1,A1,A1
A3_00000232,49998.805947211826,online_retail,UPI,15,2,0,Airtel Payments Bank,2025-02-12 11:59:00,0,0.8,0.224,0.92,3,585.55,1,1,1,1,A3,A3
E2_00000291,154.15,restaurant,credit_card,7,0,0,PNB,2025-07-15 07:04:00,1,137.6,0.175,0.735,3,1102.58,0,1,0,1,E2,E2
E1_00000197,271.76,electronics,UPI,23,4,0,BOI,2025-06-19 23:47:00,1,80.1,0.289,0.512,3,42.58,0,1,0,1,E1,E1
C1_00000176,147.40139382475718,restaurant,debit_card,11,4,0,Airtel Payments Bank,2025-05-17 11:09:00,1,39.7,0.88,0.024,0,255.53,1,1,0,1,C1,C1
C1_00000252,147.40139382475718,grocery,UPI,20,0,0,Axis,2025-10-15 20:56:00,0,36.0,0.937,0.005,0,419.42,0,1,0,1,C1,C1
B3_00000242,18334.18,unknown,UPI,15,4,0,Union Bank,2025-03-09 15:26:00,1,13.2,0.137,0.92,5,81.88,1,1,1,1,B3,B3
E1_00000191,617.29,healthcare,debit_card,12,0,0,Airtel Payments Bank,2025-10-15 12:40:00,1,80.5,0.115,0.578,7,73.62,0,1,0,1,E1,E1
B2_00000112,4756.75,unknown,debit_card,12,5,1,Axis,2025-03-15 12:25:00,1,29.9,0.063,0.963,0,472.67,1,1,0,1,B2,B2
A1_00000080,19998.84525679285,unknown,credit_card,21,1,0,Airtel Payments Bank,2025-03-25 12:31:00,0,0.3,0.17,0.765,1,1436.89,1,1,0,1,A1,A1
A3_00000083,999.0843138209441,crypto,UPI,11,6,1,HDFC,2025-02-09 21:45:00,1,0.5,0.107,0.712,4,131.07,1,0,0,1,A3,A3
D2_00000250,9.99,healthcare,UPI,15,5,1,HDFC,2025-08-11 15:50:00,0,31.2,0.822,0.195,0,137.01,0,1,0,1,D2,D2
B1_00000336,4628.94,unknown,UPI,19,1,0,ICICI,2025-03-24 19:42:00,1,49.8,0.012,0.891,2,480.21,1,1,0,1,B1,B1
B2_00000346,3718.61,crypto,debit_card,8,1,0,Airtel Payments Bank,2025-07-27 08:33:00,1,52.9,0.088,0.787,1,4507.8,1,1,0,1,B2,B2
B2_00000107,2263.23,unknown,UPI,11,5,1,ICICI,2025-12-06 11:08:00,1,28.6,0.106,0.928,0,14.0,1,1,0,1,B2,B2
E1_00000181,565.2,restaurant,UPI,20,2,0,Airtel Payments Bank,2025-09-16 20:36:00,1,185.6,0.199,0.474,5,230.13,0,1,0,1,E1,E1
E1_00000296,2397.06,travel,debit_card,6,6,1,ICICI,2025-01-30 06:34:00,1,136.6,0.128,0.468,7,74.7,0,1,0,1,E1,E1
E2_00000140,54.82,electronics,net_banking,15,1,0,Union Bank,2025-08-16 15:51:00,1,85.4,0.119,0.504,6,869.32,0,1,0,1,E2,E2
D2_00000122,45.93,grocery,credit_card,16,3,0,ICICI,2025-10-18 16:58:00,0,19.9,0.757,0.157,3,62.13,0,1,0,1,D2,D2
D2_00000159,74.13,fuel,UPI,6,2,0,BOI,2025-05-18 06:19:00,0,45.4,0.629,0.169,3,173.91,0,1,0,1,D2,D2
D2_00000127,624.52,restaurant,credit_card,15,3,0,PNB,2025-03-18 15:44:00,0,6.5,0.667,0.349,4,41.48,1,1,0,1,D2,D2
C2_00000247,15449.13348660162,restaurant,UPI,8,5,1,SBI,2025-12-23 08:47:00,0,55.1,0.866,0.082,2,58.71,1,1,0,1,C2,C2
C1_00000046,147.40139382475718,grocery,UPI,22,4,0,Axis,2025-06-29 22:09:00,0,23.3,0.977,0.029,0,21.78,1,1,0,1,C1,C1
C1_00000155,147.40139382475718,restaurant,credit_card,13,6,1,Paytm Payments Bank,2025-04-28 13:54:00,0,28.9,0.878,0.057,1,61.98,1,1,0,1,C1,C1
D1_00000133,15.75,restaurant,UPI,18,0,0,Union Bank,2025-04-16 18:53:00,0,32.5,0.709,0.154,3,493.21,0,1,0,1,D1,D1
B3_00000213,17516.08,unknown,debit_card,10,2,0,Axis,2025-02-05 10:57:00,1,25.7,0.172,0.802,19,683.68,1,1,0,1,B3,B3
A1_00000017,9999.046869454789,online_retail,UPI,11,2,0,Union Bank,2025-10-07 14:18:00,0,0.4,0.237,0.932,3,75.87,1,1,1,1,A1,A1
C1_00000008,147.40139382475718,grocery,net_banking,12,5,1,Kotak,2025-07-19 12:16:00,0,25.9,0.942,0.069,1,84.63,1,1,0,1,C1,C1
D1_00000256,8.82,restaurant,debit_card,19,3,0,Kotak,2025-06-30 19:56:00,0,49.8,0.719,0.224,5,58.31,0,1,0,1,D1,D1
B1_00000074,1991.75,crypto,debit_card,17,5,1,Axis,2025-05-04 17:16:00,1,41.4,0.121,0.912,2,930.28,1,1,0,1,B1,B1
E2_00000185,247.98,restaurant,UPI,7,6,1,HDFC,2025-07-30 07:59:00,1,52.4,0.283,0.489,3,58.55,1,1,1,1,E2,E2
A3_00000038,49998.89871152729,unknown,debit_card,21,2,0,HDFC,2025-04-12 16:30:00,0,0.9,0.129,0.844,0,84.97,1,1,1,1,A3,A3
C2_00000303,15449.13348660162,electronics,UPI,18,2,0,ICICI,2025-04-28 18:20:00,0,30.7,0.9,0.045,1,441.48,1,1,0,1,C2,C2
A3_00000190,500.13986409119804,unknown,UPI,9,4,0,Kotak,2025-06-21 17:29:00,0,0.2,0.185,0.803,7,67.5,1,1,1,1,A3,A3
E1_00000042,252.86,grocery,UPI,17,3,0,Kotak,2025-03-25 17:54:00,1,93.3,0.187,0.75,2,413.85,0,1,0,1,E1,E1
A2_00000342,1998.2482980939321,crypto,credit_card,14,3,0,BOI,2025-12-11 20:33:00,0,0.4,0.113,0.775,2,242.14,1,1,0,1,A2,A2
A2_00000274,999.7643814380067,unknown,UPI,15,5,1,HDFC,2025-11-29 19:05:00,0,0.8,0.148,0.673,5,42.06,1,1,1,1,A2,A2
B1_00000230,3934.08,unknown,UPI,19,0,0,Kotak,2025-05-30 19:07:00,1,3.1,0.107,0.775,0,46.92,1,1,0,1,B1,B1
D1_00000339,3075.74,fuel,debit_card,7,0,0,Airtel Payments Bank,2025-09-17 07:56:00,1,68.1,0.792,0.248,5,48.39,1,1,0,1,D1,D1
D2_00000336,7.01,restaurant,UPI,17,6,1,HDFC,2025-05-19 17:50:00,0,41.8,0.746,0.262,3,135.51,0,1,0,1,D2,D2
A2_00000328,4998.320628030349,crypto,debit_card,21,1,0,BOI,2025-11-16 14:01:00,0,0.3,0.103,0.927,1,99.11,1,1,1,1,A2,A2
D2_00000290,471.64,fuel,net_banking,1,6,1,ICICI,2025-07-29 01:30:00,0,42.1,0.614,0.228,1,811.11,1,1,0,1,D2,D2
A1_00000166,999.4259872618759,crypto,credit_card,20,2,0,HDFC,2025-07-19 16:50:00,0,0.3,0.144,0.761,2,2071.82,1,1,0,1,A1,A1
A3_00000171,9999.376794166501,crypto,debit_card,21,2,0,Union Bank,2025-06-17 17:44:00,0,0.2,0.224,0.782,6,2706.83,1,1,0,1,A3,A3
E2_00000155,624.82,electronics,debit_card,12,6,1,BOI,2025-04-07 12:35:00,1,53.7,0.191,0.658,7,20.38,0,1,0,1,E2,E2
C1_00000127,147.40139382475718,grocery,UPI,19,1,0,SBI,2025-08-31 19:42:00,0,19.7,0.891,0.008,2,179.94,1,1,0,1,C1,C1
C2_00000038,15449.13348660162,electronics,UPI,22,1,0,BOI,2025-03-08 22:05:00,0,16.8,0.89,0.118,0,4114.92,1,1,0,1,C2,C2
E1_00000325,260.66,healthcare,UPI,16,1,0,PNB,2025-07-28 16:27:00,1,152.9,0.136,0.692,0,2900.81,1,1,0,1,E1,E1
C1_00000313,147.40139382475718,utilities,UPI,8,4,0,Airtel Payments Bank,2025-01-21 08:40:00,1,38.3,0.854,0.073,0,116.67,1,0,0,1,C1,C1
B1_00000287,2288.36,unknown,net_banking,9,6,1,PNB,2025-08-08 09:34:00,1,42.2,0.04,0.796,0,32.33,1,1,0,1,B1,B1
D1_00000172,13763.52,fuel,UPI,17,3,0,Union Bank,2025-04-18 17:26:00,0,24.8,0.815,0.159,2,24.81,1,1,0,1,D1,D1
E1_00000337,196.59,electronics,credit_card,8,6,1,Kotak,2025-12-28 08:52:00,1,170.6,0.152,0.74,6,13.85,0,1,0,1,E1,E1
B1_00000206,2769.87,unknown,net_banking,19,1,0,Paytm Payments Bank,2025-11-17 19:46:00,1,71.4,0.093,0.941,2,152.45,1,1,0,1,B1,B1
B2_00000250,909.32,unknown,debit_card,12,5,1,Kotak,2025-04-26 12:19:00,1,52.5,0.146,0.806,2,239.02,1,1,0,1,B2,B2
A2_00000119,500.41724647677506,crypto,UPI,16,3,0,BOI,2025-12-12 20:55:00,0,0.4,0.131,0.652,4,47.61,1,1,0,1,A2,A2
E1_00000132,740.8,pharmacy,net_banking,15,3,0,Airtel Payments Bank,2025-07-05 15:16:00,1,151.8,0.193,0.732,1,40.77,0,0,0,1,E1,E1
D1_00000073,268.03,grocery,UPI,12,6,1,SBI,2025-07-25 12:10:00,0,42.8,0.736,0.334,4,7.1,1,1,0,1,D1,D1
D2_00000131,552.58,education,credit_card,10,0,0,SBI,2025-08-09 10:02:00,0,1.7,0.657,0.264,0,21.96,0,1,0,1,D2,D2
A1_00000236,4999.433026469132,unknown,UPI,20,5,1,Union Bank,2025-04-11 10:26:00,0,0.1,0.156,0.661,6,1956.58,1,1,1,1,A1,A1
A1_00000093,998.8138956012787,crypto,UPI,14,0,0,HDFC,2025-04-23 14:31:00,0,0.7,0.237,0.939,0,46.0,1,1,1,1,A1,A1
A2_00000083,1999.7882983536624,unknown,UPI,21,1,0,ICICI,2025-08-15 11:55:00,0,0.6,0.102,0.896,4,16.77,1,1,1,1,A2,A2
A1_00000195,99998.90417757665,online_retail,UPI,10,1,0,SBI,2025-01-05 05:22:00,0,0.4,0.102,0.736,3,55.78,1,1,0,1,A1,A1
E2_00000199,220.34,restaurant,UPI,7,1,0,ICICI,2025-01-18 07:30:00,1,124.1,0.17,0.663,3,97.46,0,1,0,1,E2,E2
D1_00000268,204.37,utilities,wallet,10,5,1,Union Bank,2025-02-06 10:51:00,1,49.2,0.79,0.238,4,65.05,0,1,0,1,D1,D1
B1_00000304,3454.19,unknown,UPI,9,6,1,PNB,2025-05-26 09:59:00,1,60.6,0.118,0.968,1,60.92,1,1,0,1,B1,B1
E1_00000084,405.57,restaurant,UPI,15,3,0,SBI,2025-09-24 15:12:00,1,193.8,0.371,0.536,7,8.97,1,1,0,1,E1,E1
C1_00000271,147.40139382475718,travel,credit_card,6,4,0,Airtel Payments Bank,2025-09-17 06:25:00,0,62.7,0.937,0.066,0,623.21,0,1,0,1,C1,C1
C2_00000011,15449.13348660162,electronics,debit_card,20,2,0,Airtel Payments Bank,2025-07-31 20:48:00,0,43.2,0.994,0.103,2,62.27,1,1,0,1,C2,C2
A3_00000334,99998.6236262859,unknown,UPI,10,0,0,ICICI,2025-10-01 12:49:00,0,0.1,0.182,0.787,1,251.74,1,1,0,1,A3,A3
B2_00000242,752.22,unknown,UPI,19,1,0,HDFC,2025-01-06 19:06:00,1,33.6,0.123,0.923,0,233.89,1,1,0,1,B2,B2
E2_00000290,855.66,restaurant,UPI,3,5,1,Airtel Payments Bank,2025-09-30 03:19:00,1,147.3,0.333,0.613,0,68.35,1,1,0,1,E2,E2
D1_00000136,18.82,healthcare,UPI,10,1,0,Paytm Payments Bank,2025-06-17 10:39:00,0,29.7,0.722,0.217,7,39.76,0,1,0,1,D1,D1
A1_00000174,99999.98404645716,crypto,debit_card,21,2,0,HDFC,2025-07-07 10:48:00,0,0.7,0.209,0.755,4,15.42,1,0,0,1,A1,A1
C1_00000288,147.40139382475718,fuel,UPI,22,5,1,Kotak,2025-01-22 22:05:00,0,13.6,0.884,0.103,0,18.35,1,1,0,1,C1,C1
D2_00000333,161.34,fuel,debit_card,9,1,0,Airtel Payments Bank,2025-01-19 09:08:00,0,20.7,0.826,0.287,3,10671.87,0,1,0,1,D2,D2
B3_00000247,14741.37,unknown,UPI,11,1,0,Airtel Payments Bank,2025-10-02 11:09:00,1,10.9,0.056,0.932,5,29.25,1,1,0,1,B3,B3
D2_00000039,1550.47,utilities,debit_card,9,2,0,SBI,2025-01-18 09:09:00,0,57.4,0.658,0.208,3,133.59,1,1,0,1,D2,D2
D2_00000287,31.5,utilities,UPI,13,4,0,Airtel Payments Bank,2025-01-08 13:32:00,0,51.5,0.635,0.334,3,128.09,0,1,0,1,D2,D2
A1_00000036,499.776133463569,online_retail,wallet,11,4,0,Axis,2025-09-30 13:41:00,0,0.3,0.15,0.939,4,3.18,1,1,1,1,A1,A1
E2_00000054,293.52,restaurant,net_banking,7,3,0,PNB,2025-10-27 07:32:00,1,185.0,0.152,0.677,7,2639.27,0,1,0,1,E2,E2
B1_00000295,3011.88,unknown,debit_card,14,2,0,Kotak,2025-05-12 14:08:00,1,1.5,0.006,0.838,1,335.73,1,1,0,1,B1,B1
B3_00000019,19768.35,unknown,UPI,16,3,0,SBI,2025-08-19 16:23:00,1,33.9,0.065,0.893,18,652.6,1,0,0,1,B3,B3
D2_00000111,652.97,clothing,credit_card,5,1,0,Axis,2025-01-27 05:54:00,0,42.0,0.705,0.198,4,229.87,0,1,0,1,D2,D2
D1_00000061,4067.89,utilities,credit_card,16,6,1,SBI,2025-05-27 16:01:00,0,37.1,0.721,0.175,7,288.25,0,1,0,1,D1,D1
C1_00000133,147.40139382475718,travel,UPI,6,6,1,Paytm Payments Bank,2025-04-17 06:47:00,0,31.9,1.0,0.004,1,5.4,0,1,0,1,C1,C1
A1_00000251,999.3438056069554,unknown,debit_card,14,5,1,Kotak,2025-07-17 15:36:00,1,0.3,0.112,0.808,2,33.77,1,1,1,1,A1,A1
B3_00000159,31930.76,unknown,debit_card,11,5,1,Paytm Payments Bank,2025-04-16 11:14:00,1,38.0,0.15,0.825,13,185.5,1,1,0,1,B3,B3
A1_00000110,9999.403137132123,unknown,UPI,16,2,0,Airtel Payments Bank,2025-10-31 20:57:00,0,0.6,0.161,0.915,4,964.31,1,1,1,1,A1,A1
B2_00000131,1973.03,crypto,UPI,20,3,0,Airtel Payments Bank,2025-01-21 20:10:00,1,21.0,0.021,0.89,2,28.71,1,1,0,1,B2,B2
B3_00000234,4832.95,unknown,UPI,11,0,0,BOI,2025-11-21 11:33:00,1,57.8,0.136,0.971,19,66.87,1,1,0,1,B3,B3
B1_00000043,2458.83,unknown,UPI,7,2,0,Axis,2025-10-29 07:43:00,1,17.2,0.012,0.756,2,38.8,1,1,0,1,B1,B1
B3_00000110,18339.57,unknown,UPI,13,0,0,HDFC,2025-09-21 13:16:00,1,12.1,0.105,0.917,9,162.51,1,1,0,1,B3,B3
E2_00000038,2812.35,pharmacy,UPI,14,4,0,Paytm Payments Bank,2025-09-25 14:15:00,1,96.5,0.244,0.796,3,124.64,0,0,0,1,E2,E2
A2_00000162,99998.7930128434,online_retail,UPI,10,1,0,Kotak,2025-11-04 14:55:00,0,0.1,0.25,0.718,1,1698.67,1,1,1,1,A2,A2
A1_00000132,99999.62648819073,unknown,debit_card,20,5,1,Kotak,2025-11-26 15:20:00,0,0.3,0.186,0.739,7,1448.1,1,1,0,1,A1,A1
D2_00000196,14799.28,fuel,credit_card,11,1,0,Paytm Payments Bank,2025-01-03 11:44:00,0,59.1,0.657,0.241,7,261.55,1,1,0,1,D2,D2
A3_00000150,4999.0058932412385,unknown,debit_card,15,3,0,Axis,2025-05-02 19:58:00,0,0.6,0.121,0.603,5,487.55,1,1,1,1,A3,A3
E2_00000223,225.09,travel,net_banking,10,4,0,BOI,2025-03-03 10:30:00,1,148.6,0.118,0.489,4,113.28,0,1,1,1,E2,E2
C1_00000179,147.40139382475718,utilities,debit_card,6,2,0,SBI,2025-07-10 06:45:00,1,51.4,0.933,0.024,2,121.33,1,1,0,1,C1,C1
B2_00000177,2234.97,unknown,net_banking,21,3,0,BOI,2025-05-27 21:03:00,1,20.1,0.144,0.733,0,0.99,1,1,0,1,B2,B2
C1_00000315,147.40139382475718,education,UPI,9,4,0,Kotak,2025-07-02 09:13:00,0,0.1,0.871,0.092,0,52.99,1,1,0,1,C1,C1
E1_00000013,57.8,restaurant,credit_card,12,4,0,SBI,2025-08-11 12:09:00,1,197.6,0.354,0.651,0,4678.09,0,1,0,1,E1,E1
C2_00000240,15449.13348660162,grocery,credit_card,17,0,0,Axis,2025-08-31 17:00:00,0,21.1,0.93,0.117,0,31.7,1,1,0,1,C2,C2
A2_00000252,9999.21371922354,unknown,credit_card,9,5,1,BOI,2025-05-02 14:53:00,0,0.1,0.285,0.771,3,36.8,1,1,1,1,A2,A2
E2_00000226,124.81,clothing,debit_card,18,6,1,Union Bank,2025-02-16 18:10:00,1,142.5,0.205,0.696,3,379.28,0,1,0,1,E2,E2
B2_00000059,661.35,unknown,UPI,17,1,0,HDFC,2025-04-29 17:03:00,1,17.5,0.123,0.759,2,57.34,1,1,0,1,B2,B2
A3_00000295,49999.7867984763,unknown,net_banking,11,3,0,Kotak,2025-04-07 11:25:00,1,0.1,0.249,0.758,0,114.13,1,1,1,1,A3,A3
B2_00000225,1024.63,unknown,debit_card,13,5,1,Axis,2025-06-05 13:04:00,1,40.5,0.019,0.822,1,10.46,1,1,0,1,B2,B2
B1_00000229,1474.17,unknown,debit_card,21,5,1,BOI,2025-11-21 21:57:00,1,28.7,0.124,0.856,1,93.07,1,1,0,1,B1,B1
A1_00000230,999.9814894364824,unknown,credit_card,16,1,0,ICICI,2025-01-24 12:18:00,0,0.7,0.193,0.786,1,68.19,1,1,0,1,A1,A1
D2_00000070,180.68,grocery,UPI,20,4,0,HDFC,2025-02-08 20:46:00,0,63.8,0.741,0.275,0,216.49,0,1,0,1,D2,D2
E2_00000249,22.17,grocery,debit_card,20,6,1,Kotak,2025-04-10 20:55:00,1,173.3,0.35,0.533,4,90.87,0,1,0,1,E2,E2
B1_00000201,3878.86,unknown,credit_card,14,0,0,HDFC,2025-03-23 14:39:00,1,52.5,0.073,0.83,0,223.33,1,1,0,1,B1,B1
A3_00000226,99999.89902262614,unknown,credit_card,14,4,0,Kotak,2025-02-08 00:09:00,0,0.9,0.199,0.942,4,6174.69,1,1,1,1,A3,A3
A1_00000149,4999.392308900682,online_retail,UPI,11,1,0,Union Bank,2025-08-07 17:14:00,0,0.1,0.166,0.732,4,3.57,1,1,1,1,A1,A1
E1_00000111,106.14,clothing,UPI,20,5,1,ICICI,2025-12-31 20:47:00,1,74.2,0.277,0.564,7,20.75,0,1,0,1,E1,E1
A1_00000163,4998.444906791983,unknown,credit_card,9,0,0,Kotak,2025-02-12 08:13:00,0,0.6,0.189,0.678,6,375.99,1,1,1,1,A1,A1
A2_00000176,19999.83502037219,online_retail,UPI,16,1,0,SBI,2025-01-29 14:53:00,0,0.5,0.134,0.652,2,303.95,1,1,1,1,A2,A2
E2_00000273,264.86,clothing,UPI,21,4,0,Kotak,2025-11-12 21:06:00,1,163.2,0.36,0.551,3,980.31,0,1,0,1,E2,E2
E1_00000209,187.04,fuel,credit_card,19,0,0,HDFC,2025-10-24 19:24:00,1,142.4,0.145,0.503,0,111.8,1,1,0,1,E1,E1
C2_00000085,15449.13348660162,electronics,wallet,20,0,0,SBI,2025-02-28 20:40:00,0,53.0,0.889,0.098,0,234.01,1,1,0,1,C2,C2
B1_00000296,1125.29,unknown,debit_card,20,6,1,Airtel Payments Bank,2025-11-21 20:34:00,1,43.3,0.12,0.978,0,33.54,1,1,0,1,B1,B1
D2_00000101,3510.98,grocery,UPI,12,3,0,BOI,2025-07-18 12:04:00,1,38.9,0.844,0.251,3,263.98,1,1,0,1,D2,D2
B1_00000329,3993.57,unknown,debit_card,15,6,1,Airtel Payments Bank,2025-11-07 15:36:00,1,60.2,0.101,0.937,1,75.87,1,1,0,1,B1,B1
B1_00000331,1414.45,unknown,UPI,21,6,1,Union Bank,2025-06-06 21:24:00,1,65.6,0.019,0.717,1,450.77,1,1,0,1,B1,B1
E2_00000069,226.86,restaurant,credit_card,9,1,0,Airtel Payments Bank,2025-08-30 09:55:00,1,79.3,0.359,0.639,1,88.87,1,1,0,1,E2,E2
A3_00000323,99999.64487423899,crypto,net_banking,14,6,1,Kotak,2025-10-22 03:23:00,0,0.3,0.15,0.774,0,18.89,1,0,1,1,A3,A3
E2_00000029,2354.56,travel,credit_card,9,6,1,BOI,2025-11-16 09:00:00,1,177.3,0.307,0.495,7,883.1,0,1,0,1,E2,E2
B3_00000303,18593.14,unknown,UPI,18,1,0,Airtel Payments Bank,2025-01-21 18:44:00,1,16.7,0.037,0.818,16,202.54,1,1,0,1,B3,B3
E1_00000154,488.78,grocery,debit_card,4,3,0,Kotak,2025-11-10 04:29:00,1,104.7,0.396,0.494,3,15.34,0,1,0,1,E1,E1
C2_00000158,15449.13348660162,education,debit_card,20,0,0,Paytm Payments Bank,2025-12-26 20:43:00,0,14.4,0.878,0.032,1,46.89,1,1,0,1,C2,C2
A1_00000341,1998.8793988999312,unknown,UPI,11,3,0,Axis,2025-12-07 21:56:00,0,0.6,0.126,0.886,3,77.75,1,1,0,1,A1,A1
C2_00000052,15449.13348660162,pharmacy,debit_card,19,6,1,HDFC,2025-12-15 19:15:00,1,2.0,0.94,0.067,0,65.75,1,1,0,1,C2,C2
E2_00000344,687.7,restaurant,credit_card,9,1,0,HDFC,2025-09-04 09:21:00,1,67.3,0.263,0.451,0,907.18,0,1,1,1,E2,E2
B2_00000129,2715.42,crypto,net_banking,12,4,0,BOI,2025-01-19 12:15:00,1,26.1,0.061,0.783,0,516.74,1,1,0,1,B2,B2
C1_00000269,147.40139382475718,travel,UPI,20,3,0,SBI,2025-06-08 20:09:00,0,25.8,0.919,0.089,1,1164.58,0,1,0,1,C1,C1
B3_00000098,21630.41,unknown,credit_card,14,0,0,HDFC,2025-08-04 14:37:00,1,35.0,0.048,0.916,10,325.81,1,1,0,1,B3,B3
D1_00000117,154.82,clothing,wallet,12,5,1,Airtel Payments Bank,2025-11-28 12:22:00,0,55.2,0.83,0.16,5,582.81,1,1,0,1,D1,D1
B1_00000217,1734.71,unknown,wallet,20,4,0,Axis,2025-10-14 20:35:00,1,60.2,0.01,0.886,0,311.39,1,1,0,1,B1,B1
A3_00000246,9998.67849982717,crypto,credit_card,15,2,0,SBI,2025-07-09 19:57:00,0,0.1,0.154,0.855,6,1885.55,1,1,1,1,A3,A3
A3_00000084,999.7319473584942,crypto,UPI,21,1,0,PNB,2025-07-07 21:24:00,0,0.8,0.18,0.88,5,1009.15,1,1,1,1,A3,A3
C2_00000027,15449.13348660162,restaurant,UPI,8,1,0,Union Bank,2025-02-19 08:05:00,0,19.2,0.887,0.001,2,556.6,1,1,0,1,C2,C2
A1_00000345,1998.591853694019,crypto,debit_card,14,4,0,Union Bank,2025-12-15 11:41:00,0,1.0,0.127,0.921,4,58.96,1,1,1,1,A1,A1
D1_00000186,143.24,pharmacy,net_banking,8,4,0,Airtel Payments Bank,2025-02-27 08:12:00,0,4.5,0.62,0.182,7,311.23,1,1,0,1,D1,D1
B2_00000094,1880.88,crypto,UPI,13,1,0,Union Bank,2025-04-08 13:42:00,1,40.5,0.141,0.973,0,3435.93,1,1,0,1,B2,B2
E1_00000293,27.32,restaurant,UPI,9,2,0,ICICI,2025-07-16 09:53:00,1,78.0,0.241,0.699,5,749.72,1,1,0,1,E1,E1
C2_00000270,15449.13348660162,entertainment,credit_card,22,3,0,Paytm Payments Bank,2025-11-16 22:24:00,0,71.9,0.884,0.077,2,28.06,1,1,0,1,C2,C2
D1_00000200,442.1,utilities,net_banking,6,3,0,Union Bank,2025-07-28 06:09:00,0,3.4,0.728,0.164,3,1061.3,1,1,0,1,D1,D1
D2_00000229,13.48,utilities,debit_card,14,0,0,HDFC,2025-07-28 14:20:00,0,16.1,0.67,0.306,5,561.19,0,1,0,1,D2,D2
A2_00000257,499.6342619284281,online_retail,UPI,16,5,1,Kotak,2025-11-26 20:09:00,0,0.6,0.13,0.854,2,231.76,1,1,1,1,A2,A2
A3_00000278,998.8397764829921,online_retail,debit_card,21,3,0,Paytm Payments Bank,2025-02-10 07:11:00,0,0.3,0.178,0.658,0,153.62,1,1,1,1,A3,A3
D1_00000260,624.06,online_retail,debit_card,19,5,1,Airtel Payments Bank,2025-02-01 19:11:00,1,15.7,0.752,0.169,0,24.95,0,1,0,1,D1,D1
C1_00000172,147.40139382475718,grocery,debit_card,20,1,0,SBI,2025-03-07 20:18:00,0,67.4,0.887,0.067,0,346.09,1,1,0,1,C1,C1
B2_00000315,1463.16,unknown,UPI,11,1,0,Axis,2025-09-21 11:32:00,1,10.6,0.03,0.734,2,126.37,1,1,0,1,B2,B2
C1_00000109,147.40139382475718,fuel,debit_card,21,3,0,HDFC,2025-10-08 21:21:00,1,67.8,0.917,0.077,1,14.28,1,1,0,1,C1,C1
C2_00000339,15449.13348660162,electronics,UPI,9,1,0,PNB,2025-06-09 09:53:00,1,35.9,0.98,0.114,0,2916.36,0,1,0,1,C2,C2
E2_00000045,279.97,education,debit_card,18,1,0,HDFC,2025-11-07 18:41:00,1,191.4,0.259,0.558,4,145.29,0,1,0,1,E2,E2
C2_00000345,15449.13348660162,grocery,debit_card,20,1,0,PNB,2025-09-29 20:11:00,1,12.5,0.999,0.059,1,27.76,1,0,0,1,C2,C2
B3_00000192,27475.82,unknown,UPI,21,3,0,Union Bank,2025-06-19 21:00:00,1,67.7,0.121,0.948,7,346.08,1,1,0,1,B3,B3
D1_00000245,429.86,fuel,UPI,19,2,0,HDFC,2025-04-01 19:01:00,0,13.8,0.717,0.335,5,1861.78,0,1,0,1,D1,D1
C1_00000049,147.40139382475718,restaurant,wallet,13,2,0,Kotak,2025-05-14 13:17:00,0,15.8,0.85,0.031,0,390.66,1,1,0,1,C1,C1
B2_00000111,3096.1,crypto,credit_card,10,4,0,Axis,2025-02-17 10:58:00,1,63.1,0.054,0.858,1,131.96,1,1,0,1,B2,B2
A1_00000087,1999.593278365492,unknown,debit_card,20,3,0,Kotak,2025-07-05 14:34:00,1,0.1,0.14,0.634,6,1001.43,1,1,1,1,A1,A1
B1_00000231,703.69,unknown,debit_card,8,0,0,SBI,2025-09-23 08:56:00,1,15.4,0.089,0.837,2,34.58,1,1,0,1,B1,B1
C2_00000058,15449.13348660162,electronics,debit_card,20,2,0,Paytm Payments Bank,2025-07-31 20:51:00,0,47.2,0.872,0.087,2,129.18,1,1,0,1,C2,C2
D2_00000347,8.61,entertainment,credit_card,14,5,1,Paytm Payments Bank,2025-11-11 14:32:00,0,41.2,0.79,0.212,5,291.87,0,1,0,1,D2,D2
A2_00000030,49998.174826787086,online_retail,UPI,11,1,0,SBI,2025-01-05 15:05:00,0,0.6,0.291,0.808,7,1930.32,1,1,0,1,A2,A2
E1_00000298,568.32,utilities,wallet,19,2,0,SBI,2025-11-02 19:16:00,1,183.2,0.139,0.704,2,90.35,0,1,0,1,E1,E1
A2_00000160,19999.562513174267,unknown,debit_card,20,6,1,Airtel Payments Bank,2025-05-26 19:22:00,0,0.7,0.202,0.827,1,464.41,1,1,1,1,A2,A2
A1_00000330,499.9660168268676,crypto,UPI,21,6,1,HDFC,2025-03-07 08:09:00,0,0.1,0.228,0.881,4,422.65,1,1,1,1,A1,A1
C2_00000174,15449.13348660162,education,debit_card,17,6,1,ICICI,2025-02-20 17:43:00,0,32.6,0.931,0.027,2,168.69,1,1,0,1,C2,C2
B2_00000326,1228.74,crypto,credit_card,19,1,0,Paytm Payments Bank,2025-07-21 19:55:00,1,68.2,0.078,0.784,0,16.21,1,1,0,1,B2,B2
E1_00000174,45.87,utilities,debit_card,19,0,0,Axis,2025-05-28 19:41:00,1,179.7,0.267,0.778,2,91.62,0,1,0,1,E1,E1
E2_00000333,364.52,restaurant,UPI,23,5,1,Airtel Payments Bank,2025-03-28 23:30:00,1,188.1,0.212,0.763,1,650.21,0,1,0,1,E2,E2
D2_00000125,111.39,fuel,UPI,14,5,1,Axis,2025-08-13 14:22:00,0,18.4,0.814,0.255,6,958.37,1,1,0,1,D2,D2
E1_00000313,95.29,clothing,debit_card,20,1,0,BOI,2025-07-15 20:37:00,1,85.0,0.338,0.486,0,62.98,0,1,0,1,E1,E1
B1_00000136,3417.43,unknown,credit_card,20,3,0,BOI,2025-06-15 20:40:00,1,15.7,0.021,0.908,1,1012.72,1,1,0,1,B1,B1
B2_00000306,4080.97,crypto,UPI,5,2,0,BOI,2025-10-17 05:40:00,1,1.1,0.088,0.72,1,2636.89,1,1,0,1,B2,B2
B1_00000180,4070.63,crypto,wallet,21,0,0,Paytm Payments Bank,2025-12-26 21:13:00,1,26.9,0.118,0.863,2,50.66,1,1,0,1,B1,B1
B2_00000192,1683.9,unknown,UPI,20,1,0,HDFC,2025-07-23 20:09:00,1,66.7,0.04,0.709,1,77.59,1,1,0,1,B2,B2
E2_00000173,389.0,restaurant,UPI,19,6,1,HDFC,2025-10-23 19:05:00,1,156.6,0.28,0.469,1,8.28,0,1,0,1,E2,E2
C2_00000134,15449.13348660162,travel,debit_card,19,0,0,Union Bank,2025-07-19 19:04:00,0,57.8,0.947,0.083,1,104.98,1,1,0,1,C2,C2
E2_00000302,1767.79,fuel,debit_card,8,1,0,Axis,2025-04-17 08:38:00,1,102.5,0.3,0.626,3,248.32,0,1,0,1,E2,E2
E1_00000301,113.86,education,UPI,10,3,0,BOI,2025-09-25 10:04:00,1,167.6,0.394,0.634,7,29.14,0,1,0,1,E1,E1
D1_00000115,174.5,pharmacy,UPI,18,3,0,PNB,2025-05-03 18:39:00,0,55.9,0.671,0.246,7,735.98,0,1,0,1,D1,D1
B3_00000300,8234.52,unknown,UPI,7,3,0,PNB,2025-11-14 07:57:00,1,59.7,0.093,0.841,14,35.24,1,1,0,1,B3,B3
B2_00000266,3188.19,unknown,credit_card,7,4,0,Airtel Payments Bank,2025-11-10 07:59:00,1,1.5,0.055,0.703,2,181.97,1,1,0,1,B2,B2
D2_00000193,410.75,fuel,UPI,7,0,0,SBI,2025-11-20 07:39:00,0,55.7,0.663,0.286,2,195.82,0,1,0,1,D2,D2
E1_00000193,1328.08,electronics,UPI,9,1,0,Axis,2025-06-08 09:36:00,1,117.6,0.329,0.486,3,5.98,0,1,0,1,E1,E1
C2_00000214,15449.13348660162,grocery,credit_card,7,5,1,Airtel Payments Bank,2025-01-08 07:48:00,0,11.6,0.906,0.094,0,102.53,1,1,1,1,C2,C2
B1_00000222,2314.93,unknown,UPI,20,0,0,Paytm Payments Bank,2025-03-04 20:42:00,1,5.1,0.081,0.955,0,553.7,1,1,0,1,B1,B1
C2_00000192,15449.13348660162,fuel,UPI,17,6,1,Axis,2025-09-01 17:58:00,0,46.9,0.98,0.052,2,10.07,1,1,0,1,C2,C2
E1_00000221,580.3,electronics,debit_card,12,4,0,HDFC,2025-06-25 12:20:00,1,136.7,0.185,0.459,6,94.6,0,1,0,1,E1,E1
C2_00000121,15449.13348660162,travel,UPI,12,6,1,Airtel Payments Bank,2025-05-14 12:09:00,0,2.0,0.93,0.092,0,523.97,0,1,0,1,C2,C2
B3_00000173,47106.5,unknown,UPI,20,0,0,Union Bank,2025-08-26 20:55:00,1,63.5,0.038,0.815,15,3073.71,1,1,0,1,B3,B3
A3_00000344,9999.721204631105,online_retail,debit_card,10,1,0,PNB,2025-02-26 19:38:00,0,0.6,0.122,0.897,0,191.75,1,1,1,1,A3,A3
C1_00000296,147.40139382475718,grocery,UPI,16,3,0,SBI,2025-02-17 16:59:00,0,33.8,0.86,0.021,0,161.67,0,1,0,1,C1,C1
C2_00000020,15449.13348660162,fuel,debit_card,15,0,0,Union Bank,2025-07-09 15:28:00,0,65.1,0.878,0.115,1,1713.14,1,1,1,1,C2,C2
C1_00000344,147.40139382475718,fuel,UPI,13,0,0,Kotak,2025-01-02 13:13:00,0,42.6,0.853,0.011,2,51.9,0,1,0,1,C1,C1
E1_00000343,116.87,online_retail,net_banking,17,0,0,BOI,2025-04-04 17:51:00,1,149.2,0.17,0.482,7,1541.38,0,1,0,1,E1,E1
E1_00000066,594.5,restaurant,UPI,17,5,1,SBI,2025-03-02 17:21:00,1,107.7,0.175,0.683,0,1371.71,0,1,0,1,E1,E1
A2_00000333,499.290373830159,unknown,credit_card,20,0,0,Union Bank,2025-11-18 11:14:00,0,0.1,0.232,0.889,2,275.92,1,1,1,1,A2,A2
D1_00000118,41.17,grocery,net_banking,19,5,1,Kotak,2025-02-27 19:53:00,0,10.7,0.643,0.22,2,127.13,1,1,0,1,D1,D1
A3_00000127,49998.60495024887,unknown,UPI,20,0,0,Union Bank,2025-08-09 15:16:00,1,0.6,0.14,0.873,2,14.61,1,1,1,1,A3,A3
E2_00000114,181.6,electronics,wallet,20,4,0,Paytm Payments Bank,2025-07-01 20:21:00,1,95.2,0.3,0.56,0,2049.55,0,1,0,1,E2,E2
E1_00000034,141.55,healthcare,UPI,13,6,1,Axis,2025-06-14 13:11:00,1,57.0,0.102,0.703,6,3187.6,0,1,0,1,E1,E1
A3_00000187,49998.05477662967,online_retail,UPI,20,1,0,Union Bank,2025-04-01 16:57:00,1,0.1,0.246,0.641,7,39.92,1,1,0,1,A3,A3
A3_00000336,499.1581817963275,unknown,UPI,10,1,0,Union Bank,2025-12-13 15:16:00,1,0.3,0.168,0.825,5,1100.95,1,1,0,1,A3,A3
B3_00000179,13917.7,unknown,credit_card,18,3,0,Kotak,2025-07-07 18:36:00,1,3.7,0.013,0.839,12,134.87,1,1,0,1,B3,B3
D1_00000159,25.74,fuel,net_banking,5,3,0,ICICI,2025-04-22 05:28:00,0,20.6,0.619,0.286,2,125.63,0,1,0,1,D1,D1
E1_00000015,6927.25,education,UPI,10,1,0,PNB,2025-03-11 10:58:00,1,90.6,0.256,0.596,2,11.42,1,1,0,1,E1,E1
E1_00000178,88.05,entertainment,UPI,7,5,1,Union Bank,2025-01-17 07:01:00,1,69.7,0.341,0.8,7,14.21,0,1,0,1,E1,E1
E1_00000312,27.01,restaurant,UPI,15,5,1,SBI,2025-07-16 15:58:00,1,131.8,0.197,0.693,2,22.41,1,1,0,1,E1,E1
E2_00000141,147.52,restaurant,credit_card,13,1,0,BOI,2025-10-09 13:28:00,1,67.2,0.309,0.616,2,167.46,0,1,0,1,E2,E2
B2_00000236,1374.87,unknown,debit_card,12,2,0,Kotak,2025-09-30 12:25:00,1,14.3,0.139,0.943,1,172.56,1,1,0,1,B2,B2
B1_00000306,1526.94,unknown,UPI,12,3,0,SBI,2025-02-17 12:52:00,1,29.1,0.041,0.746,1,969.23,1,1,0,1,B1,B1
B1_00000158,1830.75,unknown,UPI,18,3,0,PNB,2025-02-25 18:15:00,1,41.8,0.089,0.961,1,50.84,1,1,0,1,B1,B1
A2_00000192,49998.151917776835,online_retail,UPI,21,6,1,HDFC,2025-09-11 22:29:00,0,0.4,0.129,0.609,3,221.68,1,1,1,1,A2,A2
D1_00000025,93.95,grocery,debit_card,8,4,0,Axis,2025-11-30 08:24:00,0,23.1,0.659,0.273,2,30.57,0,1,0,1,D1,D1
E2_00000165,818.66,clothing,UPI,14,5,1,ICICI,2025-10-31 14:19:00,1,193.4,0.262,0.739,1,5.94,0,1,0,1,E2,E2
B2_00000148,1065.78,unknown,wallet,12,2,0,ICICI,2025-04-30 12:39:00,1,50.5,0.015,0.971,2,111.01,1,1,0,1,B2,B2
B2_00000295,2351.49,unknown,UPI,21,0,0,SBI,2025-05-20 21:27:00,1,68.2,0.113,0.917,2,31.31,1,1,0,1,B2,B2
A1_00000302,499.79667110219646,unknown,UPI,11,5,1,BOI,2025-08-14 09:19:00,1,0.2,0.272,0.683,7,536.57,1,1,1,1,A1,A1
E2_00000150,260.09,grocery,debit_card,11,3,0,BOI,2025-07-07 11:42:00,1,140.6,0.321,0.656,6,156.01,0,1,0,1,E2,E2
B1_00000090,1310.51,unknown,debit_card,7,1,0,SBI,2025-01-26 07:16:00,1,63.5,0.061,0.937,2,88.03,1,1,0,1,B1,B1
C2_00000083,15449.13348660162,grocery,UPI,9,4,0,PNB,2025-04-19 09:55:00,0,10.9,0.934,0.117,2,1215.28,1,1,0,1,C2,C2
C2_00000279,15449.13348660162,fuel,net_banking,17,6,1,Axis,2025-06-06 17:37:00,0,12.1,0.937,0.018,0,1077.02,1,1,0,1,C2,C2
B1_00000248,2494.88,unknown,UPI,10,0,0,BOI,2025-01-20 10:13:00,1,14.3,0.058,0.845,1,386.06,1,1,0,1,B1,B1
B2_00000262,4816.78,unknown,credit_card,12,5,1,Union Bank,2025-09-29 12:26:00,1,34.0,0.117,0.971,0,121.26,1,1,0,1,B2,B2
B2_00000226,3521.06,unknown,UPI,2,2,0,Airtel Payments Bank,2025-02-16 02:35:00,1,55.9,0.03,0.914,2,124.11,1,1,0,1,B2,B2
A2_00000343,99999.12192774891,unknown,debit_card,21,6,1,SBI,2025-09-13 13:06:00,0,0.8,0.151,0.788,7,43.26,1,1,0,1,A2,A2
D2_00000195,1312.28,utilities,debit_card,15,3,0,Axis,2025-12-14 15:11:00,0,69.8,0.732,0.182,6,26.23,0,1,0,1,D2,D2
B2_00000303,3749.71,unknown,credit_card,13,2,0,HDFC,2025-06-06 13:34:00,1,24.3,0.143,0.894,1,62.72,1,1,0,1,B2,B2
A2_00000321,99998.8382345565,crypto,net_banking,20,4,0,ICICI,2025-02-01 20:39:00,1,0.7,0.182,0.706,3,118.69,1,1,1,1,A2,A2
A3_00000191,499.479736346015,online_retail,credit_card,11,6,1,HDFC,2025-12-13 13:39:00,1,0.7,0.111,0.703,4,46.9,1,1,0,1,A3,A3
B2_00000006,2423.86,crypto,debit_card,13,4,0,ICICI,2025-05-16 13:07:00,1,30.4,0.058,0.84,0,98.38,1,1,0,1,B2,B2
A2_00000098,499.46407981895436,crypto,debit_card,11,6,1,Union Bank,2025-01-27 08:48:00,0,1.0,0.195,0.665,7,566.56,1,1,0,1,A2,A2
A1_00000218,49999.82594821201,crypto,credit_card,21,6,1,HDFC,2025-06-27 13:29:00,0,0.4,0.131,0.893,4,1374.24,1,1,0,1,A1,A1
B3_00000241,13644.07,unknown,credit_card,20,1,0,HDFC,2025-10-10 20:33:00,1,47.0,0.054,0.852,18,10.78,1,1,0,1,B3,B3
A1_00000078,9999.562381004152,unknown,debit_card,21,5,1,HDFC,2025-09-08 19:52:00,0,0.1,0.271,0.902,6,45.22,1,1,1,1,A1,A1
E2_00000163,284.74,online_retail,UPI,11,2,0,Paytm Payments Bank,2025-03-10 11:05:00,1,170.7,0.128,0.643,2,31.53,0,1,0,1,E2,E2
A1_00000175,99999.84749071475,unknown,wallet,9,0,0,Axis,2025-10-07 09:24:00,0,0.7,0.158,0.713,6,454.99,1,0,0,1,A1,A1
A2_00000022,19999.472150921058,crypto,net_banking,20,6,1,HDFC,2025-08-04 11:26:00,0,0.4,0.24,0.893,6,4.39,1,1,1,1,A2,A2
D1_00000284,132.74,grocery,credit_card,2,5,1,ICICI,2025-02-22 02:28:00,0,44.8,0.736,0.159,1,257.54,0,1,0,1,D1,D1
B2_00000125,2130.57,crypto,UPI,20,6,1,Union Bank,2025-07-18 20:53:00,1,23.8,0.071,0.77,1,471.02,1,1,0,1,B2,B2
E2_00000183,361.89,clothing,credit_card,18,0,0,Union Bank,2025-08-02 18:57:00,1,136.4,0.312,0.728,1,37.41,0,1,0,1,E2,E2
B2_00000088,3746.06,unknown,credit_card,10,3,0,ICICI,2025-05-02 10:36:00,1,13.7,0.056,0.725,1,36.29,1,1,0,1,B2,B2
A2_00000286,49999.50471961605,unknown,UPI,16,5,1,SBI,2025-02-15 11:00:00,0,0.3,0.201,0.799,2,62.37,1,1,1,1,A2,A2
C1_00000181,147.40139382475718,utilities,debit_card,9,4,0,Paytm Payments Bank,2025-03-15 09:29:00,0,34.2,0.967,0.1,1,55.71,0,1,0,1,C1,C1
B2_00000210,1227.99,unknown,UPI,16,2,0,PNB,2025-12-03 16:58:00,1,24.9,0.097,0.832,0,208.15,1,1,0,1,B2,B2
E1_00000331,699.24,restaurant,debit_card,15,0,0,Airtel Payments Bank,2025-10-29 15:24:00,1,178.6,0.152,0.532,5,2192.22,0,1,0,1,E1,E1
C2_00000150,15449.13348660162,grocery,UPI,19,6,1,BOI,2025-08-13 19:35:00,1,37.4,0.945,0.049,1,1674.73,1,1,0,1,C2,C2
E2_00000081,446.4,fuel,net_banking,17,2,0,Kotak,2025-05-24 17:09:00,1,56.1,0.171,0.455,2,408.17,0,1,0,1,E2,E2
C1_00000208,147.40139382475718,fuel,UPI,21,3,0,PNB,2025-06-29 21:15:00,0,10.0,0.893,0.069,0,2483.55,1,1,0,1,C1,C1
A3_00000077,49998.72413514444,unknown,UPI,21,5,1,SBI,2025-11-10 10:48:00,0,0.2,0.172,0.8,6,23.35,1,0,0,1,A3,A3
D2_00000015,297.76,restaurant,UPI,11,0,0,Kotak,2025-04-15 11:26:00,0,21.3,0.621,0.313,1,74.26,1,1,0,1,D2,D2
B1_00000025,1959.78,crypto,debit_card,21,1,0,SBI,2025-07-09 21:14:00,1,7.3,0.127,0.823,1,435.52,1,1,0,1,B1,B1
B3_00000176,20858.53,unknown,debit_card,17,0,0,Kotak,2025-09-29 17:29:00,1,21.8,0.171,0.912,18,6.4,1,1,0,1,B3,B3
D2_00000128,181.14,restaurant,UPI,12,4,0,Union Bank,2025-11-30 12:33:00,0,45.1,0.654,0.257,7,510.63,1,1,0,1,D2,D2
B3_00000289,14252.71,unknown,wallet,6,0,0,PNB,2025-04-01 06:01:00,1,50.1,0.191,0.828,6,913.5,1,0,0,1,B3,B3
A3_00000072,49999.89478690845,crypto,net_banking,10,0,0,ICICI,2025-06-24 05:31:00,0,0.2,0.127,0.885,0,42.3,1,1,0,1,A3,A3
C2_00000089,15449.13348660162,utilities,UPI,18,2,0,Union Bank,2025-03-31 18:29:00,1,36.9,0.894,0.054,0,6016.63,1,1,0,1,C2,C2
B2_00000124,4896.38,unknown,net_banking,8,4,0,PNB,2025-11-07 08:43:00,1,53.9,0.114,0.757,1,4.5,1,1,0,1,B2,B2
B2_00000079,1966.25,crypto,debit_card,16,5,1,Paytm Payments Bank,2025-06-22 16:37:00,1,41.6,0.132,0.889,1,1535.16,1,1,0,1,B2,B2
A3_00000201,998.379148903763,unknown,credit_card,16,1,0,Union Bank,2025-05-17 22:49:00,0,0.9,0.269,0.62,3,4.58,1,1,1,1,A3,A3
D2_00000174,497.48,electronics,UPI,12,0,0,Union Bank,2025-10-06 12:39:00,0,37.9,0.695,0.282,6,221.81,1,1,0,1,D2,D2
D1_00000265,643.35,pharmacy,net_banking,20,2,0,BOI,2025-06-11 20:53:00,0,69.6,0.636,0.249,5,185.27,0,1,0,1,D1,D1
E2_00000329,10.0,electronics,credit_card,9,3,0,Paytm Payments Bank,2025-05-06 09:09:00,1,150.9,0.209,0.558,5,71.94,0,1,0,1,E2,E2
C2_00000118,15449.13348660162,healthcare,UPI,21,4,0,Kotak,2025-10-26 21:09:00,0,69.7,0.988,0.094,0,72.75,1,1,0,1,C2,C2
C2_00000241,15449.13348660162,grocery,credit_card,23,0,0,Kotak,2025-01-28 23:10:00,1,42.1,0.968,0.107,2,30.32,1,1,0,1,C2,C2
A2_00000306,999.8703883726115,crypto,net_banking,10,4,0,PNB,2025-03-22 09:10:00,0,0.5,0.175,0.799,5,121.17,1,1,1,1,A2,A2
E2_00000283,124.35,clothing,UPI,15,4,0,HDFC,2025-07-16 15:51:00,1,120.2,0.353,0.735,4,848.3,1,1,0,1,E2,E2
B1_00000047,3023.94,crypto,UPI,8,1,0,Kotak,2025-07-17 08:12:00,1,15.2,0.073,0.777,0,3975.64,1,1,0,1,B1,B1
A3_00000207,999.3706626967277,online_retail,UPI,21,1,0,ICICI,2025-10-25 09:33:00,0,0.4,0.172,0.82,2,66.85,1,1,1,1,A3,A3
E2_00000040,1632.43,online_retail,debit_card,9,1,0,BOI,2025-05-22 09:26:00,1,153.7,0.284,0.548,5,435.95,0,1,0,1,E2,E2
B2_00000321,4229.4,unknown,debit_card,12,4,0,SBI,2025-10-26 12:37:00,1,21.9,0.007,0.775,0,29.27,1,1,0,1,B2,B2
A2_00000174,998.514407445972,unknown,credit_card,20,4,0,Paytm Payments Bank,2025-05-07 22:09:00,1,0.6,0.242,0.939,6,364.09,1,1,1,1,A2,A2
D1_00000068,11.22,grocery,net_banking,11,1,0,Union Bank,2025-06-20 11:57:00,0,57.1,0.73,0.273,5,155.39,0,1,0,1,D1,D1
B3_00000163,18370.35,unknown,debit_card,12,0,0,PNB,2025-04-03 12:45:00,1,54.3,0.135,0.935,6,276.82,1,1,0,1,B3,B3
C2_00000181,15449.13348660162,clothing,debit_card,14,5,1,HDFC,2025-01-14 14:39:00,0,16.2,0.913,0.085,2,69.34,1,1,0,1,C2,C2
E1_00000163,20.37,restaurant,net_banking,14,2,0,Union Bank,2025-01-07 14:40:00,1,195.1,0.231,0.795,7,7.12,0,1,0,1,E1,E1
A3_00000089,4998.3139959813225,crypto,UPI,21,1,0,BOI,2025-10-27 22:50:00,1,0.9,0.275,0.725,3,3485.37,1,1,1,1,A3,A3
A2_00000198,19999.820823044836,crypto,UPI,16,1,0,Kotak,2025-08-16 21:25:00,0,0.0,0.23,0.822,5,40.77,1,1,0,1,A2,A2
D1_00000211,160.77,fuel,net_banking,13,2,0,Airtel Payments Bank,2025-08-12 13:08:00,0,71.6,0.806,0.19,4,72.37,0,1,0,1,D1,D1
C1_00000117,147.40139382475718,pharmacy,credit_card,11,2,0,Paytm Payments Bank,2025-08-30 11:05:00,0,36.6,0.919,0.01,0,14.52,1,1,1,1,C1,C1
A2_00000085,9998.4343942676,online_retail,debit_card,10,3,0,BOI,2025-08-02 08:16:00,1,0.7,0.241,0.791,6,24.91,1,1,0,1,A2,A2
C1_00000010,147.40139382475718,grocery,UPI,17,4,0,ICICI,2025-09-07 17:34:00,0,16.9,0.88,0.106,2,439.53,1,1,0,1,C1,C1
B3_00000118,32019.0,unknown,UPI,12,5,1,HDFC,2025-03-31 12:21:00,1,0.9,0.193,0.826,13,33.22,1,1,0,1,B3,B3
E1_00000269,13292.19,restaurant,UPI,9,0,0,Airtel Payments Bank,2025-07-21 09:22:00,1,163.8,0.209,0.649,7,458.67,0,1,0,1,E1,E1
D2_00000118,130.38,restaurant,credit_card,15,2,0,Kotak,2025-03-22 15:10:00,0,15.5,0.754,0.306,4,283.63,1,1,0,1,D2,D2
A3_00000262,4999.303417639421,unknown,UPI,16,4,0,Union Bank,2025-07-04 05:27:00,0,1.0,0.264,0.787,4,51.37,1,1,1,1,A3,A3
B1_00000056,1295.35,unknown,UPI,12,2,0,PNB,2025-03-05 12:35:00,1,1.7,0.045,0.887,1,16.74,1,1,0,1,B1,B1
B3_00000135,10478.72,unknown,UPI,1,1,0,Paytm Payments Bank,2025-05-01 01:28:00,1,4.9,0.065,0.903,19,121.1,1,1,0,1,B3,B3
C1_00000051,147.40139382475718,fuel,UPI,22,4,0,Kotak,2025-03-16 22:56:00,0,63.0,0.985,0.059,0,39.98,0,1,0,1,C1,C1
C1_00000071,147.40139382475718,travel,UPI,18,2,0,Union Bank,2025-09-26 18:14:00,0,34.7,0.926,0.037,0,492.33,1,1,0,1,C1,C1
A3_00000082,998.1784773794424,crypto,UPI,10,2,0,HDFC,2025-01-26 22:22:00,0,0.3,0.241,0.784,7,2047.04,1,1,0,1,A3,A3
E2_00000287,250.25,electronics,UPI,12,1,0,ICICI,2025-04-24 12:01:00,1,70.5,0.161,0.492,4,1264.73,1,1,0,1,E2,E2
C1_00000122,147.40139382475718,grocery,credit_card,20,6,1,Airtel Payments Bank,2025-11-21 20:02:00,0,54.3,0.869,0.051,1,29.6,1,1,0,1,C1,C1
B2_00000149,4675.3,unknown,credit_card,12,2,0,Airtel Payments Bank,2025-06-25 12:55:00,1,10.2,0.056,0.944,1,57.05,1,1,0,1,B2,B2
B3_00000257,11734.0,unknown,UPI,22,0,0,Airtel Payments Bank,2025-12-28 22:32:00,1,13.9,0.136,0.913,19,392.68,1,1,0,1,B3,B3
D1_00000285,193.87,restaurant,UPI,17,3,0,SBI,2025-11-21 17:04:00,0,11.7,0.793,0.348,3,51.94,0,1,0,1,D1,D1
E2_00000024,158.39,restaurant,net_banking,16,4,0,BOI,2025-04-25 16:04:00,1,136.4,0.322,0.575,4,225.75,0,1,0,1,E2,E2
A2_00000017,19998.873412642955,online_retail,UPI,11,5,1,BOI,2025-10-03 21:29:00,0,0.5,0.162,0.783,4,562.83,1,1,1,1,A2,A2
E2_00000298,3846.06,travel,debit_card,15,4,0,HDFC,2025-06-12 15:53:00,1,100.4,0.323,0.746,0,1096.7,0,1,0,1,E2,E2
C1_00000159,147.40139382475718,fuel,wallet,17,3,0,Airtel Payments Bank,2025-12-06 17:58:00,1,58.6,0.906,0.052,2,177.29,0,1,0,1,C1,C1
E1_00000194,496.18,grocery,debit_card,16,6,1,BOI,2025-02-10 16:18:00,1,75.6,0.161,0.493,0,148.05,0,1,0,1,E1,E1
B3_00000020,11339.22,unknown,UPI,18,2,0,SBI,2025-07-17 18:36:00,1,3.7,0.156,0.829,5,327.3,1,1,0,1,B3,B3
E2_00000138,48.79,grocery,UPI,4,2,0,Paytm Payments Bank,2025-09-04 04:31:00,1,141.4,0.205,0.733,4,87.26,0,1,1,1,E2,E2
E1_00000314,378.17,online_retail,net_banking,20,5,1,ICICI,2025-05-09 20:20:00,1,185.4,0.151,0.568,6,203.07,0,1,0,1,E1,E1
C1_00000069,147.40139382475718,restaurant,debit_card,15,0,0,PNB,2025-02-09 15:04:00,0,4.2,0.859,0.059,2,34.77,1,1,0,1,C1,C1
E1_00000330,104.4,travel,debit_card,22,0,0,Kotak,2025-11-06 22:22:00,1,116.4,0.396,0.506,0,4160.04,0,1,0,1,E1,E1
A2_00000169,19998.794171796795,crypto,UPI,14,1,0,HDFC,2025-03-28 00:42:00,0,0.4,0.166,0.819,5,379.76,1,1,1,1,A2,A2
E1_00000339,366.71,restaurant,debit_card,12,4,0,PNB,2025-11-17 12:34:00,1,50.4,0.214,0.728,7,371.87,0,1,0,1,E1,E1
C2_00000152,15449.13348660162,grocery,UPI,22,1,0,SBI,2025-08-29 22:20:00,0,30.5,0.874,0.005,1,700.32,1,1,0,1,C2,C2
C1_00000325,147.40139382475718,pharmacy,UPI,21,3,0,Union Bank,2025-11-01 21:22:00,1,2.1,0.974,0.114,2,135.0,1,1,0,1,C1,C1
C2_00000075,15449.13348660162,pharmacy,debit_card,15,5,1,Union Bank,2025-10-25 15:40:00,0,20.7,0.919,0.039,0,148.1,1,1,1,1,C2,C2
C1_00000182,147.40139382475718,clothing,debit_card,13,2,0,BOI,2025-02-07 13:13:00,0,67.3,0.924,0.064,2,341.9,0,1,0,1,C1,C1
D1_00000048,776.59,utilities,net_banking,20,6,1,PNB,2025-01-11 20:52:00,0,43.8,0.694,0.231,7,956.28,1,1,0,1,D1,D1
B2_00000196,1323.43,crypto,UPI,1,2,0,SBI,2025-12-23 01:26:00,1,44.9,0.116,0.801,1,210.78,1,1,0,1,B2,B2
A2_00000211,1998.2335887456074,unknown,net_banking,10,2,0,ICICI,2025-02-01 04:44:00,1,0.3,0.222,0.827,5,2482.28,1,1,1,1,A2,A2
B3_00000204,49450.75,unknown,UPI,8,2,0,Union Bank,2025-09-11 08:15:00,1,26.3,0.163,0.912,13,21.8,1,1,0,1,B3,B3
E1_00000243,3514.03,restaurant,net_banking,19,6,1,Kotak,2025-09-14 19:56:00,1,112.6,0.192,0.614,6,20.83,1,1,0,1,E1,E1
B3_00000251,18258.03,unknown,UPI,15,6,1,Kotak,2025-08-31 15:40:00,1,8.3,0.118,0.872,7,18.9,1,1,0,1,B3,B3
E2_00000177,16.08,electronics,UPI,16,5,1,Kotak,2025-03-02 16:00:00,1,138.7,0.198,0.544,2,62.19,0,1,0,1,E2,E2
E1_00000146,76.19,online_retail,UPI,19,2,0,HDFC,2025-05-04 19:35:00,1,137.2,0.388,0.549,0,63.67,0,1,0,1,E1,E1
C2_00000180,15449.13348660162,travel,UPI,10,5,1,ICICI,2025-11-30 10:08:00,0,3.9,0.98,0.016,0,306.97,0,1,0,1,C2,C2
E2_00000299,107.97,grocery,debit_card,22,3,0,Axis,2025-02-07 22:24:00,1,192.3,0.141,0.624,1,34.08,0,1,0,1,E2,E2
B1_00000242,3465.45,unknown,credit_card,19,4,0,Axis,2025-07-19 19:03:00,1,9.7,0.104,0.829,1,37.43,1,1,0,1,B1,B1
D1_00000002,290.59,fuel,UPI,18,0,0,Axis,2025-06-20 18:59:00,0,24.0,0.784,0.288,0,179.32,1,1,0,1,D1,D1
E2_00000234,203.7,fuel,UPI,17,5,1,SBI,2025-10-08 17:53:00,1,112.5,0.302,0.654,0,68.26,0,1,0,1,E2,E2
E2_00000334,63.59,pharmacy,debit_card,10,3,0,Kotak,2025-05-17 10:20:00,1,71.5,0.309,0.647,6,216.35,0,1,0,1,E2,E2
D2_00000103,2111.19,education,UPI,7,1,0,Airtel Payments Bank,2025-07-12 07:13:00,0,40.3,0.726,0.238,1,235.38,0,1,0,1,D2,D2
D1_00000114,83.29,pharmacy,credit_card,12,6,1,ICICI,2025-06-24 12:43:00,0,62.4,0.662,0.177,1,80.63,0,1,0,1,D1,D1
D2_00000297,2381.19,utilities,UPI,20,2,0,ICICI,2025-12-14 20:33:00,1,10.1,0.757,0.218,3,257.31,1,1,0,1,D2,D2
A1_00000189,99998.1453166973,online_retail,UPI,16,6,1,HDFC,2025-06-18 09:33:00,0,0.0,0.147,0.682,7,158.38,1,1,1,1,A1,A1
D1_00000011,4.32,clothing,wallet,10,2,0,SBI,2025-02-09 10:04:00,1,52.8,0.697,0.259,4,1048.99,1,1,0,1,D1,D1
A2_00000122,998.391915275033,unknown,credit_card,20,1,0,HDFC,2025-02-28 08:56:00,0,0.7,0.145,0.603,0,97.18,1,1,1,1,A2,A2
B3_00000041,27339.01,unknown,debit_card,8,3,0,PNB,2025-01-04 08:04:00,1,40.8,0.062,0.847,17,78.56,1,1,0,1,B3,B3
A3_00000318,49998.951309252,crypto,credit_card,20,6,1,ICICI,2025-10-26 00:24:00,0,0.2,0.297,0.743,1,100.41,1,1,0,1,A3,A3
A3_00000160,49999.2401538084,online_retail,UPI,11,6,1,Axis,2025-03-30 10:42:00,0,0.9,0.298,0.742,2,78.99,1,1,1,1,A3,A3
A1_00000101,49999.68758112474,crypto,debit_card,11,6,1,HDFC,2025-10-09 20:36:00,1,0.1,0.133,0.83,6,106.12,1,1,1,1,A1,A1
B3_00000014,18830.72,unknown,net_banking,23,5,1,Kotak,2025-08-13 23:02:00,1,68.5,0.058,0.948,6,285.47,1,1,0,1,B3,B3
B2_00000031,4693.26,crypto,UPI,10,0,0,Axis,2025-05-11 10:43:00,1,70.1,0.011,0.982,2,498.82,1,1,0,1,B2,B2
B3_00000224,17400.54,unknown,UPI,15,5,1,Airtel Payments Bank,2025-09-10 15:03:00,1,33.2,0.195,0.898,8,75.65,1,1,0,1,B3,B3
C2_00000230,15449.13348660162,fuel,UPI,5,1,0,Axis,2025-05-19 05:31:00,0,26.7,0.91,0.102,0,487.34,1,1,0,1,C2,C2
A1_00000094,19998.000601380212,crypto,UPI,9,1,0,Airtel Payments Bank,2025-10-26 19:38:00,0,1.0,0.198,0.704,2,358.6,1,1,0,1,A1,A1
B2_00000202,1480.67,unknown,debit_card,16,5,1,BOI,2025-08-30 16:58:00,1,71.1,0.138,0.905,1,114.89,1,1,0,1,B2,B2
B3_00000030,32314.28,unknown,debit_card,13,1,0,BOI,2025-04-21 13:30:00,1,28.9,0.185,0.889,9,229.18,1,1,0,1,B3,B3
A3_00000222,1998.5506814165506,online_retail,wallet,14,3,0,HDFC,2025-04-12 07:24:00,0,0.9,0.195,0.929,5,93.94,1,1,1,1,A3,A3
E2_00000338,679.37,entertainment,UPI,12,1,0,Paytm Payments Bank,2025-08-18 12:17:00,1,119.2,0.269,0.542,6,108.11,0,1,0,1,E2,E2
C2_00000332,15449.13348660162,grocery,debit_card,2,4,0,SBI,2025-10-13 02:10:00,0,45.9,0.939,0.098,1,1007.3,1,1,0,1,C2,C2
B2_00000252,4846.35,unknown,UPI,11,3,0,BOI,2025-02-03 11:53:00,1,9.4,0.138,0.98,0,16.81,1,1,0,1,B2,B2
C1_00000136,147.40139382475718,restaurant,wallet,17,4,0,Union Bank,2025-01-10 17:12:00,1,40.3,0.889,0.115,0,33.64,0,1,0,1,C1,C1
C2_00000335,15449.13348660162,travel,UPI,11,0,0,Airtel Payments Bank,2025-05-01 11:20:00,0,36.0,0.907,0.109,0,317.17,1,1,0,1,C2,C2
D1_00000009,213.11,grocery,net_banking,20,4,0,Axis,2025-04-01 20:51:00,0,65.6,0.617,0.329,5,174.96,0,1,0,1,D1,D1
C1_00000287,147.40139382475718,grocery,debit_card,16,5,1,HDFC,2025-08-05 16:35:00,0,50.4,0.884,0.115,1,30.96,0,1,0,1,C1,C1
B3_00000054,5764.79,unknown,debit_card,20,1,0,Union Bank,2025-02-10 20:25:00,1,56.6,0.135,0.932,13,2560.85,1,1,0,1,B3,B3
B3_00000266,16092.6,unknown,debit_card,18,5,1,ICICI,2025-02-28 18:14:00,1,59.7,0.007,0.988,10,485.95,1,1,0,1,B3,B3
B3_00000080,44025.13,unknown,net_banking,18,1,0,HDFC,2025-04-19 18:37:00,1,58.6,0.182,0.892,13,335.23,1,1,0,1,B3,B3
B1_00000335,2581.07,crypto,net_banking,22,4,0,Axis,2025-12-27 22:42:00,1,37.8,0.08,0.824,2,149.46,1,1,0,1,B1,B1
A1_00000010,19998.334105857564,online_retail,credit_card,11,6,1,SBI,2025-10-13 18:27:00,1,0.0,0.183,0.777,0,84.3,1,1,1,1,A1,A1
D1_00000077,1944.98,travel,UPI,14,4,0,Union Bank,2025-02-10 14:49:00,0,57.7,0.817,0.251,5,4230.54,1,1,0,1,D1,D1
B2_00000274,3636.12,crypto,credit_card,7,1,0,BOI,2025-09-23 07:46:00,1,25.5,0.026,0.837,2,138.41,1,1,0,1,B2,B2
B3_00000057,21310.37,unknown,debit_card,8,3,0,ICICI,2025-06-18 08:45:00,1,49.8,0.081,0.973,18,131.2,1,1,0,1,B3,B3
E2_00000104,134.62,grocery,credit_card,17,2,0,Axis,2025-03-17 17:48:00,1,180.1,0.109,0.457,5,150.93,0,1,0,1,E2,E2
C1_00000134,147.40139382475718,pharmacy,net_banking,11,2,0,Axis,2025-04-30 11:00:00,0,10.1,0.856,0.071,0,291.07,1,1,0,1,C1,C1
C1_00000256,147.40139382475718,grocery,debit_card,10,1,0,ICICI,2025-12-29 10:16:00,0,8.7,0.921,0.018,1,217.86,1,1,0,1,C1,C1
B3_00000075,15068.89,unknown,debit_card,11,4,0,ICICI,2025-09-08 11:09:00,1,34.8,0.037,0.876,6,176.31,1,1,0,1,B3,B3
A3_00000052,19998.924739366656,crypto,UPI,20,1,0,Union Bank,2025-11-20 16:14:00,0,0.8,0.239,0.638,4,164.91,1,1,0,1,A3,A3
A1_00000079,1998.9710702775592,unknown,UPI,9,5,1,BOI,2025-01-07 14:05:00,1,0.8,0.236,0.877,2,81.58,1,1,1,1,A1,A1
D2_00000257,1006.56,restaurant,UPI,8,6,1,BOI,2025-02-07 08:21:00,0,30.9,0.683,0.229,2,42.69,1,1,0,1,D2,D2
A3_00000202,9999.106192674655,unknown,net_banking,11,4,0,PNB,2025-08-12 03:06:00,0,0.1,0.119,0.759,2,78.63,1,1,1,1,A3,A3
C2_00000328,15449.13348660162,restaurant,debit_card,8,1,0,Kotak,2025-12-27 08:18:00,0,1.5,0.957,0.025,0,22.3,0,1,0,1,C2,C2
C2_00000073,15449.13348660162,electronics,UPI,8,2,0,Airtel Payments Bank,2025-04-23 08:06:00,0,4.6,0.853,0.068,0,43.85,0,1,0,1,C2,C2
B1_00000234,2597.91,unknown,UPI,19,3,0,PNB,2025-12-27 19:30:00,1,11.6,0.047,0.821,2,299.41,1,1,0,1,B1,B1
C1_00000196,147.40139382475718,travel,UPI,21,4,0,Union Bank,2025-10-12 21:43:00,0,55.6,0.851,0.098,1,195.41,0,1,0,1,C1,C1
B2_00000302,1262.25,unknown,debit_card,8,3,0,Paytm Payments Bank,2025-04-28 08:27:00,1,65.7,0.137,0.893,1,381.79,1,1,0,1,B2,B2
A2_00000131,999.2734734140708,crypto,credit_card,10,5,1,Paytm Payments Bank,2025-01-22 17:57:00,0,0.3,0.272,0.679,2,168.29,1,1,0,1,A2,A2
D1_00000305,50.29,clothing,debit_card,7,0,0,Union Bank,2025-04-05 07:33:00,1,63.0,0.687,0.337,6,91.41,0,1,0,1,D1,D1
A2_00000145,9998.884785580387,crypto,UPI,20,5,1,HDFC,2025-12-08 10:27:00,0,0.8,0.27,0.856,0,241.39,1,1,1,1,A2,A2
A1_00000291,99998.38317839225,unknown,credit_card,21,2,0,Union Bank,2025-03-07 07:40:00,0,0.2,0.17,0.654,3,1838.07,1,1,0,1,A1,A1
C1_00000326,147.40139382475718,entertainment,UPI,12,3,0,Airtel Payments Bank,2025-09-18 12:38:00,1,36.9,0.855,0.011,2,59.66,1,1,1,1,C1,C1
C2_00000338,15449.13348660162,fuel,debit_card,11,1,0,ICICI,2025-07-28 11:19:00,0,67.4,0.863,0.069,2,198.17,0,1,0,1,C2,C2
B2_00000041,1538.77,unknown,UPI,19,2,0,ICICI,2025-09-26 19:42:00,1,8.6,0.042,0.788,1,58.1,1,1,0,1,B2,B2
B1_00000252,1078.53,unknown,UPI,13,6,1,ICICI,2025-03-17 13:39:00,1,64.3,0.013,0.752,0,54.45,1,1,0,1,B1,B1
D1_00000235,383.2,travel,credit_card,1,0,0,ICICI,2025-10-07 01:40:00,0,17.8,0.774,0.22,0,415.16,0,1,0,1,D1,D1
C2_00000145,15449.13348660162,pharmacy,debit_card,14,1,0,Kotak,2025-10-03 14:11:00,0,54.4,0.895,0.042,1,39.81,0,1,0,1,C2,C2
B3_00000037,45206.76,unknown,UPI,11,1,0,PNB,2025-06-30 11:23:00,1,24.1,0.19,0.832,5,66.92,1,1,0,1,B3,B3
B3_00000063,9389.72,unknown,UPI,16,6,1,SBI,2025-04-18 16:47:00,1,67.1,0.19,0.839,18,87.64,1,1,0,1,B3,B3
E2_00000117,2298.63,travel,credit_card,16,2,0,PNB,2025-01-06 16:40:00,1,113.9,0.347,0.471,0,54.5,1,1,0,1,E2,E2
E2_00000048,742.05,education,net_banking,22,5,1,Axis,2025-07-01 22:31:00,1,141.9,0.323,0.557,2,233.46,0,1,0,1,E2,E2
A3_00000067,49999.259292557515,online_retail,UPI,14,0,0,Axis,2025-09-12 01:54:00,0,0.1,0.199,0.84,2,68.34,1,1,1,1,A3,A3
C1_00000000,147.40139382475718,healthcare,credit_card,14,1,0,Union Bank,2025-12-10 14:23:00,0,7.8,0.884,0.017,1,552.31,1,1,0,1,C1,C1
A1_00000275,19999.42324115776,unknown,UPI,20,2,0,Airtel Payments Bank,2025-05-20 16:47:00,0,0.4,0.249,0.796,4,1074.31,1,1,1,1,A1,A1
B3_00000144,10838.1,unknown,credit_card,18,5,1,BOI,2025-03-05 18:27:00,1,7.3,0.143,0.911,15,55.75,1,1,0,1,B3,B3
C2_00000112,15449.13348660162,travel,credit_card,11,0,0,Paytm Payments Bank,2025-05-04 11:43:00,0,7.0,0.898,0.007,2,77.09,1,1,0,1,C2,C2
D1_00000348,1145.11,restaurant,credit_card,20,4,0,Union Bank,2025-11-03 20:25:00,0,27.9,0.698,0.2,2,67.72,1,1,0,1,D1,D1
D1_00000065,86.91,travel,debit_card,11,6,1,HDFC,2025-05-07 11:05:00,0,33.4,0.741,0.283,0,48.91,0,1,0,1,D1,D1
A3_00000312,998.1396531650611,online_retail,credit_card,16,0,0,Paytm Payments Bank,2025-03-02 05:57:00,0,0.6,0.244,0.669,7,85.21,1,1,1,1,A3,A3
A2_00000103,998.8986304833389,crypto,UPI,20,2,0,Airtel Payments Bank,2025-07-27 15:38:00,0,0.8,0.128,0.938,1,4321.37,1,1,1,1,A2,A2
A3_00000221,9999.240188781034,crypto,credit_card,15,4,0,PNB,2025-07-02 12:55:00,0,0.6,0.28,0.823,1,41.66,1,1,1,1,A3,A3
E2_00000008,17.97,restaurant,UPI,10,0,0,Axis,2025-05-08 10:51:00,1,68.7,0.184,0.73,5,108.69,0,1,0,1,E2,E2
D2_00000151,1436.49,travel,credit_card,5,0,0,HDFC,2025-01-31 05:44:00,0,10.9,0.843,0.196,4,163.35,1,1,0,1,D2,D2
A3_00000223,99999.83691180003,unknown,net_banking,10,5,1,Kotak,2025-11-10 14:33:00,1,0.7,0.126,0.942,0,35.6,1,1,1,1,A3,A3
B3_00000186,23127.31,unknown,credit_card,7,0,0,Axis,2025-06-10 07:27:00,1,6.9,0.178,0.858,13,332.51,1,1,0,1,B3,B3
B2_00000142,3454.71,unknown,UPI,22,6,1,Union Bank,2025-10-27 22:15:00,1,64.2,0.024,0.748,0,79.28,1,1,0,1,B2,B2
A1_00000243,4999.262983034523,unknown,UPI,20,2,0,Kotak,2025-09-29 14:18:00,0,1.0,0.145,0.92,1,428.22,1,1,1,1,A1,A1
E1_00000115,80.14,clothing,UPI,17,5,1,Paytm Payments Bank,2025-03-07 17:17:00,1,131.2,0.312,0.619,4,26.12,0,1,0,1,E1,E1
C1_00000085,147.40139382475718,healthcare,UPI,21,6,1,Airtel Payments Bank,2025-11-15 21:01:00,0,23.1,0.968,0.064,1,30.83,0,1,0,1,C1,C1
B3_00000012,14813.65,unknown,debit_card,3,6,1,Kotak,2025-02-21 03:58:00,1,29.3,0.155,0.837,6,96.23,1,1,0,1,B3,B3
C1_00000103,147.40139382475718,fuel,UPI,21,0,0,SBI,2025-12-11 21:16:00,0,47.8,0.935,0.104,0,170.48,1,1,0,1,C1,C1
D1_00000254,141.76,travel,UPI,16,1,0,PNB,2025-04-05 16:34:00,1,70.1,0.778,0.313,5,81.24,1,1,0,1,D1,D1
D2_00000055,24.81,grocery,UPI,17,3,0,HDFC,2025-09-26 17:39:00,0,5.8,0.638,0.234,5,166.37,0,1,0,1,D2,D2
A3_00000159,4999.701251334158,online_retail,debit_card,21,4,0,ICICI,2025-11-13 09:14:00,0,0.8,0.197,0.929,1,19.43,1,1,1,1,A3,A3
A1_00000252,999.5209731973305,crypto,debit_card,15,1,0,ICICI,2025-03-13 11:23:00,0,0.6,0.284,0.671,0,80.34,1,1,0,1,A1,A1
B3_00000022,35497.6,unknown,UPI,19,5,1,PNB,2025-08-02 19:36:00,1,67.1,0.141,0.904,13,94.85,1,1,0,1,B3,B3
E1_00000033,236.55,online_retail,credit_card,16,1,0,Paytm Payments Bank,2025-08-11 16:04:00,1,70.6,0.227,0.748,5,22.08,0,1,1,1,E1,E1
C2_00000316,15449.13348660162,online_retail,UPI,9,2,0,HDFC,2025-01-31 09:30:00,0,57.9,0.953,0.028,1,1.03,0,0,0,1,C2,C2
B1_00000178,3371.73,unknown,net_banking,21,3,0,BOI,2025-05-21 21:25:00,1,10.0,0.067,0.863,1,100.57,1,1,0,1,B1,B1
B3_00000260,12385.41,unknown,UPI,10,1,0,BOI,2025-06-06 10:28:00,1,66.8,0.104,0.948,16,321.3,1,1,0,1,B3,B3
B1_00000055,2125.23,unknown,UPI,17,4,0,Kotak,2025-05-03 17:14:00,1,60.4,0.041,0.78,0,177.51,1,1,0,1,B1,B1
B1_00000195,3060.39,unknown,UPI,11,5,1,Paytm Payments Bank,2025-10-18 11:35:00,1,70.7,0.031,0.935,1,1572.29,1,1,0,1,B1,B1
C2_00000094,15449.13348660162,pharmacy,UPI,23,3,0,BOI,2025-12-17 23:58:00,0,14.2,0.994,0.044,1,7.24,1,1,0,1,C2,C2
B2_00000034,3795.2,crypto,UPI,11,2,0,BOI,2025-11-13 11:30:00,1,71.6,0.134,0.703,0,53.47,1,1,0,1,B2,B2
C1_00000150,147.40139382475718,grocery,net_banking,17,5,1,SBI,2025-03-18 17:20:00,0,35.0,0.983,0.058,1,79.92,1,1,0,1,C1,C1
E2_00000113,2035.39,education,net_banking,15,1,0,Kotak,2025-08-03 15:35:00,1,180.3,0.288,0.486,5,938.52,0,1,0,1,E2,E2
E1_00000273,2133.31,electronics,UPI,10,6,1,Axis,2025-08-03 10:38:00,1,144.3,0.349,0.451,4,574.57,0,1,0,1,E1,E1
D2_00000213,138.45,healthcare,UPI,18,1,0,Union Bank,2025-12-11 18:23:00,0,36.4,0.69,0.283,3,540.58,0,1,0,1,D2,D2
D1_00000183,3351.62,restaurant,credit_card,16,0,0,Union Bank,2025-07-03 16:30:00,0,4.9,0.793,0.33,6,219.84,0,1,0,1,D1,D1
E1_00000316,13367.13,grocery,wallet,15,4,0,Paytm Payments Bank,2025-10-22 15:04:00,1,192.7,0.193,0.674,4,6399.19,0,1,0,1,E1,E1
D1_00000317,125.01,pharmacy,net_banking,20,5,1,Kotak,2025-04-10 20:45:00,0,10.5,0.792,0.261,6,257.74,1,1,0,1,D1,D1
D1_00000307,3583.62,electronics,UPI,16,1,0,Axis,2025-05-03 16:57:00,0,14.6,0.652,0.301,7,4314.09,0,1,0,1,D1,D1
E2_00000241,361.88,entertainment,debit_card,11,3,0,Union Bank,2025-12-15 11:17:00,1,157.0,0.286,0.54,3,83.95,0,1,0,1,E2,E2
C2_00000159,15449.13348660162,online_retail,debit_card,0,4,0,Union Bank,2025-09-18 00:31:00,0,52.1,0.853,0.009,1,356.32,0,1,0,1,C2,C2
C2_00000166,15449.13348660162,fuel,UPI,17,2,0,HDFC,2025-07-05 17:28:00,1,13.9,0.945,0.041,2,231.1,1,1,0,1,C2,C2
C2_00000341,15449.13348660162,entertainment,debit_card,19,2,0,Paytm Payments Bank,2025-08-10 19:58:00,0,34.0,0.932,0.025,0,295.48,1,1,0,1,C2,C2
E1_00000145,10.0,grocery,credit_card,7,6,1,PNB,2025-07-16 07:21:00,1,142.6,0.382,0.594,4,1623.52,0,1,1,1,E1,E1
E2_00000293,64.61,grocery,UPI,19,1,0,SBI,2025-09-22 19:29:00,1,131.6,0.305,0.708,5,76.55,0,1,0,1,E2,E2
C2_00000017,15449.13348660162,fuel,UPI,12,6,1,Paytm Payments Bank,2025-07-09 12:51:00,0,8.9,0.963,0.017,2,905.81,1,1,0,1,C2,C2
C1_00000125,147.40139382475718,fuel,debit_card,14,2,0,Union Bank,2025-11-06 14:54:00,1,18.3,0.948,0.056,0,342.21,1,1,0,1,C1,C1
E2_00000285,144.07,entertainment,UPI,13,1,0,HDFC,2025-12-01 13:44:00,1,115.8,0.124,0.503,1,780.47,0,0,0,1,E2,E2
C2_00000274,15449.13348660162,travel,UPI,14,2,0,BOI,2025-06-29 14:47:00,0,25.4,0.936,0.044,0,130.99,1,1,0,1,C2,C2
E2_00000197,1098.33,electronics,debit_card,15,0,0,Airtel Payments Bank,2025-08-29 15:11:00,1,114.2,0.164,0.576,6,104.75,0,1,0,1,E2,E2
A3_00000004,1999.738108463089,unknown,UPI,14,0,0,Axis,2025-10-06 18:49:00,0,0.3,0.229,0.721,4,458.54,1,1,1,1,A3,A3
E2_00000014,330.02,fuel,UPI,8,6,1,Airtel Payments Bank,2025-09-23 08:58:00,1,92.6,0.299,0.673,1,930.67,0,1,0,1,E2,E2
A1_00000105,99999.0073539584,unknown,net_banking,14,6,1,Kotak,2025-09-29 19:03:00,0,0.0,0.206,0.801,0,297.18,1,1,1,1,A1,A1
D2_00000006,66.5,fuel,UPI,8,4,0,BOI,2025-09-12 08:52:00,0,29.8,0.834,0.307,3,554.97,0,1,0,1,D2,D2
E1_00000310,116.91,utilities,debit_card,9,0,0,ICICI,2025-06-12 09:23:00,1,61.4,0.329,0.516,3,26.79,0,1,0,1,E1,E1
E2_00000006,60.53,restaurant,UPI,21,0,0,Airtel Payments Bank,2025-01-23 21:28:00,1,92.8,0.128,0.65,6,406.31,0,1,0,1,E2,E2
A3_00000073,4998.659664592976,unknown,debit_card,16,0,0,Airtel Payments Bank,2025-12-19 18:03:00,0,0.2,0.27,0.888,7,51.23,1,1,0,1,A3,A3
B1_00000045,821.0,crypto,debit_card,8,0,0,PNB,2025-06-01 08:00:00,1,12.3,0.137,0.799,0,48.12,1,1,0,1,B1,B1
A2_00000056,99999.24769165558,crypto,UPI,21,6,1,SBI,2025-09-16 13:15:00,0,0.9,0.128,0.945,3,150.27,1,1,1,1,A2,A2
D2_00000140,813.97,electronics,debit_card,6,2,0,PNB,2025-06-13 06:10:00,0,48.6,0.667,0.234,2,9.78,1,1,0,1,D2,D2
C2_00000048,15449.13348660162,utilities,UPI,11,2,0,BOI,2025-02-21 11:44:00,0,21.0,0.899,0.057,1,78.01,0,1,0,1,C2,C2
B1_00000033,1127.85,unknown,credit_card,18,6,1,PNB,2025-11-17 18:15:00,1,11.5,0.07,0.99,0,130.26,1,1,0,1,B1,B1
D1_00000324,314.17,grocery,UPI,17,4,0,Axis,2025-05-28 17:45:00,0,71.2,0.829,0.343,2,12.78,1,1,0,1,D1,D1
D1_00000276,825.29,grocery,UPI,22,1,0,BOI,2025-05-07 22:42:00,0,57.5,0.746,0.254,1,348.92,1,1,0,1,D1,D1
D2_00000340,184.86,education,debit_card,6,0,0,HDFC,2025-10-31 06:36:00,1,19.8,0.72,0.342,1,1239.4,0,1,0,1,D2,D2
D2_00000179,55.88,grocery,credit_card,9,5,1,Union Bank,2025-07-19 09:26:00,0,64.6,0.817,0.16,4,394.68,0,1,0,1,D2,D2
B1_00000207,2968.8,crypto,credit_card,14,5,1,HDFC,2025-09-07 14:25:00,1,6.4,0.053,0.88,0,38.47,1,1,0,1,B1,B1
B1_00000039,1051.34,crypto,wallet,22,0,0,HDFC,2025-09-06 22:29:00,1,3.2,0.026,0.834,0,48.15,1,1,0,1,B1,B1
A1_00000238,9999.149113298177,crypto,UPI,10,2,0,SBI,2025-12-26 09:32:00,0,0.7,0.124,0.686,5,4.43,1,1,0,1,A1,A1
B2_00000054,1333.3,unknown,UPI,10,6,1,PNB,2025-05-25 10:30:00,1,27.4,0.062,0.905,0,1154.92,1,1,0,1,B2,B2
D2_00000187,233.93,grocery,UPI,15,2,0,Airtel Payments Bank,2025-04-20 15:55:00,0,61.3,0.624,0.159,4,426.41,0,1,0,1,D2,D2
A2_00000127,499.6051304001733,crypto,UPI,14,4,0,SBI,2025-04-09 09:08:00,0,0.8,0.208,0.79,2,352.54,1,1,1,1,A2,A2
B3_00000062,16399.94,unknown,UPI,5,0,0,BOI,2025-06-27 05:57:00,1,25.6,0.003,0.865,7,201.08,1,1,0,1,B3,B3
D1_00000079,124.16,fuel,debit_card,8,3,0,BOI,2025-05-18 08:23:00,1,11.8,0.656,0.251,4,530.11,0,1,0,1,D1,D1
C1_00000075,147.40139382475718,clothing,UPI,10,0,0,BOI,2025-01-07 10:53:00,0,54.4,0.953,0.118,2,17.63,0,1,0,1,C1,C1
A2_00000105,9999.22544810263,unknown,net_banking,20,0,0,Airtel Payments Bank,2025-12-11 09:27:00,1,0.9,0.163,0.929,6,68.55,1,1,0,1,A2,A2
A3_00000057,19998.671663877805,unknown,UPI,11,5,1,BOI,2025-04-19 21:54:00,0,0.8,0.227,0.701,5,1305.75,1,1,1,1,A3,A3
B2_00000127,3494.73,crypto,credit_card,18,1,0,Airtel Payments Bank,2025-03-06 18:03:00,1,66.2,0.082,0.764,2,500.01,1,1,0,1,B2,B2
B1_00000244,4329.87,unknown,UPI,14,0,0,PNB,2025-10-01 14:20:00,1,26.5,0.148,0.841,2,59.18,1,1,0,1,B1,B1
A2_00000063,499.3651577210193,crypto,net_banking,11,3,0,BOI,2025-05-31 10:13:00,0,0.6,0.21,0.792,3,190.61,1,1,1,1,A2,A2
D2_00000329,211.2,clothing,debit_card,9,0,0,PNB,2025-01-04 09:31:00,0,32.4,0.841,0.27,3,27.17,0,1,0,1,D2,D2
B2_00000170,3711.39,crypto,debit_card,21,4,0,HDFC,2025-01-08 21:44:00,1,37.1,0.09,0.94,2,18.91,1,1,0,1,B2,B2
B2_00000238,548.64,unknown,UPI,10,4,0,Kotak,2025-03-20 10:57:00,1,51.9,0.077,0.71,0,518.39,1,1,0,1,B2,B2
D2_00000280,185.44,entertainment,UPI,17,3,0,BOI,2025-04-20 17:33:00,0,63.3,0.764,0.216,4,470.63,1,1,0,1,D2,D2
D1_00000107,1881.76,pharmacy,UPI,7,3,0,BOI,2025-10-16 07:58:00,0,8.5,0.707,0.183,3,153.89,0,1,0,1,D1,D1
E1_00000189,227.33,pharmacy,debit_card,8,3,0,Airtel Payments Bank,2025-05-21 08:25:00,1,150.5,0.182,0.704,6,156.66,0,1,0,1,E1,E1
D2_00000310,122.69,healthcare,debit_card,18,0,0,ICICI,2025-07-04 18:56:00,0,42.1,0.826,0.244,4,49.03,0,1,0,1,D2,D2
C2_00000315,15449.13348660162,restaurant,debit_card,18,4,0,Union Bank,2025-11-16 18:58:00,0,25.8,0.876,0.034,1,3.45,1,1,0,1,C2,C2
B3_00000084,19962.39,unknown,UPI,10,5,1,PNB,2025-10-21 10:30:00,1,67.2,0.098,0.815,13,1070.89,1,1,1,1,B3,B3
A1_00000280,500.126824947348,online_retail,credit_card,14,4,0,ICICI,2025-07-31 11:05:00,0,0.2,0.203,0.764,4,3914.62,1,1,1,1,A1,A1
D1_00000349,50.39,utilities,debit_card,16,2,0,ICICI,2025-02-23 16:46:00,0,13.6,0.637,0.273,4,1.25,1,1,0,1,D1,D1
A1_00000178,999.3924302122069,crypto,UPI,15,2,0,ICICI,2025-10-03 08:55:00,0,0.3,0.265,0.743,0,20.63,1,1,1,1,A1,A1
B1_00000212,2760.13,unknown,UPI,11,4,0,Airtel Payments Bank,2025-07-07 11:28:00,1,33.7,0.101,0.847,1,65.15,1,1,0,1,B1,B1
C1_00000068,147.40139382475718,grocery,UPI,10,0,0,Union Bank,2025-11-05 10:51:00,0,69.2,0.964,0.109,0,104.56,0,1,0,1,C1,C1
C2_00000155,15449.13348660162,grocery,UPI,16,2,0,PNB,2025-01-20 16:02:00,0,18.0,0.857,0.015,0,4.23,1,1,0,1,C2,C2
B2_00000254,2003.5,crypto,net_banking,16,1,0,Axis,2025-11-18 16:23:00,1,6.9,0.045,0.815,1,43.51,1,1,0,1,B2,B2
D2_00000237,202.86,grocery,credit_card,16,3,0,Airtel Payments Bank,2025-02-16 16:56:00,0,42.7,0.636,0.209,4,61.99,1,1,0,1,D2,D2
C1_00000266,147.40139382475718,grocery,UPI,19,4,0,Union Bank,2025-03-05 19:11:00,0,54.7,0.963,0.047,0,2504.86,1,1,0,1,C1,C1
C1_00000346,147.40139382475718,pharmacy,wallet,12,0,0,Airtel Payments Bank,2025-03-28 12:55:00,1,24.5,0.898,0.093,0,303.57,0,1,0,1,C1,C1
A3_00000243,1998.064360172053,unknown,debit_card,21,5,1,Paytm Payments Bank,2025-09-29 15:36:00,0,0.5,0.191,0.948,0,357.48,1,1,0,1,A3,A3
B1_00000066,2698.03,unknown,credit_card,18,6,1,BOI,2025-11-21 18:46:00,1,68.5,0.047,0.869,2,159.14,1,1,0,1,B1,B1
E2_00000321,360.81,online_retail,UPI,6,6,1,ICICI,2025-02-21 06:23:00,1,122.8,0.356,0.603,5,27.23,1,0,0,1,E2,E2
B1_00000002,2209.04,unknown,debit_card,11,0,0,Paytm Payments Bank,2025-05-24 11:27:00,1,47.2,0.075,0.79,1,547.12,1,1,0,1,B1,B1
B1_00000049,3607.73,unknown,UPI,10,2,0,PNB,2025-07-05 10:04:00,1,61.0,0.062,0.979,0,66.84,1,1,0,1,B1,B1
B3_00000279,28285.49,unknown,UPI,22,3,0,HDFC,2025-03-29 22:08:00,1,11.5,0.191,0.973,7,122.23,1,1,0,1,B3,B3
B2_00000256,4862.57,crypto,debit_card,14,4,0,Airtel Payments Bank,2025-04-14 14:19:00,1,21.1,0.078,0.781,2,170.99,1,1,0,1,B2,B2
C1_00000015,147.40139382475718,restaurant,debit_card,7,0,0,BOI,2025-09-18 07:42:00,0,29.8,0.88,0.072,2,129.65,1,1,0,1,C1,C1
A3_00000102,4999.314137097738,online_retail,UPI,9,5,1,ICICI,2025-09-01 13:40:00,0,0.7,0.152,0.809,2,54.76,1,1,1,1,A3,A3
E2_00000269,938.04,entertainment,debit_card,12,4,0,Paytm Payments Bank,2025-03-20 12:56:00,1,142.1,0.173,0.608,5,179.7,0,1,0,1,E2,E2
C2_00000262,15449.13348660162,entertainment,wallet,20,1,0,HDFC,2025-07-23 20:34:00,1,61.6,0.877,0.009,2,50.27,1,1,0,1,C2,C2
D2_00000304,310.57,pharmacy,credit_card,20,4,0,ICICI,2025-09-30 20:28:00,0,66.6,0.835,0.339,3,107.38,1,1,0,1,D2,D2
D2_00000177,783.3,clothing,UPI,12,0,0,Axis,2025-07-04 12:40:00,1,31.9,0.676,0.266,4,341.1,1,1,0,1,D2,D2
A3_00000197,49999.387776019794,crypto,credit_card,20,1,0,Axis,2025-02-16 20:14:00,0,0.7,0.221,0.944,0,17.23,1,1,0,1,A3,A3
A3_00000024,9998.774852020828,online_retail,UPI,9,1,0,Kotak,2025-04-01 12:25:00,0,0.4,0.22,0.785,5,102.6,1,1,1,1,A3,A3
C2_00000143,15449.13348660162,pharmacy,UPI,15,1,0,HDFC,2025-04-21 15:56:00,0,11.8,0.859,0.038,0,2001.05,0,1,0,1,C2,C2
B2_00000030,3197.32,crypto,UPI,14,2,0,SBI,2025-05-31 14:51:00,1,46.2,0.143,0.712,2,411.83,1,1,0,1,B2,B2
E1_00000064,235.36,restaurant,debit_card,3,2,0,PNB,2025-10-18 03:02:00,1,76.8,0.366,0.458,5,215.32,0,1,0,1,E1,E1
B3_00000312,18497.65,unknown,net_banking,20,4,0,HDFC,2025-07-05 20:51:00,1,15.4,0.062,0.922,18,180.77,1,1,0,1,B3,B3
E2_00000095,43.0,healthcare,net_banking,8,0,0,ICICI,2025-09-11 08:35:00,1,70.8,0.15,0.766,3,1060.58,0,1,0,1,E2,E2
A2_00000193,49999.74280258529,online_retail,credit_card,14,2,0,SBI,2025-09-10 13:35:00,0,0.3,0.267,0.732,0,285.14,1,1,1,1,A2,A2
A2_00000218,19998.470867037926,crypto,UPI,15,4,0,Paytm Payments Bank,2025-05-24 09:35:00,0,0.3,0.183,0.939,1,38.63,1,1,0,1,A2,A2
D1_00000231,30.07,electronics,UPI,10,2,0,Paytm Payments Bank,2025-05-05 10:00:00,0,53.9,0.66,0.332,4,366.36,0,1,0,1,D1,D1
C2_00000147,15449.13348660162,grocery,UPI,13,6,1,SBI,2025-01-14 13:24:00,0,15.6,0.883,0.069,0,489.38,1,1,1,1,C2,C2
B1_00000054,2227.49,unknown,UPI,18,6,1,Axis,2025-07-11 18:21:00,1,18.6,0.097,0.758,0,47.08,1,1,0,1,B1,B1
D2_00000330,552.32,restaurant,debit_card,13,2,0,HDFC,2025-09-08 13:04:00,0,1.8,0.797,0.187,3,3014.54,1,1,0,1,D2,D2
A3_00000247,4998.311133878634,unknown,wallet,14,0,0,Union Bank,2025-09-11 13:47:00,0,0.6,0.111,0.823,4,228.6,1,1,1,1,A3,A3
B3_00000230,29477.61,unknown,UPI,20,3,0,Union Bank,2025-05-22 20:35:00,1,31.7,0.111,0.927,13,40.6,1,1,0,1,B3,B3
C2_00000023,15449.13348660162,restaurant,debit_card,10,4,0,BOI,2025-07-03 10:24:00,0,42.4,0.916,0.084,0,550.71,1,1,0,1,C2,C2
B2_00000077,1121.62,unknown,credit_card,1,4,0,HDFC,2025-06-25 01:20:00,1,12.2,0.087,0.895,1,949.76,1,1,0,1,B2,B2
A3_00000018,19998.69782508718,online_retail,wallet,11,5,1,Kotak,2025-11-28 10:05:00,0,0.7,0.179,0.719,7,213.54,1,1,1,1,A3,A3
B3_00000145,30607.99,unknown,credit_card,9,5,1,Union Bank,2025-01-17 09:36:00,1,1.7,0.083,0.956,19,435.34,1,1,0,1,B3,B3
D1_00000287,11324.4,fuel,debit_card,8,0,0,Airtel Payments Bank,2025-03-05 08:47:00,0,6.3,0.785,0.196,1,314.4,1,1,0,1,D1,D1
E1_00000245,3954.4,restaurant,debit_card,13,6,1,PNB,2025-02-23 13:28:00,1,55.0,0.159,0.741,0,118.52,0,1,0,1,E1,E1
B1_00000114,3093.36,crypto,wallet,14,4,0,PNB,2025-08-20 14:00:00,1,16.9,0.042,0.827,2,298.6,1,1,0,1,B1,B1
D1_00000193,73.49,clothing,UPI,18,0,0,SBI,2025-03-27 18:29:00,0,21.7,0.773,0.255,7,144.63,1,1,0,1,D1,D1
C2_00000213,15449.13348660162,grocery,debit_card,11,2,0,Kotak,2025-10-02 11:13:00,1,33.2,0.932,0.018,0,134.75,0,1,0,1,C2,C2
A2_00000281,9998.77735814175,crypto,debit_card,10,4,0,Kotak,2025-10-05 09:12:00,0,0.7,0.281,0.695,6,66.17,1,1,0,1,A2,A2
C2_00000231,15449.13348660162,grocery,UPI,13,5,1,Kotak,2025-05-17 13:54:00,0,57.8,0.891,0.044,1,110.38,1,1,0,1,C2,C2
C1_00000184,147.40139382475718,online_retail,UPI,8,0,0,Union Bank,2025-09-07 08:58:00,0,30.0,0.877,0.033,0,55.64,1,1,0,1,C1,C1
B2_00000163,1375.49,unknown,net_banking,13,2,0,SBI,2025-12-25 13:49:00,1,47.4,0.062,0.796,0,8.04,1,1,0,1,B2,B2
B3_00000340,20713.59,unknown,debit_card,20,3,0,Paytm Payments Bank,2025-02-04 20:26:00,1,62.8,0.068,0.93,8,20.97,1,1,0,1,B3,B3
E2_00000120,78.54,utilities,credit_card,19,6,1,PNB,2025-09-07 19:35:00,1,194.3,0.107,0.7,1,140.18,0,1,0,1,E2,E2
B2_00000275,1104.94,unknown,UPI,17,4,0,Union Bank,2025-02-12 17:54:00,1,57.6,0.128,0.861,2,39.77,1,1,0,1,B2,B2
C2_00000141,15449.13348660162,education,UPI,1,2,0,Kotak,2025-06-04 01:41:00,0,71.7,0.887,0.113,0,13.8,1,1,0,1,C2,C2
E2_00000022,174.02,education,UPI,20,1,0,SBI,2025-11-28 20:41:00,1,109.2,0.266,0.68,3,151.84,0,1,0,1,E2,E2
E1_00000124,41.63,entertainment,UPI,20,6,1,Axis,2025-10-18 20:20:00,1,103.2,0.187,0.646,3,8.09,0,1,0,1,E1,E1
E1_00000297,315.35,entertainment,net_banking,22,5,1,Union Bank,2025-02-08 22:08:00,1,126.9,0.235,0.683,1,26.37,0,1,0,1,E1,E1
D1_00000145,331.14,online_retail,credit_card,7,4,0,Paytm Payments Bank,2025-09-11 07:57:00,0,21.8,0.829,0.334,6,58.01,0,1,0,1,D1,D1
E2_00000106,14.21,grocery,debit_card,5,2,0,Kotak,2025-09-28 05:22:00,1,163.6,0.215,0.566,2,57.36,0,1,0,1,E2,E2
A3_00000144,19999.128605404545,crypto,UPI,21,6,1,SBI,2025-12-22 19:35:00,0,0.1,0.169,0.94,1,625.3,1,1,1,1,A3,A3
B3_00000255,13198.04,unknown,UPI,6,0,0,PNB,2025-01-11 06:30:00,1,6.3,0.092,0.883,5,49.07,1,1,0,1,B3,B3
A2_00000101,9998.09114407229,unknown,debit_card,20,6,1,HDFC,2025-12-20 16:53:00,0,0.9,0.256,0.843,7,310.45,1,1,0,1,A2,A2
A1_00000326,4999.750456507404,unknown,debit_card,20,4,0,Airtel Payments Bank,2025-12-07 10:07:00,0,0.9,0.119,0.63,2,121.93,1,1,1,1,A1,A1
B1_00000028,4507.72,crypto,UPI,11,1,0,ICICI,2025-07-06 11:51:00,1,67.4,0.043,0.782,0,1024.73,1,1,0,1,B1,B1
B1_00000186,4371.87,unknown,debit_card,11,3,0,HDFC,2025-12-07 11:55:00,1,12.7,0.077,0.81,1,427.23,1,1,0,1,B1,B1
A3_00000133,1999.8040060646379,unknown,debit_card,20,6,1,HDFC,2025-12-18 12:30:00,0,0.0,0.233,0.948,0,900.32,1,1,0,1,A3,A3
B3_00000307,90074.14,unknown,UPI,8,2,0,PNB,2025-07-10 08:33:00,1,13.5,0.017,0.902,11,333.17,1,1,0,1,B3,B3
E1_00000082,432.72,clothing,debit_card,13,1,0,Union Bank,2025-12-11 13:01:00,1,190.2,0.122,0.592,6,550.09,0,1,0,1,E1,E1
C2_00000282,15449.13348660162,education,debit_card,20,4,0,ICICI,2025-08-17 20:22:00,0,1.8,0.962,0.087,0,739.54,1,0,0,1,C2,C2
C2_00000008,15449.13348660162,fuel,UPI,18,0,0,Axis,2025-01-10 18:25:00,0,65.5,0.924,0.043,0,804.65,0,1,0,1,C2,C2
C2_00000050,15449.13348660162,grocery,UPI,12,4,0,SBI,2025-10-31 12:25:00,0,27.9,0.945,0.069,2,13.06,0,1,0,1,C2,C2
C2_00000325,15449.13348660162,education,debit_card,7,4,0,Airtel Payments Bank,2025-08-01 07:07:00,0,11.2,0.991,0.095,1,26.91,1,1,0,1,C2,C2
C1_00000079,147.40139382475718,grocery,debit_card,5,5,1,ICICI,2025-02-13 05:48:00,0,34.4,0.99,0.096,1,409.9,0,1,0,1,C1,C1
C1_00000057,147.40139382475718,education,debit_card,19,6,1,Kotak,2025-08-08 19:47:00,1,32.9,0.974,0.12,1,80.44,1,1,0,1,C1,C1
C1_00000021,147.40139382475718,restaurant,UPI,11,0,0,Paytm Payments Bank,2025-08-08 11:13:00,0,58.3,0.879,0.069,0,253.8,1,1,0,1,C1,C1
A1_00000066,9999.926038280248,unknown,net_banking,15,6,1,PNB,2025-12-23 14:21:00,0,0.2,0.176,0.823,7,155.84,1,1,0,1,A1,A1
C1_00000194,147.40139382475718,healthcare,credit_card,14,2,0,BOI,2025-11-02 14:58:00,0,5.6,0.944,0.008,2,244.33,1,1,0,1,C1,C1
C2_00000194,15449.13348660162,education,UPI,1,5,1,Union Bank,2025-05-04 01:35:00,1,54.9,0.975,0.064,1,42.37,1,1,0,1,C2,C2
E2_00000330,10.0,restaurant,debit_card,18,0,0,ICICI,2025-07-08 18:08:00,1,115.2,0.223,0.613,3,71.59,0,1,0,1,E2,E2
A1_00000203,999.0396661486685,unknown,UPI,16,5,1,Paytm Payments Bank,2025-02-12 09:22:00,0,0.2,0.226,0.764,6,28.57,1,1,0,1,A1,A1
D2_00000301,65.66,restaurant,UPI,7,5,1,Kotak,2025-08-28 07:39:00,1,47.2,0.718,0.214,3,108.0,0,1,0,1,D2,D2
A2_00000087,49999.542585298936,unknown,debit_card,9,2,0,BOI,2025-07-09 12:41:00,0,0.7,0.177,0.912,6,370.66,1,1,1,1,A2,A2
A3_00000279,49998.915126790125,crypto,UPI,9,5,1,Kotak,2025-08-31 14:21:00,0,0.1,0.275,0.76,5,110.32,1,1,0,1,A3,A3
A2_00000033,99999.10430317352,unknown,debit_card,14,5,1,Union Bank,2025-07-24 14:46:00,0,0.9,0.283,0.832,3,77.96,1,1,0,1,A2,A2
B3_00000167,21614.68,unknown,UPI,10,5,1,Paytm Payments Bank,2025-04-15 10:04:00,1,49.3,0.14,0.832,5,29.19,1,1,0,1,B3,B3
B1_00000032,4704.53,unknown,UPI,17,2,0,ICICI,2025-04-09 17:49:00,1,44.3,0.091,0.952,1,246.03,1,1,0,1,B1,B1
E1_00000023,33.5,restaurant,credit_card,4,5,1,SBI,2025-08-20 04:57:00,1,116.0,0.182,0.705,6,206.27,0,1,0,1,E1,E1
E2_00000204,1429.34,grocery,UPI,19,0,0,Airtel Payments Bank,2025-03-06 19:41:00,1,99.6,0.385,0.71,0,51.94,0,1,0,1,E2,E2
A2_00000074,999.7496812738098,online_retail,debit_card,9,4,0,HDFC,2025-05-18 05:42:00,0,0.1,0.257,0.78,2,49.36,1,1,0,1,A2,A2
C2_00000156,15449.13348660162,online_retail,debit_card,12,4,0,SBI,2025-10-31 12:11:00,0,32.3,0.9,0.115,2,142.81,1,1,0,1,C2,C2
B3_00000264,17391.38,unknown,debit_card,20,0,0,Union Bank,2025-08-24 20:50:00,1,47.5,0.022,0.844,7,48.99,1,1,0,1,B3,B3
C1_00000233,147.40139382475718,fuel,UPI,14,0,0,ICICI,2025-04-02 14:57:00,0,48.4,0.879,0.01,1,30.99,1,1,0,1,C1,C1
E1_00000051,113.74,entertainment,credit_card,15,0,0,Kotak,2025-02-14 15:26:00,1,159.7,0.209,0.618,2,1009.54,0,1,0,1,E1,E1
B1_00000209,4973.46,crypto,credit_card,18,2,0,ICICI,2025-06-11 18:53:00,1,40.4,0.041,0.769,1,141.79,1,1,0,1,B1,B1
B2_00000332,3005.68,crypto,credit_card,9,2,0,Airtel Payments Bank,2025-01-14 09:12:00,1,8.7,0.127,0.876,2,788.73,1,1,0,1,B2,B2
E2_00000206,66.36,restaurant,net_banking,15,3,0,Paytm Payments Bank,2025-05-15 15:08:00,1,103.1,0.125,0.6,7,615.67,0,1,0,1,E2,E2
B1_00000318,4558.03,crypto,credit_card,17,1,0,Axis,2025-09-09 17:36:00,1,69.5,0.01,0.941,2,741.79,1,1,0,1,B1,B1
B1_00000089,1075.11,crypto,net_banking,19,1,0,Axis,2025-12-02 19:27:00,1,48.8,0.023,0.784,0,103.45,1,1,0,1,B1,B1
A3_00000347,99999.90207081796,unknown,UPI,9,4,0,BOI,2025-07-22 16:51:00,1,0.2,0.224,0.736,3,77.74,1,1,1,1,A3,A3
E2_00000305,644.58,restaurant,UPI,7,0,0,BOI,2025-02-11 07:16:00,1,113.2,0.343,0.737,7,7075.79,0,1,0,1,E2,E2
A1_00000205,49998.08123512375,crypto,UPI,11,4,0,ICICI,2025-12-16 06:29:00,1,0.0,0.171,0.759,5,94.04,1,1,1,1,A1,A1
D1_00000039,126.95,travel,UPI,6,2,0,PNB,2025-05-30 06:59:00,0,5.5,0.745,0.17,1,34.14,1,1,0,1,D1,D1
E2_00000174,800.51,grocery,UPI,19,3,0,Union Bank,2025-04-20 19:14:00,1,68.8,0.167,0.521,1,26.27,0,1,0,1,E2,E2
C2_00000238,15449.13348660162,restaurant,UPI,20,6,1,BOI,2025-12-26 20:33:00,0,16.2,0.977,0.052,0,93.45,1,1,0,1,C2,C2
E1_00000205,13.22,clothing,UPI,15,1,0,HDFC,2025-06-10 15:30:00,1,173.2,0.281,0.767,7,1687.03,0,1,0,1,E1,E1
D2_00000062,946.78,grocery,credit_card,21,5,1,BOI,2025-04-25 21:18:00,0,47.7,0.621,0.169,6,634.2,0,1,0,1,D2,D2
A2_00000161,49998.26845819945,unknown,credit_card,14,3,0,Kotak,2025-03-08 07:32:00,0,0.3,0.291,0.894,7,75.9,1,1,0,1,A2,A2
D1_00000226,97.68,restaurant,credit_card,10,1,0,BOI,2025-04-28 10:36:00,0,15.5,0.805,0.176,0,452.97,1,1,0,1,D1,D1
E2_00000103,56.27,fuel,UPI,10,5,1,BOI,2025-07-18 10:06:00,1,112.9,0.244,0.727,4,49.56,0,1,0,1,E2,E2
E1_00000242,28.47,entertainment,UPI,18,2,0,Airtel Payments Bank,2025-09-20 18:24:00,1,85.0,0.267,0.647,1,120.64,0,1,0,1,E1,E1
A2_00000070,999.7378944539525,unknown,UPI,9,4,0,Axis,2025-01-14 10:54:00,0,0.4,0.235,0.694,4,36.12,1,1,1,1,A2,A2
B1_00000104,957.45,unknown,debit_card,20,3,0,Axis,2025-10-26 20:46:00,1,53.3,0.068,0.922,2,286.67,1,1,0,1,B1,B1
D1_00000035,249.29,clothing,debit_card,11,2,0,SBI,2025-09-27 11:28:00,0,20.1,0.823,0.191,5,307.55,0,1,0,1,D1,D1
E2_00000168,82.22,restaurant,credit_card,7,4,0,Paytm Payments Bank,2025-07-24 07:09:00,1,148.5,0.332,0.737,1,665.0,0,1,0,1,E2,E2
A2_00000089,19998.916667299087,unknown,UPI,15,4,0,PNB,2025-03-07 10:54:00,0,0.9,0.176,0.867,3,49.36,1,1,0,1,A2,A2
D2_00000013,44.33,grocery,UPI,17,0,0,Paytm Payments Bank,2025-04-22 17:57:00,0,39.4,0.685,0.318,2,391.3,0,1,0,1,D2,D2
A1_00000183,99998.68348530041,online_retail,credit_card,16,2,0,PNB,2025-10-29 11:49:00,0,0.6,0.25,0.718,1,716.56,1,1,1,1,A1,A1
E2_00000267,514.53,travel,UPI,17,1,0,Kotak,2025-01-25 17:47:00,1,175.9,0.355,0.78,4,47.55,0,1,0,1,E2,E2
E2_00000336,35.99,travel,UPI,23,0,0,Union Bank,2025-08-10 23:07:00,1,113.4,0.387,0.758,2,89.73,0,1,0,1,E2,E2
B2_00000244,4323.47,unknown,credit_card,10,2,0,Airtel Payments Bank,2025-04-17 10:03:00,1,70.9,0.135,0.942,2,22.92,1,1,0,1,B2,B2
D2_00000152,8668.8,grocery,wallet,16,5,1,Paytm Payments Bank,2025-01-13 16:26:00,0,48.2,0.684,0.245,4,256.88,0,1,0,1,D2,D2
B3_00000119,10917.34,unknown,debit_card,11,3,0,Axis,2025-03-09 11:54:00,1,55.5,0.088,0.979,10,593.19,1,1,0,1,B3,B3
E2_00000303,915.11,grocery,debit_card,6,3,0,Axis,2025-05-28 06:26:00,1,117.1,0.109,0.668,7,8.87,0,1,0,1,E2,E2
E2_00000286,1023.61,grocery,UPI,12,6,1,Paytm Payments Bank,2025-01-06 12:42:00,1,121.3,0.109,0.761,0,194.93,0,1,0,1,E2,E2
D2_00000086,1129.42,fuel,net_banking,17,5,1,Paytm Payments Bank,2025-06-18 17:24:00,0,61.7,0.701,0.253,2,48.95,0,1,0,1,D2,D2
A2_00000005,1999.638198047375,crypto,UPI,10,0,0,Airtel Payments Bank,2025-10-04 18:37:00,1,0.6,0.197,0.617,3,435.17,1,1,1,1,A2,A2
B2_00000198,2453.84,unknown,debit_card,19,4,0,Paytm Payments Bank,2025-03-05 19:01:00,1,39.0,0.06,0.827,0,17.24,1,1,0,1,B2,B2
B3_00000127,20632.81,unknown,net_banking,14,5,1,ICICI,2025-06-04 14:14:00,1,2.5,0.069,0.979,12,120.77,1,1,0,1,B3,B3
D1_00000010,311.6,online_retail,debit_card,10,3,0,Union Bank,2025-07-30 10:59:00,0,5.6,0.617,0.32,6,154.33,0,1,0,1,D1,D1
A2_00000305,4999.162303412169,online_retail,credit_card,10,4,0,Paytm Payments Bank,2025-08-23 12:19:00,1,0.1,0.195,0.78,4,389.85,1,1,0,1,A2,A2
B1_00000009,3002.4,unknown,debit_card,11,4,0,Union Bank,2025-03-24 11:43:00,1,60.7,0.002,0.956,1,119.27,1,1,0,1,B1,B1
E1_00000171,105.05,grocery,debit_card,3,3,0,Kotak,2025-01-14 03:57:00,1,80.9,0.161,0.624,0,56.6,0,1,0,1,E1,E1
B1_00000292,4773.77,unknown,wallet,8,2,0,PNB,2025-12-13 08:57:00,1,29.8,0.107,0.837,0,203.19,1,1,0,1,B1,B1
B1_00000081,2398.86,unknown,debit_card,10,4,0,Paytm Payments Bank,2025-04-05 10:14:00,1,4.7,0.075,0.747,0,1556.4,1,1,0,1,B1,B1
A3_00000105,99998.6496644964,unknown,credit_card,9,4,0,Paytm Payments Bank,2025-06-03 20:28:00,0,0.1,0.266,0.776,7,339.85,1,1,1,1,A3,A3
A3_00000076,500.2490651540625,crypto,UPI,14,5,1,Kotak,2025-04-23 20:57:00,0,0.1,0.202,0.937,7,2934.82,1,0,0,1,A3,A3
D2_00000163,950.24,utilities,debit_card,15,1,0,BOI,2025-04-07 15:32:00,1,21.7,0.622,0.242,4,235.29,1,1,0,1,D2,D2
B2_00000173,4041.93,crypto,net_banking,18,6,1,BOI,2025-04-27 18:59:00,1,28.2,0.105,0.807,2,79.94,1,1,0,1,B2,B2
A1_00000179,19998.2730868286,unknown,UPI,15,5,1,BOI,2025-05-21 20:39:00,0,0.6,0.294,0.692,4,68.67,1,0,0,1,A1,A1
E2_00000123,173.99,electronics,debit_card,13,0,0,Axis,2025-08-03 13:36:00,1,50.3,0.229,0.683,0,66.33,0,1,0,1,E2,E2
B2_00000235,3414.08,crypto,UPI,12,3,0,Paytm Payments Bank,2025-11-04 12:00:00,1,46.7,0.106,0.957,0,25.34,1,1,0,1,B2,B2
E2_00000347,172.17,grocery,UPI,9,6,1,Axis,2025-10-17 09:02:00,1,141.7,0.298,0.775,2,20.88,0,1,0,1,E2,E2
E1_00000211,4877.23,grocery,UPI,18,0,0,HDFC,2025-11-20 18:22:00,1,160.9,0.173,0.628,5,44.42,0,1,0,1,E1,E1
C2_00000169,15449.13348660162,travel,UPI,16,2,0,Kotak,2025-08-19 16:21:00,0,39.3,0.965,0.068,1,122.05,0,1,0,1,C2,C2
C1_00000324,147.40139382475718,grocery,debit_card,18,5,1,Airtel Payments Bank,2025-08-13 18:11:00,0,32.7,0.995,0.039,0,35.72,0,1,0,1,C1,C1
A2_00000276,1999.832806004194,unknown,UPI,9,6,1,HDFC,2025-10-09 03:00:00,0,0.2,0.282,0.606,1,236.02,1,1,1,1,A2,A2
A2_00000156,9999.76856986209,unknown,UPI,15,3,0,Paytm Payments Bank,2025-03-19 16:33:00,0,1.0,0.262,0.891,3,53.87,1,1,1,1,A2,A2
B1_00000022,4452.29,crypto,UPI,15,2,0,HDFC,2025-10-28 15:00:00,1,12.9,0.03,0.859,1,17.97,1,1,0,1,B1,B1
E1_00000133,474.53,travel,UPI,19,1,0,HDFC,2025-07-18 19:50:00,1,60.0,0.338,0.704,4,54.38,0,0,0,1,E1,E1
B2_00000046,4400.23,unknown,credit_card,19,0,0,HDFC,2025-02-06 19:21:00,1,61.5,0.096,0.966,2,359.89,1,1,0,1,B2,B2
D1_00000096,740.41,entertainment,debit_card,14,6,1,BOI,2025-10-13 14:35:00,0,3.2,0.625,0.338,4,181.8,1,1,0,1,D1,D1
D2_00000299,83.26,utilities,UPI,13,4,0,Paytm Payments Bank,2025-05-07 13:15:00,1,39.3,0.745,0.244,3,204.24,1,1,0,1,D2,D2
A2_00000308,49999.79930014181,crypto,UPI,10,2,0,Airtel Payments Bank,2025-12-11 20:18:00,0,0.5,0.291,0.805,0,21.06,1,1,0,1,A2,A2
D2_00000240,460.37,grocery,UPI,16,2,0,ICICI,2025-04-23 16:30:00,0,64.0,0.663,0.268,6,1789.41,0,1,0,1,D2,D2
A1_00000069,9999.627068128359,unknown,net_banking,15,6,1,PNB,2025-08-31 10:11:00,0,0.8,0.257,0.75,4,26.55,1,1,1,1,A1,A1
A3_00000106,998.1563932664898,unknown,wallet,20,2,0,BOI,2025-09-28 20:19:00,0,0.1,0.111,0.623,4,179.79,1,1,0,1,A3,A3
E1_00000348,402.29,entertainment,UPI,15,3,0,Kotak,2025-07-11 15:08:00,1,161.5,0.379,0.746,4,1504.33,0,1,0,1,E1,E1
D2_00000194,28.2,travel,UPI,12,2,0,Airtel Payments Bank,2025-09-04 12:17:00,0,20.7,0.775,0.345,2,108.25,0,1,0,1,D2,D2
D1_00000138,60.0,electronics,UPI,21,1,0,Paytm Payments Bank,2025-09-10 21:13:00,0,1.1,0.73,0.172,7,144.2,0,1,0,1,D1,D1
B2_00000140,4610.13,unknown,debit_card,16,4,0,PNB,2025-06-19 16:34:00,1,26.0,0.117,0.885,1,291.12,1,1,0,1,B2,B2
E1_00000098,97.19,travel,debit_card,15,4,0,BOI,2025-12-24 15:11:00,1,118.4,0.387,0.557,0,932.86,0,1,0,1,E1,E1
B1_00000046,581.77,unknown,wallet,10,3,0,PNB,2025-06-10 10:16:00,1,30.6,0.121,0.77,2,50.66,1,1,0,1,B1,B1
E2_00000061,308.43,restaurant,UPI,22,0,0,ICICI,2025-07-04 22:28:00,1,67.1,0.345,0.57,3,101.89,0,1,0,1,E2,E2
B1_00000172,1810.54,crypto,net_banking,4,4,0,Axis,2025-07-07 04:49:00,1,53.4,0.063,0.877,2,40.41,1,1,0,1,B1,B1
E2_00000083,1475.91,grocery,credit_card,22,1,0,PNB,2025-06-08 22:53:00,1,73.6,0.241,0.714,3,85.37,0,1,0,1,E2,E2
E2_00000254,355.5,entertainment,UPI,7,5,1,Union Bank,2025-04-11 07:52:00,1,115.4,0.201,0.605,1,126.49,0,1,0,1,E2,E2
D2_00000332,8638.88,utilities,debit_card,8,1,0,ICICI,2025-09-13 08:04:00,1,12.7,0.605,0.165,0,82.01,0,1,0,1,D2,D2
A1_00000043,500.82524386728176,unknown,wallet,11,5,1,Union Bank,2025-04-23 14:34:00,0,0.8,0.268,0.941,3,120.64,1,1,1,1,A1,A1
A1_00000346,500.1488215376056,crypto,UPI,11,5,1,Axis,2025-10-14 12:12:00,0,0.1,0.231,0.801,4,154.41,1,1,0,1,A1,A1
C1_00000337,147.40139382475718,healthcare,UPI,14,3,0,PNB,2025-05-26 14:02:00,0,12.6,0.956,0.073,1,164.66,1,1,0,1,C1,C1
B1_00000303,3743.24,unknown,debit_card,23,6,1,Airtel Payments Bank,2025-01-25 23:45:00,1,56.3,0.08,0.79,2,322.83,1,1,0,1,B1,B1
E1_00000067,641.28,grocery,wallet,3,6,1,Paytm Payments Bank,2025-07-15 03:22:00,1,116.9,0.141,0.702,0,900.96,0,1,0,1,E1,E1
D1_00000224,67.28,restaurant,credit_card,1,4,0,PNB,2025-03-10 01:16:00,0,50.0,0.796,0.244,2,29.07,1,1,0,1,D1,D1
B1_00000285,528.44,unknown,debit_card,13,0,0,Paytm Payments Bank,2025-08-08 13:07:00,1,13.8,0.093,0.905,1,101.65,1,1,0,1,B1,B1
D1_00000314,42.78,entertainment,net_banking,13,3,0,HDFC,2025-05-21 13:09:00,0,48.2,0.798,0.226,4,297.21,1,1,0,1,D1,D1
C2_00000041,15449.13348660162,entertainment,credit_card,8,5,1,Axis,2025-05-08 08:52:00,0,54.1,0.895,0.047,0,155.28,0,1,0,1,C2,C2
E1_00000019,107.04,education,credit_card,12,0,0,HDFC,2025-09-26 12:43:00,1,184.6,0.202,0.645,4,31.86,0,1,0,1,E1,E1
B3_00000309,9507.42,unknown,UPI,18,3,0,Paytm Payments Bank,2025-04-29 18:46:00,1,19.3,0.143,0.861,18,1189.94,1,1,0,1,B3,B3
E2_00000001,10.8,pharmacy,credit_card,14,4,0,Airtel Payments Bank,2025-01-10 14:23:00,1,81.9,0.194,0.464,0,94.98,0,1,0,1,E2,E2
A1_00000084,19999.578309247412,unknown,credit_card,15,0,0,Kotak,2025-10-19 18:14:00,0,0.9,0.113,0.712,2,130.09,1,1,0,1,A1,A1
A1_00000089,4998.724615900969,unknown,UPI,9,3,0,Union Bank,2025-03-11 00:27:00,0,1.0,0.101,0.816,1,3.16,1,1,1,1,A1,A1
C2_00000235,15449.13348660162,grocery,UPI,19,3,0,PNB,2025-09-06 19:55:00,0,21.1,0.959,0.039,1,45.66,1,1,0,1,C2,C2
B2_00000157,3894.19,unknown,UPI,9,2,0,Paytm Payments Bank,2025-07-30 09:02:00,1,20.5,0.081,0.809,0,10.42,1,1,0,1,B2,B2
A2_00000095,99999.64259886042,unknown,credit_card,15,3,0,ICICI,2025-07-16 07:55:00,1,0.3,0.197,0.679,6,507.63,1,1,1,1,A2,A2
B2_00000108,3846.36,unknown,credit_card,6,2,0,Axis,2025-01-09 06:17:00,1,45.2,0.106,0.741,2,1342.07,1,1,0,1,B2,B2
B3_00000249,47324.09,unknown,UPI,7,2,0,SBI,2025-05-07 07:52:00,1,31.3,0.114,0.864,14,31.55,1,1,0,1,B3,B3
E1_00000121,589.51,restaurant,net_banking,9,5,1,Airtel Payments Bank,2025-06-21 09:46:00,1,193.3,0.248,0.659,5,36.83,0,1,0,1,E1,E1
D1_00000225,389.47,education,debit_card,8,6,1,Axis,2025-08-23 08:55:00,0,54.5,0.663,0.348,1,5225.74,1,1,0,1,D1,D1
E2_00000158,10.0,fuel,UPI,14,6,1,PNB,2025-01-07 14:10:00,1,169.9,0.275,0.762,0,45.05,0,1,0,1,E2,E2
A2_00000002,499.7078749482337,unknown,debit_card,15,3,0,HDFC,2025-06-19 14:06:00,0,1.0,0.193,0.793,4,7.99,1,1,0,1,A2,A2
D1_00000279,10812.16,grocery,UPI,6,1,0,SBI,2025-04-06 06:44:00,0,34.6,0.826,0.275,5,192.17,0,1,0,1,D1,D1
E1_00000246,86.07,education,debit_card,12,6,1,PNB,2025-05-07 12:55:00,1,70.0,0.163,0.557,7,183.45,0,1,1,1,E1,E1
A1_00000343,99999.00187591398,unknown,credit_card,20,6,1,HDFC,2025-01-01 04:22:00,0,0.4,0.268,0.721,5,238.25,1,1,1,1,A1,A1
D2_00000327,105.54,restaurant,credit_card,15,0,0,HDFC,2025-03-30 15:59:00,1,23.6,0.788,0.18,7,184.09,1,1,0,1,D2,D2
D2_00000305,7.4,utilities,UPI,20,3,0,Union Bank,2025-03-08 20:59:00,0,25.5,0.653,0.182,0,47.56,0,1,0,1,D2,D2
B2_00000278,2653.7,unknown,UPI,10,4,0,Airtel Payments Bank,2025-12-16 10:18:00,1,12.9,0.063,0.976,0,12.71,1,1,0,1,B2,B2
A1_00000150,499.6559645795292,unknown,UPI,15,4,0,Union Bank,2025-04-25 17:50:00,0,0.3,0.152,0.778,4,115.44,1,1,0,1,A1,A1
E1_00000268,12363.6,grocery,UPI,17,2,0,SBI,2025-06-01 17:43:00,1,128.6,0.111,0.616,0,8483.95,1,1,0,1,E1,E1
B1_00000226,2239.98,crypto,UPI,9,1,0,Kotak,2025-01-28 09:07:00,1,41.5,0.086,0.747,1,150.08,1,1,0,1,B1,B1
D2_00000054,251.41,electronics,UPI,21,1,0,BOI,2025-04-15 21:37:00,0,25.5,0.77,0.151,2,40.99,0,1,0,1,D2,D2
E1_00000335,1163.05,clothing,UPI,19,6,1,BOI,2025-10-28 19:26:00,1,168.5,0.29,0.551,1,172.13,0,1,1,1,E1,E1
A1_00000289,4999.57769031127,crypto,wallet,14,2,0,Axis,2025-11-05 06:11:00,0,0.5,0.162,0.712,5,931.51,1,1,0,1,A1,A1
C2_00000062,15449.13348660162,grocery,UPI,12,6,1,HDFC,2025-04-11 12:01:00,0,39.6,0.911,0.049,0,131.48,1,1,0,1,C2,C2
B3_00000174,41625.69,unknown,credit_card,7,6,1,Axis,2025-10-19 07:47:00,1,50.9,0.111,0.956,16,44.07,1,1,0,1,B3,B3
B3_00000209,16174.97,unknown,debit_card,20,4,0,PNB,2025-03-22 20:19:00,1,47.5,0.158,0.982,8,303.18,1,1,0,1,B3,B3
B2_00000314,1254.09,crypto,debit_card,19,4,0,HDFC,2025-01-11 19:23:00,1,4.1,0.026,0.794,1,294.1,1,1,0,1,B2,B2
B2_00000096,4110.65,unknown,credit_card,18,2,0,Axis,2025-11-05 18:45:00,1,69.6,0.0,0.781,1,1406.5,1,1,0,1,B2,B2
C1_00000214,147.40139382475718,restaurant,credit_card,8,4,0,Union Bank,2025-02-13 08:34:00,0,40.6,0.88,0.064,1,2374.91,1,1,0,1,C1,C1
E2_00000247,22.7,restaurant,UPI,11,0,0,Airtel Payments Bank,2025-05-02 11:17:00,1,155.3,0.193,0.657,7,48.32,0,0,0,1,E2,E2
B1_00000133,2031.78,unknown,UPI,17,0,0,PNB,2025-07-18 17:54:00,1,43.1,0.062,0.809,0,834.43,1,1,0,1,B1,B1
A3_00000285,99999.70233129419,online_retail,wallet,15,5,1,Kotak,2025-11-18 15:58:00,0,0.9,0.206,0.638,7,76.46,1,1,0,1,A3,A3
C2_00000300,15449.13348660162,grocery,debit_card,13,5,1,ICICI,2025-06-03 13:28:00,0,1.6,0.994,0.084,0,1235.14,1,1,0,1,C2,C2
E2_00000052,1331.04,restaurant,UPI,5,1,0,Paytm Payments Bank,2025-09-03 05:38:00,1,52.8,0.195,0.648,3,64.75,0,0,0,1,E2,E2
E1_00000136,1061.8,grocery,UPI,9,3,0,Union Bank,2025-03-02 09:33:00,1,66.6,0.296,0.638,6,152.74,0,1,0,1,E1,E1
B1_00000317,915.18,unknown,UPI,9,4,0,PNB,2025-10-11 09:22:00,1,58.1,0.014,0.934,0,35.42,1,1,0,1,B1,B1
E1_00000188,17.99,online_retail,wallet,20,3,0,Kotak,2025-05-13 20:55:00,1,159.7,0.386,0.754,1,44.68,0,0,0,1,E1,E1
A1_00000233,99998.34622727404,unknown,debit_card,10,3,0,Kotak,2025-06-26 08:58:00,1,0.9,0.209,0.85,5,56.08,1,1,1,1,A1,A1
D2_00000021,2897.19,restaurant,debit_card,19,2,0,Union Bank,2025-04-07 19:33:00,0,64.8,0.817,0.152,6,245.67,0,1,0,1,D2,D2
A1_00000068,49998.96252099315,crypto,UPI,15,3,0,Airtel Payments Bank,2025-03-17 10:47:00,0,0.4,0.116,0.728,2,318.19,1,0,1,1,A1,A1
A3_00000021,1998.0300413237344,crypto,credit_card,14,0,0,Airtel Payments Bank,2025-10-10 10:42:00,0,0.5,0.189,0.876,0,514.48,1,1,1,1,A3,A3
A1_00000295,49998.43413436214,online_retail,UPI,21,0,0,Paytm Payments Bank,2025-09-19 17:00:00,0,0.1,0.108,0.796,0,41.28,1,1,0,1,A1,A1
A2_00000020,9999.221271797589,crypto,credit_card,10,5,1,BOI,2025-09-14 18:40:00,0,0.2,0.124,0.803,5,71.96,1,1,0,1,A2,A2
B2_00000071,3415.44,crypto,debit_card,8,5,1,Axis,2025-01-22 08:04:00,1,36.8,0.11,0.787,0,4780.4,1,1,0,1,B2,B2
C1_00000191,147.40139382475718,healthcare,credit_card,8,1,0,HDFC,2025-09-20 08:40:00,0,30.9,0.886,0.118,0,96.26,0,1,0,1,C1,C1
D2_00000030,4075.45,grocery,debit_card,7,6,1,HDFC,2025-05-30 07:21:00,1,70.2,0.824,0.327,2,412.1,0,1,0,1,D2,D2
C1_00000328,147.40139382475718,restaurant,UPI,13,6,1,PNB,2025-05-22 13:59:00,0,22.9,0.86,0.06,0,1125.76,1,1,0,1,C1,C1
A2_00000232,49998.468445149476,crypto,UPI,9,6,1,Union Bank,2025-06-15 05:16:00,0,0.9,0.207,0.651,4,98.83,1,1,1,1,A2,A2
D2_00000008,176.51,grocery,credit_card,19,4,0,Kotak,2025-04-12 19:23:00,0,46.1,0.675,0.265,6,36.6,0,1,0,1,D2,D2
E1_00000059,1492.55,pharmacy,UPI,0,5,1,Paytm Payments Bank,2025-05-07 00:25:00,1,75.9,0.242,0.785,3,1092.03,0,1,0,1,E1,E1
A1_00000016,19999.052044497235,online_retail,debit_card,15,1,0,Paytm Payments Bank,2025-10-16 10:02:00,0,0.8,0.18,0.902,0,232.17,1,1,0,1,A1,A1
E2_00000098,271.25,clothing,credit_card,9,5,1,Axis,2025-09-19 09:49:00,1,67.4,0.199,0.5,4,363.04,0,1,0,1,E2,E2
C2_00000258,15449.13348660162,fuel,credit_card,14,2,0,Axis,2025-04-02 14:17:00,0,46.3,0.975,0.102,0,134.48,1,1,0,1,C2,C2
C2_00000040,15449.13348660162,grocery,credit_card,21,1,0,Axis,2025-08-20 21:38:00,0,29.5,0.908,0.119,2,592.5,1,1,0,1,C2,C2
A1_00000047,19998.14712581066,unknown,UPI,15,4,0,SBI,2025-04-21 10:00:00,0,0.9,0.146,0.743,2,696.0,1,1,1,1,A1,A1
C1_00000187,147.40139382475718,clothing,net_banking,14,3,0,Union Bank,2025-10-15 14:50:00,1,40.6,0.913,0.089,1,332.82,1,1,0,1,C1,C1
D2_00000182,269.1,travel,UPI,15,2,0,PNB,2025-12-12 15:36:00,1,0.0,0.649,0.269,3,96.81,0,1,0,1,D2,D2
E1_00000128,300.69,restaurant,UPI,8,4,0,Airtel Payments Bank,2025-03-02 08:35:00,1,114.4,0.383,0.57,1,190.1,0,1,0,1,E1,E1
C2_00000207,15449.13348660162,online_retail,debit_card,7,4,0,Axis,2025-03-19 07:02:00,0,68.2,0.976,0.105,2,394.46,1,1,0,1,C2,C2
A3_00000172,499.4544468887015,crypto,net_banking,14,0,0,SBI,2025-01-13 12:04:00,0,0.5,0.16,0.793,5,669.97,1,1,0,1,A3,A3
A1_00000139,500.1767602188584,crypto,credit_card,20,4,0,Axis,2025-04-20 21:26:00,0,0.9,0.199,0.913,1,44.23,1,1,1,1,A1,A1
E2_00000067,1660.49,clothing,debit_card,17,4,0,Union Bank,2025-06-08 17:29:00,1,112.3,0.277,0.532,1,484.4,0,1,0,1,E2,E2
A2_00000290,1998.959021815928,crypto,net_banking,21,2,0,BOI,2025-01-20 17:47:00,0,0.0,0.268,0.8,2,40.86,1,1,0,1,A2,A2
C1_00000114,147.40139382475718,online_retail,UPI,20,3,0,HDFC,2025-02-03 20:25:00,1,31.0,0.929,0.006,1,137.76,0,0,0,1,C1,C1
C2_00000234,15449.13348660162,grocery,UPI,4,5,1,Axis,2025-10-21 04:51:00,1,1.3,0.992,0.017,1,435.2,1,1,0,1,C2,C2
A3_00000307,499.7682626210882,crypto,credit_card,16,0,0,ICICI,2025-01-10 08:37:00,1,0.5,0.252,0.694,3,508.69,1,1,1,1,A3,A3
B2_00000002,4897.75,unknown,wallet,15,1,0,Paytm Payments Bank,2025-02-05 15:29:00,1,5.5,0.023,0.937,1,256.99,1,1,0,1,B2,B2
C1_00000174,147.40139382475718,restaurant,credit_card,16,3,0,BOI,2025-09-12 16:08:00,1,47.8,0.948,0.096,0,48.87,1,1,0,1,C1,C1
C1_00000310,147.40139382475718,online_retail,UPI,16,5,1,Kotak,2025-06-11 16:23:00,0,70.4,0.977,0.033,1,387.83,1,1,0,1,C1,C1
A2_00000079,999.3756400198547,online_retail,credit_card,9,6,1,PNB,2025-06-29 11:27:00,0,0.4,0.207,0.652,1,140.49,1,1,1,1,A2,A2
C2_00000292,15449.13348660162,healthcare,debit_card,13,0,0,BOI,2025-10-07 13:12:00,1,15.7,0.859,0.11,1,78.21,1,1,0,1,C2,C2
D1_00000027,270.36,clothing,wallet,16,5,1,Axis,2025-01-11 16:51:00,0,42.9,0.782,0.31,3,129.4,0,1,0,1,D1,D1
A3_00000003,19999.619628050812,unknown,debit_card,14,6,1,PNB,2025-08-19 09:40:00,1,0.2,0.252,0.808,0,308.07,1,1,1,1,A3,A3
A2_00000340,9999.797301370441,unknown,credit_card,20,2,0,PNB,2025-02-07 18:26:00,0,0.5,0.274,0.827,5,27.13,1,1,1,1,A2,A2
B2_00000307,2128.83,unknown,debit_card,10,3,0,SBI,2025-11-05 10:31:00,1,3.5,0.025,0.955,1,2802.4,1,1,0,1,B2,B2
D1_00000327,1161.27,travel,UPI,12,1,0,ICICI,2025-03-21 12:01:00,0,37.8,0.771,0.244,2,1550.1,0,1,0,1,D1,D1
B1_00000319,3522.2,unknown,UPI,5,5,1,Kotak,2025-10-01 05:18:00,1,1.4,0.062,0.876,2,335.9,1,1,0,1,B1,B1
A1_00000181,99999.43183569385,crypto,UPI,14,2,0,BOI,2025-11-27 21:34:00,1,0.1,0.272,0.941,7,849.78,1,1,1,1,A1,A1
A2_00000071,49999.286131952,unknown,UPI,10,2,0,ICICI,2025-04-25 09:37:00,0,0.8,0.277,0.82,4,11.52,1,1,0,1,A2,A2
C2_00000036,15449.13348660162,healthcare,debit_card,7,3,0,PNB,2025-06-21 07:50:00,1,39.8,0.928,0.052,2,169.23,1,1,0,1,C2,C2
C2_00000097,15449.13348660162,pharmacy,debit_card,22,3,0,Union Bank,2025-10-15 22:27:00,0,50.5,0.912,0.082,1,67.01,1,1,0,1,C2,C2
D1_00000239,36.77,grocery,credit_card,0,6,1,Kotak,2025-03-27 00:30:00,0,48.1,0.642,0.163,0,4.22,1,1,0,1,D1,D1
D2_00000263,81.72,grocery,UPI,7,1,0,HDFC,2025-03-16 07:35:00,0,53.0,0.752,0.177,2,609.05,0,1,0,1,D2,D2
C1_00000207,147.40139382475718,pharmacy,UPI,11,5,1,BOI,2025-09-29 11:16:00,0,50.6,0.956,0.058,0,107.71,1,0,0,1,C1,C1
C2_00000061,15449.13348660162,education,net_banking,14,6,1,BOI,2025-06-29 14:38:00,0,17.6,0.996,0.044,0,64.82,0,1,0,1,C2,C2
D1_00000219,152.02,pharmacy,UPI,17,4,0,Kotak,2025-02-01 17:47:00,0,64.0,0.696,0.309,2,119.89,1,1,0,1,D1,D1
B1_00000044,4783.28,unknown,UPI,15,0,0,ICICI,2025-04-12 15:58:00,1,35.5,0.096,0.784,2,104.31,1,1,0,1,B1,B1
B3_00000342,16791.73,unknown,UPI,11,4,0,Paytm Payments Bank,2025-11-06 11:52:00,1,48.5,0.192,0.836,8,69.87,1,1,0,1,B3,B3
D1_00000032,1180.86,healthcare,debit_card,21,4,0,Axis,2025-06-10 21:04:00,0,16.9,0.743,0.176,3,322.01,1,1,0,1,D1,D1
B1_00000027,4656.48,unknown,credit_card,10,3,0,PNB,2025-04-04 10:25:00,1,39.3,0.131,0.877,2,469.02,1,1,0,1,B1,B1
B2_00000067,3180.26,unknown,UPI,6,2,0,PNB,2025-01-18 06:53:00,1,60.3,0.069,0.96,0,13.47,1,1,0,1,B2,B2
D1_00000037,36.6,travel,UPI,21,3,0,PNB,2025-01-16 21:05:00,0,52.9,0.731,0.153,4,167.96,0,1,0,1,D1,D1
D2_00000003,489.37,travel,UPI,12,4,0,Airtel Payments Bank,2025-02-08 12:07:00,0,24.0,0.8,0.269,0,23.59,0,1,0,1,D2,D2
D1_00000131,7537.01,restaurant,credit_card,21,2,0,Paytm Payments Bank,2025-09-30 21:10:00,0,67.1,0.603,0.22,4,49.76,1,1,0,1,D1,D1
B3_00000319,16784.13,unknown,credit_card,8,5,1,ICICI,2025-08-22 08:10:00,1,8.9,0.086,0.877,14,1236.82,1,1,0,1,B3,B3
E2_00000201,33520.48,education,credit_card,19,5,1,Airtel Payments Bank,2025-12-17 19:25:00,1,78.4,0.123,0.547,5,1525.84,0,1,1,1,E2,E2
A1_00000053,99999.34746687545,online_retail,debit_card,14,5,1,ICICI,2025-03-22 10:45:00,0,0.1,0.186,0.619,6,2379.66,1,0,1,1,A1,A1
D1_00000286,78.52,clothing,UPI,10,2,0,SBI,2025-02-26 10:36:00,0,8.3,0.82,0.29,3,395.76,1,1,0,1,D1,D1
E2_00000037,385.0,electronics,net_banking,20,6,1,Axis,2025-07-22 20:29:00,1,59.2,0.259,0.52,1,443.13,0,1,0,1,E2,E2
A3_00000310,49998.9101325201,unknown,debit_card,20,4,0,HDFC,2025-08-18 21:53:00,0,0.2,0.29,0.802,6,20.32,1,1,0,1,A3,A3
A3_00000027,99998.6116400275,online_retail,UPI,11,6,1,SBI,2025-06-30 16:29:00,0,0.4,0.2,0.665,4,52.2,1,1,1,1,A3,A3
C2_00000133,15449.13348660162,education,credit_card,13,6,1,Airtel Payments Bank,2025-02-08 13:42:00,0,5.7,0.877,0.117,2,146.04,1,1,0,1,C2,C2
E2_00000311,56.67,grocery,UPI,16,2,0,SBI,2025-02-26 16:17:00,1,48.8,0.348,0.768,2,58.16,0,1,0,1,E2,E2
E1_00000048,587.23,grocery,credit_card,9,4,0,Union Bank,2025-06-25 09:03:00,1,130.7,0.121,0.626,2,26.36,0,0,0,1,E1,E1
B3_00000287,28065.06,unknown,UPI,19,3,0,BOI,2025-08-26 19:31:00,1,27.2,0.184,0.911,18,1284.58,1,1,0,1,B3,B3
A2_00000195,9998.122674690949,unknown,UPI,16,4,0,Union Bank,2025-08-25 08:07:00,1,0.1,0.153,0.923,4,109.45,1,1,1,1,A2,A2
C1_00000228,147.40139382475718,entertainment,credit_card,9,6,1,SBI,2025-08-09 09:54:00,0,7.0,0.903,0.004,1,675.76,0,1,0,1,C1,C1
C2_00000114,15449.13348660162,education,debit_card,9,1,0,Kotak,2025-05-21 09:34:00,0,32.4,0.976,0.07,1,453.49,1,1,0,1,C2,C2
E2_00000161,103.68,pharmacy,UPI,6,6,1,ICICI,2025-08-07 06:02:00,1,190.6,0.224,0.507,7,52.97,1,1,0,1,E2,E2
D2_00000232,1194.53,fuel,debit_card,11,6,1,BOI,2025-12-05 11:51:00,0,21.7,0.709,0.335,6,725.05,1,1,0,1,D2,D2
B2_00000240,2913.12,crypto,UPI,15,1,0,PNB,2025-07-27 15:38:00,1,45.0,0.03,0.967,2,81.44,1,1,0,1,B2,B2
C2_00000244,15449.13348660162,travel,debit_card,13,1,0,HDFC,2025-11-09 13:58:00,0,49.6,0.913,0.087,0,390.45,1,1,0,1,C2,C2
C1_00000026,147.40139382475718,restaurant,credit_card,11,5,1,Union Bank,2025-01-28 11:08:00,1,52.5,0.968,0.055,1,61.75,0,1,0,1,C1,C1
C1_00000029,147.40139382475718,grocery,UPI,12,1,0,Airtel Payments Bank,2025-11-06 12:06:00,1,55.5,0.952,0.105,1,37.29,0,1,0,1,C1,C1
A1_00000290,500.2133850134811,crypto,UPI,11,3,0,Union Bank,2025-08-04 12:23:00,0,0.2,0.14,0.92,2,1412.23,1,1,0,1,A1,A1
B3_00000198,24845.66,unknown,UPI,7,5,1,Airtel Payments Bank,2025-04-26 07:27:00,1,10.8,0.151,0.861,12,1629.45,1,1,0,1,B3,B3
A1_00000217,500.38254295888123,unknown,UPI,10,3,0,HDFC,2025-06-26 20:06:00,1,0.7,0.17,0.722,2,113.04,1,1,1,1,A1,A1
E2_00000276,81.63,grocery,UPI,7,5,1,ICICI,2025-10-13 07:12:00,1,112.3,0.106,0.535,2,30.25,0,1,0,1,E2,E2
C1_00000038,147.40139382475718,restaurant,UPI,17,1,0,SBI,2025-11-01 17:52:00,0,19.4,0.864,0.046,2,234.33,1,1,0,1,C1,C1
C2_00000243,15449.13348660162,grocery,credit_card,10,5,1,Airtel Payments Bank,2025-12-19 10:33:00,1,12.4,0.989,0.003,2,60.4,1,1,0,1,C2,C2
A2_00000042,4999.926525047169,online_retail,credit_card,16,1,0,SBI,2025-06-07 10:03:00,0,0.7,0.216,0.737,0,49.88,1,1,0,1,A2,A2
E2_00000259,130.56,restaurant,debit_card,10,1,0,Kotak,2025-11-06 10:41:00,1,49.9,0.246,0.701,0,77.41,0,1,0,1,E2,E2
A1_00000085,9999.598392759432,unknown,debit_card,10,5,1,Union Bank,2025-10-08 18:31:00,0,0.0,0.135,0.92,2,252.85,1,1,1,1,A1,A1
B2_00000337,2679.92,unknown,UPI,11,1,0,Kotak,2025-12-24 11:25:00,1,5.6,0.083,0.794,2,262.11,1,1,0,1,B2,B2
B3_00000081,22457.5,unknown,net_banking,21,0,0,Airtel Payments Bank,2025-12-13 21:41:00,1,14.0,0.13,0.911,10,69.04,1,1,0,1,B3,B3
C2_00000236,15449.13348660162,clothing,net_banking,11,4,0,HDFC,2025-06-11 11:33:00,0,63.8,0.879,0.008,1,143.03,1,1,0,1,C2,C2
E2_00000216,761.82,restaurant,credit_card,20,3,0,PNB,2025-06-23 20:40:00,1,193.7,0.138,0.769,4,135.76,0,1,0,1,E2,E2
C1_00000024,147.40139382475718,electronics,UPI,13,0,0,Paytm Payments Bank,2025-03-12 13:23:00,0,36.0,0.988,0.088,0,206.4,1,1,0,1,C1,C1
A3_00000213,1999.4099030070718,unknown,debit_card,11,2,0,Paytm Payments Bank,2025-07-26 13:25:00,0,1.0,0.166,0.772,6,154.85,1,1,1,1,A3,A3
A1_00000135,99998.34204288005,crypto,credit_card,21,4,0,HDFC,2025-06-17 19:13:00,0,0.0,0.179,0.871,6,91.5,1,0,0,1,A1,A1
D2_00000081,1454.4,electronics,credit_card,16,4,0,Union Bank,2025-02-03 16:55:00,0,10.4,0.699,0.275,5,425.83,0,1,0,1,D2,D2
A2_00000307,1999.0138315252357,online_retail,credit_card,20,3,0,SBI,2025-02-28 11:05:00,0,0.2,0.246,0.648,5,670.36,1,1,0,1,A2,A2
E1_00000284,1221.13,clothing,credit_card,18,3,0,ICICI,2025-10-01 18:34:00,1,185.7,0.27,0.498,6,25.8,0,1,0,1,E1,E1
A1_00000208,99998.3251394495,unknown,net_banking,21,2,0,SBI,2025-03-27 08:39:00,0,0.8,0.136,0.867,2,8073.82,1,1,1,1,A1,A1
B2_00000209,2715.43,unknown,debit_card,9,3,0,HDFC,2025-12-03 09:04:00,1,42.8,0.132,0.972,1,1132.03,1,1,0,1,B2,B2
C2_00000254,15449.13348660162,restaurant,credit_card,5,1,0,PNB,2025-01-30 05:24:00,0,39.7,0.971,0.036,2,775.66,1,1,0,1,C2,C2
A1_00000319,500.22159687784364,crypto,debit_card,10,2,0,BOI,2025-08-03 06:07:00,0,0.7,0.184,0.872,2,278.51,1,1,1,1,A1,A1
C1_00000019,147.40139382475718,utilities,UPI,17,5,1,HDFC,2025-05-03 17:39:00,0,10.4,0.899,0.045,1,14251.21,1,1,0,1,C1,C1
A2_00000254,1998.8492841423756,crypto,UPI,9,3,0,Paytm Payments Bank,2025-01-04 14:30:00,0,0.8,0.159,0.818,1,61.8,1,1,1,1,A2,A2
E2_00000300,612.83,grocery,credit_card,14,2,0,Airtel Payments Bank,2025-07-07 14:40:00,1,110.0,0.312,0.509,3,13.05,0,1,0,1,E2,E2
D2_00000134,33.32,grocery,credit_card,6,0,0,Airtel Payments Bank,2025-05-30 06:47:00,0,68.7,0.834,0.35,3,185.63,0,1,0,1,D2,D2
E2_00000087,2099.04,utilities,UPI,16,5,1,BOI,2025-02-22 16:13:00,1,56.8,0.287,0.689,0,236.36,0,1,0,1,E2,E2
E1_00000277,1285.15,restaurant,UPI,12,2,0,PNB,2025-04-13 12:23:00,1,89.1,0.371,0.459,5,490.77,0,1,0,1,E1,E1
D1_00000182,1311.32,clothing,credit_card,11,3,0,Axis,2025-10-12 11:45:00,0,34.6,0.698,0.316,1,935.17,1,1,0,1,D1,D1
A2_00000266,499.59059731450753,online_retail,debit_card,14,1,0,Paytm Payments Bank,2025-03-10 02:34:00,0,0.0,0.229,0.606,0,369.29,1,1,1,1,A2,A2
D1_00000243,54.03,grocery,UPI,8,2,0,BOI,2025-11-19 08:26:00,0,21.3,0.673,0.221,0,33.87,0,1,0,1,D1,D1
B3_00000210,29967.39,unknown,wallet,11,0,0,SBI,2025-12-13 11:13:00,1,39.1,0.051,0.984,9,20.89,1,1,0,1,B3,B3
E2_00000186,75.52,electronics,debit_card,20,2,0,PNB,2025-03-27 20:36:00,1,156.3,0.256,0.76,5,797.78,0,1,0,1,E2,E2
B2_00000267,4610.72,crypto,UPI,9,1,0,Union Bank,2025-10-08 09:06:00,1,15.5,0.076,0.868,1,39.53,1,1,0,1,B2,B2
B3_00000259,10458.02,unknown,UPI,12,1,0,HDFC,2025-01-08 12:58:00,1,41.0,0.001,0.876,13,6.63,1,1,0,1,B3,B3
E1_00000063,209.53,clothing,credit_card,10,3,0,ICICI,2025-10-17 10:41:00,1,173.2,0.301,0.495,2,370.86,1,1,0,1,E1,E1
D2_00000064,53.42,travel,debit_card,20,0,0,Airtel Payments Bank,2025-07-22 20:46:00,0,37.9,0.757,0.156,2,343.08,1,1,0,1,D2,D2
A1_00000158,499.0480264013427,crypto,UPI,16,4,0,HDFC,2025-07-09 09:23:00,0,0.1,0.295,0.681,5,59.39,1,1,1,1,A1,A1
B1_00000135,2571.39,unknown,UPI,12,4,0,Axis,2025-01-20 12:10:00,1,33.1,0.126,0.78,1,68.46,1,1,0,1,B1,B1
A3_00000060,49999.04060512652,unknown,UPI,9,2,0,Paytm Payments Bank,2025-10-31 17:13:00,0,0.7,0.284,0.94,3,282.98,1,1,0,1,A3,A3
A1_00000136,499.7833495989078,unknown,credit_card,9,0,0,Paytm Payments Bank,2025-05-02 10:47:00,0,0.9,0.2,0.706,7,176.0,1,1,1,1,A1,A1
B3_00000106,20928.7,unknown,debit_card,19,0,0,Axis,2025-05-11 19:02:00,1,44.7,0.159,0.87,17,39.23,1,1,0,1,B3,B3
C2_00000167,15449.13348660162,entertainment,net_banking,20,3,0,HDFC,2025-08-08 20:19:00,0,47.7,0.948,0.018,0,545.84,1,1,1,1,C2,C2
B1_00000294,643.32,unknown,net_banking,20,5,1,SBI,2025-02-19 20:59:00,1,2.7,0.089,0.916,1,137.13,1,1,0,1,B1,B1
B1_00000072,949.13,crypto,UPI,11,4,0,Union Bank,2025-09-22 11:11:00,1,12.2,0.085,0.863,1,70.57,1,1,0,1,B1,B1
C2_00000224,15449.13348660162,pharmacy,UPI,8,0,0,Union Bank,2025-09-26 08:43:00,0,8.7,0.937,0.029,2,41.99,1,1,0,1,C2,C2
C1_00000001,147.40139382475718,grocery,UPI,19,0,0,ICICI,2025-05-25 19:02:00,0,34.2,0.981,0.036,2,42.87,1,1,0,1,C1,C1
C2_00000208,15449.13348660162,grocery,debit_card,14,6,1,Paytm Payments Bank,2025-08-26 14:51:00,1,67.5,0.974,0.063,1,1414.33,1,1,0,1,C2,C2
C1_00000311,147.40139382475718,restaurant,UPI,12,3,0,BOI,2025-10-29 12:55:00,0,36.7,0.889,0.113,1,87.61,1,1,0,1,C1,C1
C2_00000184,15449.13348660162,travel,UPI,17,6,1,BOI,2025-03-04 17:52:00,0,17.7,0.86,0.008,0,328.1,0,1,0,1,C2,C2
C1_00000215,147.40139382475718,restaurant,credit_card,8,4,0,BOI,2025-02-27 08:15:00,0,31.1,0.926,0.016,2,3.09,1,0,0,1,C1,C1
C2_00000265,15449.13348660162,education,credit_card,9,6,1,HDFC,2025-12-29 09:28:00,0,56.4,0.968,0.032,2,19.41,0,1,0,1,C2,C2
D2_00000197,254.36,utilities,debit_card,12,1,0,Paytm Payments Bank,2025-04-12 12:59:00,0,59.2,0.679,0.319,3,24.96,0,1,0,1,D2,D2
C2_00000029,15449.13348660162,electronics,UPI,0,1,0,Airtel Payments Bank,2025-07-23 00:56:00,0,12.4,0.878,0.075,0,37.63,0,1,0,1,C2,C2
B1_00000162,687.98,unknown,UPI,13,6,1,HDFC,2025-08-10 13:10:00,1,55.4,0.038,0.887,2,51.34,1,1,0,1,B1,B1
B3_00000016,6814.67,unknown,UPI,18,2,0,Airtel Payments Bank,2025-06-06 18:14:00,1,58.3,0.017,0.828,16,1065.8,1,1,0,1,B3,B3
B3_00000137,14102.23,unknown,net_banking,23,3,0,PNB,2025-12-02 23:26:00,1,59.0,0.098,0.919,13,52.27,1,1,0,1,B3,B3
E1_00000138,73.78,grocery,UPI,20,4,0,BOI,2025-07-29 20:12:00,1,124.5,0.371,0.617,4,50.15,0,1,0,1,E1,E1
E2_00000078,86.79,grocery,credit_card,11,4,0,BOI,2025-08-30 11:34:00,1,82.5,0.129,0.454,3,134.8,0,1,0,1,E2,E2
D2_00000235,294.22,fuel,UPI,16,3,0,Paytm Payments Bank,2025-08-10 16:14:00,1,63.2,0.8,0.176,6,2028.82,1,1,0,1,D2,D2
D2_00000090,686.12,restaurant,credit_card,10,6,1,Kotak,2025-06-21 10:05:00,0,38.3,0.635,0.151,5,13.74,1,1,0,1,D2,D2
A3_00000241,499.5483561502267,crypto,UPI,11,0,0,ICICI,2025-02-13 18:49:00,1,0.8,0.288,0.731,7,311.84,1,1,1,1,A3,A3
D2_00000175,203.03,grocery,UPI,3,6,1,Kotak,2025-02-11 03:39:00,0,42.3,0.757,0.188,6,16.65,0,1,0,1,D2,D2
A2_00000345,1998.6743750860023,unknown,credit_card,15,3,0,Kotak,2025-06-01 10:27:00,0,0.2,0.151,0.707,2,498.0,1,1,1,1,A2,A2
E1_00000195,13619.66,grocery,UPI,9,4,0,Kotak,2025-11-06 09:21:00,1,187.2,0.38,0.564,4,6.44,0,1,0,1,E1,E1
E2_00000301,92.61,electronics,credit_card,21,5,1,BOI,2025-07-25 21:16:00,1,84.3,0.123,0.692,5,1638.32,0,1,0,1,E2,E2
E1_00000040,1452.25,online_retail,debit_card,9,4,0,SBI,2025-09-15 09:03:00,1,132.9,0.153,0.526,6,405.67,0,1,0,1,E1,E1
B3_00000214,14020.54,unknown,debit_card,8,4,0,Union Bank,2025-08-04 08:10:00,1,53.6,0.172,0.869,11,185.95,1,1,0,1,B3,B3
B1_00000086,4218.28,unknown,debit_card,13,0,0,Paytm Payments Bank,2025-11-26 13:57:00,1,43.8,0.112,0.797,0,45.25,1,1,0,1,B1,B1
A3_00000168,999.5891586364672,online_retail,UPI,10,4,0,Axis,2025-12-30 07:43:00,0,0.4,0.21,0.769,2,238.86,1,1,1,1,A3,A3
B2_00000011,719.78,unknown,UPI,5,3,0,Airtel Payments Bank,2025-12-02 05:03:00,1,49.6,0.012,0.867,2,281.05,1,1,0,1,B2,B2
C2_00000004,15449.13348660162,entertainment,debit_card,13,2,0,Paytm Payments Bank,2025-03-27 13:26:00,1,46.1,0.919,0.097,1,298.04,1,1,0,1,C2,C2
E2_00000026,730.73,online_retail,UPI,20,5,1,ICICI,2025-09-16 20:23:00,1,109.0,0.339,0.706,7,564.95,0,1,0,1,E2,E2
D1_00000241,33.49,fuel,debit_card,18,2,0,Paytm Payments Bank,2025-03-01 18:48:00,0,8.0,0.707,0.227,0,139.91,0,1,0,1,D1,D1
C2_00000346,15449.13348660162,entertainment,net_banking,19,0,0,Union Bank,2025-09-23 19:15:00,0,66.0,0.95,0.007,0,91.44,1,1,0,1,C2,C2
A2_00000147,19999.32159748188,unknown,UPI,9,5,1,BOI,2025-06-24 10:49:00,0,0.2,0.249,0.74,2,1932.47,1,1,0,1,A2,A2
C1_00000041,147.40139382475718,entertainment,credit_card,12,3,0,Kotak,2025-09-24 12:53:00,0,52.3,0.99,0.032,1,589.12,0,1,0,1,C1,C1
C1_00000220,147.40139382475718,clothing,credit_card,10,0,0,Paytm Payments Bank,2025-02-07 10:46:00,0,23.9,0.906,0.059,2,3894.67,1,0,0,1,C1,C1
A3_00000096,1999.3094694914955,crypto,UPI,15,4,0,SBI,2025-05-08 09:55:00,0,0.2,0.173,0.807,6,670.83,1,1,0,1,A3,A3
C1_00000084,147.40139382475718,travel,UPI,16,4,0,HDFC,2025-10-08 16:32:00,0,54.3,0.884,0.114,0,295.0,1,1,0,1,C1,C1
B3_00000327,15508.1,unknown,UPI,11,3,0,HDFC,2025-08-27 11:48:00,1,45.3,0.07,0.806,5,8.91,1,1,0,1,B3,B3
A2_00000125,4999.599332042149,unknown,UPI,11,4,0,Axis,2025-03-28 21:35:00,0,0.5,0.14,0.767,4,111.74,1,1,1,1,A2,A2
C1_00000213,147.40139382475718,entertainment,credit_card,16,3,0,ICICI,2025-08-01 16:00:00,0,30.2,0.899,0.025,0,205.14,0,1,0,1,C1,C1
E1_00000006,3583.11,entertainment,debit_card,10,0,0,Paytm Payments Bank,2025-04-08 10:49:00,1,90.8,0.268,0.48,7,64.25,0,1,0,1,E1,E1
D2_00000035,182.83,travel,credit_card,14,6,1,Airtel Payments Bank,2025-06-13 14:04:00,1,57.6,0.847,0.262,3,49.48,1,1,0,1,D2,D2
D2_00000334,53.07,entertainment,UPI,7,3,0,PNB,2025-04-25 07:19:00,1,14.0,0.665,0.178,4,496.44,1,1,0,1,D2,D2
C1_00000302,147.40139382475718,education,UPI,8,0,0,PNB,2025-10-09 08:27:00,1,53.5,0.906,0.027,0,37.65,1,1,0,1,C1,C1
A3_00000177,49998.37971661378,unknown,net_banking,9,4,0,Airtel Payments Bank,2025-04-04 16:48:00,0,0.0,0.15,0.732,2,9.51,1,1,0,1,A3,A3
C1_00000268,147.40139382475718,restaurant,credit_card,14,5,1,Union Bank,2025-04-18 14:38:00,0,22.0,0.915,0.077,0,9.3,1,1,0,1,C1,C1
D2_00000209,59.95,grocery,UPI,21,4,0,Union Bank,2025-10-21 21:29:00,0,31.7,0.707,0.285,3,7371.68,0,1,0,1,D2,D2
D1_00000094,338.45,grocery,UPI,21,1,0,Paytm Payments Bank,2025-11-27 21:39:00,0,51.0,0.792,0.287,1,88.69,1,1,0,1,D1,D1
C1_00000225,147.40139382475718,pharmacy,debit_card,11,1,0,Paytm Payments Bank,2025-09-19 11:49:00,0,41.0,0.871,0.009,1,148.89,1,1,0,1,C1,C1
A2_00000049,49998.69369676249,online_retail,debit_card,14,3,0,Airtel Payments Bank,2025-02-15 18:35:00,0,0.2,0.153,0.882,5,38.06,1,1,1,1,A2,A2
D2_00000059,263.0,electronics,UPI,16,5,1,HDFC,2025-02-03 16:52:00,0,4.8,0.816,0.21,6,214.93,0,1,0,1,D2,D2
E2_00000032,399.45,electronics,UPI,15,3,0,Kotak,2025-08-13 15:42:00,1,194.3,0.202,0.481,1,227.86,0,1,0,1,E2,E2
B3_00000333,32847.27,unknown,UPI,13,3,0,Kotak,2025-09-25 13:51:00,1,55.4,0.185,0.891,5,191.8,1,1,0,1,B3,B3
E2_00000176,198.59,healthcare,UPI,19,2,0,BOI,2025-01-28 19:41:00,1,111.7,0.318,0.456,3,99.41,0,1,0,1,E2,E2
C1_00000293,147.40139382475718,online_retail,debit_card,12,1,0,PNB,2025-05-14 12:40:00,0,46.2,0.927,0.081,2,2747.35,1,1,0,1,C1,C1
A1_00000000,49999.62467079622,online_retail,UPI,10,2,0,PNB,2025-10-22 12:23:00,0,0.5,0.176,0.905,1,104.0,1,1,0,1,A1,A1
A3_00000153,49998.03824477818,unknown,debit_card,10,5,1,PNB,2025-08-12 19:27:00,0,0.2,0.126,0.865,2,2220.84,1,1,1,1,A3,A3
E1_00000164,1141.37,utilities,debit_card,16,2,0,PNB,2025-07-20 16:41:00,1,58.5,0.158,0.549,3,1920.33,0,1,0,1,E1,E1
B2_00000004,2003.36,unknown,credit_card,19,0,0,Union Bank,2025-12-28 19:39:00,1,67.2,0.121,0.849,2,753.98,1,1,0,1,B2,B2
E1_00000224,13.13,grocery,wallet,10,0,0,Union Bank,2025-04-07 10:07:00,1,162.3,0.358,0.699,5,104.13,0,1,0,1,E1,E1
E2_00000042,120.91,healthcare,credit_card,10,2,0,BOI,2025-06-05 10:34:00,1,75.0,0.185,0.651,3,34.3,0,1,0,1,E2,E2
A3_00000335,4999.352719061806,unknown,UPI,10,6,1,Airtel Payments Bank,2025-11-05 14:03:00,0,0.6,0.172,0.759,7,35.67,1,1,1,1,A3,A3
B3_00000102,20386.82,unknown,credit_card,17,6,1,BOI,2025-12-27 17:40:00,1,2.3,0.074,0.983,6,40.83,1,1,0,1,B3,B3
B1_00000100,4620.5,unknown,wallet,17,3,0,Kotak,2025-04-19 17:21:00,1,6.2,0.03,0.775,2,39.19,1,1,0,1,B1,B1
A1_00000005,500.7214028190954,unknown,UPI,11,1,0,ICICI,2025-10-04 08:24:00,0,0.8,0.156,0.693,1,105.67,1,0,1,1,A1,A1
B2_00000212,4872.98,crypto,UPI,12,1,0,BOI,2025-07-29 12:29:00,1,7.9,0.135,0.818,0,230.8,1,1,0,1,B2,B2
A2_00000269,99998.81213652495,crypto,credit_card,16,6,1,BOI,2025-01-09 17:12:00,0,0.5,0.232,0.938,2,6.57,1,1,1,1,A2,A2
A1_00000207,99999.8900492966,unknown,UPI,21,1,0,Paytm Payments Bank,2025-02-11 13:47:00,0,0.3,0.245,0.602,2,321.53,1,1,1,1,A1,A1
E1_00000251,1896.08,education,UPI,10,0,0,SBI,2025-04-28 10:03:00,1,197.5,0.31,0.518,7,913.9,1,1,0,1,E1,E1
D2_00000129,2097.33,pharmacy,credit_card,20,5,1,Airtel Payments Bank,2025-10-14 20:48:00,0,49.8,0.837,0.169,0,227.15,0,1,0,1,D2,D2
C2_00000326,15449.13348660162,grocery,credit_card,21,1,0,PNB,2025-08-15 21:53:00,0,3.7,0.861,0.074,0,13.17,1,1,0,1,C2,C2
C1_00000118,147.40139382475718,online_retail,credit_card,20,3,0,Paytm Payments Bank,2025-07-01 20:18:00,1,46.0,0.974,0.048,0,125.98,1,1,0,1,C1,C1
B2_00000322,3216.92,unknown,UPI,20,4,0,ICICI,2025-07-16 20:10:00,1,34.2,0.076,0.936,1,598.7,1,1,0,1,B2,B2
C1_00000121,147.40139382475718,grocery,net_banking,11,3,0,Axis,2025-01-09 11:53:00,0,28.0,0.874,0.11,0,104.33,0,1,0,1,C1,C1
A3_00000254,500.10716560541925,crypto,net_banking,15,4,0,Axis,2025-11-17 09:52:00,0,0.7,0.148,0.769,2,889.46,1,1,0,1,A3,A3
C2_00000193,15449.13348660162,restaurant,debit_card,9,3,0,Airtel Payments Bank,2025-02-04 09:43:00,0,11.7,0.868,0.043,1,338.12,1,1,0,1,C2,C2
B1_00000255,3961.04,crypto,net_banking,8,2,0,BOI,2025-03-14 08:46:00,1,57.7,0.05,0.866,2,349.0,1,1,0,1,B1,B1
D1_00000238,784.34,pharmacy,debit_card,7,2,0,Paytm Payments Bank,2025-05-29 07:17:00,0,42.3,0.672,0.203,1,932.53,1,1,0,1,D1,D1
A3_00000316,998.8462625061987,unknown,debit_card,21,6,1,Axis,2025-03-17 11:56:00,0,0.8,0.103,0.797,5,327.74,1,1,1,1,A3,A3
A3_00000097,9999.239201797256,crypto,wallet,16,4,0,Paytm Payments Bank,2025-05-08 10:11:00,1,0.1,0.295,0.838,0,783.73,1,1,0,1,A3,A3
E2_00000193,1539.0,utilities,credit_card,7,4,0,PNB,2025-09-23 07:46:00,1,156.9,0.203,0.653,5,6.44,0,1,0,1,E2,E2
A1_00000083,1999.4168375138277,unknown,UPI,15,3,0,PNB,2025-08-08 15:42:00,0,0.7,0.166,0.619,0,2444.87,1,1,1,1,A1,A1
B2_00000245,4972.72,crypto,UPI,8,6,1,HDFC,2025-05-11 08:40:00,1,26.7,0.018,0.879,0,96.45,1,1,0,1,B2,B2
A2_00000140,998.7175965044709,online_retail,UPI,14,3,0,ICICI,2025-05-29 18:23:00,0,0.8,0.274,0.741,4,381.25,1,0,1,1,A2,A2
E1_00000238,175.52,clothing,debit_card,12,3,0,HDFC,2025-01-19 12:43:00,1,136.2,0.162,0.606,7,838.36,0,1,0,1,E1,E1
C1_00000211,147.40139382475718,utilities,UPI,9,1,0,HDFC,2025-04-03 09:07:00,0,57.0,0.931,0.044,0,1459.86,1,1,0,1,C1,C1
D1_00000258,75.76,electronics,UPI,21,1,0,ICICI,2025-08-04 21:01:00,0,13.1,0.616,0.156,2,369.48,1,1,0,1,D1,D1
B2_00000304,3122.9,unknown,UPI,8,3,0,PNB,2025-01-07 08:16:00,1,52.2,0.099,0.965,2,97.45,1,1,0,1,B2,B2
A1_00000182,19999.802216186847,crypto,UPI,21,4,0,SBI,2025-06-29 10:46:00,0,0.3,0.244,0.8,5,140.39,1,1,1,1,A1,A1
E1_00000222,444.48,electronics,credit_card,6,2,0,PNB,2025-08-29 06:13:00,1,168.6,0.34,0.736,3,330.96,0,1,0,1,E1,E1
E1_00000278,144.4,grocery,UPI,14,4,0,PNB,2025-08-22 14:55:00,1,108.5,0.374,0.587,3,168.44,0,1,0,1,E1,E1
B1_00000270,3543.14,crypto,debit_card,6,2,0,ICICI,2025-01-22 06:39:00,1,27.5,0.118,0.836,1,56.69,1,1,0,1,B1,B1
A3_00000275,49998.53141085407,unknown,UPI,11,6,1,Axis,2025-06-07 07:45:00,0,0.4,0.26,0.839,1,91.29,1,1,1,1,A3,A3
A1_00000299,49998.13484744097,unknown,UPI,9,3,0,ICICI,2025-04-18 16:41:00,0,0.1,0.276,0.678,5,238.38,1,1,1,1,A1,A1
B3_00000033,55929.52,unknown,credit_card,16,3,0,SBI,2025-07-14 16:50:00,1,38.0,0.017,0.942,19,98.62,1,1,0,1,B3,B3
B2_00000090,4242.25,unknown,debit_card,15,1,0,ICICI,2025-07-19 15:23:00,1,39.4,0.103,0.819,2,157.06,1,1,0,1,B2,B2
D1_00000270,367.65,utilities,credit_card,9,2,0,ICICI,2025-09-23 09:59:00,0,12.8,0.84,0.325,4,126.3,1,1,0,1,D1,D1
D1_00000173,27.91,restaurant,UPI,18,4,0,ICICI,2025-01-08 18:11:00,0,61.3,0.709,0.348,2,171.52,0,1,0,1,D1,D1
D1_00000170,58.4,grocery,credit_card,5,3,0,Kotak,2025-05-25 05:38:00,0,21.8,0.688,0.265,2,434.68,1,1,0,1,D1,D1
B2_00000056,1613.72,unknown,UPI,16,6,1,Union Bank,2025-09-03 16:34:00,1,65.8,0.053,0.821,2,17.48,1,1,0,1,B2,B2
C1_00000012,147.40139382475718,restaurant,credit_card,23,3,0,ICICI,2025-06-11 23:20:00,0,51.7,0.95,0.026,1,374.87,1,1,0,1,C1,C1
A1_00000031,999.9248461862487,unknown,UPI,20,2,0,ICICI,2025-08-10 11:12:00,0,0.1,0.184,0.61,6,285.32,1,1,1,1,A1,A1
B2_00000114,2200.08,crypto,wallet,19,0,0,BOI,2025-02-04 19:03:00,1,53.8,0.067,0.907,2,287.95,1,1,0,1,B2,B2
E1_00000172,85.49,healthcare,debit_card,15,0,0,SBI,2025-10-13 15:50:00,1,88.8,0.143,0.658,5,44.19,1,1,0,1,E1,E1
E1_00000285,32.58,travel,debit_card,13,0,0,Kotak,2025-08-04 13:31:00,1,181.1,0.331,0.471,7,3.38,0,1,0,1,E1,E1
C1_00000096,147.40139382475718,clothing,net_banking,10,6,1,HDFC,2025-01-12 10:49:00,0,26.1,0.965,0.08,2,69.49,0,0,0,1,C1,C1
E2_00000016,6504.42,restaurant,UPI,13,5,1,BOI,2025-12-19 13:04:00,1,116.3,0.373,0.561,5,1144.08,0,1,0,1,E2,E2
A1_00000109,1999.727572482194,crypto,net_banking,15,1,0,PNB,2025-02-03 12:57:00,0,0.1,0.159,0.733,5,1371.54,1,1,1,1,A1,A1
A3_00000324,499.0482707635366,online_retail,credit_card,11,0,0,Kotak,2025-08-31 09:00:00,1,0.3,0.128,0.888,6,145.53,1,1,0,1,A3,A3
E1_00000047,7221.95,restaurant,UPI,17,1,0,ICICI,2025-10-25 17:23:00,1,178.2,0.379,0.669,0,48.93,0,0,0,1,E1,E1
A3_00000259,1998.3483569128891,unknown,debit_card,9,2,0,PNB,2025-06-30 18:14:00,0,0.5,0.125,0.865,2,506.8,1,1,0,1,A3,A3
C1_00000047,147.40139382475718,grocery,credit_card,22,3,0,Union Bank,2025-02-01 22:15:00,0,28.8,0.882,0.032,0,73.64,0,0,0,1,C1,C1
C2_00000340,15449.13348660162,entertainment,UPI,16,1,0,HDFC,2025-03-08 16:04:00,0,24.7,0.92,0.087,1,159.04,1,1,0,1,C2,C2
C2_00000333,15449.13348660162,restaurant,wallet,14,2,0,ICICI,2025-07-11 14:26:00,1,54.9,0.864,0.077,0,138.55,0,1,0,1,C2,C2
B1_00000116,1863.86,unknown,net_banking,12,1,0,SBI,2025-03-09 12:06:00,1,14.7,0.049,0.958,2,34.55,1,1,0,1,B1,B1
A3_00000079,9998.58802974034,crypto,UPI,21,3,0,ICICI,2025-07-28 10:28:00,0,0.1,0.244,0.792,7,407.45,1,1,0,1,A3,A3
B3_00000148,45829.71,unknown,UPI,11,3,0,Union Bank,2025-08-16 11:46:00,1,37.6,0.129,0.806,5,205.28,1,1,0,1,B3,B3
E1_00000137,157.24,pharmacy,UPI,18,0,0,Kotak,2025-01-25 18:13:00,1,165.2,0.333,0.56,1,4115.11,0,1,0,1,E1,E1
D1_00000063,217.24,utilities,wallet,11,6,1,Airtel Payments Bank,2025-06-19 11:24:00,0,61.0,0.813,0.252,1,602.9,0,1,0,1,D1,D1
B1_00000309,3680.4,unknown,credit_card,11,4,0,Axis,2025-06-10 11:28:00,1,25.1,0.133,0.85,2,387.91,1,1,0,1,B1,B1
D2_00000302,2683.48,clothing,UPI,14,1,0,HDFC,2025-01-21 14:53:00,0,25.1,0.714,0.216,2,173.6,0,1,0,1,D2,D2
C1_00000226,147.40139382475718,grocery,UPI,11,1,0,BOI,2025-04-26 11:09:00,0,51.3,0.981,0.062,0,438.86,0,1,0,1,C1,C1
A3_00000328,19998.534154573026,unknown,UPI,21,1,0,ICICI,2025-09-16 16:44:00,0,0.3,0.253,0.79,6,79.92,1,1,1,1,A3,A3
A2_00000023,1998.3668775311837,online_retail,UPI,11,0,0,PNB,2025-09-09 13:17:00,0,0.2,0.255,0.634,4,73.49,1,1,0,1,A2,A2
A2_00000058,19998.0575032033,crypto,credit_card,9,3,0,PNB,2025-03-30 15:31:00,0,0.1,0.225,0.934,3,91.19,1,1,1,1,A2,A2
A3_00000088,998.4024261476676,crypto,wallet,9,4,0,PNB,2025-04-02 20:32:00,0,0.3,0.296,0.608,4,109.98,1,1,1,1,A3,A3
A3_00000042,19998.379320224463,online_retail,credit_card,11,4,0,ICICI,2025-05-10 19:05:00,0,0.8,0.107,0.627,0,179.99,1,1,0,1,A3,A3
C2_00000217,15449.13348660162,pharmacy,net_banking,15,0,0,Airtel Payments Bank,2025-01-18 15:39:00,0,53.2,0.856,0.118,0,234.09,1,0,0,1,C2,C2
A2_00000217,99998.74162474422,crypto,UPI,9,1,0,Kotak,2025-01-15 19:52:00,0,0.8,0.122,0.895,2,23.51,1,1,1,1,A2,A2
D1_00000335,66.45,electronics,credit_card,10,5,1,Paytm Payments Bank,2025-07-14 10:55:00,0,54.7,0.703,0.349,3,34.46,0,1,0,1,D1,D1
A3_00000065,49998.76410771508,unknown,UPI,14,4,0,BOI,2025-05-18 13:13:00,0,0.4,0.257,0.882,7,128.75,1,1,0,1,A3,A3
A1_00000142,49998.560164803734,unknown,UPI,14,5,1,PNB,2025-10-05 21:26:00,0,0.2,0.162,0.944,5,743.68,1,1,1,1,A1,A1
A3_00000284,1999.429519877485,online_retail,UPI,9,3,0,PNB,2025-02-17 09:47:00,0,0.7,0.186,0.682,1,483.14,1,1,0,1,A3,A3
B2_00000165,4819.79,crypto,debit_card,9,1,0,ICICI,2025-06-28 09:10:00,1,18.5,0.065,0.703,2,1351.35,1,1,0,1,B2,B2
D1_00000004,59.25,fuel,credit_card,19,4,0,BOI,2025-01-14 19:08:00,1,50.2,0.665,0.153,6,5.46,1,1,0,1,D1,D1
B3_00000193,15394.84,unknown,debit_card,4,2,0,BOI,2025-03-17 04:37:00,1,67.7,0.134,0.934,15,338.3,1,1,0,1,B3,B3
C2_00000127,15449.13348660162,restaurant,UPI,19,2,0,Airtel Payments Bank,2025-08-18 19:59:00,1,21.9,0.908,0.047,0,111.72,1,1,0,1,C2,C2
C2_00000096,15449.13348660162,fuel,UPI,9,6,1,HDFC,2025-12-09 09:35:00,1,29.5,0.998,0.054,0,148.24,0,1,0,1,C2,C2
E1_00000055,62.8,electronics,credit_card,9,1,0,Kotak,2025-09-10 09:20:00,1,79.6,0.27,0.572,1,25.47,0,1,0,1,E1,E1
B2_00000013,593.76,unknown,net_banking,22,2,0,Airtel Payments Bank,2025-09-07 22:55:00,1,57.1,0.065,0.969,0,391.09,1,1,0,1,B2,B2
D1_00000207,56.55,pharmacy,debit_card,21,6,1,Airtel Payments Bank,2025-12-24 21:31:00,0,23.6,0.7,0.183,3,8.83,0,1,0,1,D1,D1
A2_00000118,19998.041547322322,crypto,debit_card,21,6,1,SBI,2025-06-19 22:37:00,0,0.0,0.119,0.74,3,88.14,1,1,1,1,A2,A2
A3_00000251,500.7792026187734,unknown,debit_card,11,1,0,Paytm Payments Bank,2025-04-20 19:06:00,0,0.5,0.206,0.705,6,20.89,1,1,0,1,A3,A3
A2_00000065,1999.3989341686918,unknown,credit_card,16,4,0,Union Bank,2025-05-03 18:20:00,0,0.7,0.255,0.885,2,87.12,1,1,0,1,A2,A2
D2_00000012,2947.86,restaurant,UPI,8,4,0,HDFC,2025-12-26 08:36:00,0,2.3,0.783,0.226,4,13.23,0,1,0,1,D2,D2
A1_00000256,999.2284028713359,unknown,UPI,15,1,0,PNB,2025-10-03 08:30:00,0,0.5,0.279,0.664,3,150.86,1,1,1,1,A1,A1
D1_00000184,179.4,education,credit_card,18,1,0,SBI,2025-08-28 18:55:00,1,14.0,0.685,0.223,6,925.05,0,1,0,1,D1,D1
E1_00000038,543.06,pharmacy,credit_card,22,6,1,Airtel Payments Bank,2025-04-23 22:49:00,1,49.4,0.209,0.555,4,100.09,0,1,0,1,E1,E1
A1_00000287,998.3964480616789,unknown,wallet,11,2,0,ICICI,2025-01-25 21:25:00,0,0.4,0.207,0.812,7,1610.04,1,1,1,1,A1,A1
E2_00000306,10.26,electronics,UPI,7,6,1,ICICI,2025-06-16 07:19:00,1,190.8,0.217,0.616,5,158.36,1,1,0,1,E2,E2
A3_00000338,1999.8737901789236,unknown,debit_card,15,2,0,BOI,2025-12-24 10:21:00,1,0.1,0.293,0.647,5,9.0,1,1,0,1,A3,A3
E1_00000114,121.1,pharmacy,debit_card,4,6,1,PNB,2025-07-31 04:21:00,1,68.5,0.206,0.671,3,1499.24,0,1,0,1,E1,E1
B3_00000238,10366.68,unknown,UPI,19,1,0,ICICI,2025-11-01 19:46:00,1,15.7,0.168,0.956,6,30.01,1,0,0,1,B3,B3
B1_00000183,3388.05,unknown,credit_card,18,3,0,HDFC,2025-11-08 18:46:00,1,46.3,0.129,0.723,0,110.09,1,1,0,1,B1,B1
E1_00000083,421.61,restaurant,credit_card,0,1,0,Airtel Payments Bank,2025-04-24 00:43:00,1,77.4,0.25,0.634,2,3083.43,0,1,0,1,E1,E1
B1_00000233,737.77,crypto,credit_card,8,0,0,Airtel Payments Bank,2025-08-05 08:16:00,1,9.3,0.005,0.86,1,677.76,1,1,0,1,B1,B1
B2_00000069,2742.66,crypto,wallet,9,0,0,Airtel Payments Bank,2025-05-07 09:50:00,1,19.5,0.002,0.982,1,75.15,1,1,0,1,B2,B2
E1_00000160,1249.66,travel,UPI,7,6,1,ICICI,2025-11-02 07:22:00,1,132.8,0.118,0.609,2,216.68,0,1,0,1,E1,E1
A2_00000210,4999.974499039386,unknown,UPI,21,4,0,Kotak,2025-03-19 06:28:00,0,0.9,0.244,0.636,4,659.99,1,0,0,1,A2,A2
A3_00000266,1999.9508947387696,crypto,UPI,14,0,0,Union Bank,2025-05-20 14:39:00,0,1.0,0.144,0.942,3,18.26,1,1,1,1,A3,A3
D2_00000045,995.42,utilities,UPI,20,0,0,Airtel Payments Bank,2025-08-11 20:13:00,0,34.9,0.848,0.314,3,4649.84,1,1,0,1,D2,D2
C2_00000039,15449.13348660162,grocery,credit_card,9,5,1,ICICI,2025-12-01 09:20:00,1,32.8,0.99,0.067,0,102.5,0,1,1,1,C2,C2
A1_00000342,9999.54711245662,unknown,debit_card,11,3,0,ICICI,2025-08-05 10:14:00,0,0.9,0.11,0.711,5,147.7,1,1,1,1,A1,A1
B3_00000236,23529.3,unknown,UPI,19,6,1,Kotak,2025-05-14 19:15:00,1,23.1,0.16,0.902,8,2933.17,1,1,0,1,B3,B3
B3_00000017,31514.21,unknown,debit_card,8,6,1,ICICI,2025-05-18 08:38:00,1,8.1,0.1,0.836,8,288.39,1,1,0,1,B3,B3
A2_00000272,49998.87390089858,crypto,debit_card,9,4,0,Kotak,2025-05-04 02:04:00,0,0.1,0.229,0.678,3,248.9,1,0,1,1,A2,A2
E1_00000092,232.52,online_retail,debit_card,19,5,1,PNB,2025-02-23 19:08:00,1,68.1,0.318,0.75,3,173.76,0,1,0,1,E1,E1
E1_00000349,6724.91,utilities,UPI,20,6,1,Paytm Payments Bank,2025-06-18 20:54:00,1,66.4,0.185,0.636,5,32.98,0,1,0,1,E1,E1
A2_00000051,49999.2903173523,unknown,UPI,16,5,1,Paytm Payments Bank,2025-12-14 19:23:00,0,0.1,0.184,0.705,1,591.6,1,1,0,1,A2,A2
B2_00000338,3611.82,unknown,debit_card,7,6,1,PNB,2025-12-09 07:50:00,1,43.0,0.069,0.899,0,294.93,1,1,0,1,B2,B2
B3_00000141,39628.37,unknown,debit_card,12,3,0,SBI,2025-08-19 12:02:00,1,57.4,0.158,0.984,16,674.82,1,1,0,1,B3,B3
D1_00000143,228.71,fuel,UPI,15,1,0,PNB,2025-11-27 15:44:00,0,21.5,0.673,0.31,0,27.44,1,1,0,1,D1,D1
B1_00000321,2585.87,crypto,UPI,19,6,1,BOI,2025-07-27 19:29:00,1,11.2,0.069,0.977,2,162.98,1,1,0,1,B1,B1
D2_00000108,56.63,entertainment,debit_card,9,1,0,BOI,2025-09-14 09:08:00,0,39.6,0.681,0.25,3,100.55,1,1,0,1,D2,D2
C2_00000111,15449.13348660162,clothing,debit_card,19,5,1,HDFC,2025-07-29 19:50:00,0,35.0,0.946,0.084,0,29.27,1,1,0,1,C2,C2
B1_00000118,1649.94,unknown,credit_card,20,4,0,PNB,2025-12-09 20:15:00,1,15.5,0.042,0.903,1,48.14,1,1,0,1,B1,B1
B1_00000238,4191.9,crypto,credit_card,13,6,1,Airtel Payments Bank,2025-04-28 13:08:00,1,70.6,0.068,0.822,1,62.56,1,1,0,1,B1,B1
C2_00000191,15449.13348660162,pharmacy,credit_card,7,3,0,Axis,2025-11-02 07:42:00,0,69.5,0.864,0.017,0,1360.59,1,1,0,1,C2,C2
B1_00000179,3638.3,crypto,UPI,11,1,0,HDFC,2025-02-13 11:13:00,1,10.3,0.049,0.798,0,14.33,1,1,0,1,B1,B1
E1_00000218,763.13,healthcare,credit_card,15,5,1,BOI,2025-06-14 15:39:00,1,187.1,0.271,0.693,5,83.56,0,1,0,1,E1,E1
A3_00000050,19999.548225604845,unknown,debit_card,21,4,0,SBI,2025-11-10 13:54:00,0,0.6,0.178,0.93,5,13.66,1,1,0,1,A3,A3
D2_00000002,551.15,education,net_banking,8,6,1,ICICI,2025-06-06 08:05:00,1,62.1,0.827,0.319,4,253.46,0,1,0,1,D2,D2
E2_00000280,304.42,fuel,UPI,11,3,0,ICICI,2025-05-18 11:54:00,1,181.6,0.153,0.776,4,23.91,0,1,0,1,E2,E2
B3_00000132,47329.49,unknown,UPI,19,3,0,Airtel Payments Bank,2025-08-19 19:59:00,1,53.8,0.134,0.824,18,45.17,1,1,0,1,B3,B3
E1_00000058,16.16,fuel,wallet,22,0,0,ICICI,2025-01-10 22:24:00,1,76.0,0.176,0.546,7,936.41,0,1,0,1,E1,E1
C2_00000223,15449.13348660162,clothing,debit_card,19,1,0,HDFC,2025-08-08 19:45:00,0,37.8,0.854,0.103,0,934.62,1,1,0,1,C2,C2
D2_00000022,1337.64,entertainment,debit_card,5,6,1,ICICI,2025-11-16 05:34:00,0,37.2,0.671,0.282,4,55.33,1,1,0,1,D2,D2
E1_00000168,66.55,grocery,credit_card,20,2,0,SBI,2025-11-22 20:43:00,1,150.6,0.153,0.652,0,32.08,0,1,0,1,E1,E1
A3_00000170,4999.819667600404,crypto,credit_card,10,0,0,ICICI,2025-11-07 04:50:00,0,0.9,0.238,0.65,4,14.57,1,0,1,1,A3,A3
B2_00000106,1057.37,unknown,debit_card,13,6,1,Union Bank,2025-03-25 13:55:00,1,16.0,0.02,0.831,0,79.2,1,1,0,1,B2,B2
A1_00000122,99999.86753781991,unknown,UPI,16,5,1,PNB,2025-01-04 12:55:00,0,0.9,0.267,0.633,0,207.33,1,1,1,1,A1,A1
A1_00000126,9999.166640093847,unknown,credit_card,14,4,0,Airtel Payments Bank,2025-02-03 19:45:00,0,0.9,0.187,0.601,0,30.98,1,1,0,1,A1,A1
B3_00000059,12964.85,unknown,UPI,8,0,0,ICICI,2025-03-02 08:08:00,1,1.2,0.077,0.897,12,127.12,1,1,0,1,B3,B3
D2_00000000,182.63,entertainment,net_banking,15,2,0,SBI,2025-01-18 15:36:00,0,54.7,0.799,0.332,0,301.85,0,1,0,1,D2,D2
A3_00000111,49999.32646810907,crypto,debit_card,11,2,0,Axis,2025-09-19 07:10:00,0,0.4,0.14,0.914,0,9692.03,1,1,0,1,A3,A3
B2_00000093,4109.52,unknown,debit_card,10,0,0,SBI,2025-04-22 10:49:00,1,48.2,0.097,0.833,0,253.16,1,1,0,1,B2,B2
A1_00000240,19999.67409406344,crypto,credit_card,20,3,0,BOI,2025-07-30 22:22:00,0,0.6,0.291,0.82,1,470.83,1,1,0,1,A1,A1
E1_00000155,22.43,pharmacy,credit_card,16,0,0,Kotak,2025-02-16 16:34:00,1,182.0,0.259,0.572,5,411.92,0,1,0,1,E1,E1
B3_00000187,35001.46,unknown,UPI,9,5,1,PNB,2025-04-25 09:15:00,1,66.6,0.115,0.803,5,495.97,1,1,0,1,B3,B3
C1_00000140,147.40139382475718,online_retail,UPI,17,4,0,PNB,2025-04-19 17:06:00,0,58.7,0.93,0.108,0,39.87,1,1,0,1,C1,C1
B1_00000326,4266.54,unknown,debit_card,21,0,0,HDFC,2025-08-15 21:37:00,1,60.7,0.089,0.835,2,21.98,1,1,0,1,B1,B1
B3_00000231,21554.49,unknown,credit_card,10,3,0,Airtel Payments Bank,2025-05-09 10:34:00,1,12.0,0.121,0.843,15,582.67,1,1,0,1,B3,B3
B2_00000277,560.74,unknown,UPI,7,5,1,ICICI,2025-05-14 07:13:00,1,45.2,0.063,0.726,2,124.87,1,1,0,1,B2,B2
E2_00000009,1676.32,restaurant,UPI,17,2,0,Airtel Payments Bank,2025-10-07 17:33:00,1,147.3,0.279,0.649,0,887.67,0,1,0,1,E2,E2
A2_00000235,99998.23794803099,online_retail,UPI,20,2,0,Axis,2025-08-22 21:15:00,0,0.4,0.208,0.84,6,912.35,1,1,1,1,A2,A2
E1_00000110,288.16,grocery,debit_card,14,4,0,Paytm Payments Bank,2025-02-04 14:09:00,1,182.6,0.342,0.505,1,193.51,0,0,0,1,E1,E1
D1_00000156,337.3,restaurant,credit_card,12,4,0,HDFC,2025-10-12 12:03:00,0,10.6,0.672,0.2,2,1047.74,0,1,0,1,D1,D1
C2_00000120,15449.13348660162,grocery,UPI,18,1,0,Union Bank,2025-07-31 18:07:00,0,13.1,0.864,0.063,1,1135.39,1,1,0,1,C2,C2
B3_00000027,11473.6,unknown,UPI,16,2,0,SBI,2025-08-19 16:37:00,1,58.4,0.062,0.893,14,318.41,1,1,0,1,B3,B3
D2_00000322,66.55,entertainment,UPI,16,4,0,PNB,2025-10-06 16:05:00,0,43.2,0.699,0.274,6,90.79,1,1,0,1,D2,D2
C2_00000237,15449.13348660162,grocery,debit_card,21,4,0,SBI,2025-04-22 21:25:00,0,56.3,0.894,0.054,1,28.53,0,1,0,1,C2,C2
A3_00000331,1999.1894791982645,online_retail,UPI,15,4,0,Axis,2025-09-19 09:16:00,0,0.1,0.258,0.718,6,61.74,1,1,1,1,A3,A3
B1_00000040,1675.15,unknown,credit_card,18,6,1,Paytm Payments Bank,2025-05-08 18:22:00,1,13.9,0.078,0.89,1,180.32,1,1,0,1,B1,B1
B1_00000188,4203.18,unknown,UPI,11,2,0,Kotak,2025-05-04 11:42:00,1,26.8,0.14,0.905,1,23.19,1,1,0,1,B1,B1
C1_00000250,147.40139382475718,pharmacy,UPI,9,5,1,Axis,2025-04-10 09:12:00,0,63.6,0.966,0.098,1,1164.91,1,1,0,1,C1,C1
D1_00000030,172.4,pharmacy,UPI,10,2,0,Union Bank,2025-08-29 10:56:00,0,6.6,0.803,0.292,3,64.71,1,1,0,1,D1,D1
B1_00000204,729.82,unknown,net_banking,2,2,0,ICICI,2025-10-30 02:49:00,1,39.2,0.014,0.75,2,75.07,1,1,0,1,B1,B1
B1_00000219,3855.34,crypto,UPI,16,1,0,Paytm Payments Bank,2025-03-29 16:09:00,1,61.1,0.088,0.894,1,2074.07,1,1,0,1,B1,B1
A2_00000219,49999.37774629079,unknown,debit_card,20,6,1,Kotak,2025-06-12 13:20:00,1,0.5,0.148,0.626,4,114.97,1,1,0,1,A2,A2
D1_00000141,100.62,grocery,UPI,19,3,0,PNB,2025-03-02 19:54:00,0,23.5,0.605,0.231,5,101.29,0,1,0,1,D1,D1
A3_00000271,1998.3879740834561,crypto,credit_card,14,1,0,HDFC,2025-04-18 10:09:00,0,0.5,0.257,0.836,7,220.77,1,1,0,1,A3,A3
A2_00000099,9999.905485730056,unknown,UPI,15,6,1,Kotak,2025-12-04 16:22:00,0,0.7,0.292,0.908,0,385.12,1,1,0,1,A2,A2
B1_00000277,2499.1,unknown,UPI,11,6,1,Union Bank,2025-12-18 11:10:00,1,23.8,0.135,0.872,2,149.53,1,1,0,1,B1,B1
B3_00000293,19786.72,unknown,UPI,14,1,0,Kotak,2025-04-02 14:20:00,1,47.1,0.016,0.922,18,94.17,1,1,0,1,B3,B3
C2_00000280,15449.13348660162,pharmacy,debit_card,5,1,0,BOI,2025-03-27 05:13:00,0,39.3,0.92,0.047,2,4831.25,0,1,0,1,C2,C2
A1_00000115,49998.782760852606,unknown,UPI,9,0,0,Kotak,2025-08-10 04:39:00,0,0.7,0.176,0.835,3,323.69,1,1,1,1,A1,A1
C2_00000198,15449.13348660162,online_retail,UPI,12,0,0,Union Bank,2025-06-14 12:41:00,0,29.5,0.9,0.092,1,53.21,1,1,0,1,C2,C2
B3_00000252,40483.85,unknown,credit_card,7,2,0,HDFC,2025-12-27 07:30:00,1,17.2,0.07,0.964,12,710.01,1,1,0,1,B3,B3
B3_00000191,9239.57,unknown,debit_card,21,2,0,Airtel Payments Bank,2025-03-02 21:24:00,1,12.5,0.102,0.869,13,551.3,1,1,0,1,B3,B3
D1_00000217,34.4,education,debit_card,16,4,0,Union Bank,2025-11-01 16:36:00,1,71.1,0.686,0.259,4,693.92,1,1,0,1,D1,D1
B1_00000191,3540.48,unknown,UPI,10,2,0,SBI,2025-11-04 10:43:00,1,32.7,0.084,0.832,2,505.97,1,1,0,1,B1,B1
E2_00000337,59.74,fuel,debit_card,21,0,0,Union Bank,2025-02-13 21:03:00,1,98.5,0.112,0.767,0,107.55,1,1,0,1,E2,E2
B3_00000131,18322.47,unknown,debit_card,20,6,1,Union Bank,2025-02-03 20:57:00,1,6.6,0.016,0.829,10,230.83,1,1,0,1,B3,B3
B3_00000246,22222.75,unknown,debit_card,20,4,0,Airtel Payments Bank,2025-08-08 20:10:00,1,49.7,0.053,0.89,10,5.23,1,1,0,1,B3,B3
B2_00000144,3411.86,unknown,UPI,10,6,1,ICICI,2025-02-26 10:59:00,1,32.5,0.039,0.912,2,6.55,1,1,0,1,B2,B2
D1_00000101,2308.07,restaurant,debit_card,7,6,1,PNB,2025-08-10 07:14:00,0,63.5,0.697,0.235,3,257.24,0,1,0,1,D1,D1
D2_00000277,27.27,entertainment,UPI,11,0,0,PNB,2025-02-19 11:31:00,0,65.4,0.834,0.196,4,495.17,0,1,0,1,D2,D2
C1_00000139,147.40139382475718,grocery,UPI,20,3,0,PNB,2025-11-08 20:58:00,0,45.8,0.922,0.037,2,526.04,1,1,0,1,C1,C1
A2_00000215,500.6580875002029,unknown,UPI,9,0,0,Axis,2025-05-13 06:58:00,0,0.9,0.239,0.829,3,79.55,1,1,0,1,A2,A2
D1_00000139,6.33,restaurant,UPI,9,5,1,Union Bank,2025-05-13 09:07:00,0,18.6,0.813,0.256,7,31.78,0,1,0,1,D1,D1
E2_00000025,369.34,fuel,net_banking,23,1,0,Airtel Payments Bank,2025-07-18 23:21:00,1,178.8,0.391,0.474,2,97.44,0,0,0,1,E2,E2
A3_00000297,1998.8597931587417,unknown,credit_card,15,2,0,SBI,2025-01-10 19:13:00,0,0.1,0.286,0.671,7,276.37,1,1,0,1,A3,A3
B2_00000200,592.07,unknown,credit_card,9,2,0,Kotak,2025-09-08 09:57:00,1,16.1,0.062,0.922,2,454.09,1,1,0,1,B2,B2
C1_00000145,147.40139382475718,fuel,credit_card,15,3,0,Axis,2025-09-19 15:05:00,0,11.9,0.998,0.079,2,74.74,1,1,0,1,C1,C1
E1_00000220,76.74,pharmacy,net_banking,13,2,0,Union Bank,2025-10-12 13:52:00,1,54.5,0.233,0.636,7,154.98,0,1,0,1,E1,E1
C1_00000040,147.40139382475718,fuel,UPI,20,4,0,SBI,2025-04-01 20:04:00,1,40.1,0.906,0.05,1,211.65,1,1,0,1,C1,C1
C1_00000090,147.40139382475718,fuel,debit_card,14,0,0,Union Bank,2025-08-20 14:32:00,0,64.3,0.921,0.1,0,91.76,1,1,0,1,C1,C1
A3_00000289,99999.72518904442,crypto,credit_card,16,3,0,PNB,2025-02-22 20:54:00,0,0.9,0.225,0.797,6,8.01,1,1,1,1,A3,A3
D2_00000025,36.9,restaurant,credit_card,19,1,0,BOI,2025-01-23 19:09:00,0,16.5,0.838,0.322,3,42.2,0,1,0,1,D2,D2
E1_00000225,141.17,pharmacy,UPI,7,5,1,Kotak,2025-02-14 07:00:00,1,49.8,0.245,0.65,1,464.45,0,1,0,1,E1,E1
E1_00000288,6836.7,grocery,debit_card,11,4,0,BOI,2025-08-10 11:44:00,1,58.8,0.214,0.625,5,15.99,0,1,0,1,E1,E1
E1_00000196,90.98,clothing,UPI,16,2,0,PNB,2025-05-04 16:51:00,1,71.2,0.161,0.631,3,457.48,0,0,0,1,E1,E1
B3_00000220,20666.17,unknown,credit_card,11,3,0,Union Bank,2025-08-14 11:12:00,1,11.5,0.173,0.931,15,35.96,1,1,1,1,B3,B3
C1_00000349,147.40139382475718,clothing,UPI,7,1,0,PNB,2025-01-31 07:53:00,0,20.9,0.876,0.046,0,26.72,1,1,0,1,C1,C1
D2_00000265,508.31,clothing,net_banking,14,3,0,Union Bank,2025-07-25 14:53:00,0,27.0,0.807,0.242,0,183.16,0,1,0,1,D2,D2
A1_00000124,99999.64756271678,crypto,debit_card,20,0,0,Paytm Payments Bank,2025-09-10 08:26:00,0,0.8,0.21,0.944,3,98.38,1,0,1,1,A1,A1
C1_00000318,147.40139382475718,restaurant,credit_card,13,4,0,Paytm Payments Bank,2025-05-29 13:27:00,0,29.5,0.907,0.053,2,846.03,0,1,0,1,C1,C1
C1_00000309,147.40139382475718,fuel,net_banking,16,0,0,BOI,2025-10-08 16:13:00,0,21.2,0.916,0.104,2,179.56,0,1,0,1,C1,C1
B3_00000276,30974.21,unknown,UPI,10,4,0,Axis,2025-05-20 10:12:00,1,48.9,0.008,0.962,7,154.49,1,1,0,1,B3,B3
A3_00000013,9998.734923813483,unknown,UPI,10,6,1,ICICI,2025-06-04 12:31:00,0,0.6,0.185,0.839,1,461.07,1,1,1,1,A3,A3
C2_00000264,15449.13348660162,education,UPI,17,1,0,Axis,2025-11-10 17:18:00,0,9.7,0.854,0.115,0,587.79,1,1,0,1,C2,C2
D1_00000091,212.46,healthcare,UPI,8,4,0,Paytm Payments Bank,2025-07-18 08:45:00,0,60.6,0.616,0.19,4,53.87,1,1,0,1,D1,D1
B1_00000082,1404.3,unknown,UPI,22,2,0,SBI,2025-01-13 22:40:00,1,35.8,0.063,0.769,2,236.41,1,1,0,1,B1,B1
A1_00000320,4998.765676017796,crypto,UPI,16,2,0,Union Bank,2025-06-17 14:58:00,0,0.8,0.249,0.857,1,454.49,1,1,0,1,A1,A1
C1_00000212,147.40139382475718,utilities,credit_card,11,4,0,ICICI,2025-08-07 11:26:00,0,36.1,0.872,0.094,0,92.66,1,1,0,1,C1,C1
C1_00000002,147.40139382475718,pharmacy,debit_card,18,0,0,Axis,2025-02-28 18:27:00,1,27.2,0.98,0.035,1,46.09,1,1,0,1,C1,C1
A3_00000342,998.7473174566387,online_retail,credit_card,21,3,0,SBI,2025-12-09 19:05:00,1,0.5,0.127,0.615,4,125.86,1,0,1,1,A3,A3
C2_00000033,15449.13348660162,travel,debit_card,11,3,0,PNB,2025-10-17 11:07:00,0,2.0,0.856,0.004,0,86.27,1,1,0,1,C2,C2
B3_00000069,14860.74,unknown,credit_card,15,2,0,Kotak,2025-08-21 15:50:00,1,39.1,0.032,0.921,8,80.6,1,1,0,1,B3,B3
C2_00000125,15449.13348660162,grocery,wallet,22,5,1,ICICI,2025-05-31 22:06:00,0,54.5,0.952,0.114,0,337.0,1,1,0,1,C2,C2
E1_00000049,371.94,electronics,debit_card,13,6,1,Union Bank,2025-08-26 13:15:00,1,105.7,0.393,0.71,1,143.54,0,1,0,1,E1,E1
A1_00000063,4998.977692072259,online_retail,UPI,20,2,0,Airtel Payments Bank,2025-03-24 07:49:00,0,0.7,0.104,0.632,2,339.34,1,1,1,1,A1,A1
C1_00000014,147.40139382475718,grocery,debit_card,18,0,0,BOI,2025-03-29 18:41:00,0,50.3,0.974,0.002,1,96.48,0,1,0,1,C1,C1
E2_00000137,14.29,travel,debit_card,7,4,0,Axis,2025-01-24 07:14:00,1,102.5,0.173,0.728,6,593.4,0,1,0,1,E2,E2
D1_00000253,191.22,fuel,UPI,13,1,0,Axis,2025-07-15 13:50:00,0,37.2,0.601,0.316,1,7.9,0,1,0,1,D1,D1
E1_00000185,963.02,travel,UPI,21,6,1,BOI,2025-01-27 21:44:00,1,102.8,0.148,0.477,1,4320.81,0,0,0,1,E1,E1
A2_00000295,4998.272253119895,unknown,UPI,10,0,0,Airtel Payments Bank,2025-05-15 19:45:00,0,0.2,0.292,0.822,1,363.53,1,1,0,1,A2,A2
B1_00000140,3416.79,unknown,debit_card,20,4,0,Paytm Payments Bank,2025-04-15 20:51:00,1,25.6,0.083,0.988,2,446.7,1,1,0,1,B1,B1
A1_00000348,1998.0274757172328,unknown,UPI,14,3,0,Kotak,2025-11-19 19:14:00,0,0.9,0.256,0.691,5,539.53,1,1,1,1,A1,A1
B1_00000266,4846.75,crypto,UPI,15,4,0,BOI,2025-08-18 15:55:00,1,64.0,0.014,0.91,2,613.35,1,1,0,1,B1,B1
E2_00000213,2692.6,grocery,debit_card,18,4,0,PNB,2025-01-26 18:35:00,1,147.9,0.335,0.64,3,466.19,0,1,0,1,E2,E2
A1_00000029,19999.155375785034,unknown,UPI,20,0,0,BOI,2025-09-15 19:30:00,0,0.8,0.29,0.714,4,319.68,1,1,1,1,A1,A1
C2_00000126,15449.13348660162,restaurant,UPI,17,1,0,Axis,2025-10-27 17:57:00,0,48.4,0.909,0.035,2,119.6,1,1,0,1,C2,C2
B2_00000130,2229.15,crypto,debit_card,0,1,0,Airtel Payments Bank,2025-02-22 00:14:00,1,14.9,0.054,0.956,0,60.41,1,1,0,1,B2,B2
E1_00000147,728.78,grocery,credit_card,16,4,0,Axis,2025-07-04 16:00:00,1,67.5,0.219,0.618,6,3063.79,0,1,0,1,E1,E1
B2_00000219,3460.81,crypto,debit_card,22,4,0,Kotak,2025-07-01 22:18:00,1,63.9,0.145,0.84,2,35.41,1,1,0,1,B2,B2
E2_00000236,97.92,clothing,debit_card,13,4,0,Axis,2025-01-08 13:26:00,1,181.3,0.355,0.589,1,518.37,0,1,0,1,E2,E2
A1_00000301,500.64245321215583,online_retail,debit_card,9,2,0,Union Bank,2025-10-21 09:14:00,0,0.0,0.23,0.659,0,21.64,1,1,0,1,A1,A1
B2_00000188,2520.79,crypto,UPI,12,0,0,Union Bank,2025-12-08 12:13:00,1,19.2,0.136,0.787,1,254.09,1,1,0,1,B2,B2
C1_00000319,147.40139382475718,restaurant,debit_card,9,1,0,Airtel Payments Bank,2025-12-17 09:32:00,0,49.5,0.981,0.076,1,16.73,0,1,0,1,C1,C1
C2_00000044,15449.13348660162,entertainment,UPI,15,1,0,Kotak,2025-09-21 15:49:00,0,65.3,0.861,0.117,1,67.02,0,1,0,1,C2,C2
E1_00000241,674.44,restaurant,debit_card,10,3,0,PNB,2025-11-23 10:15:00,1,198.9,0.351,0.656,7,124.27,0,1,0,1,E1,E1
A2_00000191,9998.434077982734,online_retail,debit_card,11,6,1,PNB,2025-12-26 06:21:00,0,0.1,0.185,0.606,4,18.67,1,1,1,1,A2,A2
B1_00000122,2291.57,unknown,debit_card,16,1,0,SBI,2025-07-25 16:20:00,1,68.5,0.051,0.91,2,162.4,1,1,0,1,B1,B1
E2_00000240,2815.77,clothing,UPI,19,4,0,ICICI,2025-09-08 19:01:00,1,198.8,0.24,0.683,4,227.08,0,1,0,1,E2,E2
B1_00000263,2475.09,crypto,UPI,11,5,1,BOI,2025-09-17 11:57:00,1,24.4,0.004,0.777,1,190.31,1,1,0,1,B1,B1
A1_00000293,500.0119452681304,unknown,UPI,14,0,0,Airtel Payments Bank,2025-09-28 19:50:00,0,0.7,0.215,0.895,2,169.49,1,1,1,1,A1,A1
B3_00000306,32250.08,unknown,net_banking,12,2,0,Paytm Payments Bank,2025-04-26 12:12:00,1,19.9,0.196,0.962,7,58.34,1,1,0,1,B3,B3
C1_00000141,147.40139382475718,utilities,debit_card,8,3,0,ICICI,2025-05-03 08:13:00,0,39.7,0.854,0.062,0,18.56,1,1,0,1,C1,C1
B2_00000331,2153.56,crypto,credit_card,19,0,0,Axis,2025-10-04 19:54:00,1,41.0,0.119,0.967,1,400.35,1,1,0,1,B2,B2
B3_00000051,13057.98,unknown,UPI,9,4,0,BOI,2025-07-17 09:38:00,1,22.7,0.104,0.826,18,119.08,1,1,0,1,B3,B3
D1_00000210,126.37,grocery,debit_card,15,3,0,Paytm Payments Bank,2025-06-22 15:27:00,0,66.2,0.74,0.337,6,40.25,1,1,0,1,D1,D1
A1_00000334,9999.92132977186,unknown,debit_card,11,6,1,PNB,2025-09-07 13:25:00,0,0.8,0.103,0.716,4,613.8,1,1,1,1,A1,A1
C1_00000230,147.40139382475718,pharmacy,credit_card,10,3,0,Union Bank,2025-02-20 10:04:00,1,22.4,0.955,0.035,0,19.71,0,1,0,1,C1,C1
B2_00000141,4657.82,crypto,UPI,8,5,1,Paytm Payments Bank,2025-06-05 08:08:00,1,51.3,0.116,0.737,2,437.21,1,1,0,1,B2,B2
A1_00000305,499.7219428516567,online_retail,credit_card,10,4,0,Airtel Payments Bank,2025-07-25 10:19:00,1,0.1,0.181,0.733,2,104.22,1,1,1,1,A1,A1
A1_00000161,49999.5784950965,crypto,UPI,15,3,0,SBI,2025-12-17 08:05:00,0,0.9,0.288,0.78,2,627.36,1,1,1,1,A1,A1
D1_00000060,29.35,restaurant,UPI,13,5,1,Paytm Payments Bank,2025-08-27 13:22:00,0,70.1,0.8,0.181,7,587.27,0,1,0,1,D1,D1
C2_00000201,15449.13348660162,fuel,UPI,9,2,0,Axis,2025-12-05 09:57:00,0,15.6,0.992,0.037,1,154.32,1,1,1,1,C2,C2
A2_00000238,999.207262342794,crypto,debit_card,15,3,0,Paytm Payments Bank,2025-02-05 22:05:00,0,0.2,0.233,0.669,0,230.48,1,1,0,1,A2,A2
C1_00000092,147.40139382475718,pharmacy,debit_card,6,6,1,Union Bank,2025-03-10 06:34:00,0,49.5,0.913,0.119,2,166.69,0,1,0,1,C1,C1
C1_00000166,147.40139382475718,restaurant,credit_card,1,1,0,ICICI,2025-05-04 01:24:00,0,34.8,0.934,0.066,2,367.56,1,1,0,1,C1,C1
D2_00000185,133.02,grocery,net_banking,9,2,0,HDFC,2025-01-13 09:07:00,1,52.1,0.671,0.272,7,94.32,0,1,0,1,D2,D2
E2_00000304,143.25,fuel,wallet,22,6,1,Airtel Payments Bank,2025-05-17 22:58:00,1,192.8,0.234,0.772,3,75.95,0,1,0,1,E2,E2
D1_00000282,98.57,fuel,UPI,20,2,0,HDFC,2025-10-13 20:23:00,0,11.9,0.673,0.167,3,508.45,0,1,0,1,D1,D1
E2_00000125,16.19,education,debit_card,23,2,0,Airtel Payments Bank,2025-12-11 23:12:00,1,177.5,0.3,0.776,1,3302.34,0,1,0,1,E2,E2
C1_00000086,147.40139382475718,restaurant,credit_card,16,5,1,ICICI,2025-11-07 16:25:00,0,17.8,0.942,0.053,2,116.88,1,1,0,1,C1,C1
E2_00000184,853.87,fuel,UPI,9,4,0,ICICI,2025-09-25 09:14:00,1,167.4,0.394,0.451,1,168.45,0,1,0,1,E2,E2
E1_00000262,220.97,fuel,UPI,10,4,0,Kotak,2025-09-12 10:31:00,1,66.1,0.28,0.632,6,21.22,0,1,0,1,E1,E1
A3_00000217,99999.19853459904,unknown,UPI,11,6,1,BOI,2025-04-16 12:49:00,0,0.7,0.102,0.779,6,70.36,1,1,1,1,A3,A3
A2_00000294,999.3484695266021,crypto,debit_card,9,5,1,Paytm Payments Bank,2025-06-30 12:48:00,0,0.4,0.256,0.905,1,35.49,1,1,0,1,A2,A2
C1_00000257,147.40139382475718,restaurant,debit_card,9,6,1,Union Bank,2025-08-25 09:04:00,1,64.8,0.918,0.035,0,6501.21,1,1,0,1,C1,C1
B3_00000056,10504.57,unknown,net_banking,7,3,0,Kotak,2025-03-07 07:19:00,1,39.0,0.019,0.95,15,436.56,1,1,0,1,B3,B3
A1_00000104,49999.947968809705,crypto,debit_card,21,1,0,HDFC,2025-05-07 15:20:00,1,0.6,0.222,0.608,5,1550.73,1,1,0,1,A1,A1
A1_00000073,4998.130540832823,crypto,UPI,21,2,0,PNB,2025-03-10 15:12:00,0,0.8,0.122,0.733,5,495.21,1,1,1,1,A1,A1
A3_00000288,99998.6154600489,online_retail,credit_card,15,4,0,Axis,2025-08-23 20:57:00,0,0.3,0.104,0.728,7,18.12,1,1,1,1,A3,A3
C1_00000064,147.40139382475718,restaurant,credit_card,12,0,0,PNB,2025-02-06 12:44:00,1,1.9,0.946,0.027,0,685.06,0,0,0,1,C1,C1
C2_00000137,15449.13348660162,utilities,UPI,16,1,0,ICICI,2025-05-22 16:32:00,0,28.8,0.873,0.079,1,428.23,1,1,0,1,C2,C2
C2_00000093,15449.13348660162,fuel,UPI,22,0,0,SBI,2025-01-05 22:53:00,0,69.2,0.903,0.01,0,631.29,1,1,0,1,C2,C2
A3_00000045,49999.821529468376,unknown,UPI,21,5,1,Union Bank,2025-12-13 09:45:00,0,0.0,0.274,0.653,0,291.7,1,1,1,1,A3,A3
C2_00000218,15449.13348660162,travel,credit_card,15,3,0,Airtel Payments Bank,2025-09-17 15:42:00,0,58.7,0.993,0.036,0,213.77,1,1,0,1,C2,C2
D2_00000156,21.03,clothing,credit_card,11,4,0,SBI,2025-01-12 11:08:00,0,46.5,0.757,0.307,4,2002.54,0,1,0,1,D2,D2
B2_00000348,3690.84,unknown,UPI,16,2,0,HDFC,2025-06-29 16:11:00,1,22.9,0.071,0.885,1,187.02,1,1,0,1,B2,B2
A3_00000026,500.7883346448047,unknown,net_banking,21,2,0,Paytm Payments Bank,2025-03-12 05:33:00,0,0.7,0.175,0.788,0,35.01,1,1,1,1,A3,A3
C2_00000273,15449.13348660162,grocery,UPI,13,5,1,HDFC,2025-02-05 13:09:00,0,49.9,0.919,0.087,0,488.97,1,1,0,1,C2,C2
A2_00000186,9999.612936893827,unknown,UPI,9,0,0,BOI,2025-02-25 15:48:00,0,0.5,0.215,0.728,1,113.95,1,1,0,1,A2,A2
D1_00000202,4162.03,restaurant,UPI,18,0,0,ICICI,2025-01-06 18:08:00,0,44.4,0.827,0.212,2,161.86,0,1,0,1,D1,D1
A2_00000037,49998.3572735767,online_retail,debit_card,14,0,0,SBI,2025-07-23 15:44:00,0,0.0,0.12,0.68,3,351.56,1,1,0,1,A2,A2
A3_00000032,19998.350413715005,crypto,UPI,9,3,0,Kotak,2025-07-03 19:59:00,0,0.5,0.262,0.622,7,170.0,1,1,0,1,A3,A3
A1_00000052,4998.3270868323925,crypto,UPI,15,4,0,ICICI,2025-03-14 13:30:00,0,0.1,0.104,0.711,4,67.5,1,1,0,1,A1,A1
B3_00000083,21663.12,unknown,debit_card,20,3,0,Airtel Payments Bank,2025-07-30 20:24:00,1,20.9,0.007,0.914,12,580.51,1,1,0,1,B3,B3
B1_00000253,2448.23,unknown,UPI,13,4,0,BOI,2025-01-28 13:06:00,1,50.9,0.131,0.797,2,1716.14,1,1,0,1,B1,B1
A3_00000178,99998.98550089235,unknown,UPI,10,6,1,Axis,2025-04-15 19:46:00,0,0.1,0.231,0.778,5,35.13,1,1,1,1,A3,A3
E1_00000027,52203.89,grocery,credit_card,10,2,0,SBI,2025-11-14 10:42:00,1,96.8,0.232,0.577,5,228.08,1,1,0,1,E1,E1
B3_00000155,10406.22,unknown,debit_card,20,4,0,SBI,2025-01-25 20:52:00,1,11.0,0.062,0.887,7,1694.29,1,1,0,1,B3,B3
C1_00000290,147.40139382475718,restaurant,UPI,9,0,0,HDFC,2025-11-08 09:56:00,0,71.5,0.856,0.041,0,284.59,1,1,0,1,C1,C1
B2_00000265,875.03,crypto,credit_card,15,0,0,ICICI,2025-06-18 15:22:00,1,56.1,0.122,0.842,1,60.05,1,1,0,1,B2,B2
A3_00000181,99998.16600090862,unknown,UPI,9,5,1,Axis,2025-03-03 14:18:00,0,0.7,0.281,0.749,4,18.17,1,1,0,1,A3,A3
C1_00000321,147.40139382475718,restaurant,UPI,4,1,0,HDFC,2025-04-29 04:48:00,1,17.0,0.92,0.097,1,56.18,1,1,0,1,C1,C1
B2_00000084,1772.28,unknown,debit_card,23,3,0,PNB,2025-06-14 23:18:00,1,1.9,0.014,0.721,2,605.19,1,1,0,1,B2,B2
B2_00000217,2889.36,unknown,UPI,17,3,0,SBI,2025-09-04 17:34:00,1,58.0,0.108,0.964,2,1051.02,1,1,0,1,B2,B2
A1_00000188,499.51230004285577,unknown,UPI,9,1,0,Union Bank,2025-08-14 21:13:00,0,0.3,0.232,0.651,1,804.82,1,1,1,1,A1,A1
C1_00000153,147.40139382475718,clothing,net_banking,14,6,1,Axis,2025-07-30 14:57:00,0,27.5,0.911,0.035,1,45.24,0,1,0,1,C1,C1
D1_00000330,891.09,clothing,UPI,13,2,0,ICICI,2025-06-04 13:49:00,1,68.4,0.78,0.219,2,515.78,1,1,0,1,D1,D1
B3_00000254,32575.76,unknown,credit_card,8,1,0,HDFC,2025-11-06 08:13:00,1,20.3,0.001,0.931,16,996.12,1,1,0,1,B3,B3
C1_00000304,147.40139382475718,healthcare,debit_card,16,4,0,PNB,2025-10-22 16:28:00,0,52.0,0.925,0.081,0,95.32,1,1,0,1,C1,C1
A1_00000237,49999.96101595036,unknown,debit_card,14,6,1,Airtel Payments Bank,2025-06-10 22:24:00,0,1.0,0.204,0.744,6,209.56,1,1,0,1,A1,A1
D1_00000005,536.96,restaurant,UPI,9,0,0,SBI,2025-06-11 09:50:00,0,53.6,0.802,0.247,6,138.56,1,1,0,1,D1,D1
E2_00000039,188.44,clothing,UPI,9,4,0,PNB,2025-05-22 09:32:00,1,149.9,0.256,0.743,5,929.4,0,1,0,1,E2,E2
A3_00000249,99998.25095031712,online_retail,debit_card,20,5,1,Kotak,2025-12-06 07:49:00,0,0.6,0.21,0.665,5,43.99,1,1,0,1,A3,A3
D2_00000158,231.09,fuel,credit_card,14,5,1,PNB,2025-02-22 14:56:00,0,43.9,0.785,0.202,6,20.14,1,1,0,1,D2,D2
A1_00000177,500.17992118529907,online_retail,debit_card,14,4,0,HDFC,2025-04-01 10:05:00,0,0.8,0.11,0.77,1,302.89,1,0,0,1,A1,A1
D2_00000161,224.46,fuel,debit_card,19,6,1,SBI,2025-04-30 19:33:00,0,11.8,0.81,0.236,0,96.87,0,1,0,1,D2,D2
E2_00000090,432.71,electronics,UPI,9,0,0,PNB,2025-12-23 09:14:00,1,68.6,0.11,0.644,4,581.5,0,1,0,1,E2,E2
B3_00000049,16048.4,unknown,debit_card,9,3,0,SBI,2025-05-29 09:56:00,1,21.5,0.06,0.985,19,21.89,1,1,0,1,B3,B3
D1_00000187,199.42,entertainment,debit_card,16,5,1,Union Bank,2025-08-28 16:39:00,0,10.7,0.607,0.227,7,1040.13,0,1,0,1,D1,D1
B3_00000329,33110.8,unknown,debit_card,8,4,0,SBI,2025-12-05 08:49:00,1,4.0,0.183,0.822,19,402.26,1,1,0,1,B3,B3
B3_00000216,6391.55,unknown,credit_card,0,3,0,Union Bank,2025-03-24 00:29:00,1,58.0,0.125,0.804,10,172.99,1,1,0,1,B3,B3
B3_00000277,24246.85,unknown,debit_card,18,5,1,Kotak,2025-11-08 18:21:00,1,57.0,0.087,0.828,12,20.47,1,1,0,1,B3,B3
A1_00000315,998.6806477147613,online_retail,credit_card,16,1,0,Paytm Payments Bank,2025-07-04 20:27:00,0,0.9,0.299,0.932,1,4468.32,1,1,1,1,A1,A1
A1_00000222,9998.173362646228,unknown,credit_card,10,4,0,SBI,2025-11-14 15:12:00,0,0.8,0.172,0.785,7,94.27,1,1,0,1,A1,A1
A2_00000341,49999.69377117046,crypto,credit_card,14,5,1,Paytm Payments Bank,2025-08-02 04:58:00,0,0.2,0.134,0.64,3,3597.35,1,1,1,1,A2,A2
C2_00000059,15449.13348660162,grocery,debit_card,22,4,0,Paytm Payments Bank,2025-08-08 22:25:00,0,27.7,0.991,0.019,1,43.61,0,1,0,1,C2,C2
B2_00000057,851.97,unknown,credit_card,22,2,0,Union Bank,2025-02-12 22:02:00,1,37.4,0.114,0.739,2,305.32,1,1,0,1,B2,B2
B1_00000243,2324.77,unknown,credit_card,16,4,0,BOI,2025-12-20 16:53:00,1,22.1,0.026,0.744,2,300.22,1,1,0,1,B1,B1
A3_00000219,4999.386298661048,unknown,UPI,14,5,1,Paytm Payments Bank,2025-09-06 20:33:00,0,0.4,0.159,0.754,3,502.54,1,1,1,1,A3,A3
B2_00000214,1315.0,unknown,debit_card,10,2,0,HDFC,2025-06-27 10:32:00,1,26.1,0.062,0.872,1,271.18,1,1,0,1,B2,B2
A3_00000302,1999.5657200827002,unknown,credit_card,15,6,1,Kotak,2025-08-21 10:15:00,0,0.0,0.109,0.705,2,22.79,1,1,1,1,A3,A3
D2_00000023,390.11,education,UPI,9,3,0,HDFC,2025-09-21 09:21:00,0,49.4,0.753,0.285,7,49.85,0,1,0,1,D2,D2
B2_00000255,1340.22,crypto,debit_card,21,2,0,BOI,2025-04-22 21:13:00,1,22.7,0.101,0.743,2,901.77,1,1,0,1,B2,B2
D1_00000192,849.53,clothing,credit_card,20,4,0,SBI,2025-03-06 20:37:00,0,68.2,0.738,0.272,0,96.25,1,1,0,1,D1,D1
A2_00000275,99999.96428351314,crypto,UPI,20,5,1,Kotak,2025-08-30 06:13:00,0,0.8,0.214,0.697,4,1202.81,1,1,0,1,A2,A2
B3_00000221,19383.62,unknown,UPI,20,0,0,HDFC,2025-01-16 20:23:00,1,35.2,0.105,0.846,19,1085.0,1,1,0,1,B3,B3
E1_00000216,987.33,grocery,UPI,18,3,0,Kotak,2025-06-15 18:26:00,1,141.8,0.274,0.535,6,16.59,1,1,0,1,E1,E1
A3_00000286,49999.44110340771,unknown,UPI,16,3,0,Axis,2025-04-24 11:46:00,1,0.0,0.129,0.839,4,88.42,1,1,1,1,A3,A3
A3_00000101,500.2764193718098,online_retail,credit_card,10,5,1,Airtel Payments Bank,2025-03-18 22:26:00,0,0.0,0.296,0.843,0,199.05,1,1,0,1,A3,A3
A2_00000246,1999.2054056630504,unknown,debit_card,16,3,0,ICICI,2025-03-06 18:56:00,0,0.7,0.3,0.694,6,241.78,1,1,0,1,A2,A2
C1_00000106,147.40139382475718,healthcare,UPI,11,1,0,Paytm Payments Bank,2025-07-06 11:56:00,0,41.9,0.941,0.119,2,59.76,1,1,0,1,C1,C1
C1_00000243,147.40139382475718,restaurant,UPI,15,3,0,BOI,2025-11-14 15:43:00,1,2.5,0.914,0.097,0,25.91,1,1,0,1,C1,C1
C2_00000110,15449.13348660162,restaurant,UPI,15,5,1,Kotak,2025-11-08 15:57:00,1,42.9,0.901,0.118,0,410.94,1,1,0,1,C2,C2
D1_00000296,9.22,restaurant,UPI,18,1,0,PNB,2025-06-14 18:00:00,0,20.6,0.761,0.242,4,191.83,0,1,0,1,D1,D1
D1_00000006,1.12,clothing,credit_card,17,0,0,Airtel Payments Bank,2025-11-07 17:25:00,1,33.7,0.755,0.258,7,2.86,0,1,0,1,D1,D1
C2_00000005,15449.13348660162,restaurant,UPI,8,6,1,BOI,2025-02-02 08:20:00,0,48.2,0.907,0.07,0,49.32,0,1,0,1,C2,C2
A2_00000092,1998.853689330846,online_retail,credit_card,21,2,0,Union Bank,2025-02-08 20:49:00,0,0.9,0.123,0.748,5,43.65,1,0,1,1,A2,A2
B2_00000309,3337.33,unknown,UPI,14,5,1,Axis,2025-10-30 14:15:00,1,41.9,0.02,0.754,0,134.72,1,1,0,1,B2,B2
A3_00000154,499.2244115364806,crypto,net_banking,20,5,1,ICICI,2025-01-18 08:57:00,0,0.5,0.249,0.839,0,936.78,1,1,0,1,A3,A3
D2_00000169,2.67,restaurant,UPI,13,4,0,BOI,2025-07-27 13:51:00,0,49.2,0.691,0.276,6,535.15,0,1,0,1,D2,D2
E2_00000332,351.88,grocery,debit_card,8,3,0,BOI,2025-10-24 08:49:00,1,139.2,0.205,0.738,6,8.67,0,1,0,1,E2,E2
B1_00000052,517.72,unknown,debit_card,6,1,0,Airtel Payments Bank,2025-02-06 06:47:00,1,37.5,0.05,0.832,1,659.73,1,1,0,1,B1,B1
A1_00000088,49998.45065688375,unknown,UPI,10,3,0,Axis,2025-09-21 04:18:00,0,0.9,0.175,0.793,2,142.79,1,1,0,1,A1,A1
E2_00000124,910.11,fuel,debit_card,14,1,0,Airtel Payments Bank,2025-12-12 14:56:00,1,145.7,0.25,0.474,7,88.1,1,1,0,1,E2,E2
E2_00000166,844.94,fuel,debit_card,18,5,1,Axis,2025-02-11 18:26:00,1,165.5,0.29,0.557,6,3.4,0,1,0,1,E2,E2
C1_00000239,147.40139382475718,online_retail,UPI,0,0,0,Union Bank,2025-06-21 00:16:00,0,67.0,0.949,0.092,1,279.82,0,1,0,1,C1,C1
D2_00000058,88.17,fuel,wallet,11,0,0,SBI,2025-12-24 11:34:00,0,13.4,0.801,0.2,0,12.89,0,1,0,1,D2,D2
C2_00000229,15449.13348660162,clothing,UPI,18,6,1,PNB,2025-10-27 18:46:00,0,43.6,0.865,0.028,0,21.24,1,1,0,1,C2,C2
C2_00000233,15449.13348660162,entertainment,net_banking,11,1,0,Kotak,2025-03-12 11:27:00,0,31.4,0.852,0.067,0,42.63,1,0,0,1,C2,C2
D1_00000196,14.17,grocery,debit_card,19,0,0,Paytm Payments Bank,2025-03-02 19:41:00,0,33.9,0.607,0.181,2,228.43,1,1,0,1,D1,D1
A2_00000250,999.9168020818013,online_retail,debit_card,20,4,0,SBI,2025-10-26 19:04:00,1,0.0,0.251,0.741,1,145.09,1,1,0,1,A2,A2
B3_00000272,29080.64,unknown,net_banking,13,4,0,Kotak,2025-08-14 13:29:00,1,36.1,0.133,0.837,14,729.13,1,1,0,1,B3,B3
A3_00000195,49999.26345345372,unknown,UPI,14,4,0,SBI,2025-10-14 08:43:00,0,0.3,0.175,0.829,6,288.0,1,1,1,1,A3,A3
E1_00000254,1252.3,utilities,debit_card,16,6,1,Kotak,2025-07-12 16:23:00,1,128.9,0.201,0.796,5,62.38,0,1,0,1,E1,E1
B3_00000143,32120.34,unknown,credit_card,17,6,1,ICICI,2025-01-02 17:43:00,1,44.5,0.008,0.84,14,621.81,1,1,0,1,B3,B3
D1_00000250,1838.55,grocery,UPI,14,0,0,Kotak,2025-06-12 14:31:00,1,68.8,0.778,0.192,5,154.16,1,1,0,1,D1,D1
E2_00000331,54.49,online_retail,credit_card,13,1,0,SBI,2025-07-01 13:44:00,1,128.7,0.364,0.576,3,19.92,0,1,0,1,E2,E2
A3_00000315,4998.527711937718,unknown,credit_card,21,0,0,Paytm Payments Bank,2025-04-07 14:34:00,0,0.2,0.247,0.916,4,366.37,1,1,1,1,A3,A3
B3_00000194,14394.13,unknown,UPI,17,5,1,BOI,2025-01-14 17:04:00,1,25.2,0.117,0.832,16,244.88,1,1,0,1,B3,B3
A2_00000349,9998.905058024062,crypto,UPI,15,0,0,HDFC,2025-09-13 14:10:00,0,0.8,0.243,0.71,4,192.27,1,1,1,1,A2,A2
D2_00000202,142.84,grocery,net_banking,6,3,0,Axis,2025-12-31 06:14:00,0,29.1,0.673,0.175,0,85.89,0,1,0,1,D2,D2
E2_00000210,422.96,grocery,UPI,13,1,0,Kotak,2025-09-30 13:59:00,1,122.8,0.332,0.636,6,23.99,1,1,0,1,E2,E2
D2_00000295,119.4,travel,debit_card,9,4,0,PNB,2025-01-20 09:59:00,0,32.6,0.805,0.306,7,136.62,0,1,0,1,D2,D2
A2_00000189,99998.52705467875,unknown,debit_card,11,0,0,HDFC,2025-06-29 09:17:00,0,1.0,0.289,0.885,5,10.89,1,1,1,1,A2,A2
B1_00000147,2233.27,unknown,credit_card,4,2,0,PNB,2025-06-08 04:24:00,1,49.7,0.098,0.712,0,81.65,1,1,0,1,B1,B1
B1_00000245,1852.55,unknown,credit_card,11,2,0,Airtel Payments Bank,2025-11-17 11:05:00,1,62.8,0.095,0.922,2,76.04,1,1,0,1,B1,B1
C1_00000300,147.40139382475718,grocery,UPI,21,2,0,ICICI,2025-09-08 21:26:00,0,4.2,0.941,0.069,1,206.05,0,1,0,1,C1,C1
C1_00000058,147.40139382475718,restaurant,debit_card,18,2,0,Union Bank,2025-03-09 18:14:00,0,33.1,0.95,0.014,1,71.38,1,1,0,1,C1,C1
A2_00000073,499.33804254213464,unknown,UPI,15,2,0,BOI,2025-09-18 13:26:00,0,0.0,0.3,0.879,1,60.86,1,1,0,1,A2,A2
E1_00000315,33.59,online_retail,UPI,11,2,0,Airtel Payments Bank,2025-06-22 11:43:00,1,151.0,0.215,0.544,7,83.04,0,0,0,1,E1,E1
E2_00000159,162.5,electronics,net_banking,17,3,0,PNB,2025-07-23 17:52:00,1,106.4,0.256,0.67,1,473.15,0,1,0,1,E2,E2
A2_00000184,499.69214865675,unknown,net_banking,11,4,0,ICICI,2025-01-01 13:57:00,0,0.1,0.179,0.923,6,2887.48,1,1,0,1,A2,A2
B2_00000216,1441.82,unknown,debit_card,9,1,0,Union Bank,2025-08-19 09:04:00,1,65.8,0.118,0.94,1,33.76,1,1,0,1,B2,B2
D1_00000320,38.63,pharmacy,UPI,12,1,0,BOI,2025-08-25 12:53:00,0,27.1,0.727,0.27,5,194.52,0,1,0,1,D1,D1
D2_00000005,27.97,utilities,debit_card,13,4,0,PNB,2025-03-08 13:49:00,0,12.8,0.698,0.236,2,3231.79,0,1,0,1,D2,D2
B2_00000294,1266.97,unknown,UPI,20,2,0,PNB,2025-04-22 20:21:00,1,47.0,0.09,0.771,0,254.78,1,1,0,1,B2,B2
A3_00000059,998.7460516755197,unknown,credit_card,15,1,0,Axis,2025-12-15 19:01:00,0,0.4,0.127,0.634,6,6.12,1,1,0,1,A3,A3
E1_00000180,242.76,clothing,debit_card,21,3,0,BOI,2025-08-26 21:52:00,1,77.0,0.229,0.733,6,95.89,0,1,1,1,E1,E1
D2_00000188,38.18,electronics,UPI,21,5,1,Airtel Payments Bank,2025-07-28 21:21:00,1,58.8,0.849,0.325,0,2603.2,0,1,0,1,D2,D2
B2_00000146,1949.29,unknown,debit_card,16,0,0,Airtel Payments Bank,2025-05-06 16:25:00,1,20.8,0.071,0.891,0,117.49,1,1,0,1,B2,B2
B3_00000348,54877.35,unknown,UPI,13,4,0,Paytm Payments Bank,2025-06-19 13:32:00,1,4.7,0.055,0.834,19,6.38,1,1,1,1,B3,B3
E1_00000300,2830.56,grocery,credit_card,1,3,0,Paytm Payments Bank,2025-02-23 01:19:00,1,173.1,0.337,0.616,3,58.04,0,1,0,1,E1,E1
B1_00000237,3876.13,crypto,UPI,11,3,0,Union Bank,2025-08-10 11:35:00,1,61.4,0.135,0.988,2,247.71,1,1,0,1,B1,B1
C1_00000025,147.40139382475718,utilities,UPI,16,0,0,Paytm Payments Bank,2025-10-20 16:38:00,1,5.8,0.987,0.025,0,2074.16,1,1,0,1,C1,C1
C2_00000327,15449.13348660162,healthcare,UPI,20,6,1,PNB,2025-04-22 20:38:00,0,30.1,0.91,0.066,1,519.91,0,1,0,1,C2,C2
D1_00000204,12.66,utilities,debit_card,11,6,1,Axis,2025-07-06 11:19:00,0,29.9,0.788,0.32,7,17.87,1,1,0,1,D1,D1
E2_00000108,10.0,entertainment,UPI,21,6,1,Axis,2025-01-31 21:06:00,1,161.9,0.157,0.596,2,78.8,0,1,0,1,E2,E2
A2_00000185,49999.67918030971,unknown,UPI,20,3,0,SBI,2025-06-03 05:07:00,0,0.4,0.291,0.925,1,148.71,1,1,1,1,A2,A2
A3_00000091,499.082923725179,unknown,credit_card,15,6,1,SBI,2025-05-13 21:29:00,0,0.4,0.251,0.809,0,201.36,1,1,1,1,A3,A3
A1_00000172,19999.148756096194,unknown,UPI,16,0,0,Union Bank,2025-09-20 19:09:00,0,0.6,0.159,0.812,4,2270.17,1,1,0,1,A1,A1
A1_00000249,1999.1543958979732,unknown,UPI,14,3,0,HDFC,2025-11-23 22:16:00,0,0.9,0.164,0.939,5,27.28,1,1,1,1,A1,A1
B2_00000128,4413.07,unknown,credit_card,21,6,1,Kotak,2025-11-12 21:43:00,1,63.9,0.123,0.915,0,16.85,1,1,0,1,B2,B2
E2_00000209,633.88,pharmacy,wallet,0,5,1,PNB,2025-05-20 00:01:00,1,111.5,0.362,0.529,1,134.98,1,1,0,1,E2,E2
A3_00000155,998.1404776088598,unknown,UPI,20,6,1,HDFC,2025-02-19 07:06:00,0,0.9,0.243,0.602,0,655.3,1,1,1,1,A3,A3
D2_00000014,187.94,entertainment,UPI,10,3,0,Axis,2025-05-23 10:40:00,0,15.3,0.688,0.32,6,354.47,1,1,0,1,D2,D2
C1_00000180,147.40139382475718,grocery,credit_card,20,4,0,Axis,2025-11-09 20:59:00,0,32.4,0.858,0.054,0,79.48,1,0,0,1,C1,C1
C2_00000104,15449.13348660162,travel,credit_card,20,2,0,Airtel Payments Bank,2025-03-29 20:04:00,0,53.8,0.852,0.026,2,192.84,1,1,0,1,C2,C2
B2_00000185,2638.21,unknown,UPI,19,1,0,SBI,2025-02-21 19:38:00,1,57.4,0.121,0.727,1,2714.94,1,1,0,1,B2,B2
A1_00000232,99999.66138853104,crypto,UPI,15,2,0,Axis,2025-01-03 17:36:00,1,0.2,0.212,0.901,3,361.73,1,1,0,1,A1,A1
D1_00000194,345.49,travel,net_banking,1,6,1,Union Bank,2025-12-04 01:20:00,0,0.1,0.705,0.199,1,123.61,1,1,0,1,D1,D1
A2_00000180,9999.176927297622,unknown,debit_card,21,1,0,Kotak,2025-12-01 15:19:00,0,0.4,0.114,0.756,6,110.52,1,1,1,1,A2,A2
A2_00000225,19998.113637160164,crypto,credit_card,9,5,1,Airtel Payments Bank,2025-12-11 09:05:00,0,0.2,0.26,0.815,4,585.8,1,1,1,1,A2,A2
E2_00000051,2842.46,fuel,UPI,11,2,0,PNB,2025-01-05 11:01:00,1,138.4,0.317,0.515,2,214.11,0,1,0,1,E2,E2
C2_00000076,15449.13348660162,fuel,UPI,7,1,0,SBI,2025-09-27 07:08:00,0,57.1,0.912,0.037,1,960.04,1,1,0,1,C2,C2
A3_00000164,4999.565833094491,unknown,UPI,16,2,0,ICICI,2025-10-20 12:00:00,0,0.8,0.144,0.715,2,54.7,1,1,1,1,A3,A3
B3_00000026,19668.71,unknown,net_banking,14,4,0,Kotak,2025-12-01 14:48:00,1,32.0,0.136,0.889,11,330.48,1,1,0,1,B3,B3
C1_00000292,147.40139382475718,grocery,credit_card,20,0,0,ICICI,2025-05-31 20:07:00,0,0.4,0.92,0.09,1,11.62,0,1,0,1,C1,C1
A2_00000242,19999.50513072743,crypto,UPI,15,0,0,Paytm Payments Bank,2025-06-04 20:45:00,0,0.3,0.172,0.873,3,34.82,1,1,0,1,A2,A2
A2_00000100,1999.7819416736506,online_retail,debit_card,21,0,0,Union Bank,2025-08-05 10:09:00,0,0.8,0.271,0.867,0,113.35,1,1,1,1,A2,A2
A3_00000215,500.31125265521376,online_retail,debit_card,14,0,0,ICICI,2025-06-16 15:45:00,1,0.8,0.132,0.663,3,30.16,1,1,1,1,A3,A3
B2_00000268,3277.25,crypto,credit_card,16,5,1,Axis,2025-03-09 16:59:00,1,18.0,0.097,0.899,1,2085.48,1,1,0,1,B2,B2
B3_00000142,38825.68,unknown,debit_card,21,3,0,Union Bank,2025-06-19 21:17:00,1,6.7,0.169,0.944,7,225.18,1,1,0,1,B3,B3
B1_00000324,3578.49,crypto,UPI,9,2,0,Kotak,2025-12-18 09:02:00,1,9.5,0.108,0.749,1,2475.91,1,1,0,1,B1,B1
C2_00000124,15449.13348660162,pharmacy,debit_card,14,6,1,Paytm Payments Bank,2025-01-13 14:32:00,0,70.5,0.878,0.097,0,63.09,0,1,0,1,C2,C2
A3_00000319,499.1457165164928,crypto,debit_card,20,4,0,Union Bank,2025-07-27 19:22:00,0,0.8,0.246,0.711,0,77.15,1,1,1,1,A3,A3
A1_00000116,19998.147482026794,unknown,credit_card,14,5,1,HDFC,2025-04-16 14:43:00,1,0.2,0.167,0.849,6,320.89,1,1,1,1,A1,A1
E1_00000255,650.12,fuel,debit_card,12,0,0,Airtel Payments Bank,2025-08-26 12:17:00,1,67.9,0.105,0.521,3,479.77,0,1,0,1,E1,E1
C1_00000308,147.40139382475718,online_retail,UPI,15,2,0,Paytm Payments Bank,2025-01-06 15:34:00,0,12.0,0.873,0.116,0,21.09,1,1,0,1,C1,C1
D1_00000058,50.04,fuel,UPI,9,3,0,Union Bank,2025-06-12 09:40:00,0,44.2,0.633,0.27,4,54.09,1,1,0,1,D1,D1
B3_00000285,33862.15,unknown,wallet,4,3,0,Axis,2025-11-07 04:40:00,1,33.1,0.114,0.868,11,1400.52,1,1,0,1,B3,B3
C2_00000271,15449.13348660162,fuel,UPI,9,1,0,Axis,2025-02-18 09:45:00,0,40.7,0.99,0.017,0,14.02,1,1,0,1,C2,C2
A3_00000277,9998.409662794993,unknown,UPI,16,4,0,HDFC,2025-03-11 17:19:00,0,0.5,0.135,0.745,0,50.32,1,1,0,1,A3,A3
A1_00000134,49998.701109622736,unknown,UPI,15,1,0,Union Bank,2025-12-31 21:38:00,1,0.8,0.131,0.686,5,3.51,1,1,1,1,A1,A1
B3_00000188,17411.85,unknown,UPI,10,5,1,Paytm Payments Bank,2025-02-22 10:44:00,1,68.9,0.06,0.973,9,80.44,1,1,0,1,B3,B3
E2_00000212,556.62,fuel,net_banking,14,6,1,HDFC,2025-07-16 14:18:00,1,171.4,0.364,0.514,0,78.05,0,1,0,1,E2,E2
B3_00000160,18701.59,unknown,credit_card,2,4,0,SBI,2025-06-06 02:38:00,1,40.9,0.161,0.877,10,165.83,1,1,0,1,B3,B3
C1_00000285,147.40139382475718,grocery,credit_card,18,1,0,HDFC,2025-03-04 18:20:00,0,44.6,0.997,0.103,0,395.73,1,1,0,1,C1,C1
D1_00000310,12.88,grocery,debit_card,11,4,0,ICICI,2025-10-11 11:54:00,1,63.5,0.727,0.181,1,726.69,0,1,0,1,D1,D1
A1_00000056,4998.920710657735,unknown,UPI,16,6,1,HDFC,2025-05-16 16:26:00,0,0.1,0.116,0.837,1,130.47,1,1,1,1,A1,A1
D2_00000004,233.18,clothing,credit_card,11,0,0,ICICI,2025-09-12 11:31:00,0,31.6,0.733,0.197,0,70.77,1,1,0,1,D2,D2
E2_00000146,2718.44,utilities,credit_card,18,5,1,Union Bank,2025-03-06 18:38:00,1,143.6,0.281,0.689,1,420.25,0,1,0,1,E2,E2
C1_00000115,147.40139382475718,fuel,net_banking,18,3,0,BOI,2025-11-12 18:38:00,0,62.4,1.0,0.107,0,212.08,1,1,0,1,C1,C1
D2_00000242,243.26,education,UPI,19,2,0,Airtel Payments Bank,2025-01-29 19:25:00,1,63.4,0.738,0.201,5,30.54,1,1,0,1,D2,D2
B1_00000228,4868.04,unknown,debit_card,9,1,0,Kotak,2025-08-10 09:19:00,1,7.0,0.028,0.884,1,115.72,1,1,0,1,B1,B1
B1_00000134,1950.21,unknown,credit_card,22,1,0,Union Bank,2025-08-09 22:11:00,1,48.6,0.14,0.779,2,37.22,1,1,0,1,B1,B1
A3_00000192,19999.60875819452,online_retail,debit_card,9,1,0,Axis,2025-09-23 14:34:00,0,0.9,0.274,0.648,7,124.65,1,1,0,1,A3,A3
B2_00000336,2541.08,unknown,wallet,22,1,0,ICICI,2025-10-09 22:53:00,1,0.6,0.054,0.984,1,1033.26,1,1,0,1,B2,B2
A2_00000268,4999.54560600629,unknown,UPI,14,3,0,Kotak,2025-09-15 07:10:00,0,0.9,0.101,0.672,7,1386.42,1,1,1,1,A2,A2
A1_00000258,49999.17095917152,online_retail,UPI,11,0,0,Axis,2025-05-23 07:13:00,1,0.0,0.169,0.914,2,23300.95,1,1,0,1,A1,A1
A2_00000113,19999.595496289247,unknown,net_banking,21,4,0,Airtel Payments Bank,2025-06-15 12:50:00,0,0.1,0.143,0.904,6,164.14,1,1,0,1,A2,A2
D1_00000206,1.95,healthcare,wallet,14,5,1,Paytm Payments Bank,2025-09-02 14:11:00,0,54.7,0.806,0.255,7,22.45,1,1,0,1,D1,D1
A1_00000276,19999.688221936478,crypto,debit_card,11,6,1,Union Bank,2025-10-14 00:17:00,0,0.2,0.243,0.609,3,222.57,1,1,1,1,A1,A1
C1_00000108,147.40139382475718,grocery,UPI,10,6,1,PNB,2025-10-01 10:32:00,0,51.1,0.944,0.035,2,145.68,0,0,0,1,C1,C1
E1_00000184,21.03,grocery,debit_card,20,0,0,ICICI,2025-05-13 20:05:00,1,130.7,0.182,0.536,4,146.17,0,1,0,1,E1,E1
E1_00000071,39.67,electronics,UPI,9,0,0,ICICI,2025-10-23 09:41:00,1,113.6,0.169,0.475,2,1834.4,0,1,0,1,E1,E1
B1_00000281,4009.77,crypto,UPI,20,3,0,BOI,2025-02-21 20:06:00,1,41.6,0.01,0.835,1,87.51,1,1,0,1,B1,B1
E1_00000029,1105.71,electronics,UPI,13,0,0,SBI,2025-09-28 13:08:00,1,154.8,0.117,0.658,5,232.22,1,0,0,1,E1,E1
D1_00000116,18.54,electronics,credit_card,16,3,0,Union Bank,2025-10-02 16:36:00,0,9.0,0.694,0.348,0,20.41,0,1,0,1,D1,D1
B3_00000113,28767.72,unknown,UPI,12,3,0,Kotak,2025-07-31 12:01:00,1,43.9,0.012,0.965,8,57.19,1,1,0,1,B3,B3
D1_00000092,2256.46,healthcare,debit_card,18,6,1,BOI,2025-02-19 18:20:00,0,67.9,0.812,0.286,6,2330.01,0,1,0,1,D1,D1
B2_00000039,1514.14,unknown,credit_card,12,1,0,Airtel Payments Bank,2025-05-26 12:16:00,1,57.3,0.137,0.971,1,35.44,1,1,0,1,B2,B2
D1_00000069,375.56,grocery,UPI,10,5,1,Airtel Payments Bank,2025-06-12 10:29:00,1,29.3,0.604,0.164,1,834.75,0,1,0,1,D1,D1
C2_00000179,15449.13348660162,electronics,debit_card,13,5,1,Airtel Payments Bank,2025-11-23 13:03:00,0,12.0,0.922,0.007,1,441.36,0,1,0,1,C2,C2
A2_00000325,1998.737148704727,crypto,net_banking,11,3,0,PNB,2025-03-25 21:49:00,0,0.5,0.153,0.709,3,30.16,1,1,1,1,A2,A2
B3_00000123,18017.46,unknown,credit_card,3,0,0,PNB,2025-10-29 03:31:00,1,41.6,0.18,0.873,16,97.33,1,1,0,1,B3,B3
D1_00000189,124.08,grocery,UPI,10,6,1,PNB,2025-03-01 10:52:00,0,18.7,0.617,0.261,4,27.01,1,1,0,1,D1,D1
C2_00000105,15449.13348660162,grocery,debit_card,16,6,1,SBI,2025-06-14 16:01:00,0,21.9,0.891,0.027,2,118.19,0,1,0,1,C2,C2
D2_00000076,15.05,restaurant,UPI,8,1,0,Kotak,2025-06-22 08:44:00,0,65.3,0.786,0.216,0,85.92,0,1,0,1,D2,D2
B3_00000349,23029.92,unknown,UPI,19,0,0,HDFC,2025-01-18 19:40:00,1,59.9,0.146,0.838,19,209.62,1,1,0,1,B3,B3
A2_00000136,19998.49928740086,unknown,debit_card,15,4,0,ICICI,2025-12-01 15:26:00,0,0.8,0.117,0.755,6,118.98,1,1,0,1,A2,A2
B1_00000185,4066.42,unknown,debit_card,8,6,1,HDFC,2025-09-13 08:36:00,1,42.0,0.062,0.974,1,1061.2,1,1,0,1,B1,B1
B3_00000291,8398.76,unknown,credit_card,21,4,0,HDFC,2025-01-24 21:54:00,1,10.4,0.01,0.978,6,41.75,1,1,0,1,B3,B3
C2_00000063,15449.13348660162,travel,UPI,13,3,0,Union Bank,2025-11-10 13:20:00,0,0.5,0.973,0.074,1,61.28,1,1,0,1,C2,C2
D2_00000283,5940.79,grocery,net_banking,13,5,1,Paytm Payments Bank,2025-02-07 13:02:00,0,66.8,0.806,0.303,6,344.67,0,1,0,1,D2,D2
E1_00000292,1269.54,utilities,debit_card,8,1,0,Paytm Payments Bank,2025-01-14 08:47:00,1,53.9,0.355,0.784,4,147.97,0,1,0,1,E1,E1
A2_00000043,99998.16587789748,unknown,credit_card,11,3,0,SBI,2025-04-06 10:20:00,0,1.0,0.18,0.859,2,484.17,1,1,1,1,A2,A2
E1_00000338,131.87,online_retail,UPI,8,2,0,Paytm Payments Bank,2025-01-15 08:06:00,1,122.9,0.289,0.497,1,22.1,0,1,0,1,E1,E1
C2_00000284,15449.13348660162,pharmacy,debit_card,11,4,0,Union Bank,2025-01-04 11:25:00,0,23.7,0.936,0.09,1,99.74,1,0,0,1,C2,C2
E2_00000317,993.78,clothing,UPI,21,4,0,Airtel Payments Bank,2025-03-09 21:18:00,1,122.1,0.211,0.776,5,1063.13,1,1,0,1,E2,E2
D1_00000049,222.15,entertainment,debit_card,10,0,0,Axis,2025-06-06 10:33:00,0,54.9,0.716,0.324,3,97.13,0,1,0,1,D1,D1
E1_00000166,14.76,restaurant,credit_card,21,0,0,Airtel Payments Bank,2025-05-18 21:24:00,1,105.0,0.166,0.572,0,45.26,0,1,0,1,E1,E1
B1_00000346,4743.9,crypto,UPI,12,2,0,BOI,2025-08-22 12:04:00,1,20.2,0.126,0.848,1,858.07,1,1,0,1,B1,B1
B2_00000020,932.08,crypto,UPI,12,0,0,Paytm Payments Bank,2025-04-09 12:41:00,1,3.3,0.125,0.91,0,1878.03,1,1,0,1,B2,B2
A1_00000051,4998.993143387598,crypto,UPI,14,2,0,SBI,2025-12-15 09:15:00,1,0.6,0.212,0.654,3,167.48,1,1,0,1,A1,A1
A1_00000311,19999.11655789595,unknown,UPI,11,6,1,PNB,2025-08-24 18:02:00,0,0.8,0.194,0.91,7,237.82,1,1,0,1,A1,A1
B3_00000199,25123.9,unknown,UPI,13,5,1,HDFC,2025-08-26 13:18:00,1,31.0,0.021,0.878,9,197.11,1,1,0,1,B3,B3
D2_00000172,16.37,clothing,debit_card,6,2,0,PNB,2025-02-11 06:08:00,0,60.1,0.67,0.21,6,259.27,0,1,0,1,D2,D2
A2_00000228,49999.17746980677,unknown,debit_card,14,2,0,Airtel Payments Bank,2025-05-21 20:56:00,0,1.0,0.164,0.668,4,459.99,1,1,0,1,A2,A2
B1_00000215,1132.86,unknown,UPI,12,5,1,PNB,2025-11-13 12:59:00,1,69.7,0.127,0.867,2,178.61,1,1,0,1,B1,B1
A3_00000034,49998.02871556167,unknown,UPI,10,0,0,HDFC,2025-10-25 07:26:00,0,0.1,0.113,0.95,0,661.63,1,1,0,1,A3,A3
A1_00000191,99999.15994036113,unknown,debit_card,16,5,1,BOI,2025-12-16 10:23:00,0,0.4,0.124,0.868,2,121.87,1,1,1,1,A1,A1
A2_00000040,999.0202351594088,unknown,debit_card,20,5,1,ICICI,2025-06-02 14:41:00,0,0.9,0.226,0.901,5,27.59,1,1,0,1,A2,A2
C1_00000170,147.40139382475718,pharmacy,credit_card,14,2,0,Paytm Payments Bank,2025-04-06 14:21:00,0,54.2,0.994,0.108,0,15.27,1,0,0,1,C1,C1
